DS1 firmware:1655-g99a11cd50,WUAASAFV1K1900073,VAG MED17_1_62 8S0907404J__0002,Modified,Last flash:/spiflash/MED17_1_62_SJ_TTE855_1300cc_REV2.bin
Time(s),Ign earliest poss(zwbas)(Grad KW),CAN ext 0(extCAN0)(-),Custom result 0(customresult0)(-),CANframe1 bytes01(CANframe1_01)(-),Tq intvn all bits(GlbDa_stTrqDem)(-),Tq intvn Gearbox protection TQDMD_TRSMPROTN(GlbDa_stTrqDem0)(-),Tq intvn Increasing gear engagement GLBDA_TQDMD_TRSMINC(GlbDa_stTrqDem1)(-),Tq intvn Degrading gear intervention TQDMD_TRSMDEC(GlbDa_stTrqDem2)(-),Tq intvn Differential protection TQDMD_DFTLPROTN(GlbDa_stTrqDem3)(-),Tq intvn ASR intervention degrading ESP intervention TQDMD_TCS(GlbDa_stTrqDem4)(-),Tq intvn MSR intervention increasing ESP intervention TQDMD_DCS(GlbDa_stTrqDem5)(-),Tq intvn Longitudinal speed limiter LLim TQDMD_LGTLIMN(GlbDa_stTrqDem6)(-),Tq intvn Speed controller CrCtl TQDMD_CRSCTRL(GlbDa_stTrqDem7)(-),Tq intvn Driver request torque AccPed TQDMD_APEDL(GlbDa_stTrqDem8)(-),Tq intvn Idle controller SpdGov TQDMD_SPDGOVR(GlbDa_stTrqDem9)(-),Tq intvn No requester TQ_NODMD(GlbDa_stTrqDem10)(-),Tq intvn Efficiency mode TQDMD_EFFMOD(GlbDa_stTrqDem11)(-),Tq intvn Gradient limitation TQDMD_GRDTLIM(GlbDa_stTrqDem12)(-),Tq intvn Anti tramp function TQDMD_ANTITRAMP(GlbDa_stTrqDem13)(-),Coordinated Torque on the Engine Side(CoETS_trqInrLeadCo)(Nm),Air tq before monitoring level 1(PthLead_trqInrNoMon)(Nm),Target torque for cylinder suppression(PthSet_trqInrCtOff)(Nm),Blend fuel(blendfuel)(%),Blend ign(blendignition)(%),Blend load(blendload)(%),Brake pres(Com_pBrk)(MPa),Cruise stalk(Com_stCrCtlPan)(-),refuelled(refuelled)(-),Camshaft exhaust angle factor(fwnwa)(-),Camshaft inlet angle factor(fwnwe)(-),Comp tq air path unfilt(CoETS_trqUnFltLead)(Nm),Comp tq of the aux unit comp to avoid filter infl on comp tq(CoETS_trqUnFltSet)(Nm),Longitudinal accel(Com_aLng)(m/s^2),Lateral g(Com_aTrnvrs)(g),Coord lim on air path(CoETS_trqInrLimLead)(Nm),Coord lim on lead path(CoETS_trqLimLead)(Nm),Coord lim on the comb path(CoETS_trqLimSet)(Nm),Coordinated torque request for operating modes(CoETS_trqInrDetMode)(Nm),Coord tgt tq comb path(CoETS_trqInrSetCo)(Nm),EGT man(taikr_w)(Grad C),Eng spd(nmot_w)(1/min),Oil level(Oil_lvl)(mm),Oil pres(Oil_p)(kPa),Launch RPM override(newLaunch)(1/min),Ethanol cont(ethanolpercent)(%),Exh gas mass flow pre turbo(msabvtl_w)(kg/h),Fac conversion rel fuel mass rk in eff inj time(frkate_w)(ms/%),FT add mix(ora_w)(%),FT add RK(rka_w)(%),FT LT(longft1_w)(-),FT mult mix(fra_w)(-),Fuel mass rel(rk_w)(%),Gear(gangi)(),Gbx oil temp(Gbx_tOilConv)(deg C),HPF act unfilt(prroh_w)(MPa),HPF dev(prdiff_w)(MPa),Ign reduction when switching vlv lift(dzwvs)(Grad KW),HPF MSV deliv angle(dwmsvd_w)(Grad KW),HPF reg(prdr_w)(MPa),HPF tgt(prsoll_w)(MPa),Ign #1(zwcalcar)(Grad KW),Ign #2(zwcalcar_2)(Grad KW),Ign #3(zwcalcar_3)(Grad KW),Ign #4(zwcalcar_4)(Grad KW),Ign #5(zwcalcar_5)(Grad KW),Ign act(zwist)(Grad KW),Ign tgt from tq intvn(zwsol)(Grad KW),Ign latest(zwspae)(Grad KW),Ign adj ALS(ignadj)(deg),Ign delta comp prot(detazwbs_w)(-),Num DTC entries controlling MIL(DFES_ctMIL)(-),Num DTC visible in mode 3(DFES_ctOBD)(-),Num DTC visible in mode 7 pending(DFES_ctOBDPend)(-),Num DTC visible to tester(DFES_ctSrv)(-),ISO first confirmed DTC(DFES_ISOFrstCnfDFC)(raw),ISO first failed DTC(DFES_ISOFrstFailDFC)(raw),ISO most recent confirmed DTC(DFES_ISORcntCnfDFC)(raw),ISO most recent failed DTC(DFES_ISORcntFailDFC)(raw),Inj 1st puls #1(ti1a_l)(ms),Min perm inj time(timin_w)(ms),Min perm inj time GDI(timinausggdi_w)(ms),Min inj time PFI(timinausgpfi_w)(ms),Inj puls all(ti_l)(ms),Inner tq for lead path(PthLead_trqInrLead)(Nm),Inner tq tgt plus lim LLR mom wout ext intvns(CoETS_trqInrActDrv)(Nm),Int tq with all intvns(CoETS_trqInrWithAllIntv)(Nm),Int tq wout gear intvn(CoETS_trqInrWoTraIntv)(Nm),Int tq setpoint after lim before ASD(CoETS_trqInrLtd)(Nm),Tq pre control stall prev(CoETS_trqInrPreCtl)(Nm),Intake air temp before compressor(tavv_w)(Grad C),PFI final injection time(te_l)(ms),Knock #1(wkrv)(Grad KW),Knock #2(wkrv_2)(Grad KW),Knock #3(wkrv_3)(Grad KW),Knock #4(wkrv_4)(Grad KW),Knock #5(wkrv_5)(Grad KW),Cam timing exhaust(wnwvfa_w)(Grad KW),Cam timing intake(wnwvfe_w)(Grad KW),Knock adap(wkratst)(Grad KW),Knock avg(wkrmav)(Grad KW),Lambda act(lamsoni_w)(-),Current val max limitation I component LDR(ldimx_w)(%),Current ref max limitation I component LDR(ldimxr_w)(%),LDR I max. Limiting value corr ref val(ldimxrk_w)(%),LDR duty cycle from I controller(lditv_w)(%),LDR duty cycle from P controller(ldptv_w)(%),LDR duty cycle from D controller(ldrdtv_w)(%),Lambda comp prot(lambts_w)(-),Lambda setpoint(lamsbg_w)(-),Lambda delta comp prot(dlambts_w)(-),Calculated fuel mass flow by HDEV(dmkrhdev_w)(g/min),Lambda STFT(frm_w)(-),Conv fac pres:load(fupsrls_w)(%/hPa),Condition for cylinder number with ignition angle for special lift exhaust valve(Ign_bVlvLExNxtIAs)(raw),LDR duty cycle(ldtvm_w)(%),Lead tq for op mode selection int tq(CoETS_trqInrLeadPOp)(Nm),Lim idle control tq(CoETS_trqUnFltLtd)(Nm),Lim tq as int motor tq(CoETS_trqInrLim)(Nm),Lim tq wout components of the speed controller(CoETS_trqInrLimSet)(Nm),Load for inj calc(rlp_w)(%),Load limit comp prot compressor(rlxvd_w)(%),Tq base wout intvn(RngMod_trqInrBsWoIntv)(Nm),Load max fac lim from ign retard(frlmxdzw_w)(-),Load max from  max poss inj time(rlmaxti_w)(%),Load max of max tq(rlmaxmd_w)(%),Load max red fact comp prot at rich or lean limit(frlmxbts_w)(-),Load rel(rl_w)(%),Load tgt from tq req(rlmds_w)(%),Load tgt max(rlmxs_w)(%),Load tgt rlsol(rlsol_w)(%),LPF act(pbkist_w)(kPa),LPF adap(pbksadr_w)(kPa),LPF dev(pbksdiff_w)(kPa),LPF duty final(PSP_rPs)(%),LPF duty lookup(flafrbks_w)(%),KFFLAF fuel input(flafx_w)(g/min),KFFLAF pres input(flafy_w)(kPa),LPF tgt(pbksoll_w)(kPa),LPF tgt after adap(pbksollmod_w)(kPa),Pres tgt inert cmbstn chamber(pbrints_w)(hPa),Map switch(mapswitch)(raw),Mass flow(msdkhfs_w)(kg/h),Max rel int tq when incr MAP to pre throttle pressure(mimaxud_w)(%),MIL for missing ethanol cont(CAN_MIL)(raw),Index calc type f split fac from inj req(CoEOM_idxInjModDemAsgn)(-),Mom intervention from the lead path(CoETS_trqInrLeadSGIntv)(Nm),Mom req inner ref wout filter / with lead(CoETS_trqInrLead)(Nm),New split fac value unlim(InjSys_facPrtnPfiSpUnlimModNew)(-),Pedal(wped_w)(% PED),Pres pre compressor(pvv_w)(hPa),Calc tgt reduction level(redsol)(),PR turbine(vpvtpnt_w)(-),Fuel use trip(vtrip_w)(l),Pres atmo(pu_w)(hPa),Pres intake manifold abs(psrg_w)(hPa),Pres loss at air filter(plfmsdk_w)(hPa),Pres pre throt(pvdg1_w)(hPa),Pres tgt before throt(pvds_w)(hPa),Pres tgt max(pvdxs_w)(hPa),Rel filling for lambda tgt calculation port fuel inj(rllasopfi_w)(%),Rel filling via DK at MAP/pres pre throt=1(rldkmx_w)(%),Rel fuel mass port fuel inj(rkpfi_w)(%),SOI(wbhxxs1_w)(Grad KW),SOI to EOI angle(wdho1abr_w)(Grad KW),Throttle(wdkba)(%DK),Status of the tq lim by the monitoring(PthLead_stActvMonLim)(-),Temp air before throttle(tavdk_w)(Grad C),Temp charge air(tans)(Grad C),Temp coolant(tmot)(Grad C),Temp fuel before HDP(tflvrhdp)(Grad C),Tank level(tfst)(l),Tank level previous cycle(tfstvz)(l),Temp oil(toelk_w)(Grad C),Temp outside air(tumc)(Grad C),Tgt dist fac prop port fuel inj(InjSys_facPrtnPfiTar)(-),Split factor ramp(InjSys_facRampSp)(-),Mode change active for the type of injection(InjSys_flgInjModTranActv)(raw),Ign map from inj mode(InjSys_idxIgnAgNew)(),Ign map from inj mode(InjSys_idxIgnAgOld)(),Tgt eng tq inc ESP wout idle spd and trans intvn(CoETS_trqInrSetWoTraIntvCo)(Nm),Tgt tq comb path before coord on the engine side(CoETS_trqInrSetWoCo)(Nm),Tgt tq comb path wout gbx intvn before coord on eng side(CoETS_trqInrSetWoTraWoCo)(Nm),Tgt tq of air path before coord on the motor side(CoETS_trqInrLeadWoCo)(Nm),Tgt tq on the comb path wout intvns after coord(CoETS_trqInrSetWoIntvCo)(Nm),Tgt tq on the comb path wout intvns prior to coord(CoETS_trqInrSetWoIntvWoCo)(Nm),Tgt tq wout ZW release before drivability filt(CoETS_trqDemSet)(Nm),Throttle pos(AirSys_rAbsThrPos)(),Bypass valve active(B_ldsua_msg)(raw),Tq act basic(mibas_w)(%),Tq eng act(miist_w)(%),Tq lim from trans(Tra_trqGbxPrtLim_mp)(Nm),Tq lim from trans and ECU(Tra_trqPrtIn_mp)(Nm),Tq max poss(mimax_w)(%),Tq req for load(milsol_w)(%),Tq req from driver(mrfa_w)(%),Tq tgt from driver for load(mifal_w)(%),WGDC(tvldste_w)(%),Voltage batt(ubsq)(V),Whl spd FL(VehV_vWhlFrtL)(km/h),Whl spd FR(VehV_vWhlFrtR)(km/h),Whl spd RL(VehV_vWhlRrL)(km/h),Whl spd RR(VehV_vWhlRrR)(km/h),Temp map entry RPM(entryrpm)(1/min),Whl slip(slip)(km/h)
424.777,,0,0,0,256,0,0,0,0,0,0,0,0,1,0,0,0,0,0,,,,,,,,,,,,,,,,,,,,,,2577.5,,,,,182.8,,,,1.00266,1.00266,63.47,,,14.6180,,0.8,,0.1745,14.7155,21.8,21.8,21.8,21.8,21.8,21.8,,,,,,,,,,,,,1.828,0.300,1.809,0.000,1.827,,,,,,,,0.800,0.0,0.0,0.0,0.0,0.0,10.922,-6.922,,0.0,1.0049,100.000,103.665,103.665,0.000,0.000,0.000,,,,,0.93943,,0,,,,,,69.47,,,,,,,69.49,,,,679.6,,,,,,,,,,,171.2,,,,,,0.000,38.270,,,,,,955.55,,1165.94,1005.08,,,90.16,0.00,,,,,,,,,,,,,0.000,0.000,64,2,2,,,,,,,,59,0,,,,,,,,,99.999,,35.10,35.18,,,,
424.787,,0,0,0,256,0,0,0,0,0,0,0,0,1,0,0,0,0,0,,,,,,,,,,,,,,,,,,,,,,2581.5,,,,,182.8,,,,1.00266,1.00266,63.33,,,14.7120,,0.8,,0.1715,14.7450,21.8,21.8,21.8,21.8,21.8,21.8,,,,,,,,,,,,,1.824,0.300,1.809,0.000,1.827,,,,,,,,0.800,0.0,0.0,0.0,0.0,0.0,10.766,-7.063,,0.0,1.0022,100.000,103.665,103.665,0.000,0.000,0.000,,,,,0.93858,,0,,,,,,69.45,,,,,,,69.45,,,,679.6,,,,,,,,,,,171.4,,,,,,0.000,38.270,,,,,,955.31,,1165.94,1005.63,,,90.16,0.00,,,,,,,,,,,,,0.000,0.000,64,2,2,,,,,,,,59,0,,,,,,,,,99.999,,35.10,35.18,,,,
424.797,,0,0,0,256,0,0,0,0,0,0,0,0,1,0,0,0,0,0,,,,,,,,,,,,,,,,,,,,,,2589.0,,,,,183.4,,,,1.00266,1.00266,63.33,,,14.7500,,0.8,,0.1690,14.7750,21.8,21.8,21.8,21.8,21.8,21.8,,,,,,,,,,,,,1.824,0.300,1.809,0.000,1.827,,,,,,,,0.800,0.0,0.0,0.0,0.0,0.0,10.625,-7.000,,0.0,1.0022,100.000,103.665,103.665,0.000,0.000,0.000,,,,,0.93775,,0,,,,,,69.49,,,,,,,69.47,,,,678.8,,,,,,,,,,,172.0,,,,,,0.000,38.270,,,,,,955.08,,1167.03,1003.75,,,90.21,0.00,,,,,,,,,,,,,0.000,0.000,64,2,2,,,,,,,,59,0,,,,,,,,,99.999,,35.20,35.29,,,,
424.806,,0,0,0,256,0,0,0,0,0,0,0,0,1,0,0,0,0,0,,,,,,,,,,,,,,,,,,,,,,2592.5,,,,,183.4,,,,1.00266,1.00266,63.42,,,14.7400,,0.8,,0.1705,14.8045,21.8,21.8,21.8,21.8,21.8,21.8,,,,,,,,,,,,,1.824,0.300,1.809,0.000,1.827,,,,,,,,0.800,0.0,0.0,0.0,0.0,0.0,10.453,-6.953,,0.0,1.0007,100.000,103.665,103.665,0.000,0.000,0.000,,,,,0.93784,,0,,,,,,69.56,,,,,,,69.54,,,,678.8,,,,,,,,,,,172.4,,,,,,0.000,38.270,,,,,,954.84,,1167.03,1002.89,,,90.21,0.00,,,,,,,,,,,,,0.000,0.000,64,2,2,,,,,,,,59,0,,,,,,,,,99.999,,35.20,35.29,,,,
424.819,,0,0,0,256,0,0,0,0,0,0,0,0,1,0,0,0,0,0,,,,,,,,,,,,,,,,,,,,,,2595.0,,,,,184.3,,,,1.00266,1.00266,63.28,,,14.7500,,0.8,,0.1725,14.8340,21.8,21.8,21.8,21.8,21.8,21.8,,,,,,,,,,,,,1.824,0.300,1.809,0.000,1.827,,,,,,,,0.800,0.0,0.0,0.0,0.0,0.0,10.672,-7.016,,0.0,1.0000,100.000,103.665,103.665,0.000,0.000,0.000,,,,,0.93714,,0,,,,,,69.56,,,,,,,69.54,,,,678.9,,,,,,,,,,,172.8,,,,,,0.000,38.270,,,,,,954.69,,1167.03,1003.67,,,90.33,0.00,,,,,,,,,,,,,0.000,0.000,64,2,2,,,,,,,,59,0,,,,,,,,,99.999,,35.31,35.44,,,,
424.830,,0,0,0,256,0,0,0,0,0,0,0,0,1,0,0,0,0,0,,,,,,,,,,,,,,,,,,,,,,2599.5,,,,,184.3,,,,1.00266,1.00266,63.33,,,14.7020,,0.8,,0.1800,14.8630,21.8,21.8,21.8,21.8,21.8,21.8,,,,,,,,,,,,,1.824,0.300,1.818,0.000,1.819,,,,,,,,0.800,0.0,0.0,0.0,0.0,0.0,10.734,-7.063,,0.0,0.9995,100.000,103.665,103.665,0.000,0.000,0.000,,,,,0.93696,,0,,,,,,69.61,,,,,,,69.66,,,,678.9,,,,,,,,,,,172.6,,,,,,0.000,38.270,,,,,,954.14,,1167.03,1002.27,,,90.33,0.00,,,,,,,,,,,,,0.000,0.000,64,2,2,,,,,,,,59,0,,,,,,,,,99.999,,35.31,35.44,,,,
424.840,,0,0,0,256,0,0,0,0,0,0,0,0,1,0,0,0,0,0,,,,,,,,,,,,,,,,,,,,,,2601.5,,,,,185.2,,,,1.00266,1.00266,63.19,,,14.8640,,0.8,,0.1750,14.8910,21.8,21.8,21.8,21.8,21.8,21.8,,,,,,,,,,,,,1.816,0.300,1.818,0.000,1.819,,,,,,,,0.800,0.0,0.0,0.0,0.0,0.0,10.641,-7.188,,0.0,0.9963,100.000,103.665,103.665,0.000,0.000,0.000,,,,,0.93681,,0,,,,,,69.49,,,,,,,69.52,,,,678.9,,,,,,,,,,,172.6,,,,,,0.000,38.270,,,,,,953.75,,1167.03,1001.56,,,90.45,0.00,,,,,,,,,,,,,0.000,0.000,64,2,2,,,,,,,,59,0,,,,,,,,,99.999,,35.51,35.57,,,,
424.851,21.8,0,0,0,256,0,0,0,0,0,0,0,0,1,0,0,0,0,0,190.5,195.8,193.1,9.9,0.0,0.0,0.06,1,0,0.996,0.996,0.0,0.0,1.875,0.01,994.7,1000.0,1000.0,196.9,190.5,747.95,2608.0,66.964,308.1,0.0,9.9,185.2,0.02556,0.00,0.00,1.00266,1.00266,63.00,2,46.0,14.8820,0.1230,0.8,33.7,0.1725,14.9190,21.8,21.8,21.8,21.8,21.8,21.8,21.8,-6.0,0.00,0.00012,0,0,0,1,98,98,98,98,1.816,0.300,1.818,0.000,1.819,195.8,195.7,190.5,190.5,190.5,0.0,18.74,0.800,0.0,0.0,0.0,0.0,0.0,10.422,-7.172,0.0,0.0,0.9939,100.000,103.665,103.665,0.000,0.000,0.000,0.9998,0.9998,0.0000,185.0,0.93568,0.090066,0,100.000,190.5,5.3,1000.0,994.7,69.38,225.00,190.8,0.99942,1535.98,400.01,0.99939,69.45,69.68,224.98,69.68,678.9,-200.0,0.7,29.88,29.881,184.1,443.8,680.0,643.7,182.27,0.0,172.6,25.560,0.0,0,190.5,190.5,0.000,38.270,1012.38,0,1.0627,0.391,1012.93,953.28,0.55,1165.94,1002.27,2683.67,0.00,90.45,0.00,279.00,390.75,17.6,0,27.46,36.0,94.5,72.0,37,0,79.23,24.0,0.000,0.000,64,2,2,190.5,190.5,190.5,190.5,190.5,190.5,185.6,59,0,19.089,19.089,1000.0,2000.0,54.569,19.559,34.912,19.069,99.999,12.5,35.51,35.57,34.95,35.01,0.0,0.07
424.856,,0,0,0,256,0,0,0,0,0,0,0,0,1,0,0,0,0,0,,,,,,,,,,,,,,,,,,,,,,2610.0,,,,,185.6,,,,1.00266,1.00266,63.14,,,14.8640,,0.8,,0.1740,14.9470,21.8,21.8,21.8,21.8,21.8,21.8,,,,,,,,,,,,,1.816,0.300,1.818,0.000,1.819,,,,,,,,0.800,0.0,0.0,0.0,0.0,0.0,10.547,-7.172,,0.0,0.9929,100.000,103.665,103.665,0.000,0.000,0.000,,,,,0.93476,,0,,,,,,69.61,,,,,,,69.54,,,,678.2,,,,,,,,,,,174.5,,,,,,0.000,38.270,,,,,,953.59,,1165.94,1002.11,,,90.47,0.00,,,,,,,,,,,,,0.000,0.000,64,2,2,,,,,,,,59,0,,,,,,,,,99.999,,35.65,35.67,,,,
424.867,,0,0,0,256,0,0,0,0,0,0,0,0,1,0,0,0,0,0,,,,,,,,,,,,,,,,,,,,,,2613.0,,,,,185.6,,,,1.00266,1.00266,63.00,,,14.8820,,0.8,,0.1760,14.9750,21.8,21.8,21.8,21.8,21.8,21.8,,,,,,,,,,,,,1.816,0.300,1.818,0.000,1.819,,,,,,,,0.800,0.0,0.0,0.0,0.0,0.0,10.594,-7.203,,0.0,0.9856,100.000,103.665,103.665,0.000,0.000,0.000,,,,,0.93290,,0,,,,,,69.68,,,,,,,69.61,,,,678.2,,,,,,,,,,,174.7,,,,,,0.000,38.270,,,,,,953.67,,1165.94,1002.19,,,90.47,0.00,,,,,,,,,,,,,0.000,0.000,64,2,2,,,,,,,,59,0,,,,,,,,,99.999,,35.65,35.67,,,,
424.877,,0,0,0,256,0,0,0,0,0,0,0,0,1,0,0,0,0,0,,,,,,,,,,,,,,,,,,,,,,2617.5,,,,,186.2,,,,1.00266,1.00266,62.67,,,14.8920,,0.8,,0.1790,15.0025,21.8,21.8,21.8,21.8,21.8,21.8,,,,,,,,,,,,,1.816,0.300,1.818,0.000,1.800,,,,,,,,0.800,0.0,0.0,0.0,0.0,0.0,10.625,-7.281,,0.0,0.9849,100.000,103.665,103.665,0.000,0.000,0.000,,,,,0.92976,,0,,,,,,69.59,,,,,,,69.59,,,,678.9,,,,,,,,,,,174.2,,,,,,0.000,38.270,,,,,,953.36,,1165.94,1001.25,,,90.49,0.00,,,,,,,,,,,,,0.000,0.000,64,2,2,,,,,,,,59,0,,,,,,,,,99.999,,35.74,35.82,,,,
424.887,,0,0,0,256,0,0,0,0,0,0,0,0,1,0,0,0,0,0,,,,,,,,,,,,,,,,,,,,,,2627.5,,,,,186.2,,,,1.00266,1.00266,62.53,,,14.9000,,0.8,,0.1825,15.0310,21.8,21.8,21.8,21.8,21.8,21.8,,,,,,,,,,,,,1.790,0.300,1.818,0.000,1.800,,,,,,,,0.800,0.0,0.0,0.0,0.0,0.0,10.469,-7.344,,0.0,0.9814,100.000,103.665,103.665,0.000,0.000,0.000,,,,,0.92876,,0,,,,,,69.68,,,,,,,69.66,,,,678.9,,,,,,,,,,,174.2,,,,,,0.000,38.270,,,,,,953.28,,1167.03,1001.02,,,90.49,0.00,,,,,,,,,,,,,0.000,0.000,64,2,2,,,,,,,,59,0,,,,,,,,,99.999,,35.74,35.82,,,,
424.897,,0,0,0,256,0,0,0,0,0,0,0,0,1,0,0,0,0,0,,,,,,,,,,,,,,,,,,,,,,2629.0,,,,,187.1,,,,1.00266,1.00266,62.44,,,14.9760,,0.8,,0.1810,15.0585,21.8,21.8,21.8,21.8,21.8,21.8,,,,,,,,,,,,,1.790,0.300,1.818,0.000,1.800,,,,,,,,0.800,0.0,0.0,0.0,0.0,0.0,10.297,-7.250,,0.0,0.9795,100.000,103.665,103.665,0.000,0.000,0.000,,,,,0.92705,,0,,,,,,69.66,,,,,,,69.66,,,,678.8,,,,,,,,,,,176.1,,,,,,0.000,38.270,,,,,,953.44,,1167.03,1000.94,,,90.66,0.00,,,,,,,,,,,,,0.000,0.000,64,2,2,,,,,,,,59,0,,,,,,,,,99.999,,35.88,35.92,,,,
424.906,,0,0,0,256,0,0,0,0,0,0,0,0,1,0,0,0,0,0,,,,,,,,,,,,,,,,,,,,,,2631.5,,,,,187.1,,,,1.00266,1.00266,62.30,,,15.0140,,0.8,,0.1795,15.0855,21.8,21.8,21.8,21.8,21.8,21.8,,,,,,,,,,,,,1.790,0.300,1.818,0.000,1.800,,,,,,,,0.800,0.0,0.0,0.0,0.0,0.0,10.453,-7.266,,0.0,0.9773,100.000,103.665,103.665,0.000,0.000,0.000,,,,,0.92583,,0,,,,,,69.61,,,,,,,69.66,,,,678.8,,,,,,,,,,,175.7,,,,,,0.000,38.270,,,,,,953.28,,1167.03,1000.63,,,90.66,0.00,,,,,,,,,,,,,0.000,0.000,64,2,2,,,,,,,,59,0,,,,,,,,,99.999,,35.88,35.92,,,,
424.919,,0,0,0,256,0,0,0,0,0,0,0,0,1,0,0,0,0,0,,,,,,,,,,,,,,,,,,,,,,2636.5,,,,,187.3,,,,1.00266,1.00266,62.16,,,14.9960,,0.8,,0.1820,15.1130,21.8,21.8,21.8,21.8,21.8,21.8,,,,,,,,,,,,,1.790,0.300,1.818,0.000,1.776,,,,,,,,0.800,0.0,0.0,0.0,0.0,0.0,10.547,-7.281,,0.0,0.9753,100.000,103.665,103.665,0.000,0.000,0.000,,,,,0.92299,,0,,,,,,69.75,,,,,,,69.77,,,,678.4,,,,,,,,,,,176.9,,,,,,0.000,38.270,,,,,,953.52,,1167.03,999.69,,,90.70,0.00,,,,,,,,,,,,,0.000,0.000,64,2,2,,,,,,,,59,0,,,,,,,,,99.999,,36.05,36.05,,,,
424.930,,0,0,0,256,0,0,0,0,0,0,0,0,1,0,0,0,0,0,,,,,,,,,,,,,,,,,,,,,,2640.0,,,,,187.3,,,,1.00266,1.00266,62.06,,,14.9860,,0.8,,0.1865,15.1405,21.8,21.8,21.8,21.8,21.8,21.8,,,,,,,,,,,,,1.774,0.300,1.776,0.000,1.776,,,,,,,,0.800,0.0,0.0,0.0,0.0,0.0,10.438,-7.359,,0.0,0.9734,100.000,103.665,103.665,0.000,0.000,0.000,,,,,0.92153,,0,,,,,,69.77,,,,,,,69.80,,,,678.4,,,,,,,,,,,176.6,,,,,,0.000,38.270,,,,,,953.36,,1167.03,999.92,,,90.70,0.00,,,,,,,,,,,,,0.000,0.000,64,2,2,,,,,,,,59,0,,,,,,,,,99.999,,36.05,36.05,,,,
424.943,,0,0,0,256,0,0,0,0,0,0,0,0,1,0,0,0,0,0,,,,,,,,,,,,,,,,,,,,,,2650.0,,,,,188.3,,,,1.00266,1.00266,61.97,,,14.9580,,0.8,,0.1940,15.1685,21.8,21.8,21.8,21.8,21.8,21.8,,,,,,,,,,,,,1.774,0.300,1.776,0.000,1.776,,,,,,,,0.800,0.0,0.0,0.0,0.0,0.0,10.188,-7.297,,0.0,0.9734,100.000,103.665,103.665,0.000,0.000,0.000,,,,,0.92003,,0,,,,,,69.80,,,,,,,69.82,,,,678.9,,,,,,,,,,,177.5,,,,,,0.000,38.270,,,,,,953.44,,1167.03,999.14,,,90.80,0.00,,,,,,,,,,,,,0.000,0.000,64,2,2,,,,,,,,59,0,,,,,,,,,99.999,,36.27,36.18,,,,
424.957,21.8,0,0,0,256,0,0,0,0,0,0,0,0,1,0,0,0,0,0,190.8,195.5,193.4,9.7,0.0,0.0,0.03,1,0,0.996,0.996,0.0,0.0,1.937,0.01,995.3,1000.0,1000.0,196.9,191.0,749.45,2657.5,66.964,309.2,0.0,9.7,189.7,0.02556,0.00,0.00,1.00266,1.00266,62.02,2,46.0,15.1280,0.1255,0.8,33.9,0.1885,15.2260,21.8,21.8,21.8,21.8,21.8,21.8,21.8,-5.3,0.00,0.00012,0,0,0,1,98,98,98,98,1.774,0.300,1.776,0.000,1.776,195.5,195.5,191.0,191.0,191.0,0.0,18.74,0.800,0.0,0.0,0.0,0.0,0.0,10.563,-7.266,0.0,0.0,0.9744,100.000,103.665,103.665,0.000,0.000,0.000,0.9998,0.9998,0.0000,187.9,0.91893,0.090400,0,100.000,190.8,4.7,1000.0,995.3,70.03,226.15,191.0,0.99942,1535.98,400.01,0.99939,70.03,69.66,226.13,69.66,678.8,-200.0,1.8,29.94,29.944,187.2,443.9,680.0,643.8,181.25,0.0,178.7,25.635,0.0,0,190.8,190.8,0.000,38.270,1012.23,0,1.0630,0.395,1012.93,953.83,0.70,1167.03,998.75,2683.83,0.00,90.87,0.00,279.75,390.75,18.0,0,27.46,36.0,94.5,72.0,37,0,79.23,24.0,0.000,0.000,64,2,2,191.0,191.0,191.0,190.8,191.0,191.0,186.0,59,0,19.104,19.104,1000.0,2000.0,54.935,19.530,34.766,19.049,99.999,12.5,36.44,36.44,35.56,35.74,0.0,0.16
424.967,,0,0,0,256,0,0,0,0,0,0,0,0,1,0,0,0,0,0,,,,,,,,,,,,,,,,,,,,,,2668.5,,,,,189.7,,,,1.00266,1.00266,61.88,,,15.1460,,0.8,,0.1885,15.2545,21.8,21.8,21.8,21.8,21.8,21.8,,,,,,,,,,,,,1.769,0.300,1.776,0.000,1.768,,,,,,,,0.800,0.0,0.0,0.0,0.0,0.0,10.641,-7.422,,0.0,0.9780,100.000,103.665,103.665,0.000,0.000,0.000,,,,,0.91762,,0,,,,,,70.01,,,,,,,70.03,,,,678.8,,,,,,,,,,,178.4,,,,,,0.000,38.270,,,,,,953.36,,1168.05,998.59,,,90.87,0.00,,,,,,,,,,,,,0.000,0.000,64,2,2,,,,,,,,59,0,,,,,,,,,99.999,,36.44,36.44,,,,
424.977,,0,0,0,256,0,0,0,0,0,0,0,0,1,0,0,0,0,0,,,,,,,,,,,,,,,,,,,,,,2676.0,,,,,190.9,,,,1.00266,1.00266,61.92,,,15.1840,,0.8,,0.1870,15.2830,21.8,21.8,21.8,21.8,21.8,21.8,,,,,,,,,,,,,1.769,0.300,1.776,0.000,1.768,,,,,,,,0.800,0.0,0.0,0.0,0.0,0.0,10.469,-7.547,,0.0,0.9780,100.000,103.665,103.665,0.000,0.000,0.000,,,,,0.91814,,0,,,,,,69.98,,,,,,,70.01,,,,678.7,,,,,,,,,,,179.0,,,,,,0.000,38.270,,,,,,953.13,,1167.03,997.27,,,90.98,0.00,,,,,,,,,,,,,0.000,0.000,64,2,2,,,,,,,,59,0,,,,,,,,,99.999,,36.60,36.65,,,,
424.987,,0,0,0,256,0,0,0,0,0,0,0,0,1,0,0,0,0,0,,,,,,,,,,,,,,,,,,,,,,2679.5,,,,,190.9,,,,1.00266,1.00266,61.97,,,15.2040,,0.8,,0.1880,15.3125,21.0,21.8,21.8,21.8,21.0,21.0,,,,,,,,,,,,,1.769,0.300,1.776,0.000,1.768,,,,,,,,0.800,0.0,0.0,0.0,0.0,0.0,10.203,-7.500,,0.0,0.9790,100.000,103.665,103.665,0.000,0.000,0.000,,,,,0.91747,,0,,,,,,70.10,,,,,,,70.10,,,,678.7,,,,,,,,,,,180.6,,,,,,0.000,38.270,,,,,,953.36,,1168.05,997.27,,,90.98,0.00,,,,,,,,,,,,,0.000,0.000,64,2,2,,,,,,,,60,0,,,,,,,,,99.999,,36.60,36.65,,,,
424.997,,0,0,0,256,0,0,0,0,0,0,0,0,1,0,0,0,0,0,,,,,,,,,,,,,,,,,,,,,,2683.0,,,,,191.9,,,,1.00266,1.00266,61.92,,,15.2120,,0.8,,0.1885,15.3420,21.0,21.0,21.8,21.8,21.0,21.0,,,,,,,,,,,,,1.769,0.300,1.776,0.000,1.768,,,,,,,,0.800,0.0,0.0,0.0,0.0,0.0,10.344,-7.516,,0.0,0.9841,100.000,103.665,103.665,0.000,0.000,0.000,,,,,0.91714,,0,,,,,,70.10,,,,,,,70.10,,,,679.2,,,,,,,,,,,180.5,,,,,,0.000,38.270,,,,,,953.36,,1168.05,996.72,,,91.08,0.00,,,,,,,,,,,,,0.000,0.000,64,2,2,,,,,,,,60,0,,,,,,,,,99.999,,36.65,36.70,,,,
425.007,,0,0,0,256,0,0,0,0,0,0,0,0,1,0,0,0,0,0,,,,,,,,,,,,,,,,,,,,,,2689.0,,,,,191.9,,,,1.00266,1.00266,62.06,,,15.2700,,0.8,,0.1880,15.3720,21.0,21.0,21.0,21.8,21.0,21.0,,,,,,,,,,,,,1.769,0.300,1.776,0.000,1.773,,,,,,,,0.800,0.0,0.0,0.0,0.0,0.0,10.344,-7.547,,0.0,0.9883,100.000,103.665,103.665,0.000,0.000,0.000,,,,,0.91823,,0,,,,,,70.13,,,,,,,70.15,,,,679.2,,,,,,,,,,,180.6,,,,,,0.000,38.270,,,,,,953.13,,1169.14,996.48,,,91.08,0.00,,,,,,,,,,,,,0.000,0.000,64,2,2,,,,,,,,60,0,,,,,,,,,99.999,,36.65,36.70,,,,
425.020,,0,0,0,256,0,0,0,0,0,0,0,0,1,0,0,0,0,0,,,,,,,,,,,,,,,,,,,,,,2690.5,,,,,192.7,,,,1.00266,1.00266,62.25,,,15.3460,,0.8,,0.1840,15.4005,21.0,21.0,21.0,21.0,21.0,21.0,,,,,,,,,,,,,1.777,0.300,1.776,0.000,1.773,,,,,,,,0.800,0.0,0.0,0.0,0.0,0.0,10.141,-7.656,,0.0,0.9907,100.000,103.665,103.665,0.000,0.000,0.000,,,,,0.92061,,0,,,,,,70.17,,,,,,,70.20,,,,678.9,,,,,,,,,,,180.4,,,,,,0.000,38.270,,,,,,952.81,,1169.14,996.95,,,91.27,0.00,,,,,,,,,,,,,0.000,0.000,64,2,2,,,,,,,,60,0,,,,,,,,,99.999,,36.73,36.84,,,,
425.030,,0,0,0,256,0,0,0,0,0,0,0,0,1,0,0,0,0,0,,,,,,,,,,,,,,,,,,,,,,2698.0,,,,,192.7,,,,1.00266,1.00266,62.16,,,15.3260,,0.8,,0.1855,15.4295,18.0,21.0,21.0,21.0,18.0,18.0,,,,,,,,,,,,,1.777,0.300,1.769,0.000,1.773,,,,,,,,0.800,0.0,0.0,0.0,0.0,0.0,9.844,-7.609,,0.0,0.9934,100.000,103.665,103.665,0.000,0.000,0.000,,,,,0.92116,,0,,,,,,70.01,,,,,,,70.05,,,,678.9,,,,,,,,,,,180.4,,,,,,0.000,38.270,,,,,,952.34,,1169.14,997.19,,,91.27,0.00,,,,,,,,,,,,,0.000,0.000,64,2,2,,,,,,,,60,0,,,,,,,,,99.999,,36.73,36.84,,,,
425.041,,0,0,0,256,0,0,0,0,0,0,0,0,1,0,0,0,0,0,,,,,,,,,,,,,,,,,,,,,,2700.5,,,,,193.1,,,,1.00266,1.00266,62.25,,,15.3360,,0.8,,0.1875,15.4580,18.0,18.0,21.0,21.0,18.0,18.0,,,,,,,,,,,,,1.777,0.300,1.769,0.000,1.773,,,,,,,,0.800,0.0,0.0,0.0,0.0,0.0,9.969,-7.563,,0.0,0.9956,100.000,103.665,103.665,0.000,0.000,0.000,,,,,0.92208,,0,,,,,,70.13,,,,,,,70.20,,,,678.8,,,,,,,,,,,181.3,,,,,,0.000,38.270,,,,,,952.19,,1170.16,982.34,,,91.31,0.00,,,,,,,,,,,,,0.000,0.000,64,2,2,,,,,,,,60,0,,,,,,,,,99.999,,36.96,36.99,,,,
425.051,21.8,0,0,0,256,0,0,0,0,0,0,0,0,1,0,0,0,0,0,191.4,195.5,193.6,9.7,0.0,0.0,0.03,1,0,0.996,0.996,0.0,0.0,2.000,0.01,995.9,1000.0,1000.0,197.2,191.5,751.44,2703.5,66.964,308.9,0.0,9.7,193.1,0.02552,0.00,0.00,1.00266,1.00266,62.39,2,46.0,15.3820,0.1750,0.8,34.3,0.1875,15.4870,18.0,18.0,18.0,21.0,18.0,18.0,21.8,-4.5,0.00,0.00012,0,0,0,1,98,98,98,98,1.777,0.300,1.769,0.000,1.773,195.5,195.4,191.5,191.5,191.5,0.0,18.74,0.800,0.0,0.0,0.0,0.0,0.0,10.000,-7.578,0.0,0.0,0.9988,100.000,103.665,103.665,0.000,0.000,0.000,0.9998,0.9998,0.0000,187.9,0.92205,0.090693,0,100.000,191.4,4.1,1000.0,995.9,70.34,227.02,192.1,0.99942,1535.98,400.01,0.99939,70.29,69.75,226.99,69.75,678.8,-200.0,1.2,29.94,29.950,187.9,443.9,680.0,643.8,179.34,0.0,182.3,25.731,0.0,0,191.4,191.4,0.000,38.270,1012.15,0,1.0615,0.395,1012.93,952.27,0.78,1170.16,982.66,2683.83,0.00,91.31,0.00,279.75,390.75,18.0,0,27.46,36.0,94.5,72.0,37,0,79.23,24.0,0.000,0.000,64,2,2,191.5,191.5,191.5,191.4,191.5,191.5,187.8,60,0,19.211,19.211,1000.0,2000.0,55.212,19.530,34.692,19.170,99.999,12.5,36.96,36.99,36.39,36.47,0.0,0.08
425.057,,0,0,0,256,0,0,0,0,0,0,0,0,1,0,0,0,0,0,,,,,,,,,,,,,,,,,,,,,,2707.5,,,,,194.4,,,,1.00266,1.00266,62.48,,,15.4020,,0.8,,0.1885,15.5155,18.0,18.0,18.0,18.0,18.0,18.0,,,,,,,,,,,,,1.778,0.300,1.769,0.000,1.778,,,,,,,,0.800,0.0,0.0,0.0,0.0,0.0,10.016,-7.656,,0.0,1.0000,100.000,103.665,103.665,0.000,0.000,0.000,,,,,0.92400,,0,,,,,,70.29,,,,,,,70.29,,,,679.1,,,,,,,,,,,182.0,,,,,,0.000,38.270,,,,,,951.72,,1170.16,982.89,,,91.50,0.00,,,,,,,,,,,,,0.000,0.000,64,2,2,,,,,,,,60,0,,,,,,,,,99.999,,37.07,37.07,,,,
425.067,,0,0,0,256,0,0,0,0,0,0,0,0,1,0,0,0,0,0,,,,,,,,,,,,,,,,,,,,,,2712.0,,,,,194.4,,,,1.00266,1.00266,62.48,,,15.4580,,0.8,,0.1875,15.5435,18.0,18.0,18.0,18.0,18.0,18.0,,,,,,,,,,,,,1.778,0.300,1.769,0.000,1.778,,,,,,,,0.800,0.0,0.0,0.0,0.0,0.0,9.813,-7.531,,0.0,1.0017,100.000,103.665,103.665,0.000,0.000,0.000,,,,,0.92378,,0,,,,,,70.27,,,,,,,70.27,,,,679.1,,,,,,,,,,,182.5,,,,,,0.000,38.270,,,,,,951.56,,1170.16,982.89,,,91.50,0.00,,,,,,,,,,,,,0.000,0.000,64,2,2,,,,,,,,60,0,,,,,,,,,99.999,,37.07,37.07,,,,
425.077,,0,0,0,256,0,0,0,0,0,0,0,0,1,0,0,0,0,0,,,,,,,,,,,,,,,,,,,,,,2714.0,,,,,194.7,,,,1.00266,1.00266,62.48,,,15.5240,,0.8,,0.1835,15.5710,18.0,18.0,18.0,18.0,18.0,18.0,,,,,,,,,,,,,1.778,0.300,1.769,0.000,1.778,,,,,,,,0.800,0.0,0.0,0.0,0.0,0.0,9.656,-7.422,,0.0,1.0034,100.000,103.665,103.665,0.000,0.000,0.000,,,,,0.92415,,0,,,,,,70.24,,,,,,,70.24,,,,678.7,,,,,,,,,,,182.3,,,,,,0.000,38.270,,,,,,951.33,,1170.16,982.81,,,91.48,0.00,,,,,,,,,,,,,0.000,0.000,64,2,2,,,,,,,,60,0,,,,,,,,,99.999,,37.19,37.22,,,,
425.087,,0,0,0,256,0,0,0,0,0,0,0,0,1,0,0,0,0,0,,,,,,,,,,,,,,,,,,,,,,2716.0,,,,,194.7,,,,1.00266,1.00266,62.58,,,15.5540,,0.8,,0.1810,15.5980,18.0,18.0,18.0,18.0,18.0,18.0,,,,,,,,,,,,,1.778,0.300,1.769,0.000,1.778,,,,,,,,0.800,0.0,0.0,0.0,0.0,0.0,9.781,-7.469,,0.0,1.0056,100.000,103.665,103.665,0.000,0.000,0.000,,,,,0.92491,,0,,,,,,70.27,,,,,,,70.29,,,,678.7,,,,,,,,,,,182.9,,,,,,0.000,38.270,,,,,,951.17,,1171.25,983.20,,,91.48,0.00,,,,,,,,,,,,,0.000,0.000,64,2,2,,,,,,,,60,0,,,,,,,,,99.999,,37.19,37.22,,,,
425.097,,0,0,0,256,0,0,0,0,0,0,0,0,1,0,0,0,0,0,,,,,,,,,,,,,,,,,,,,,,2720.0,,,,,195.1,,,,1.00266,1.00266,62.58,,,15.4860,,0.8,,0.1860,15.6245,18.0,18.0,18.0,18.0,18.0,18.0,,,,,,,,,,,,,1.778,0.300,1.769,0.000,1.777,,,,,,,,0.800,0.0,0.0,0.0,0.0,0.0,9.906,-7.469,,0.0,1.0066,100.000,103.665,103.665,0.000,0.000,0.000,,,,,0.92528,,0,,,,,,70.27,,,,,,,70.34,,,,678.5,,,,,,,,,,,182.8,,,,,,0.000,38.270,,,,,,950.86,,1172.27,983.83,,,91.55,0.00,,,,,,,,,,,,,0.000,0.000,64,2,2,,,,,,,,60,0,,,,,,,,,99.999,,37.32,37.30,,,,
425.106,,0,0,0,256,0,0,0,0,0,0,0,0,1,0,0,0,0,0,,,,,,,,,,,,,,,,,,,,,,2724.5,,,,,195.1,,,,1.00266,1.00266,62.58,,,15.4680,,0.8,,0.1925,15.6510,18.0,18.0,18.0,18.0,18.0,18.0,,,,,,,,,,,,,1.777,0.300,1.769,0.000,1.777,,,,,,,,0.800,0.0,0.0,0.0,0.0,0.0,9.766,-7.578,,0.0,1.0061,100.000,103.665,103.665,0.000,0.000,0.000,,,,,0.92552,,0,,,,,,70.22,,,,,,,70.34,,,,678.5,,,,,,,,,,,183.3,,,,,,0.000,38.270,,,,,,950.63,,1171.25,983.36,,,91.55,0.00,,,,,,,,,,,,,0.000,0.000,64,2,2,,,,,,,,60,0,,,,,,,,,99.999,,37.32,37.30,,,,
425.118,,0,0,0,256,0,0,0,0,0,0,0,0,1,0,0,0,0,0,,,,,,,,,,,,,,,,,,,,,,2731.0,,,,,195.9,,,,1.00266,1.00266,62.53,,,15.4960,,0.8,,0.1970,15.6775,18.0,18.0,18.0,18.0,18.0,18.0,,,,,,,,,,,,,1.777,0.300,1.769,0.000,1.777,,,,,,,,0.800,0.0,0.0,0.0,0.0,0.0,9.578,-7.500,,0.0,1.0056,100.000,103.665,103.665,0.000,0.000,0.000,,,,,0.92647,,0,,,,,,70.15,,,,,,,70.31,,,,678.7,,,,,,,,,,,184.1,,,,,,0.000,38.270,,,,,,950.47,,1171.25,983.13,,,91.62,0.00,,,,,,,,,,,,,0.000,0.000,64,2,2,,,,,,,,60,0,,,,,,,,,99.999,,37.45,37.38,,,,
425.130,,0,0,0,256,0,0,0,0,0,0,0,0,1,0,0,0,0,0,,,,,,,,,,,,,,,,,,,,,,2740.5,,,,,195.9,,,,1.00266,1.00266,62.72,,,15.5540,,0.8,,0.1980,15.7045,18.8,18.8,18.0,18.0,18.0,18.8,,,,,,,,,,,,,1.777,0.300,1.777,0.000,1.777,,,,,,,,0.800,0.0,0.0,0.0,0.0,0.0,9.766,-7.516,,0.0,1.0056,100.000,103.665,103.665,0.000,0.000,0.000,,,,,0.92635,,0,,,,,,70.34,,,,,,,70.48,,,,678.7,,,,,,,,,,,185.3,,,,,,0.000,38.270,,,,,,950.70,,1172.27,982.97,,,91.62,0.00,,,,,,,,,,,,,0.000,0.000,64,2,2,,,,,,,,60,0,,,,,,,,,99.999,,37.45,37.38,,,,
425.141,,0,0,0,256,0,0,0,0,0,0,0,0,1,0,0,0,0,0,,,,,,,,,,,,,,,,,,,,,,2745.5,,,,,197.4,,,,1.00266,1.00266,62.77,,,15.5820,,0.8,,0.1990,15.7320,18.8,18.8,18.8,18.0,18.0,18.8,,,,,,,,,,,,,1.777,0.300,1.777,0.000,1.783,,,,,,,,0.800,0.0,0.0,0.0,0.0,0.0,9.938,-7.469,,0.0,1.0049,100.000,103.665,103.665,0.000,0.000,0.000,,,,,0.92650,,0,,,,,,70.29,,,,,,,70.48,,,,678.7,,,,,,,,,,,185.4,,,,,,0.000,38.270,,,,,,950.55,,1173.36,982.58,,,91.76,0.00,,,,,,,,,,,,,0.000,0.000,64,2,2,,,,,,,,60,0,,,,,,,,,99.999,,37.70,37.70,,,,
425.150,21.8,0,0,0,256,0,0,0,0,0,0,0,0,1,0,0,0,0,0,192.0,191.9,190.1,9.9,0.0,0.0,0.03,1,0,0.996,0.996,-0.1,-0.1,1.968,0.01,1000.0,1000.0,1000.0,191.9,191.9,754.54,2752.5,66.964,310.0,0.0,9.9,197.4,0.02556,0.00,0.00,1.00266,1.00266,62.77,2,46.0,15.6480,0.1655,0.8,34.6,0.1975,15.7605,18.8,18.8,21.8,21.8,18.0,21.8,18.0,-3.8,0.00,0.00342,0,0,0,1,98,98,98,98,1.785,0.300,1.777,0.000,1.783,191.9,191.8,191.9,191.9,192.0,0.0,18.74,0.800,0.0,0.0,0.0,0.0,0.0,9.797,-7.609,0.0,0.0,1.0049,100.000,103.665,103.665,0.000,0.000,0.000,0.9998,0.9998,0.0000,192.5,0.92641,0.091096,0,100.000,191.9,0.0,1000.0,1000.0,70.29,228.12,191.8,0.99942,1535.98,400.01,0.99939,70.48,68.79,228.09,68.79,678.7,-200.0,0.9,30.03,30.037,192.2,443.9,680.0,643.8,178.36,0.0,186.1,25.879,0.0,0,192.0,192.0,0.000,38.270,1012.07,0,1.0609,0.395,1012.93,950.47,0.86,1173.36,982.58,2683.91,0.00,91.76,0.00,281.25,390.75,18.0,0,27.46,36.0,94.5,72.0,37,0,79.23,24.0,0.000,0.000,64,2,2,191.9,191.9,191.9,192.0,192.0,192.0,192.0,60,0,19.186,18.816,1000.0,2000.0,55.516,19.170,34.570,18.990,99.999,12.5,37.70,37.70,36.99,37.17,0.0,0.18
425.157,,0,0,0,256,0,0,0,0,0,0,0,0,1,0,0,0,0,0,,,,,,,,,,,,,,,,,,,,,,2763.5,,,,,198.2,,,,1.00266,1.00266,62.91,,,15.6860,,0.8,,0.1955,15.7900,18.8,18.8,21.8,22.5,22.5,22.5,,,,,,,,,,,,,1.785,0.300,1.777,0.000,1.783,,,,,,,,0.800,0.0,0.0,0.0,0.0,0.0,9.531,-7.563,,0.0,1.0044,100.000,103.665,103.665,0.000,0.000,0.000,,,,,0.92659,,0,,,,,,70.41,,,,,,,70.55,,,,678.5,,,,,,,,,,,187.4,,,,,,0.000,38.270,,,,,,950.63,,1173.36,981.88,,,91.95,0.00,,,,,,,,,,,,,0.000,0.000,64,2,2,,,,,,,,60,0,,,,,,,,,99.999,,37.79,37.77,,,,
425.167,,0,0,0,256,0,0,0,0,0,0,0,0,1,0,0,0,0,0,,,,,,,,,,,,,,,,,,,,,,2771.0,,,,,198.2,,,,1.00266,1.00266,62.91,,,15.6480,,0.8,,0.1995,15.8205,22.5,22.5,21.8,22.5,22.5,22.5,,,,,,,,,,,,,1.785,0.300,1.777,0.000,1.783,,,,,,,,0.800,0.0,0.0,0.0,0.0,0.0,9.313,-7.625,,0.0,1.0044,100.000,103.665,103.665,0.000,0.000,0.000,,,,,0.92586,,0,,,,,,70.45,,,,,,,70.59,,,,678.5,,,,,,,,,,,188.0,,,,,,0.000,38.270,,,,,,950.70,,1173.36,981.72,,,91.95,0.00,,,,,,,,,,,,,0.000,0.000,64,2,2,,,,,,,,60,0,,,,,,,,,99.999,,37.79,37.77,,,,
425.177,,0,0,0,256,0,0,0,0,0,0,0,0,1,0,0,0,0,0,,,,,,,,,,,,,,,,,,,,,,2779.0,,,,,199.9,,,,1.00266,1.00266,63.00,,,15.6280,,0.8,,0.2065,15.8515,22.5,22.5,22.5,22.5,22.5,22.5,,,,,,,,,,,,,1.785,0.300,1.777,0.000,1.783,,,,,,,,0.800,0.0,0.0,0.0,0.0,0.0,9.469,-7.672,,0.0,1.0044,100.000,103.665,103.665,0.000,0.000,0.000,,,,,0.92592,,0,,,,,,70.57,,,,,,,70.71,,,,678.7,,,,,,,,,,,188.7,,,,,,0.000,38.270,,,,,,950.70,,1174.38,982.66,,,92.06,0.00,,,,,,,,,,,,,0.000,0.000,64,2,2,,,,,,,,60,0,,,,,,,,,99.999,,37.85,37.91,,,,
425.187,,0,0,0,256,0,0,0,0,0,0,0,0,1,0,0,0,0,0,,,,,,,,,,,,,,,,,,,,,,2786.0,,,,,199.9,,,,1.00266,1.00266,63.09,,,15.6480,,0.8,,0.2120,15.8835,22.5,22.5,22.5,22.5,22.5,22.5,,,,,,,,,,,,,1.785,0.300,1.777,0.000,1.791,,,,,,,,0.800,0.0,0.0,0.0,0.0,0.0,9.547,-7.703,,0.0,1.0039,100.000,103.665,103.665,0.000,0.000,0.000,,,,,0.92604,,0,,,,,,70.64,,,,,,,70.80,,,,678.7,,,,,,,,,,,188.8,,,,,,0.000,38.270,,,,,,950.39,,1174.38,983.44,,,92.06,0.00,,,,,,,,,,,,,0.000,0.000,64,2,2,,,,,,,,61,0,,,,,,,,,99.999,,37.85,37.91,,,,
425.197,,0,0,0,256,0,0,0,0,0,0,0,0,1,0,0,0,0,0,,,,,,,,,,,,,,,,,,,,,,2798.5,,,,,201.8,,,,1.00266,1.00266,62.91,,,15.7140,,0.8,,0.2135,15.9145,22.5,22.5,22.5,22.5,22.5,22.5,,,,,,,,,,,,,1.791,0.300,1.777,0.000,1.791,,,,,,,,0.800,0.0,0.0,0.0,0.0,0.0,9.375,-7.859,,0.0,1.0039,100.000,103.665,103.665,0.000,0.000,0.000,,,,,0.92607,,0,,,,,,70.48,,,,,,,70.73,,,,678.9,,,,,,,,,,,188.4,,,,,,0.000,38.270,,,,,,948.98,,1174.38,982.89,,,92.27,0.00,,,,,,,,,,,,,0.000,0.000,64,2,2,,,,,,,,61,0,,,,,,,,,99.999,,38.02,38.04,,,,
425.207,,0,0,0,256,0,0,0,0,0,0,0,0,1,0,0,0,0,0,,,,,,,,,,,,,,,,,,,,,,2801.5,,,,,201.8,,,,1.00266,1.00266,62.95,,,15.7700,,0.8,,0.2110,15.9465,22.5,22.5,22.5,22.5,22.5,22.5,,,,,,,,,,,,,1.791,0.300,1.777,0.000,1.791,,,,,,,,0.800,0.0,0.0,0.0,0.0,0.0,9.125,-7.828,,0.0,1.0034,100.000,103.665,103.665,0.000,0.000,0.000,,,,,0.92622,,0,,,,,,70.50,,,,,,,70.69,,,,678.9,,,,,,,,,,,188.6,,,,,,0.000,38.270,,,,,,948.52,,1175.47,985.00,,,92.27,0.00,,,,,,,,,,,,,0.000,0.000,64,2,2,,,,,,,,61,0,,,,,,,,,99.999,,38.02,38.04,,,,
425.219,,0,0,0,256,0,0,0,0,0,0,0,0,1,0,0,0,0,0,,,,,,,,,,,,,,,,,,,,,,2807.0,,,,,202.4,,,,1.00266,1.00266,63.14,,,15.8260,,0.8,,0.2095,15.9790,22.5,22.5,22.5,22.5,22.5,22.5,,,,,,,,,,,,,1.791,0.300,1.777,0.000,1.791,,,,,,,,0.800,0.0,0.0,0.0,0.0,0.0,9.281,-7.844,,0.0,1.0039,100.000,103.665,103.665,0.000,0.000,0.000,,,,,0.92613,,0,,,,,,70.71,,,,,,,70.76,,,,679.0,,,,,,,,,,,190.4,,,,,,0.000,38.270,,,,,,948.44,,1175.47,985.63,,,92.51,0.00,,,,,,,,,,,,,0.000,0.000,64,2,2,,,,,,,,61,0,,,,,,,,,99.999,,38.17,38.17,,,,
425.230,,0,0,0,256,0,0,0,0,0,0,0,0,1,0,0,0,0,0,,,,,,,,,,,,,,,,,,,,,,2811.5,,,,,202.4,,,,1.00266,1.00266,63.14,,,15.8460,,0.8,,0.2095,16.0110,22.5,22.5,22.5,22.5,22.5,22.5,,,,,,,,,,,,,1.791,0.300,1.788,0.000,1.791,,,,,,,,0.800,0.0,0.0,0.0,0.0,0.0,9.391,-7.859,,0.0,1.0034,100.000,103.665,103.665,0.000,0.000,0.000,,,,,0.92635,,0,,,,,,70.69,,,,,,,70.78,,,,679.0,,,,,,,,,,,190.1,,,,,,0.000,38.270,,,,,,947.97,,1176.48,987.42,,,92.51,0.00,,,,,,,,,,,,,0.000,0.000,64,2,2,,,,,,,,61,0,,,,,,,,,99.999,,38.17,38.17,,,,
425.244,,0,0,0,256,0,0,0,0,0,0,0,0,1,0,0,0,0,0,,,,,,,,,,,,,,,,,,,,,,2813.5,,,,,203.4,,,,1.00266,1.00266,62.91,,,15.8460,,0.8,,0.2110,16.0410,22.5,22.5,22.5,22.5,22.5,22.5,,,,,,,,,,,,,1.783,0.300,1.788,0.000,1.791,,,,,,,,0.800,0.0,0.0,0.0,0.0,0.0,9.266,-7.906,,0.0,1.0022,100.000,103.665,103.665,0.000,0.000,0.000,,,,,0.92635,,0,,,,,,70.34,,,,,,,70.62,,,,678.8,,,,,,,,,,,187.4,,,,,,0.000,38.270,,,,,,946.56,,1175.47,988.91,,,92.63,0.00,,,,,,,,,,,,,0.000,0.000,64,2,2,,,,,,,,61,0,,,,,,,,,99.999,,38.34,38.29,,,,
425.257,22.5,0,0,0,256,0,0,0,0,0,0,0,0,1,0,0,0,0,0,192.3,192.2,190.8,9.9,0.0,0.0,0.03,1,0,0.996,0.996,-0.1,-0.1,1.875,0.00,1000.0,1000.0,1000.0,192.2,192.3,758.85,2823.5,66.964,310.3,0.0,9.9,203.7,0.02556,0.00,0.00,1.00266,1.00266,63.19,2,46.0,15.9320,0.1815,0.8,35.1,0.2125,16.1025,22.5,22.5,22.5,22.5,22.5,22.5,22.5,-3.0,0.00,0.02184,0,0,0,1,98,98,98,98,1.783,0.300,1.788,0.000,1.791,192.2,192.1,192.3,192.3,192.4,0.0,18.74,0.800,0.0,0.0,0.0,0.0,0.0,9.281,-7.875,0.0,0.0,1.0000,100.000,103.665,103.665,0.000,0.000,0.000,0.9998,0.9998,0.0000,198.2,0.92592,0.091490,0,100.000,192.2,0.0,1000.0,1000.0,70.64,229.10,192.3,0.99942,1535.98,400.01,0.99939,70.62,69.00,229.08,69.00,679.0,-200.0,1.5,30.13,30.132,197.0,444.0,680.0,643.9,175.82,0.0,191.0,25.977,0.0,0,192.3,192.3,0.000,38.270,1011.91,0,1.0604,0.395,1012.93,946.02,1.02,1176.48,990.94,2683.91,0.00,92.72,0.00,281.25,390.75,18.4,0,27.25,36.0,94.5,72.0,37,0,79.23,24.0,0.000,0.000,64,2,2,192.3,192.3,192.3,192.3,192.4,192.4,192.2,61,0,19.238,19.283,1000.0,2000.0,55.806,19.200,34.497,19.189,99.999,12.5,38.46,38.38,37.79,37.80,0.0,0.02
425.267,,0,0,0,256,0,0,0,0,0,0,0,0,1,0,0,0,0,0,,,,,,,,,,,,,,,,,,,,,,2824.5,,,,,203.7,,,,1.00266,1.00266,63.05,,,15.9220,,0.8,,0.2145,16.1320,22.5,22.5,22.5,22.5,22.5,22.5,,,,,,,,,,,,,1.783,0.300,1.788,0.000,1.782,,,,,,,,0.800,0.0,0.0,0.0,0.0,0.0,9.438,-7.875,,0.0,0.9988,100.000,103.665,103.665,0.000,0.000,0.000,,,,,0.92568,,0,,,,,,70.55,,,,,,,70.59,,,,679.0,,,,,,,,,,,190.8,,,,,,0.000,38.648,,,,,,945.70,,1177.50,992.34,,,92.72,0.00,,,,,,,,,,,,,0.000,0.000,64,2,2,,,,,,,,61,0,,,,,,,,,99.999,,38.46,38.38,,,,
425.277,,0,0,0,256,0,0,0,0,0,0,0,0,1,0,0,0,0,0,,,,,,,,,,,,,,,,,,,,,,2826.5,,,,,203.8,,,,1.00266,1.00266,63.00,,,15.8940,,0.8,,0.2200,16.1605,22.5,22.5,22.5,22.5,22.5,22.5,,,,,,,,,,,,,1.778,0.300,1.788,0.000,1.782,,,,,,,,0.800,0.0,0.0,0.0,0.0,0.0,9.297,-7.984,,0.0,0.9956,100.000,103.665,103.665,0.000,0.000,0.000,,,,,0.92534,,0,,,,,,70.41,,,,,,,70.52,,,,679.4,,,,,,,,,,,189.8,,,,,,0.000,39.637,,,,,,945.00,,1177.50,1003.36,,,92.79,0.00,,,,,,,,,,,,,0.000,0.000,64,2,2,,,,,,,,61,0,,,,,,,,,99.999,,38.59,38.51,,,,
425.287,,0,0,0,256,0,0,0,0,0,0,0,0,1,0,0,0,0,0,,,,,,,,,,,,,,,,,,,,,,2832.0,,,,,203.8,,,,1.00266,1.00266,62.95,,,15.9220,,0.8,,0.2240,16.1890,22.5,22.5,22.5,22.5,22.5,22.5,,,,,,,,,,,,,1.778,0.300,1.788,0.000,1.782,,,,,,,,0.800,0.0,0.0,0.0,0.0,0.0,9.063,-7.922,,0.0,0.9944,100.000,103.665,103.665,0.000,0.000,0.000,,,,,0.92421,,0,,,,,,70.45,,,,,,,70.48,,,,679.4,,,,,,,,,,,191.0,,,,,,0.000,41.456,,,,,,944.84,,1178.59,1004.53,,,92.79,0.00,,,,,,,,,,,,,0.000,0.000,64,2,2,,,,,,,,61,0,,,,,,,,,99.999,,38.59,38.51,,,,
425.298,,0,0,0,256,0,0,0,0,0,0,0,0,1,0,0,0,0,0,,,,,,,,,,,,,,,,,,,,,,2833.5,,,,,203.9,,,,1.00266,1.00266,62.91,,,16.0260,,0.8,,0.2215,16.2165,22.5,22.5,22.5,22.5,22.5,22.5,,,,,,,,,,,,,1.778,0.300,1.788,0.000,1.782,,,,,,,,0.800,0.0,0.0,0.0,0.0,0.0,9.250,-7.938,,0.0,0.9912,100.000,103.665,103.665,0.000,0.000,0.000,,,,,0.92369,,0,,,,,,70.43,,,,,,,70.48,,,,679.2,,,,,,,,,,,191.0,,,,,,0.000,44.239,,,,,,944.53,,1178.59,1041.88,,,92.98,0.00,,,,,,,,,,,,,0.000,0.000,64,2,2,,,,,,,,61,0,,,,,,,,,99.999,,38.71,38.64,,,,
425.307,,0,0,0,256,0,0,0,0,0,0,0,0,1,0,0,0,0,0,,,,,,,,,,,,,,,,,,,,,,2839.0,,,,,203.9,,,,1.00266,1.00266,63.14,,,16.0540,,0.8,,0.2200,16.2440,22.5,22.5,22.5,22.5,22.5,22.5,,,,,,,,,,,,,1.778,0.300,1.788,0.000,1.781,,,,,,,,0.800,0.0,0.0,0.0,0.0,0.0,9.406,-7.906,,0.0,0.9883,100.000,103.665,103.665,94.935,-3.525,0.000,,,,,0.92232,,0,,,,,,70.80,,,,,,,70.55,,,,679.2,,,,,,,,,,,191.8,,,,,,0.000,47.925,,,,,,944.45,,1178.59,1069.45,,,92.98,0.00,,,,,,,,,,,,,0.000,0.000,64,2,2,,,,,,,,61,0,,,,,,,,,99.999,,38.71,38.64,,,,
425.320,,0,0,0,256,0,0,0,0,0,0,0,0,1,0,0,0,0,0,,,,,,,,,,,,,,,,,,,,,,2842.0,,,,,204.7,,,,1.00266,1.00266,62.95,,,16.1100,,0.8,,0.2170,16.2725,22.5,22.5,22.5,22.5,22.5,22.5,,,,,,,,,,,,,1.771,0.300,1.788,0.000,1.781,,,,,,,,0.800,0.0,0.0,0.0,0.0,0.0,9.266,-8.000,,0.0,0.9849,100.000,103.665,103.665,94.935,-2.715,0.000,,,,,0.92113,,0,,,,,,70.69,,,,,,,70.52,,,,679.3,,,,,,,,,,,191.6,,,,,,0.000,51.905,,,,,,944.06,,1178.59,1119.61,,,92.95,0.00,,,,,,,,,,,,,0.000,0.000,64,2,2,,,,,,,,61,0,,,,,,,,,94.269,,38.87,38.77,,,,
425.331,,0,0,0,256,0,0,0,0,0,0,0,0,1,0,0,0,0,0,,,,,,,,,,,,,,,,,,,,,,2849.0,,,,,204.7,,,,1.00266,1.00266,63.28,,,16.1300,,0.8,,0.2165,16.3030,22.5,22.5,22.5,22.5,22.5,22.5,,,,,,,,,,,,,1.771,0.300,1.771,0.000,1.781,,,,,,,,0.800,0.0,0.0,0.0,0.0,0.0,8.984,-7.984,,0.0,0.9824,100.000,103.665,103.665,94.935,-1.355,0.000,,,,,0.91973,,0,,,,,,71.11,,,,,,,70.57,,,,679.3,,,,,,,,,,,192.2,,,,,,0.000,56.300,,,,,,943.75,,1178.59,1179.53,,,92.95,0.00,,,,,,,,,,,,,0.000,0.000,64,2,2,,,,,,,,61,0,,,,,,,,,94.809,,38.87,38.77,,,,
425.343,,0,0,0,256,0,0,0,0,0,0,0,0,1,0,0,0,0,0,,,,,,,,,,,,,,,,,,,,,,2851.0,,,,,205.5,,,,1.00266,1.00266,63.66,,,16.1580,,0.8,,0.2170,16.3350,22.5,22.5,22.5,22.5,22.5,22.5,,,,,,,,,,,,,1.771,0.300,1.771,0.000,1.781,,,,,,,,0.800,0.0,0.0,0.0,0.0,0.0,8.750,-8.063,,0.0,0.9814,100.000,103.665,103.665,94.935,0.000,0.000,,,,,0.91845,,0,,,,,,71.63,,,,,,,70.55,,,,679.6,,,,,,,,,,,192.9,,,,,,0.000,59.791,,,,,,943.67,,1179.61,1245.31,,,93.09,0.00,,,,,,,,,,,,,0.000,0.000,64,2,2,,,,,,,,61,0,,,,,,,,,95.714,,39.01,39.05,,,,
425.357,22.5,0,0,0,256,0,0,0,0,0,0,0,0,1,0,0,0,0,0,192.5,192.4,191.3,9.9,0.0,0.0,0.06,1,0,0.996,0.996,-0.1,-0.1,1.906,0.00,1000.0,1000.0,1000.0,192.4,192.6,762.04,2860.5,63.084,311.1,0.0,9.9,207.1,0.02556,0.00,0.00,1.00266,1.00266,64.64,2,46.0,16.1960,0.2450,0.8,35.8,0.2215,16.4060,22.5,22.5,22.5,22.5,22.5,22.5,22.5,-3.0,0.00,0.00012,0,0,0,1,98,98,98,98,1.771,0.300,1.771,0.000,1.812,192.4,192.3,192.6,192.6,192.7,0.0,18.74,0.800,0.0,0.0,0.0,0.0,0.0,9.000,-8.219,0.0,0.0,0.9790,100.000,103.440,103.440,95.765,5.755,0.000,0.9998,0.9998,0.0000,203.3,0.91656,0.091939,0,100.000,192.4,0.0,1000.0,1000.0,72.87,230.51,192.6,0.99942,1535.98,400.01,0.99939,70.73,69.00,230.48,69.00,680.0,-200.0,1.0,30.22,30.228,202.3,444.0,680.0,643.9,175.55,0.0,194.9,26.221,0.0,0,192.5,192.5,0.000,66.261,1011.84,0,1.0614,0.395,1012.93,944.14,1.09,1179.61,1398.28,2683.75,0.00,93.23,0.00,282.00,390.75,18.4,0,27.25,36.0,94.5,72.0,37,0,79.23,24.0,0.000,0.000,64,2,2,192.6,192.6,192.6,192.5,192.7,192.7,192.3,61,0,19.263,19.263,1000.0,2000.0,56.308,19.220,34.204,19.200,97.704,12.5,39.18,39.21,38.36,38.44,0.0,0.16
425.367,,0,0,0,256,0,0,0,0,0,0,0,0,1,0,0,0,0,0,,,,,,,,,,,,,,,,,,,,,,2870.0,,,,,207.1,,,,1.00266,1.00266,65.48,,,16.2340,,0.8,,0.2245,16.4475,22.5,22.5,22.5,22.5,22.5,22.5,,,,,,,,,,,,,1.824,0.300,1.771,0.000,1.812,,,,,,,,0.800,0.0,0.0,0.0,0.0,0.0,8.781,-8.328,,0.0,0.9778,100.000,98.740,98.740,99.225,20.485,0.000,,,,,0.91338,,0,,,,,,73.90,,,,,,,70.97,,,,680.0,,,,,,,,,,,195.3,,,,,,0.000,68.812,,,,,,947.73,,1177.50,1483.13,,,93.23,0.00,,,,,,,,,,,,,0.000,0.000,64,2,2,,,,,,,,61,0,,,,,,,,,99.999,,39.18,39.21,,,,
425.377,,0,0,0,256,0,0,0,0,0,0,0,0,1,0,0,0,0,0,,,,,,,,,,,,,,,,,,,,,,2873.5,,,,,208.5,,,,1.00266,1.00266,67.08,,,16.2800,,0.8,,0.2285,16.4975,22.5,22.5,22.5,22.5,22.5,22.5,,,,,,,,,,,,,1.824,0.300,1.771,0.000,1.812,,,,,,,,0.800,0.0,0.0,0.0,0.0,0.0,8.438,-8.281,,0.0,0.9785,100.000,93.845,93.845,100.000,47.250,0.000,,,,,0.91238,,0,,,,,,75.91,,,,,,,71.67,,,,680.1,,,,,,,,,,,217.3,,,,,,0.000,71.083,,,,,,955.47,,1175.47,1569.53,,,93.09,0.00,,,,,,,,,,,,,0.000,0.000,64,2,2,,,,,,,,61,0,,,,,,,,,99.999,,39.21,39.29,,,,
425.387,,0,0,0,256,0,0,0,0,0,0,0,0,1,0,0,0,0,0,,,,,,,,,,,,,,,,,,,,,,2879.5,,,,,208.5,,,,1.00266,1.00266,68.48,,,16.3480,,0.0,,0.2305,16.5530,21.8,21.8,21.8,22.5,22.5,21.8,,,,,,,,,,,,,1.824,0.300,1.771,0.000,1.812,,,,,,,,0.800,0.0,0.0,0.0,0.0,0.0,8.594,-8.250,,0.0,0.9773,100.000,88.860,88.860,100.000,56.235,0.000,,,,,0.91207,,0,,,,,,77.46,,,,,,,72.63,,,,680.1,,,,,,,,,,,224.5,,,,,,0.000,72.523,,,,,,964.22,,1173.36,1647.34,,,93.09,0.00,,,,,,,,,,,,,0.000,0.000,64,2,2,,,,,,,,67,0,,,,,,,,,99.999,,39.21,39.29,,,,
425.397,,0,0,0,256,0,0,0,0,0,0,0,0,1,0,0,0,0,0,,,,,,,,,,,,,,,,,,,,,,2885.0,,,,,214.4,,,,1.00266,1.00266,70.36,,,16.3840,,0.0,,0.2355,16.6175,21.8,21.8,21.8,21.8,22.5,21.8,,,,,,,,,,,,,1.824,0.300,1.771,0.000,1.958,,,,,,,,0.800,0.0,0.0,0.0,0.0,0.0,8.703,-8.188,,0.0,0.9763,100.000,84.370,84.370,100.000,62.250,0.000,,,,,0.91097,,0,,,,,,79.57,,,,,,,73.88,,,,679.9,,,,,,,,,,,237.2,,,,,,0.000,73.719,,,,,,976.41,,1170.16,1761.72,,,92.86,0.00,,,,,,,,,,,,,0.000,0.000,64,2,2,,,,,,,,67,0,,,,,,,,,99.999,,39.31,39.43,,,,
425.406,,0,0,0,256,0,0,0,0,0,0,0,0,1,0,0,0,0,0,,,,,,,,,,,,,,,,,,,,,,2890.5,,,,,214.4,,,,1.00266,1.00266,71.58,,,16.4220,,-0.8,,0.2415,16.6840,21.8,21.8,21.8,21.0,21.0,21.0,,,,,,,,,,,,,1.993,0.300,1.771,0.000,1.958,,,,,,,,0.800,0.0,0.0,0.0,0.0,0.0,8.484,-8.156,,0.0,0.9749,100.000,76.015,76.015,100.000,67.730,0.000,,,,,0.90997,,0,,,,,,80.98,,,,,,,74.95,,,,679.9,,,,,,,,,,,240.7,,,,,,0.000,74.110,,,,,,987.97,,1165.94,1904.92,,,92.86,0.00,,,,,,,,,,,,,0.000,0.000,64,2,2,,,,,,,,67,0,,,,,,,,,99.999,,39.31,39.43,,,,
425.420,,0,0,0,256,0,0,0,0,0,0,0,0,1,0,0,0,0,0,,,,,,,,,,,,,,,,,,,,,,2903.5,,,,,227.5,,,,1.00266,1.00266,73.55,,,16.4980,,0.0,,0.2465,16.7560,21.0,21.8,21.8,21.0,21.0,21.0,,,,,,,,,,,,,1.993,0.300,1.771,0.000,1.958,,,,,,,,0.800,0.0,0.0,0.0,0.0,0.0,8.109,-7.953,,0.0,0.9758,93.515,73.390,73.390,93.515,76.405,0.000,,,,,0.90774,,0,,,,,,83.65,,,,,,,78.42,,,,679.8,,,,,,,,,,,254.5,,,,,,0.000,74.488,,,,,,1023.13,,1159.61,2063.20,,,92.04,0.00,,,,,,,,,,,,,0.000,0.000,64,2,2,,,,,,,,67,0,,,,,,,,,99.999,,39.67,39.64,,,,
425.431,,0,0,0,256,0,0,0,0,0,0,0,0,1,0,0,0,0,0,,,,,,,,,,,,,,,,,,,,,,2913.0,,,,,227.5,,,,1.00266,1.00266,73.73,,,16.5460,,-0.8,,0.2515,16.8275,20.3,20.3,21.8,21.0,21.0,20.3,,,,,,,,,,,,,1.993,0.300,1.958,0.000,1.958,,,,,,,,0.800,0.0,0.0,0.0,0.0,-3.0,8.219,-7.828,,0.0,0.9768,90.890,74.305,74.305,90.890,82.530,0.000,,,,,0.90747,,0,,,,,,83.86,,,,,,,80.06,,,,679.8,,,,,,,,,,,275.2,,,,,,0.000,74.488,,,,,,1040.94,,1157.50,2222.81,,,92.04,0.00,,,,,,,,,,,,,0.000,0.000,64,2,2,,,,,,,,67,0,,,,,,,,,99.999,,39.67,39.64,,,,
425.441,,0,0,0,256,0,0,0,0,0,0,0,0,1,0,0,0,0,0,,,,,,,,,,,,,,,,,,,,,,2921.0,,,,,238.8,,,,1.00266,1.00266,74.39,,,16.5640,,0.0,,0.2555,16.9000,20.3,18.8,18.8,18.8,21.0,18.8,,,,,,,,,,,,,1.993,0.300,1.958,0.000,2.056,,,,,,,,0.800,0.0,0.0,0.0,0.0,-3.0,8.219,-7.688,,0.0,0.9780,91.805,75.235,75.235,91.805,84.905,0.000,,,,,0.90710,,0,,,,,,84.75,,,,,,,82.03,,,,679.8,,,,,,,,,,,278.4,,,,,,0.000,74.488,,,,,,1057.50,,1155.39,2257.89,,,91.69,0.00,,,,,,,,,,,,,0.000,0.000,64,2,2,,,,,,,,67,0,,,,,,,,,99.999,,39.71,39.65,,,,
425.451,,0,0,0,256,0,0,0,0,0,0,0,0,1,0,0,0,0,0,,,,,,,,,,,,,,,,,,,,,,2930.0,,,,,238.8,,,,1.00266,1.00266,83.30,,,16.5360,,0.8,,0.2710,16.9900,20.3,18.8,18.8,18.8,15.8,18.8,,,,,,,,,,,,,2.292,0.300,1.958,0.000,2.056,,,,,,,,0.800,0.0,0.0,0.0,0.0,-3.0,7.813,-7.594,,0.0,0.9795,92.735,75.460,75.460,92.735,84.920,0.000,,,,,0.90686,,0,,,,,,94.57,,,,,,,84.73,,,,679.8,,,,,,,,,,,281.1,,,,,,0.000,74.488,,,,,,1071.80,,1154.38,2394.14,,,91.69,0.00,,,,,,,,,,,,,0.000,0.000,64,2,2,,,,,,,,67,0,,,,,,,,,99.999,,39.71,39.65,,,,
425.457,22.5,0,0,0,256,0,0,0,0,0,0,0,0,1,0,0,0,0,0,444.8,297.8,242.0,9.9,0.0,0.0,0.03,1,0,0.996,0.996,-0.1,-0.1,2.000,0.01,1000.0,1000.0,1000.0,444.7,502.8,764.94,2947.0,63.084,311.4,0.0,9.9,263.0,0.02556,0.00,0.00,1.00266,1.00266,89.30,2,46.0,16.6220,0.2610,0.0,36.6,0.2825,17.0835,18.0,18.8,18.8,18.8,15.0,15.0,22.5,-2.3,0.00,0.00000,0,0,0,1,98,98,98,98,2.292,0.300,1.958,0.000,2.056,297.8,444.6,502.8,502.8,502.9,0.0,18.74,0.800,0.0,0.0,0.0,0.0,-3.0,7.203,-7.281,0.0,0.0,0.9824,92.225,72.325,72.325,92.225,86.100,0.000,0.9998,0.9998,0.0000,210.7,0.90734,0.092195,0,97.705,444.7,0.0,1000.0,1000.0,101.39,231.47,192.1,0.99942,1535.98,400.01,0.99939,88.80,105.16,231.45,105.16,679.5,-200.0,0.0,30.34,30.348,208.8,444.0,680.0,643.9,169.61,0.0,294.7,26.367,0.0,0,444.8,444.8,0.000,74.122,1011.52,0,1.0625,0.395,1012.93,1106.02,1.41,1155.39,2575.39,2683.75,0.00,91.48,0.00,282.00,390.75,19.6,0,27.25,36.0,94.5,72.0,37,0,79.23,24.0,0.000,0.000,64,2,2,502.8,502.8,502.8,444.8,502.9,502.9,192.0,67,0,19.212,19.212,1000.0,2000.0,56.606,29.749,88.843,19.170,99.999,12.5,39.83,39.81,39.13,39.16,0.0,0.10
425.467,,0,0,0,256,0,0,0,0,0,0,0,0,1,0,0,0,0,0,,,,,,,,,,,,,,,,,,,,,,2953.5,,,,,263.0,,,,1.00266,1.00266,88.78,,,16.7160,,0.0,,0.2920,17.1835,18.0,18.0,18.8,18.8,15.0,18.0,,,,,,,,,,,,,2.292,0.300,1.958,0.000,2.056,,,,,,,,0.800,0.0,0.0,0.0,0.0,-3.0,7.047,-7.125,,0.0,0.9873,88.085,73.660,73.660,88.085,88.900,0.000,,,,,0.90771,,0,,,,,,100.80,,,,,,,89.74,,,,679.5,,,,,,,,,,,288.3,,,,,,0.000,74.122,,,,,,1116.48,,1156.48,2680.55,,,91.48,0.00,,,,,,,,,,,,,0.000,0.000,64,2,2,,,,,,,,67,0,,,,,,,,,99.999,,39.83,39.81,,,,
425.478,,0,0,0,256,0,0,0,0,0,0,0,0,1,0,0,0,0,0,,,,,,,,,,,,,,,,,,,,,,2961.0,,,,,272.6,,,,1.00266,1.00266,88.50,,,16.7240,,0.0,,0.3040,17.2805,18.0,18.0,18.0,18.0,15.0,18.0,,,,,,,,,,,,,2.292,0.300,1.958,0.000,2.413,,,,,,,,0.800,0.0,0.0,0.0,0.0,-3.0,6.969,-6.938,,0.0,0.9922,89.510,74.430,74.430,89.510,88.900,0.000,,,,,0.90887,,0,,,,,,100.15,,,,,,,89.51,,,,679.2,,,,,,,,,,,276.6,,,,,,0.000,74.122,,,,,,1123.20,,1157.50,2677.42,,,91.62,0.00,,,,,,,,,,,,,0.000,0.000,64,2,2,,,,,,,,67,0,,,,,,,,,99.999,,40.04,39.96,,,,
425.487,,0,0,0,256,0,0,0,0,0,0,0,0,1,0,0,0,0,0,,,,,,,,,,,,,,,,,,,,,,2966.5,,,,,272.6,,,,1.00266,1.00266,87.89,,,16.7900,,0.0,,0.3140,17.3735,18.0,18.0,18.0,18.0,15.0,18.0,,,,,,,,,,,,,2.397,0.300,1.958,0.000,2.413,,,,,,,,0.800,0.0,0.0,0.0,0.0,-3.0,6.766,-6.609,,0.0,0.9988,90.190,74.410,74.410,90.190,88.900,0.000,,,,,0.91024,,0,,,,,,99.35,,,,,,,89.74,,,,679.2,,,,,,,,,,,271.4,,,,,,0.000,73.756,,,,,,1128.05,,1159.61,2675.39,,,91.62,0.00,,,,,,,,,,,,,0.000,0.000,64,2,2,,,,,,,,67,0,,,,,,,,,99.999,,40.04,39.96,,,,
425.498,,0,0,0,256,0,0,0,0,0,0,0,0,1,0,0,0,0,0,,,,,,,,,,,,,,,,,,,,,,2979.0,,,,,275.3,,,,1.00266,1.00266,88.78,,,16.9420,,0.0,,0.3175,17.4660,18.0,18.0,18.0,18.0,15.0,15.0,,,,,,,,,,,,,2.397,0.300,1.958,0.000,2.413,,,,,,,,0.800,0.0,0.0,0.0,0.0,-3.0,6.250,-6.313,,0.0,1.0039,90.060,74.390,74.390,90.060,88.900,0.000,,,,,0.91219,,0,,,,,,100.01,,,,,,,100.01,,,,678.1,,,,,,,,,,,269.4,,,,,,0.000,73.744,,,,,,1134.84,,1162.81,2675.55,,,92.06,0.00,,,,,,,,,,,,,0.000,0.000,64,2,2,,,,,,,,67,0,,,,,,,,,99.999,,40.24,40.13,,,,
425.507,,0,0,0,256,0,0,0,0,0,0,0,0,1,0,0,0,0,0,,,,,,,,,,,,,,,,,,,,,,2981.0,,,,,275.3,,,,1.00266,1.00266,89.20,,,17.0360,,0.0,,0.3195,17.5570,18.0,18.0,18.0,18.0,15.0,18.0,,,,,,,,,,,,,2.397,0.300,1.958,0.000,2.413,,,,,,,,0.800,0.0,0.0,0.0,0.0,-3.0,6.625,-6.031,,0.0,1.0078,86.335,71.910,71.910,86.335,88.900,0.000,,,,,0.91381,,0,,,,,,100.27,,,,,,,100.27,,,,678.1,,,,,,,,,,,295.7,,,,,,0.000,73.744,,,,,,1137.58,,1162.81,2683.91,,,92.06,0.00,,,,,,,,,,,,,0.000,0.000,64,2,2,,,,,,,,67,0,,,,,,,,,99.999,,40.24,40.13,,,,
425.520,,0,0,0,256,0,0,0,0,0,0,0,0,1,0,0,0,0,0,,,,,,,,,,,,,,,,,,,,,,2988.0,,,,,305.3,,,,1.00266,1.00266,90.23,,,17.2080,,0.0,,0.3165,17.6480,18.0,16.5,17.3,17.3,15.0,17.3,,,,,,,,,,,,,2.397,0.300,1.958,0.000,2.416,,,,,,,,0.800,0.0,0.0,0.0,0.0,-3.0,7.078,-5.547,,0.0,1.0078,83.675,71.970,71.970,83.675,88.900,0.000,,,,,0.91680,,64,,,,,,101.16,,,,,,,101.16,,,,677.6,,,,,,,,,,,313.3,,,,,,0.000,73.744,,,,,,1146.25,,1163.83,2683.28,,,92.48,0.00,,,,,,,,,,,,,0.000,0.000,64,2,2,,,,,,,,67,0,,,,,,,,,99.999,,40.47,40.43,,,,
425.530,,0,0,0,256,0,0,0,0,0,0,0,0,1,0,0,0,0,0,,,,,,,,,,,,,,,,,,,,,,2990.0,,,,,305.3,,,,1.00266,1.00266,90.94,,,17.2540,,0.0,,0.3170,17.7370,18.0,16.5,17.3,17.3,14.3,17.3,,,,,,,,,,,,,2.433,0.300,2.404,0.000,2.416,,,,,,,,0.800,0.0,0.0,0.0,0.0,-3.0,7.000,-5.297,,0.0,1.0078,83.670,71.965,71.965,83.670,88.900,0.000,,,,,0.92089,,64,,,,,,101.48,,,,,,,101.48,,,,677.6,,,,,,,,,,,300.9,,,,,,0.000,73.377,,,,,,1148.52,,1164.92,2682.73,,,92.48,0.00,,,,,,,,,,,,,0.000,0.000,64,2,2,,,,,,,,67,0,,,,,,,,,99.999,,40.47,40.43,,,,
425.544,,0,0,0,256,0,0,0,0,0,0,0,0,1,0,0,0,0,0,,,,,,,,,,,,,,,,,,,,,,2991.0,,,,,312.3,,,,1.00266,1.00266,92.39,,,17.2820,,0.0,,0.3220,17.8240,17.3,16.5,17.3,17.3,14.3,14.3,,,,,,,,,,,,,2.433,0.300,2.404,0.000,2.416,,,,,,,,0.800,0.0,0.0,0.0,0.0,-3.0,6.594,-5.063,,0.0,1.0095,83.535,71.965,71.965,83.535,88.900,0.000,,,,,0.92153,,64,,,,,,102.66,,,,,,,102.66,,,,677.4,,,,,,,,,,,309.4,,,,,,0.000,73.365,,,,,,1159.14,,1168.05,2680.55,,,103.27,0.00,,,,,,,,,,,,,0.000,0.000,64,2,2,,,,,,,,67,0,,,,,,,,,99.999,,40.68,40.65,,,,
425.557,18.0,0,0,0,256,0,0,0,0,0,0,0,0,1,0,0,0,0,0,660.2,607.9,414.6,9.9,0.0,0.0,0.03,1,0,0.770,0.996,-0.1,-0.1,2.000,0.00,1000.0,1000.0,1000.0,660.1,653.6,777.95,2991.0,63.084,311.6,0.0,9.9,314.8,0.02585,0.00,0.00,1.00266,1.00266,93.19,2,46.0,17.5380,0.5840,0.0,43.8,0.3210,17.9915,17.3,17.3,17.3,17.3,14.3,17.3,18.0,-2.3,0.00,0.00000,0,0,0,1,98,98,98,98,2.433,0.300,2.404,0.000,2.463,607.9,653.5,653.6,653.6,653.7,0.0,18.74,0.800,0.0,0.0,0.0,0.0,-3.0,8.719,-4.438,-3.0,0.0,1.0100,83.340,71.185,71.185,83.340,88.900,0.000,0.9998,0.9998,0.0000,299.0,0.92293,0.097032,64,100.000,660.1,0.0,1000.0,1000.0,103.03,249.52,244.6,0.99942,1535.98,400.01,0.99939,103.03,256.95,249.49,249.49,677.3,-200.0,0.5,31.62,31.630,278.2,444.0,680.0,643.9,104.96,0.0,303.4,25.768,0.0,0,660.2,660.2,0.000,73.365,1010.20,0,1.0504,0.395,1012.93,1164.92,2.73,1172.27,2683.83,2680.55,0.00,103.48,0.00,282.00,390.75,41.2,0,27.25,36.0,94.5,72.0,37,0,79.23,24.0,0.000,0.000,64,2,2,653.6,653.6,653.6,660.2,653.7,653.7,236.6,67,0,24.463,24.565,1000.0,2000.0,59.975,60.727,100.000,23.625,99.999,12.4,40.80,40.80,39.81,39.83,0.0,0.04
425.567,,0,0,0,256,0,0,0,0,0,0,0,0,1,0,0,0,0,0,,,,,,,,,,,,,,,,,,,,,,2991.5,,,,,314.8,,,,1.00266,1.00266,93.47,,,17.5480,,0.0,,0.3240,18.0715,17.3,17.3,17.3,17.3,14.3,17.3,,,,,,,,,,,,,2.471,0.300,2.404,0.000,2.463,,,,,,,,0.800,0.0,0.0,0.0,0.0,-3.0,9.859,-4.094,,0.0,1.0100,82.510,71.210,71.210,82.510,88.900,0.000,,,,,0.92266,,64,,,,,,103.36,,,,,,,103.36,,,,677.3,,,,,,,,,,,306.9,,,,,,0.000,72.999,,,,,,1168.36,,1175.47,2684.30,,,103.48,0.00,,,,,,,,,,,,,0.000,0.000,64,2,2,,,,,,,,67,0,,,,,,,,,99.999,,40.80,40.80,,,,
425.577,,0,0,0,256,0,0,0,0,0,0,0,0,1,0,0,0,0,0,,,,,,,,,,,,,,,,,,,,,,2994.5,,,,,317.7,,,,1.00266,1.00266,93.89,,,17.5860,,0.0,,0.3285,18.1495,17.3,17.3,17.3,17.3,14.3,14.3,,,,,,,,,,,,,2.471,0.300,2.404,0.000,2.463,,,,,,,,0.800,0.0,0.0,0.0,0.0,-3.0,10.859,-3.922,,0.0,1.0112,82.450,71.215,71.215,82.450,88.900,0.000,,,,,0.92308,,64,,,,,,103.78,,,,,,,103.78,,,,677.1,,,,,,,,,,,309.9,,,,,,0.000,72.633,,,,,,1172.19,,1178.59,2685.55,,,104.39,0.00,,,,,,,,,,,,,0.000,0.000,64,2,2,,,,,,,,67,0,,,,,,,,,99.999,,41.04,41.00,,,,
425.587,,0,0,0,256,0,0,0,0,0,0,0,0,1,0,0,0,0,0,,,,,,,,,,,,,,,,,,,,,,2993.5,,,,,317.7,,,,1.00266,1.00266,95.16,,,17.7560,,0.0,,0.3260,18.2265,17.3,17.3,17.3,17.3,14.3,17.3,,,,,,,,,,,,,2.471,0.300,2.404,0.000,2.463,,,,,,,,0.800,0.0,0.0,0.0,0.0,-3.0,13.141,-3.953,,0.0,1.0134,82.280,71.225,71.225,82.280,88.900,0.000,,,,,0.92455,,64,,,,,,104.67,,,,,,,104.67,,,,677.1,,,,,,,,,,,312.8,,,,,,0.000,72.242,,,,,,1180.31,,1184.92,2685.70,,,104.39,0.00,,,,,,,,,,,,,0.000,0.000,64,2,2,,,,,,,,173,0,,,,,,,,,99.999,,41.04,41.00,,,,
425.597,,0,0,0,256,0,0,0,0,0,0,0,0,1,0,0,0,0,0,,,,,,,,,,,,,,,,,,,,,,2989.5,,,,,320.3,,,,1.00266,1.00266,95.86,,,17.8500,,0.0,,0.3225,18.3000,17.3,17.3,17.3,17.3,14.3,17.3,,,,,,,,,,,,,2.471,0.300,2.404,0.000,2.499,,,,,,,,0.800,0.0,0.0,0.0,0.0,-3.0,15.484,-3.703,,0.0,1.0195,82.200,71.225,71.225,82.200,88.900,0.000,,,,,0.92586,,64,,,,,,105.12,,,,,,,105.12,,,,677.2,,,,,,,,,,,314.1,,,,,,0.000,72.242,,,,,,1184.38,,1187.03,2686.95,,,105.19,0.00,,,,,,,,,,,,,0.000,0.000,64,2,2,,,,,,,,173,0,,,,,,,,,99.999,,41.21,41.21,,,,
425.606,,0,0,0,256,0,0,0,0,0,0,0,0,1,0,0,0,0,0,,,,,,,,,,,,,,,,,,,,,,2997.5,,,,,320.3,,,,1.00266,1.00266,96.47,,,17.8680,,0.0,,0.3245,18.3735,17.3,17.3,16.5,16.5,13.5,16.5,,,,,,,,,,,,,2.513,0.300,2.404,0.000,2.499,,,,,,,,0.800,0.0,0.0,0.0,0.0,-3.0,16.297,-3.641,,0.0,1.0269,82.135,71.305,71.305,82.135,88.900,0.000,,,,,0.92873,,64,,,,,,105.45,,,,,,,105.45,,,,677.2,,,,,,,,,,,313.8,,,,,,0.000,71.876,,,,,,1187.58,,1190.16,2683.91,,,105.19,0.00,,,,,,,,,,,,,0.000,0.000,64,2,2,,,,,,,,173,0,,,,,,,,,99.999,,41.21,41.21,,,,
425.618,,0,0,0,256,0,0,0,0,0,0,0,0,1,0,0,0,0,0,,,,,,,,,,,,,,,,,,,,,,3010.5,,,,,324.8,,,,1.00266,1.00266,97.97,,,17.9540,,0.0,,0.3255,18.4455,17.3,17.3,16.5,16.5,14.3,14.3,,,,,,,,,,,,,2.513,0.300,2.404,0.000,2.499,,,,,,,,0.800,0.0,0.0,0.0,0.0,-3.0,16.422,-3.750,,0.0,1.0308,82.155,71.280,71.280,82.155,88.900,0.000,,,,,0.93510,,64,,,,,,106.01,,,,,,,106.01,,,,677.0,,,,,,,,,,,315.0,,,,,,0.000,71.864,,,,,,1194.22,,1199.69,2682.73,,,106.17,0.00,,,,,,,,,,,,,0.000,0.000,64,2,2,,,,,,,,173,0,,,,,,,,,99.999,,41.36,41.35,,,,
425.631,,0,0,0,256,0,0,0,0,0,0,0,0,1,0,0,0,0,0,,,,,,,,,,,,,,,,,,,,,,3017.0,,,,,324.8,,,,1.00266,1.00266,98.53,,,18.1140,,0.0,,0.3205,18.5170,17.3,17.3,16.5,16.5,14.3,17.3,,,,,,,,,,,,,2.513,0.300,2.499,0.000,2.499,,,,,,,,0.800,0.0,0.0,0.0,0.0,-3.0,17.578,-4.000,,0.0,1.0322,82.010,71.275,71.275,82.010,88.900,0.000,,,,,0.93772,,64,,,,,,106.34,,,,,,,106.34,,,,677.0,,,,,,,,,,,319.0,,,,,,0.000,71.864,,,,,,1197.81,,1201.80,2684.30,,,106.17,0.00,,,,,,,,,,,,,0.000,0.000,64,2,2,,,,,,,,173,0,,,,,,,,,99.999,,41.36,41.35,,,,
425.643,,0,0,0,256,0,0,0,0,0,0,0,0,1,0,0,0,0,0,,,,,,,,,,,,,,,,,,,,,,3023.0,,,,,328.2,,,,1.00266,1.00266,99.19,,,18.1420,,0.0,,0.3195,18.5860,17.3,17.3,17.3,17.3,14.3,17.3,,,,,,,,,,,,,2.513,0.300,2.499,0.000,2.559,,,,,,,,0.800,0.0,0.0,0.0,0.0,-3.0,18.672,-3.969,,0.0,1.0332,81.950,71.280,71.280,81.950,88.900,0.000,,,,,0.93955,,64,,,,,,106.62,,,,,,,106.62,,,,677.0,,,,,,,,,,,319.9,,,,,,0.000,71.864,,,,,,1201.09,,1204.92,2685.08,,,106.69,0.00,,,,,,,,,,,,,0.000,0.000,64,2,2,,,,,,,,173,0,,,,,,,,,99.999,,41.50,41.43,,,,
425.657,17.3,0,0,0,256,0,0,0,0,0,0,0,0,1,0,0,0,0,0,641.4,641.4,499.9,9.9,0.0,0.0,0.03,1,0,0.723,0.996,0.0,0.0,2.187,0.00,1000.0,1000.0,1000.0,641.4,641.3,788.94,3047.5,63.084,312.2,0.0,9.9,333.3,0.02610,0.00,0.00,1.00266,1.00266,101.53,2,46.0,18.3500,0.6645,0.0,45.3,0.3115,18.7190,17.3,17.3,17.3,17.3,14.3,14.3,17.3,-0.8,0.00,0.02028,0,0,0,1,98,98,98,98,2.571,0.300,2.499,0.000,2.559,641.4,641.4,641.3,641.3,641.3,0.0,18.74,0.800,0.0,0.0,0.0,0.0,-3.0,18.203,-4.313,0.0,0.0,1.0464,81.865,67.480,67.480,81.865,88.900,0.000,0.9998,0.9998,0.0000,317.8,0.95136,0.097810,64,100.000,641.4,0.0,1000.0,1000.0,107.34,251.77,293.3,0.99942,1535.98,400.01,0.99939,107.34,273.40,251.74,251.74,677.1,-200.0,2.7,32.26,32.262,316.3,444.1,680.0,644.0,109.26,0.0,322.5,29.318,0.0,0,641.4,641.4,0.000,71.864,1007.85,0,1.0483,0.395,1012.93,1210.39,5.08,1217.58,2683.67,2683.83,0.00,107.44,0.00,282.00,390.75,68.6,0,27.15,36.0,94.5,72.0,37,0,79.23,24.0,0.000,0.000,64,2,2,641.3,641.3,641.3,641.4,641.3,641.3,291.7,173,0,29.338,29.411,1000.0,2000.0,60.197,64.073,100.000,29.140,99.999,12.5,41.70,41.61,40.77,40.62,0.0,0.18
425.667,,0,0,0,256,0,0,0,0,0,0,0,0,1,0,0,0,0,0,,,,,,,,,,,,,,,,,,,,,,3058.0,,,,,333.3,,,,1.00266,1.00266,102.38,,,18.4820,,0.0,,0.3045,18.7840,17.3,17.3,17.3,17.3,14.3,17.3,,,,,,,,,,,,,2.571,0.300,2.499,0.000,2.559,,,,,,,,0.800,0.0,0.0,0.0,0.0,-3.0,19.047,-4.688,,0.0,1.0535,77.935,67.460,67.460,77.935,88.900,0.000,,,,,0.95550,,64,,,,,,107.72,,,,,,,107.72,,,,677.1,,,,,,,,,,,328.0,,,,,,0.000,71.864,,,,,,1214.30,,1219.69,2683.67,,,107.44,0.00,,,,,,,,,,,,,0.000,0.000,64,2,2,,,,,,,,173,0,,,,,,,,,99.999,,41.70,41.61,,,,
425.677,,0,0,0,256,0,0,0,0,0,0,0,0,1,0,0,0,0,0,,,,,,,,,,,,,,,,,,,,,,3067.5,,,,,337.4,,,,1.00266,1.00266,103.22,,,18.5500,,0.0,,0.2990,18.8475,17.3,17.3,17.3,17.3,14.3,17.3,,,,,,,,,,,,,2.571,0.300,2.499,0.000,2.634,,,,,,,,0.800,0.0,0.0,0.0,0.0,-3.0,19.766,-4.734,,0.0,1.0581,77.845,67.460,67.460,77.845,88.900,0.000,,,,,0.95996,,64,,,,,,108.05,,,,,,,108.05,,,,677.3,,,,,,,,,,,329.3,,,,,,0.000,71.864,,,,,,1217.81,,1221.80,2685.16,,,108.23,0.00,,,,,,,,,,,,,0.000,0.000,64,2,2,,,,,,,,173,0,,,,,,,,,99.999,,41.87,41.80,,,,
425.687,,0,0,0,256,0,0,0,0,0,0,0,0,1,0,0,0,0,0,,,,,,,,,,,,,,,,,,,,,,3080.5,,,,,337.4,,,,1.00266,1.00266,103.97,,,18.6920,,0.0,,0.2910,18.9095,17.3,17.3,17.3,17.3,14.3,17.3,,,,,,,,,,,,,2.654,0.300,2.499,0.000,2.634,,,,,,,,0.800,0.0,0.0,0.0,0.0,-3.0,19.484,-4.906,,0.0,1.0562,77.790,67.090,67.090,77.790,88.900,0.000,,,,,0.96401,,64,,,,,,108.33,,,,,,,108.33,,,,677.3,,,,,,,,,,,330.6,,,,,,0.000,71.864,,,,,,1220.94,,1224.92,2685.70,,,108.23,0.00,,,,,,,,,,,,,0.000,0.000,64,2,2,,,,,,,,173,0,,,,,,,,,99.999,,41.87,41.80,,,,
425.697,,0,0,0,256,0,0,0,0,0,0,0,0,1,0,0,0,0,0,,,,,,,,,,,,,,,,,,,,,,3099.5,,,,,344.0,,,,1.00266,1.00266,105.05,,,18.7580,,0.0,,0.2850,18.9705,17.3,17.3,17.3,17.3,14.3,14.3,,,,,,,,,,,,,2.654,0.300,2.499,0.000,2.634,,,,,,,,0.800,0.0,0.0,0.0,0.0,-3.0,18.766,-5.156,,0.0,1.0520,77.390,67.090,67.090,77.390,88.900,0.000,,,,,0.96813,,64,,,,,,108.82,,,,,,,108.82,,,,677.7,,,,,,,,,,,330.8,,,,,,0.000,71.864,,,,,,1227.03,,1233.36,2686.25,,,108.94,0.00,,,,,,,,,,,,,0.000,0.000,64,2,2,,,,,,,,173,0,,,,,,,,,99.999,,42.12,42.10,,,,
425.706,,0,0,0,256,0,0,0,0,0,0,0,0,1,0,0,0,0,0,,,,,,,,,,,,,,,,,,,,,,3106.5,,,,,344.0,,,,1.00266,1.00266,105.75,,,18.8040,,0.0,,0.2820,19.0310,17.3,17.3,17.3,17.3,14.3,17.3,,,,,,,,,,,,,2.654,0.300,2.499,0.000,2.634,,,,,,,,0.800,0.0,0.0,0.0,0.0,-3.0,19.313,-5.484,,0.0,1.0469,77.215,63.260,63.260,77.215,88.900,0.000,,,,,0.96953,,64,,,,,,109.36,,,,,,,109.36,,,,677.7,,,,,,,,,,,342.3,,,,,,0.000,71.864,,,,,,1232.50,,1235.47,2683.75,,,108.94,0.00,,,,,,,,,,,,,0.000,0.000,64,2,2,,,,,,,,173,0,,,,,,,,,99.999,,42.12,42.10,,,,
425.719,,0,0,0,256,0,0,0,0,0,0,0,0,1,0,0,0,0,0,,,,,,,,,,,,,,,,,,,,,,3113.5,,,,,348.3,,,,1.00266,1.00266,106.31,,,18.9360,,0.0,,0.2760,19.0900,17.3,17.3,17.3,17.3,14.3,17.3,,,,,,,,,,,,,2.654,0.300,2.499,0.000,2.684,,,,,,,,0.800,0.0,0.0,0.0,0.0,-3.0,19.813,-5.594,,0.0,1.0422,73.335,63.235,63.235,73.335,88.900,0.000,,,,,0.97106,,64,,,,,,109.62,,,,,,,109.62,,,,678.0,,,,,,,,,,,339.1,,,,,,0.000,71.864,,,,,,1235.78,,1237.58,2684.45,,,109.59,0.00,,,,,,,,,,,,,0.000,0.000,64,2,2,,,,,,,,173,0,,,,,,,,,99.999,,42.31,42.35,,,,
425.731,,0,0,0,256,0,0,0,0,0,0,0,0,1,0,0,0,0,0,,,,,,,,,,,,,,,,,,,,,,3133.0,,,,,348.3,,,,1.00266,1.00266,107.25,,,18.9460,,0.0,,0.2720,19.1470,17.3,17.3,17.3,17.3,14.3,17.3,,,,,,,,,,,,,2.694,0.300,2.663,0.000,2.684,,,,,,,,0.800,0.0,0.0,0.0,0.0,-3.0,19.516,-5.703,,0.0,1.0349,73.265,62.855,62.855,73.265,88.900,0.000,,,,,0.97371,,64,,,,,,110.25,,,,,,,110.25,,,,678.0,,,,,,,,,,,337.6,,,,,,0.000,71.864,,,,,,1241.80,,1244.92,2684.77,,,109.59,0.00,,,,,,,,,,,,,0.000,0.000,64,2,2,,,,,,,,173,0,,,,,,,,,99.999,,42.31,42.35,,,,
425.743,,0,0,0,256,0,0,0,0,0,0,0,0,1,0,0,0,0,0,,,,,,,,,,,,,,,,,,,,,,3134.0,,,,,354.2,,,,1.00266,1.00266,107.58,,,18.9740,,0.0,,0.2730,19.2035,17.3,17.3,17.3,17.3,14.3,14.3,,,,,,,,,,,,,2.694,0.300,2.663,0.000,2.684,,,,,,,,0.800,0.0,0.0,0.0,0.0,-3.0,19.031,-5.906,,0.0,1.0276,72.855,62.860,62.860,72.855,88.900,0.000,,,,,0.97332,,64,,,,,,110.63,,,,,,,110.63,,,,678.6,,,,,,,,,,,344.9,,,,,,0.000,71.864,,,,,,1245.63,,1252.34,2683.13,,,110.55,0.00,,,,,,,,,,,,,0.000,0.000,64,2,2,,,,,,,,173,0,,,,,,,,,99.999,,42.58,42.62,,,,
425.757,14.3,0,0,0,256,0,0,0,0,0,0,0,0,1,0,0,0,0,0,615.1,615.1,548.6,9.9,0.0,0.0,0.03,1,0,0.996,0.996,0.0,0.0,2.718,0.02,1000.0,1000.0,1000.0,615.1,615.1,797.76,3141.0,63.084,376.4,0.0,9.9,357.0,0.02619,0.00,0.00,1.00266,1.00266,108.28,2,46.0,19.1260,0.5690,0.0,46.6,0.2665,19.3110,17.3,17.3,17.3,17.3,14.3,17.3,14.3,0.8,0.00,0.00000,0,0,0,1,98,98,98,98,2.694,0.300,2.663,0.000,2.703,615.1,615.0,615.1,615.1,615.1,0.0,18.74,0.800,0.0,0.0,0.0,0.0,-3.0,20.078,-6.344,0.0,0.0,1.0181,72.845,60.115,60.115,72.845,88.900,0.000,0.9998,0.9998,0.0000,347.5,0.97380,0.097632,64,100.000,615.1,0.0,1000.0,1000.0,111.19,251.09,304.5,0.99942,1535.98,400.01,0.99939,111.19,257.11,251.06,251.06,679.2,-200.0,2.9,32.72,32.729,344.6,444.2,680.0,644.1,110.86,0.0,346.4,30.551,0.0,0,615.1,615.1,0.000,71.864,1007.30,0,1.0575,0.398,1012.93,1253.83,5.63,1258.67,2683.91,2683.67,0.00,111.35,0.00,289.50,390.75,92.5,0,27.15,36.0,94.5,71.3,37,0,79.23,24.0,0.000,0.000,64,2,2,615.1,615.1,615.1,615.1,615.1,615.1,304.0,173,0,30.452,30.119,1000.0,2000.0,60.635,61.446,100.000,30.368,99.999,12.5,42.77,42.73,41.65,41.67,0.0,0.11
425.767,,0,0,0,256,0,0,0,0,0,0,0,0,1,0,0,0,0,0,,,,,,,,,,,,,,,,,,,,,,3154.5,,,,,357.0,,,,1.00266,1.00266,108.52,,,19.1540,,0.0,,0.2675,19.3625,17.3,17.3,17.3,17.3,14.3,17.3,,,,,,,,,,,,,2.699,0.300,2.663,0.000,2.703,,,,,,,,0.800,0.0,0.0,0.0,0.0,-3.0,19.875,-6.563,,0.0,1.0139,70.115,60.105,60.105,70.115,88.900,0.000,,,,,0.97179,,64,,,,,,111.68,,,,,,,111.68,,,,679.2,,,,,,,,,,,347.2,,,,,,0.000,71.864,,,,,,1259.77,,1262.89,2684.69,,,111.35,0.00,,,,,,,,,,,,,0.000,0.000,64,2,2,,,,,,,,173,0,,,,,,,,,99.999,,42.77,42.73,,,,
425.777,,0,0,0,256,0,0,0,0,0,0,0,0,1,0,0,0,0,0,,,,,,,,,,,,,,,,,,,,,,3153.5,,,,,361.2,,,,1.00266,1.00266,108.98,,,19.3140,,0.0,,0.2625,19.4120,17.3,17.3,17.3,17.3,14.3,17.3,,,,,,,,,,,,,2.699,0.300,2.663,0.000,2.703,,,,,,,,0.800,0.0,0.0,0.0,0.0,-3.0,19.281,-6.906,,0.0,1.0107,70.105,60.115,60.115,70.105,88.900,0.000,,,,,0.97203,,64,,,,,,112.03,,,,,,,112.03,,,,679.8,,,,,,,,,,,351.0,,,,,,0.000,71.864,,,,,,1263.67,,1269.22,2685.55,,,111.94,0.00,,,,,,,,,,,,,0.000,0.000,64,2,2,,,,,,,,173,0,,,,,,,,,99.999,,43.06,43.00,,,,
425.787,,0,0,0,256,0,0,0,0,0,0,0,0,1,0,0,0,0,0,,,,,,,,,,,,,,,,,,,,,,3155.0,,,,,361.2,,,,1.00266,1.00266,109.45,,,19.3520,,0.0,,0.2595,19.4605,17.3,17.3,17.3,17.3,14.3,17.3,,,,,,,,,,,,,2.699,0.300,2.663,0.000,2.703,,,,,,,,0.800,0.0,0.0,0.0,0.0,-3.0,19.734,-6.891,,0.0,1.0066,70.115,60.125,60.125,70.115,88.900,0.000,,,,,0.97249,,64,,,,,,112.45,,,,,,,112.45,,,,679.8,,,,,,,,,,,355.9,,,,,,0.000,71.864,,,,,,1268.67,,1272.34,2685.70,,,111.94,0.00,,,,,,,,,,,,,0.000,0.000,64,2,2,,,,,,,,217,0,,,,,,,,,99.999,,43.06,43.00,,,,
425.797,,0,0,0,256,0,0,0,0,0,0,0,0,1,0,0,0,0,0,,,,,,,,,,,,,,,,,,,,,,3160.0,,,,,365.1,,,,1.00266,1.00266,110.30,,,19.3520,,0.0,,0.2600,19.5075,17.3,17.3,17.3,17.3,14.3,17.3,,,,,,,,,,,,,2.739,0.300,2.663,0.000,2.734,,,,,,,,0.800,0.0,0.0,0.0,0.0,-3.0,19.516,-7.000,,0.0,1.0017,70.125,60.125,60.125,70.125,88.900,0.000,,,,,0.97377,,64,,,,,,113.09,,,,,,,113.09,,,,680.6,,,,,,,,,,,353.7,,,,,,0.000,71.864,,,,,,1275.55,,1277.58,2686.17,,,113.09,0.00,,,,,,,,,,,,,0.000,0.000,64,2,2,,,,,,,,217,0,,,,,,,,,99.999,,43.21,43.17,,,,
425.807,,0,0,0,256,0,0,0,0,0,0,0,0,1,0,0,0,0,0,,,,,,,,,,,,,,,,,,,,,,3167.5,,,,,365.1,,,,1.00266,1.00266,110.53,,,19.4180,,0.0,,0.2595,19.5530,17.3,17.3,17.3,17.3,14.3,14.3,,,,,,,,,,,,,2.739,0.300,2.663,0.000,2.734,,,,,,,,0.800,0.0,0.0,0.0,0.0,-3.0,19.016,-7.188,,0.0,0.9995,70.125,58.490,58.490,70.125,88.900,0.000,,,,,0.97344,,64,,,,,,113.37,,,,,,,113.37,,,,680.6,,,,,,,,,,,355.5,,,,,,0.000,71.864,,,,,,1278.83,,1281.80,2683.75,,,113.09,0.00,,,,,,,,,,,,,0.000,0.000,64,2,2,,,,,,,,217,0,,,,,,,,,99.999,,43.21,43.17,,,,
425.820,,0,0,0,256,0,0,0,0,0,0,0,0,1,0,0,0,0,0,,,,,,,,,,,,,,,,,,,,,,3166.5,,,,,368.3,,,,1.00266,1.00266,110.86,,,19.4840,,0.0,,0.2575,19.5975,16.5,16.5,17.3,17.3,14.3,16.5,,,,,,,,,,,,,2.739,0.300,2.663,0.000,2.734,,,,,,,,0.800,0.0,0.0,0.0,0.0,-3.0,19.500,-7.531,,0.0,1.0034,68.490,58.465,58.465,68.490,88.900,0.000,,,,,0.97243,,64,,,,,,113.84,,,,,,,113.84,,,,681.3,,,,,,,,,,,361.6,,,,,,0.000,71.864,,,,,,1283.98,,1289.22,2683.83,,,113.60,0.00,,,,,,,,,,,,,0.000,0.000,64,2,2,,,,,,,,217,0,,,,,,,,,99.999,,43.47,43.42,,,,
425.830,,0,0,0,256,0,0,0,0,0,0,0,0,1,0,0,0,0,0,,,,,,,,,,,,,,,,,,,,,,3174.5,,,,,368.3,,,,1.00266,1.00266,112.13,,,19.4460,,0.0,,0.2615,19.6410,16.5,17.3,17.3,17.3,14.3,17.3,,,,,,,,,,,,,2.739,0.300,2.739,0.000,2.777,,,,,,,,0.800,0.0,0.0,0.0,0.0,-3.0,19.953,-7.469,,0.0,1.0034,68.465,58.465,58.465,68.465,88.900,0.000,,,,,0.97579,,64,,,,,,114.73,,,,,,,114.73,,,,681.3,,,,,,,,,,,360.2,,,,,,0.000,71.864,,,,,,1291.95,,1294.45,2684.14,,,113.60,0.00,,,,,,,,,,,,,0.000,0.000,64,2,2,,,,,,,,217,0,,,,,,,,,99.999,,43.47,43.42,,,,
425.843,,0,0,0,256,0,0,0,0,0,0,0,0,1,0,0,0,0,0,,,,,,,,,,,,,,,,,,,,,,3179.5,,,,,373.5,,,,1.00266,1.00266,112.97,,,19.5320,,0.0,,0.2615,19.6835,16.5,17.3,17.3,16.5,13.5,16.5,,,,,,,,,,,,,2.795,0.300,2.739,0.000,2.777,,,,,,,,0.800,0.0,0.0,0.0,0.0,-3.0,19.734,-7.484,,0.0,0.9963,68.465,58.470,58.470,68.465,88.900,0.000,,,,,0.97664,,64,,,,,,115.41,,,,,,,115.41,,,,681.8,,,,,,,,,,,361.7,,,,,,0.000,71.864,,,,,,1294.69,,1298.67,2682.66,,,115.38,0.00,,,,,,,,,,,,,0.000,0.000,64,2,2,,,,,,,,217,0,,,,,,,,,99.999,,43.70,43.57,,,,
425.857,17.3,0,0,0,256,0,0,0,0,0,0,0,0,1,0,0,0,0,0,616.5,616.5,576.7,9.9,0.0,0.0,0.03,1,0,0.996,0.996,0.0,0.0,2.843,0.01,1000.0,1000.0,1000.0,616.5,616.6,808.35,3195.0,63.084,446.6,0.0,9.9,379.7,0.02627,0.00,0.00,1.00266,1.00266,113.86,2,46.0,19.5980,0.2950,0.0,47.4,0.2600,19.7650,16.5,16.5,17.3,16.5,13.5,16.5,17.3,0.8,0.00,0.01247,0,0,0,1,98,98,98,98,2.795,0.300,2.739,0.000,2.777,616.5,616.5,616.6,616.6,616.6,0.0,18.74,0.800,0.0,0.0,0.0,0.0,-2.3,19.547,-7.797,0.0,0.0,0.9890,68.450,56.625,56.625,68.450,88.900,0.000,0.9998,0.9998,0.0000,387.8,0.97417,0.097536,64,100.000,616.5,0.0,1000.0,1000.0,116.58,250.59,318.2,0.99942,1535.98,400.01,0.99939,116.58,255.84,250.57,250.57,682.6,-200.0,0.8,33.41,33.411,386.2,444.3,680.0,644.2,114.41,0.0,371.9,31.807,0.0,0,616.5,616.5,0.000,72.230,1006.05,0,1.0748,0.398,1012.93,1307.97,6.88,1311.33,2683.91,2683.91,0.00,116.65,0.00,289.50,390.75,100.0,0,27.15,36.0,94.5,71.3,37,0,79.23,24.0,0.000,0.000,64,2,2,616.6,616.6,616.6,616.5,616.6,616.6,317.3,217,0,31.821,31.900,1000.0,2000.0,60.840,61.586,100.000,31.697,99.999,12.5,43.99,43.92,42.65,42.69,0.0,0.16
425.867,,0,0,0,256,0,0,0,0,0,0,0,0,1,0,0,0,0,0,,,,,,,,,,,,,,,,,,,,,,3203.0,,,,,379.7,,,,1.00266,1.00266,114.14,,,19.7600,,0.0,,0.2540,19.8050,16.5,16.5,16.5,16.5,13.5,16.5,,,,,,,,,,,,,2.795,0.300,2.739,0.000,2.822,,,,,,,,0.800,0.0,0.0,0.0,0.0,-2.3,19.922,-7.688,,0.0,0.9856,66.625,56.225,56.225,66.625,88.900,0.000,,,,,0.97261,,64,,,,,,117.05,,,,,,,117.05,,,,682.6,,,,,,,,,,,374.7,,,,,,0.000,72.621,,,,,,1312.58,,1315.55,2684.69,,,116.65,0.00,,,,,,,,,,,,,0.000,0.000,64,2,2,,,,,,,,217,0,,,,,,,,,99.999,,43.99,43.92,,,,
425.877,,0,0,0,256,0,0,0,0,0,0,0,0,1,0,0,0,0,0,,,,,,,,,,,,,,,,,,,,,,3215.5,,,,,384.4,,,,1.00266,1.00266,114.52,,,19.7780,,0.0,,0.2510,19.8440,16.5,16.5,16.5,16.5,14.3,16.5,,,,,,,,,,,,,2.822,0.300,2.739,0.000,2.822,,,,,,,,0.800,0.0,0.0,0.0,0.0,-2.3,19.703,-7.594,,0.0,0.9819,66.225,56.240,56.240,66.225,88.900,0.000,,,,,0.97173,,64,,,,,,117.59,,,,,,,117.59,,,,683.7,,,,,,,,,,,377.4,,,,,,0.000,72.987,,,,,,1316.95,,1319.77,2686.02,,,117.45,0.00,,,,,,,,,,,,,0.000,0.000,64,2,2,,,,,,,,217,0,,,,,,,,,99.999,,44.19,44.23,,,,
425.887,,0,0,0,256,0,0,0,0,0,0,0,0,1,0,0,0,0,0,,,,,,,,,,,,,,,,,,,,,,3240.0,,,,,384.4,,,,1.00266,1.00266,114.94,,,19.7600,,0.0,,0.2530,19.8825,16.5,16.5,16.5,16.5,14.3,14.3,,,,,,,,,,,,,2.822,0.300,2.739,0.000,2.822,,,,,,,,0.800,0.0,0.0,0.0,0.0,-2.3,19.125,-7.641,,0.0,0.9810,66.240,56.250,56.250,66.240,88.900,0.000,,,,,0.97078,,64,,,,,,118.15,,,,,,,118.15,,,,683.7,,,,,,,,,,,381.7,,,,,,0.000,73.365,,,,,,1324.61,,1329.22,2687.27,,,117.45,0.00,,,,,,,,,,,,,0.000,0.000,64,2,2,,,,,,,,217,0,,,,,,,,,99.999,,44.19,44.23,,,,
425.898,,0,0,0,256,0,0,0,0,0,0,0,0,1,0,0,0,0,0,,,,,,,,,,,,,,,,,,,,,,3251.0,,,,,392.4,,,,1.00266,1.00266,115.08,,,19.8240,,0.0,,0.2515,19.9205,16.5,16.5,16.5,16.5,14.3,16.5,,,,,,,,,,,,,2.822,0.300,2.739,0.000,2.822,,,,,,,,0.800,0.0,0.0,0.0,0.0,-2.3,19.516,-7.859,,0.0,0.9824,66.250,55.885,55.885,66.250,88.900,0.000,,,,,0.97030,,64,,,,,,118.24,,,,,,,118.24,,,,684.6,,,,,,,,,,,379.3,,,,,,0.000,74.171,,,,,,1327.34,,1331.33,2688.36,,,118.41,0.00,,,,,,,,,,,,,0.000,0.000,64,2,2,,,,,,,,217,0,,,,,,,,,99.999,,44.33,44.37,,,,
425.906,,0,0,0,256,0,0,0,0,0,0,0,0,1,0,0,0,0,0,,,,,,,,,,,,,,,,,,,,,,3260.5,,,,,392.4,,,,1.00266,1.00266,115.50,,,19.9100,,0.0,,0.2485,19.9575,16.5,16.5,16.5,16.5,14.3,16.5,,,,,,,,,,,,,2.822,0.300,2.739,0.000,2.839,,,,,,,,0.800,0.0,0.0,0.0,0.0,-2.3,20.031,-7.672,,0.0,0.9810,65.885,51.730,51.730,65.885,88.900,0.000,,,,,0.97097,,64,,,,,,118.62,,,,,,,118.62,,,,684.6,,,,,,,,,,,384.6,,,,,,0.000,74.574,,,,,,1331.56,,1334.53,2683.83,,,118.41,0.00,,,,,,,,,,,,,0.000,0.000,64,2,2,,,,,,,,217,0,,,,,,,,,99.999,,44.33,44.37,,,,
425.920,,0,0,0,256,0,0,0,0,0,0,0,0,1,0,0,0,0,0,,,,,,,,,,,,,,,,,,,,,,3285.5,,,,,400.2,,,,1.00266,1.00266,116.44,,,19.8440,,0.0,,0.2520,19.9945,16.5,16.5,16.5,16.5,14.3,16.5,,,,,,,,,,,,,2.852,0.300,2.739,0.000,2.839,,,,,,,,0.800,0.0,0.0,0.0,0.0,-2.3,19.906,-7.625,,0.0,0.9795,61.730,51.675,51.675,61.730,88.900,0.000,,,,,0.97063,,64,,,,,,119.53,,,,,,,119.53,,,,685.6,,,,,,,,,,,388.0,,,,,,0.000,75.343,,,,,,1338.75,,1342.97,2684.53,,,119.51,0.00,,,,,,,,,,,,,0.000,0.000,64,2,2,,,,,,,,217,0,,,,,,,,,99.999,,44.61,44.63,,,,
425.931,,0,0,0,256,0,0,0,0,0,0,0,0,1,0,0,0,0,0,,,,,,,,,,,,,,,,,,,,,,3291.5,,,,,400.2,,,,1.00266,1.00266,116.58,,,19.9760,,0.0,,0.2495,20.0305,16.5,16.5,16.5,16.5,14.3,16.5,,,,,,,,,,,,,2.852,0.300,2.839,0.000,2.839,,,,,,,,0.800,0.0,0.0,0.0,0.0,-2.3,19.422,-7.797,,0.0,0.9773,61.675,51.300,51.300,61.675,88.900,0.000,,,,,0.97039,,64,,,,,,119.74,,,,,,,119.74,,,,685.6,,,,,,,,,,,393.8,,,,,,0.000,76.332,,,,,,1343.67,,1348.20,2682.11,,,119.51,0.00,,,,,,,,,,,,,0.000,0.000,64,2,2,,,,,,,,217,0,,,,,,,,,99.999,,44.61,44.63,,,,
425.944,,0,0,0,256,0,0,0,0,0,0,0,0,1,0,0,0,0,0,,,,,,,,,,,,,,,,,,,,,,3306.5,,,,,404.1,,,,1.00266,1.00266,117.42,,,20.0040,,0.0,,0.2480,20.0660,16.5,16.5,16.5,16.5,14.3,16.5,,,,,,,,,,,,,2.852,0.300,2.839,0.000,2.875,,,,,,,,0.800,0.0,0.0,0.0,0.0,-2.3,19.984,-7.516,,0.0,0.9773,61.225,51.265,51.265,61.225,88.900,0.000,,,,,0.96972,,64,,,,,,120.68,,,,,,,120.68,,,,686.5,,,,,,,,,,,393.7,,,,,,0.000,78.102,,,,,,1351.17,,1354.53,2678.59,,,120.26,0.00,,,,,,,,,,,,,0.000,0.000,64,2,2,,,,,,,,217,0,,,,,,,,,99.999,,44.88,44.82,,,,
425.958,16.5,0,0,0,256,0,0,0,0,0,0,0,0,1,0,0,0,0,0,617.1,617.0,593.7,9.9,0.0,0.0,0.03,1,0,0.996,0.996,-0.1,-0.1,3.250,0.00,1000.0,1000.0,1000.0,617.0,624.4,818.55,3319.0,63.084,474.5,0.0,9.9,411.3,0.02631,0.00,0.00,1.00266,1.00266,117.70,2,46.0,20.0800,0.2285,0.0,48.5,0.2470,20.1350,16.5,16.5,16.5,16.5,14.3,14.3,16.5,1.5,0.00,0.00003,0,0,0,1,98,98,98,98,2.885,0.300,2.839,0.000,2.875,617.0,617.0,624.4,624.4,624.5,0.0,18.74,0.800,0.0,0.0,0.0,0.0,-2.3,19.313,-7.266,-3.0,0.0,0.9727,60.775,47.160,47.160,60.775,88.900,0.000,0.9998,0.9998,0.0000,414.7,0.96847,0.097508,64,100.000,617.0,0.0,1000.0,1000.0,121.15,250.17,333.0,0.99942,1535.98,400.01,0.99939,121.15,255.70,250.15,250.15,687.4,-200.0,-2.6,33.81,33.810,410.9,444.2,680.0,644.1,118.01,0.0,397.7,33.414,0.0,0,617.1,617.1,0.000,83.729,1005.27,0,1.1082,0.398,1012.93,1358.67,7.66,1363.98,2683.91,2683.91,0.00,121.34,0.00,292.50,390.75,100.0,0,27.15,36.0,94.5,71.3,37,0,79.23,24.0,0.000,0.000,64,2,2,624.4,624.4,624.4,617.1,624.5,624.5,331.4,217,0,33.305,33.389,1000.0,2000.0,60.931,61.636,100.000,33.095,99.999,12.5,45.13,45.10,43.92,43.95,0.0,0.10
425.967,,0,0,0,256,0,0,0,0,0,0,0,0,1,0,0,0,0,0,,,,,,,,,,,,,,,,,,,,,,3321.0,,,,,411.3,,,,1.00266,1.00266,118.88,,,20.1000,,0.0,,0.2470,20.1680,16.5,16.5,16.5,16.5,14.3,16.5,,,,,,,,,,,,,2.885,0.300,2.839,0.000,2.875,,,,,,,,0.800,0.0,0.0,0.0,0.0,-2.3,19.641,-7.500,,0.0,0.9727,56.465,47.220,47.220,56.465,88.900,0.000,,,,,0.96532,,64,,,,,,121.78,,,,,,,121.78,,,,687.4,,,,,,,,,,,402.8,,,,,,0.000,88.148,,,,,,1368.20,,1371.41,2683.28,,,121.34,0.00,,,,,,,,,,,,,0.000,0.000,64,2,2,,,,,,,,217,0,,,,,,,,,99.999,,45.13,45.10,,,,
425.977,,0,0,0,256,0,0,0,0,0,0,0,0,1,0,0,0,0,0,,,,,,,,,,,,,,,,,,,,,,3324.5,,,,,414.7,,,,1.00266,1.00266,119.20,,,20.0340,,0.0,,0.2520,20.2005,16.5,16.5,16.5,16.5,14.3,16.5,,,,,,,,,,,,,2.885,0.300,2.839,0.000,2.907,,,,,,,,0.800,0.0,0.0,0.0,0.0,-2.3,20.047,-7.250,,0.0,0.9749,56.370,46.830,46.830,56.370,88.900,0.000,,,,,0.96493,,64,,,,,,122.18,,,,,,,122.18,,,,688.2,,,,,,,,,,,404.3,,,,,,0.000,93.983,,,,,,1372.34,,1375.63,2684.38,,,122.09,0.00,,,,,,,,,,,,,0.000,0.000,64,2,2,,,,,,,,217,0,,,,,,,,,99.999,,45.36,45.23,,,,
425.987,,0,0,0,256,0,0,0,0,0,0,0,0,1,0,0,0,0,0,,,,,,,,,,,,,,,,,,,,,,3328.5,,,,,414.7,,,,1.00266,1.00266,119.86,,,20.1940,,0.0,,0.2485,20.2320,16.5,16.5,16.5,15.8,13.5,15.8,,,,,,,,,,,,,2.925,0.300,2.839,0.000,2.907,,,,,,,,0.800,0.0,0.0,0.0,0.0,-2.3,19.875,-7.047,,0.0,0.9727,55.720,46.845,46.845,55.720,88.900,0.000,,,,,0.96514,,64,,,,,,122.84,,,,,,,122.84,,,,688.2,,,,,,,,,,,408.2,,,,,,0.000,99.843,,,,,,1377.03,,1381.88,2684.06,,,122.09,0.00,,,,,,,,,,,,,0.000,0.000,64,2,2,,,,,,,,216,0,,,,,,,,,99.999,,45.36,45.23,,,,
425.997,,0,0,0,256,0,0,0,0,0,0,0,0,1,0,0,0,0,0,,,,,,,,,,,,,,,,,,,,,,3337.0,,,,,420.8,,,,1.00266,1.00266,120.33,,,20.1460,,0.0,,0.2510,20.2630,16.5,16.5,16.5,15.8,14.3,14.3,,,,,,,,,,,,,2.925,0.300,2.839,0.000,2.907,,,,,,,,0.800,0.0,0.0,0.0,0.0,-2.3,19.328,-6.984,,0.0,0.9712,55.475,46.840,46.840,55.475,88.900,0.000,,,,,0.96368,,64,,,,,,123.47,,,,,,,123.47,,,,688.9,,,,,,,,,,,411.3,,,,,,0.000,100.000,,,,,,1386.02,,1391.41,2684.22,,,123.47,0.00,,,,,,,,,,,,,0.000,0.000,64,2,2,,,,,,,,216,0,,,,,,,,,99.999,,45.65,45.51,,,,
426.006,,0,0,0,256,0,0,0,0,0,0,0,0,1,0,0,0,0,0,,,,,,,,,,,,,,,,,,,,,,3341.5,,,,,420.8,,,,1.00266,1.00266,120.52,,,20.2040,,0.0,,0.2505,20.2935,16.5,16.5,16.5,15.8,14.3,16.5,,,,,,,,,,,,,2.925,0.300,2.839,0.000,2.907,,,,,,,,0.800,0.0,0.0,0.0,0.0,-2.3,19.625,-7.188,,0.0,0.9731,55.345,45.220,45.220,55.345,88.900,0.000,,,,,0.96304,,64,,,,,,123.77,,,,,,,123.77,,,,688.9,,,,,,,,,,,415.3,,,,,,0.000,100.000,,,,,,1391.64,,1396.64,2683.83,,,123.47,0.00,,,,,,,,,,,,,0.000,0.000,64,2,2,,,,,,,,216,0,,,,,,,,,99.999,,45.65,45.51,,,,
426.020,,0,0,0,256,0,0,0,0,0,0,0,0,1,0,0,0,0,0,,,,,,,,,,,,,,,,,,,,,,3352.5,,,,,426.2,,,,1.00266,1.00266,121.45,,,20.2500,,0.0,,0.2500,20.3240,16.5,16.5,16.5,16.5,14.3,16.5,,,,,,,,,,,,,2.963,0.300,2.839,0.000,2.955,,,,,,,,0.800,0.0,0.0,0.0,0.0,-2.3,20.078,-6.859,,0.0,0.9722,53.550,45.215,45.215,53.550,88.900,0.000,,,,,0.96292,,64,,,,,,124.76,,,,,,,124.76,,,,689.7,,,,,,,,,,,415.1,,,,,,0.000,100.000,,,,,,1400.55,,1406.17,2683.75,,,124.71,0.00,,,,,,,,,,,,,0.000,0.000,64,2,2,,,,,,,,216,0,,,,,,,,,99.999,,45.92,45.84,,,,
426.031,,0,0,0,256,0,0,0,0,0,0,0,0,1,0,0,0,0,0,,,,,,,,,,,,,,,,,,,,,,3361.5,,,,,426.2,,,,1.00266,1.00266,121.92,,,20.2700,,0.0,,0.2485,20.3535,15.8,16.5,16.5,16.5,13.5,13.5,,,,,,,,,,,,,2.963,0.300,2.944,0.000,2.955,,,,,,,,0.800,0.0,0.0,0.0,0.0,-2.3,19.547,-6.719,,0.0,0.9712,53.060,44.830,44.830,53.060,88.900,0.000,,,,,0.96224,,64,,,,,,125.32,,,,,,,125.32,,,,689.7,,,,,,,,,,,423.4,,,,,,0.000,100.000,,,,,,1406.33,,1408.28,2683.13,,,124.71,0.00,,,,,,,,,,,,,0.000,0.000,64,2,2,,,,,,,,216,0,,,,,,,,,99.999,,45.92,45.84,,,,
426.041,,0,0,0,256,0,0,0,0,0,0,0,0,1,0,0,0,0,0,,,,,,,,,,,,,,,,,,,,,,3366.0,,,,,431.9,,,,1.00266,1.00266,122.34,,,20.3080,,0.0,,0.2480,20.3830,15.8,15.8,16.5,16.5,13.5,15.8,,,,,,,,,,,,,2.963,0.300,2.944,0.000,2.955,,,,,,,,0.800,0.0,0.0,0.0,0.0,-2.3,19.813,-6.875,,0.0,0.9722,52.455,44.820,44.820,52.455,88.200,0.000,,,,,0.96154,,64,,,,,,125.84,,,,,,,125.84,,,,690.4,,,,,,,,,,,427.2,,,,,,0.000,100.000,,,,,,1412.50,,1414.53,2680.39,,,125.41,0.00,,,,,,,,,,,,,0.000,0.000,64,2,2,,,,,,,,216,0,,,,,,,,,99.999,,46.21,46.21,,,,
426.051,14.3,0,0,0,256,0,0,0,0,0,0,0,0,1,0,0,0,0,0,763.1,735.0,636.7,10.0,0.0,0.0,0.03,1,0,0.996,0.996,-0.9,-0.9,3.250,0.03,1000.0,1000.0,1000.0,762.2,811.1,830.24,3379.5,60.152,485.5,0.0,10.0,431.9,0.02631,0.00,0.00,1.00266,1.00266,123.00,2,46.0,20.4200,0.1445,0.0,49.1,0.2435,20.4120,15.8,15.8,15.8,16.5,13.5,15.8,14.3,2.3,0.00,0.00012,0,0,0,1,98,98,98,98,2.963,0.300,2.944,0.000,3.003,735.0,762.1,811.1,811.1,812.0,0.0,18.74,0.800,0.0,0.0,0.0,0.0,-2.3,20.328,-6.563,0.0,0.0,0.9749,52.125,44.785,44.785,52.125,87.500,0.000,0.9922,0.9998,0.0000,445.4,0.96151,0.097801,64,100.000,762.2,0.0,1000.0,1000.0,126.52,250.13,347.5,0.99942,1535.98,400.01,0.99939,126.52,305.63,250.10,250.10,690.4,-200.0,-7.4,34.36,34.363,445.0,444.1,680.0,644.0,124.80,0.0,423.9,34.840,0.0,0,763.1,763.1,0.000,100.000,1003.63,0,1.1382,0.398,1012.93,1420.47,9.30,1422.97,2681.17,2683.91,0.00,125.41,0.00,292.50,390.75,100.0,0,27.25,36.0,94.5,71.3,37,0,82.14,24.0,0.000,0.000,64,2,2,811.1,811.1,811.1,763.1,812.0,812.0,348.2,216,0,34.752,34.483,1000.0,2000.0,61.122,73.424,100.000,34.694,99.999,12.4,46.21,46.21,44.92,45.05,0.0,0.26
426.056,,0,0,0,256,0,0,0,0,0,0,0,0,1,0,0,0,0,0,,,,,,,,,,,,,,,,,,,,,,3388.5,,,,,438.3,,,,1.00266,1.00266,123.52,,,20.4020,,0.0,,0.2425,20.4405,15.8,15.8,16.5,16.5,14.3,16.5,,,,,,,,,,,,,3.011,0.300,2.944,0.000,3.003,,,,,,,,0.800,0.0,0.0,0.0,0.0,-2.3,20.250,-6.250,,0.0,0.9744,51.875,41.980,41.980,51.875,87.500,0.000,,,,,0.96240,,64,,,,,,126.96,,,,,,,126.96,,,,691.1,,,,,,,,,,,427.2,,,,,,0.000,100.000,,,,,,1424.61,,1429.30,2683.75,,,126.80,0.00,,,,,,,,,,,,,0.000,0.000,64,2,2,,,,,,,,216,0,,,,,,,,,99.999,,46.37,46.37,,,,
426.067,,0,0,0,256,0,0,0,0,0,0,0,0,1,0,0,0,0,0,,,,,,,,,,,,,,,,,,,,,,3407.5,,,,,438.3,,,,1.00266,1.00266,124.97,,,20.3640,,0.0,,0.2460,20.4695,15.8,15.8,16.5,16.5,13.5,13.5,,,,,,,,,,,,,3.011,0.300,2.944,0.000,3.003,,,,,,,,0.800,0.0,0.0,0.0,0.0,-2.3,19.734,-6.141,,0.0,0.9758,48.795,41.635,41.635,48.795,87.500,0.000,,,,,0.96447,,64,,,,,,128.16,,,,,,,128.16,,,,691.1,,,,,,,,,,,436.3,,,,,,0.000,100.000,,,,,,1437.73,,1438.83,2683.75,,,126.80,0.00,,,,,,,,,,,,,0.000,0.000,64,2,2,,,,,,,,216,0,,,,,,,,,99.999,,46.37,46.37,,,,
426.077,,0,0,0,256,0,0,0,0,0,0,0,0,1,0,0,0,0,0,,,,,,,,,,,,,,,,,,,,,,3415.0,,,,,447.7,,,,1.00266,1.00266,125.34,,,20.4480,,0.0,,0.2455,20.4975,15.8,15.8,15.8,16.5,13.5,15.8,,,,,,,,,,,,,3.011,0.300,2.944,0.000,3.003,,,,,,,,0.800,0.0,0.0,0.0,0.0,-2.3,19.953,-6.406,,0.0,0.9773,47.990,41.635,41.635,47.990,86.800,0.000,,,,,0.96490,,64,,,,,,128.48,,,,,,,128.48,,,,691.4,,,,,,,,,,,435.3,,,,,,0.000,100.000,,,,,,1441.09,,1443.05,2682.97,,,128.25,0.00,,,,,,,,,,,,,0.000,0.000,64,2,2,,,,,,,,216,0,,,,,,,,,99.999,,46.62,46.65,,,,
426.087,,0,0,0,256,0,0,0,0,0,0,0,0,1,0,0,0,0,0,,,,,,,,,,,,,,,,,,,,,,3430.5,,,,,447.7,,,,1.00266,1.00266,126.28,,,20.3840,,0.0,,0.2500,20.5255,15.8,15.8,15.8,15.8,13.5,15.8,,,,,,,,,,,,,3.080,0.300,2.944,0.000,3.067,,,,,,,,0.800,0.0,0.0,0.0,0.0,-2.3,20.438,-6.094,,0.0,0.9768,47.810,41.620,41.620,47.810,86.100,0.000,,,,,0.96593,,64,,,,,,129.35,,,,,,,129.35,,,,691.4,,,,,,,,,,,437.6,,,,,,0.000,100.000,,,,,,1450.08,,1453.52,2682.89,,,128.25,0.00,,,,,,,,,,,,,0.000,0.000,64,2,2,,,,,,,,216,0,,,,,,,,,99.999,,46.62,46.65,,,,
426.097,,0,0,0,256,0,0,0,0,0,0,0,0,1,0,0,0,0,0,,,,,,,,,,,,,,,,,,,,,,3442.0,,,,,455.1,,,,1.00266,1.00266,126.66,,,20.4020,,0.0,,0.2535,20.5535,15.8,15.8,15.8,15.8,13.5,13.5,,,,,,,,,,,,,3.080,0.300,2.944,0.000,3.067,,,,,,,,0.800,0.0,0.0,0.0,0.0,-2.3,19.875,-6.031,,0.0,0.9749,47.300,41.235,41.235,47.300,85.400,0.000,,,,,0.96572,,64,,,,,,129.77,,,,,,,129.77,,,,691.7,,,,,,,,,,,444.3,,,,,,0.000,100.000,,,,,,1454.38,,1458.83,2682.27,,,129.68,0.00,,,,,,,,,,,,,0.000,0.000,64,2,2,,,,,,,,216,0,,,,,,,,,99.999,,47.17,47.07,,,,
426.107,,0,0,0,256,0,0,0,0,0,0,0,0,1,0,0,0,0,0,,,,,,,,,,,,,,,,,,,,,,3448.0,,,,,455.1,,,,1.00266,1.00266,127.22,,,20.5140,,0.0,,0.2515,20.5810,15.8,15.8,15.8,15.8,13.5,15.8,,,,,,,,,,,,,3.080,0.300,2.944,0.000,3.067,,,,,,,,0.800,0.0,0.0,0.0,0.0,-2.3,20.000,-6.469,,0.0,0.9744,46.765,37.090,37.090,46.765,84.700,0.000,,,,,0.96502,,64,,,,,,130.41,,,,,,,130.41,,,,691.7,,,,,,,,,,,452.9,,,,,,0.000,100.000,,,,,,1460.94,,1464.06,2683.75,,,129.68,0.00,,,,,,,,,,,,,0.000,0.000,64,2,2,,,,,,,,216,0,,,,,,,,,99.999,,47.17,47.07,,,,
426.119,,0,0,0,256,0,0,0,0,0,0,0,0,1,0,0,0,0,0,,,,,,,,,,,,,,,,,,,,,,3457.0,,,,,463.1,,,,1.00266,1.00266,127.92,,,20.3740,,0.0,,0.2595,20.6085,15.8,15.8,15.8,15.8,13.5,15.8,,,,,,,,,,,,,3.080,0.300,2.944,0.000,3.122,,,,,,,,0.800,0.0,0.0,0.0,0.0,-2.3,20.469,-6.234,,0.0,0.9753,42.540,37.115,37.115,42.540,84.700,0.000,,,,,0.96475,,64,,,,,,131.13,,,,,,,131.13,,,,692.5,,,,,,,,,,,449.5,,,,,,0.000,100.000,,,,,,1469.38,,1472.50,2684.14,,,131.11,0.00,,,,,,,,,,,,,0.000,0.000,64,2,2,,,,,,,,216,0,,,,,,,,,99.999,,47.17,47.13,,,,
426.130,,0,0,0,256,0,0,0,0,0,0,0,0,1,0,0,0,0,0,,,,,,,,,,,,,,,,,,,,,,3461.0,,,,,463.1,,,,1.00266,1.00266,128.58,,,20.5060,,0.0,,0.2595,20.6355,15.8,15.8,15.8,15.8,13.5,15.8,,,,,,,,,,,,,3.139,0.300,3.105,0.000,3.122,,,,,,,,0.800,0.0,0.0,0.0,0.0,-2.3,20.328,-5.938,,0.0,0.9731,42.520,37.120,37.120,42.520,84.000,0.000,,,,,0.96520,,64,,,,,,131.77,,,,,,,131.77,,,,692.5,,,,,,,,,,,457.8,,,,,,0.000,100.000,,,,,,1475.47,,1478.83,2684.45,,,131.11,0.00,,,,,,,,,,,,,0.000,0.000,64,2,2,,,,,,,,216,0,,,,,,,,,99.999,,47.17,47.13,,,,
426.143,,0,0,0,256,0,0,0,0,0,0,0,0,1,0,0,0,0,0,,,,,,,,,,,,,,,,,,,,,,3475.0,,,,,471.2,,,,1.00266,1.00266,129.66,,,20.4780,,0.0,,0.2620,20.6625,15.0,15.8,15.8,15.8,12.8,12.8,,,,,,,,,,,,,3.139,0.300,3.105,0.000,3.122,,,,,,,,0.800,0.0,0.0,0.0,0.0,-2.3,19.750,-5.828,,0.0,0.9734,42.410,37.125,37.125,42.410,84.130,0.000,,,,,0.96465,,64,,,,,,132.94,,,,,,,132.94,,,,693.2,,,,,,,,,,,464.1,,,,,,0.000,100.000,,,,,,1486.88,,1489.38,2681.56,,,132.54,0.00,,,,,,,,,,,,,0.000,0.000,64,2,2,,,,,,,,216,0,,,,,,,,,99.999,,47.48,47.43,,,,
426.157,16.5,0,0,0,256,0,0,0,0,0,0,0,0,1,0,0,0,0,0,993.9,992.2,781.5,10.0,0.0,0.0,0.03,1,0,0.996,0.996,-1.7,-1.7,3.531,0.00,1000.0,1000.0,1000.0,1030.9,1000.0,841.96,3496.5,60.152,492.8,0.0,10.0,476.2,0.02640,0.00,0.00,1.00266,1.00266,131.06,2,46.0,20.5720,0.1065,0.0,50.2,0.2625,20.7160,15.0,15.0,15.0,15.0,12.8,15.0,16.5,2.3,0.00,0.00906,0,0,0,1,98,98,98,98,3.211,0.300,3.105,0.000,3.193,992.2,1000.0,1000.0,992.2,1000.0,0.0,18.74,0.800,0.0,0.0,0.0,0.0,-2.3,20.344,-5.797,0.0,0.0,0.9731,41.900,33.605,33.605,41.900,84.250,0.000,0.9922,0.9922,0.0000,477.4,0.96523,0.098209,64,100.000,1030.9,0.0,1000.0,1000.0,134.25,250.45,363.3,0.99942,1535.98,400.01,0.99939,134.25,400.01,250.43,250.43,693.9,-200.0,-11.1,34.84,34.845,474.0,443.9,680.0,643.8,132.54,0.0,462.0,36.269,0.0,0,993.9,993.9,0.000,100.000,1002.30,0,1.1693,0.402,1012.93,1500.86,10.63,1505.16,2683.83,2683.75,0.00,133.52,0.00,295.50,390.75,99.2,0,27.25,35.3,94.5,71.3,37,0,82.14,24.0,0.000,0.000,64,2,2,992.2,1030.9,992.2,993.9,1000.0,1032.6,363.8,216,0,36.333,36.465,1000.0,2000.0,61.420,99.118,100.000,36.173,99.999,12.5,47.74,47.59,46.37,46.30,0.0,0.07
426.168,,0,0,0,256,0,0,0,0,0,0,0,0,1,0,0,0,0,0,,,,,,,,,,,,,,,,,,,,,,3510.0,,,,,476.2,,,,1.00266,1.00266,131.58,,,20.5240,,0.0,,0.2660,20.7425,15.8,15.0,15.0,15.0,13.5,13.5,,,,,,,,,,,,,3.211,0.300,3.105,0.000,3.193,,,,,,,,0.800,0.0,0.0,0.0,0.0,-2.3,19.813,-5.563,,0.0,0.9697,38.705,33.640,33.640,38.705,84.355,0.000,,,,,0.96523,,64,,,,,,134.84,,,,,,,134.84,,,,693.9,,,,,,,,,,,474.4,,,,,,0.000,100.000,,,,,,1506.72,,1510.47,2684.22,,,133.52,0.00,,,,,,,,,,,,,0.000,0.000,64,2,2,,,,,,,,216,0,,,,,,,,,99.999,,47.74,47.59,,,,
426.177,,0,0,0,256,0,0,0,0,0,0,0,0,1,0,0,0,0,0,,,,,,,,,,,,,,,,,,,,,,3521.0,,,,,487.2,,,,1.00266,1.00266,132.19,,,20.6000,,0.0,,0.2660,20.7690,15.8,15.8,15.0,15.0,13.5,15.8,,,,,,,,,,,,,3.211,0.300,3.105,0.000,3.193,,,,,,,,0.800,0.0,0.0,0.0,0.0,-2.3,19.844,-6.047,,0.0,0.9712,38.720,33.645,33.645,38.720,84.505,0.000,,,,,0.96432,,64,,,,,,135.59,,,,,,,135.59,,,,694.5,,,,,,,,,,,476.7,,,,,,0.000,100.000,,,,,,1516.72,,1523.05,2683.36,,,135.63,0.00,,,,,,,,,,,,,0.000,0.000,64,2,2,,,,,,,,216,0,,,,,,,,,99.999,,48.08,48.03,,,,
426.187,,0,0,0,256,0,0,0,0,0,0,0,0,1,0,0,0,0,0,,,,,,,,,,,,,,,,,,,,,,3529.5,,,,,487.2,,,,1.00266,1.00266,133.03,,,20.6580,,0.0,,0.2640,20.7955,15.8,15.8,15.0,15.0,13.5,15.0,,,,,,,,,,,,,3.211,0.300,3.105,0.000,3.262,,,,,,,,0.800,0.0,0.0,0.0,0.0,-2.3,20.375,-5.906,,0.0,0.9692,38.660,33.265,33.265,38.660,84.580,0.000,,,,,0.96468,,64,,,,,,136.38,,,,,,,136.38,,,,694.5,,,,,,,,,,,488.2,,,,,,0.000,100.000,,,,,,1524.77,,1528.36,2684.45,,,135.63,0.00,,,,,,,,,,,,,0.000,0.000,64,2,2,,,,,,,,217,0,,,,,,,,,99.999,,48.08,48.03,,,,
426.198,,0,0,0,256,0,0,0,0,0,0,0,0,1,0,0,0,0,0,,,,,,,,,,,,,,,,,,,,,,3551.0,,,,,493.6,,,,1.00266,1.00266,134.34,,,20.7040,,0.0,,0.2620,20.8215,15.8,15.8,15.0,15.0,12.8,15.0,,,,,,,,,,,,,3.280,0.300,3.105,0.000,3.262,,,,,,,,0.800,0.0,0.0,0.0,0.0,-2.3,20.453,-5.453,,0.0,0.9670,38.245,33.280,33.280,38.245,84.700,0.000,,,,,0.96420,,64,,,,,,137.77,,,,,,,137.77,,,,694.7,,,,,,,,,,,494.4,,,,,,0.000,100.000,,,,,,1539.69,,1539.92,2684.84,,,136.73,0.00,,,,,,,,,,,,,0.000,0.000,64,2,2,,,,,,,,217,0,,,,,,,,,99.999,,48.30,48.36,,,,
426.208,,0,0,0,256,0,0,0,0,0,0,0,0,1,0,0,0,0,0,,,,,,,,,,,,,,,,,,,,,,3553.0,,,,,493.6,,,,1.00266,1.00266,134.95,,,20.6280,,0.0,,0.2665,20.8480,15.0,15.0,15.0,15.0,12.8,15.0,,,,,,,,,,,,,3.280,0.300,3.105,0.000,3.262,,,,,,,,0.800,0.0,0.0,0.0,0.0,-2.3,19.906,-6.016,,0.0,0.9666,38.205,32.440,32.440,38.205,84.750,0.000,,,,,0.96353,,64,,,,,,138.49,,,,,,,138.49,,,,694.7,,,,,,,,,,,497.8,,,,,,0.000,100.000,,,,,,1546.88,,1547.27,2683.83,,,136.73,0.00,,,,,,,,,,,,,0.000,0.000,64,2,2,,,,,,,,217,0,,,,,,,,,99.999,,48.30,48.36,,,,
426.220,,0,0,0,256,0,0,0,0,0,0,0,0,1,0,0,0,0,0,,,,,,,,,,,,,,,,,,,,,,3568.0,,,,,504.5,,,,1.00266,1.00266,136.64,,,20.7420,,0.0,,0.2630,20.8740,15.0,15.0,15.0,15.0,12.8,15.0,,,,,,,,,,,,,3.280,0.300,3.105,0.000,3.356,,,,,,,,0.800,0.0,0.0,0.0,0.0,-2.3,19.844,-5.984,,0.0,0.9675,37.355,32.420,32.420,37.355,84.750,0.000,,,,,0.96319,,64,,,,,,139.20,,,,,,,139.20,,,,694.9,,,,,,,,,,,487.9,,,,,,0.000,100.000,,,,,,1555.08,,1558.91,2684.14,,,138.33,0.00,,,,,,,,,,,,,0.000,0.000,64,2,2,,,,,,,,217,0,,,,,,,,,99.999,,48.66,48.67,,,,
426.231,,0,0,0,256,0,0,0,0,0,0,0,0,1,0,0,0,0,0,,,,,,,,,,,,,,,,,,,,,,3578.5,,,,,504.5,,,,1.00266,1.00266,137.34,,,20.6000,,0.0,,0.2705,20.9005,15.0,15.0,15.0,15.0,12.8,15.0,,,,,,,,,,,,,3.376,0.300,3.299,0.000,3.356,,,,,,,,0.800,0.0,0.0,0.0,0.0,-2.3,20.031,-5.563,,0.0,0.9670,37.285,32.425,32.425,37.285,84.840,0.000,,,,,0.96334,,64,,,,,,139.90,,,,,,,139.90,,,,694.9,,,,,,,,,,,504.3,,,,,,0.000,100.000,,,,,,1562.03,,1564.14,2683.98,,,138.33,0.00,,,,,,,,,,,,,0.000,0.000,64,2,2,,,,,,,,217,0,,,,,,,,,99.999,,48.66,48.67,,,,
426.244,,0,0,0,256,0,0,0,0,0,0,0,0,1,0,0,0,0,0,,,,,,,,,,,,,,,,,,,,,,3596.0,,,,,513.5,,,,1.00266,1.00266,138.61,,,20.6940,,0.0,,0.2725,20.9265,15.0,15.0,15.0,15.0,12.8,12.8,,,,,,,,,,,,,3.376,0.300,3.299,0.000,3.356,,,,,,,,0.800,0.0,0.0,0.0,0.0,-2.3,19.547,-5.313,,0.0,0.9653,37.260,32.425,32.425,37.260,84.855,0.000,,,,,0.96304,,64,,,,,,141.26,,,,,,,141.26,,,,695.8,,,,,,,,,,,505.1,,,,,,0.000,100.000,,,,,,1576.17,,1576.80,2681.64,,,140.11,0.00,,,,,,,,,,,,,0.000,0.000,64,2,2,,,,,,,,217,0,,,,,,,,,99.999,,48.82,48.85,,,,
426.258,15.0,0,0,0,256,0,0,0,0,0,0,0,0,1,0,0,0,0,0,994.5,992.2,871.4,10.0,0.0,0.0,0.03,1,0,0.996,0.996,-2.3,-2.3,3.625,0.00,1000.0,1000.0,1000.0,1030.3,1000.0,853.65,3618.0,60.152,497.1,0.0,10.0,523.8,0.02652,0.00,0.00,1.00266,1.00266,139.88,2,46.0,20.6000,0.2175,0.0,52.2,0.2845,20.9775,14.3,14.3,14.3,14.3,12.8,14.3,15.0,2.3,0.00,0.00964,0,0,0,1,98,98,98,98,3.440,0.300,3.299,0.000,3.423,992.2,1000.0,1000.0,992.2,1000.0,0.0,18.74,0.800,0.0,0.0,0.0,0.0,-2.3,19.953,-6.141,0.0,0.0,0.9648,37.150,32.300,32.300,37.150,82.675,0.000,0.9922,0.9922,0.0000,522.5,0.96221,0.098704,64,100.000,1030.3,0.0,1000.0,1000.0,142.64,250.80,381.0,0.99942,1535.98,400.01,0.99939,142.64,400.01,250.78,250.78,696.5,-200.0,-13.9,35.54,35.550,516.5,443.6,680.0,643.5,142.19,0.0,506.9,38.077,0.0,0,994.5,994.5,0.000,100.000,1000.12,0,1.1940,0.402,1012.93,1591.64,12.81,1595.78,2683.83,2683.83,0.00,141.59,0.00,295.50,390.75,100.0,0,27.25,35.3,94.5,71.3,37,0,82.14,24.0,0.000,0.000,64,2,2,992.2,1030.2,992.2,994.5,1000.0,1032.5,383.0,217,0,38.107,38.159,1000.0,2000.0,61.754,99.118,100.000,38.030,99.999,12.7,49.23,49.19,47.72,47.67,0.0,0.10
426.267,,0,0,0,256,0,0,0,0,0,0,0,0,1,0,0,0,0,0,,,,,,,,,,,,,,,,,,,,,,3629.0,,,,,523.8,,,,1.00266,1.00266,141.56,,,20.7620,,0.0,,0.2830,21.0025,14.3,14.3,14.3,14.3,12.0,12.0,,,,,,,,,,,,,3.440,0.300,3.299,0.000,3.423,,,,,,,,0.800,0.0,0.0,0.0,0.0,-2.3,19.531,-5.781,,0.0,0.9612,36.995,32.320,32.320,36.995,82.670,0.000,,,,,0.96185,,64,,,,,,143.27,,,,,,,143.27,,,,696.5,,,,,,,,,,,522.1,,,,,,0.000,100.000,,,,,,1597.97,,1601.02,2683.91,,,141.59,0.00,,,,,,,,,,,,,0.000,0.000,64,2,2,,,,,,,,217,0,,,,,,,,,99.999,,49.23,49.19,,,,
426.277,,0,0,0,256,0,0,0,0,0,0,0,0,1,0,0,0,0,0,,,,,,,,,,,,,,,,,,,,,,3632.0,,,,,533.7,,,,1.00266,1.00266,142.88,,,20.7620,,0.0,,0.2830,21.0270,14.3,14.3,14.3,14.3,12.0,14.3,,,,,,,,,,,,,3.440,0.300,3.299,0.000,3.423,,,,,,,,0.800,0.0,0.0,0.0,0.0,-2.3,19.391,-6.219,,0.0,0.9602,36.980,32.320,32.320,36.980,82.600,0.000,,,,,0.96090,,64,,,,,,144.70,,,,,,,144.70,,,,696.6,,,,,,,,,,,531.0,,,,,,0.000,100.000,,,,,,1614.30,,1613.67,2684.38,,,143.51,0.00,,,,,,,,,,,,,0.000,0.000,64,2,2,,,,,,,,217,0,,,,,,,,,99.999,,49.37,49.19,,,,
426.288,,0,0,0,256,0,0,0,0,0,0,0,0,1,0,0,0,0,0,,,,,,,,,,,,,,,,,,,,,,3638.0,,,,,533.7,,,,1.00266,1.00266,143.34,,,20.6100,,0.0,,0.2920,21.0510,14.3,14.3,14.3,14.3,12.0,14.3,,,,,,,,,,,,,3.440,0.300,3.299,0.000,3.521,,,,,,,,0.800,0.0,0.0,0.0,0.0,-2.3,19.844,-6.281,,0.0,0.9607,36.925,32.330,32.330,36.925,82.570,0.000,,,,,0.96041,,64,,,,,,145.27,,,,,,,145.27,,,,696.6,,,,,,,,,,,529.8,,,,,,0.000,100.000,,,,,,1619.92,,1622.11,2685.63,,,143.51,0.00,,,,,,,,,,,,,0.000,0.000,64,2,2,,,,,,,,217,0,,,,,,,,,99.999,,49.37,49.19,,,,
426.298,,0,0,0,256,0,0,0,0,0,0,0,0,1,0,0,0,0,0,,,,,,,,,,,,,,,,,,,,,,3655.0,,,,,542.4,,,,1.00266,1.00266,144.42,,,20.7980,,0.0,,0.2900,21.0750,14.3,14.3,14.3,13.5,11.3,13.5,,,,,,,,,,,,,3.528,0.300,3.299,0.000,3.521,,,,,,,,0.800,0.0,0.0,0.0,0.0,-2.3,20.031,-5.797,,0.0,0.9583,36.915,32.355,32.355,36.915,82.530,0.000,,,,,0.96084,,64,,,,,,146.34,,,,,,,146.34,,,,696.6,,,,,,,,,,,527.8,,,,,,0.000,100.000,,,,,,1632.03,,1635.78,2687.03,,,145.34,0.00,,,,,,,,,,,,,0.000,0.000,64,2,2,,,,,,,,217,0,,,,,,,,,99.999,,49.87,49.79,,,,
426.307,,0,0,0,256,0,0,0,0,0,0,0,0,1,0,0,0,0,0,,,,,,,,,,,,,,,,,,,,,,3655.5,,,,,542.4,,,,1.00266,1.00266,145.45,,,20.6940,,0.0,,0.2955,21.0980,13.5,13.5,14.3,13.5,11.3,13.5,,,,,,,,,,,,,3.528,0.300,3.299,0.000,3.521,,,,,,,,0.800,0.0,0.0,0.0,0.0,-2.3,19.656,-6.172,,0.0,0.9573,36.850,32.300,32.300,36.850,81.275,0.000,,,,,0.96002,,64,,,,,,147.45,,,,,,,147.45,,,,696.6,,,,,,,,,,,554.1,,,,,,0.000,100.000,,,,,,1642.97,,1645.31,2683.91,,,145.34,0.00,,,,,,,,,,,,,0.000,0.000,64,2,2,,,,,,,,217,0,,,,,,,,,99.999,,49.87,49.79,,,,
426.320,,0,0,0,256,0,0,0,0,0,0,0,0,1,0,0,0,0,0,,,,,,,,,,,,,,,,,,,,,,3661.5,,,,,553.0,,,,1.00266,1.00266,146.53,,,20.7240,,0.0,,0.2985,21.1210,13.5,13.5,13.5,13.5,11.3,13.5,,,,,,,,,,,,,3.528,0.300,3.299,0.000,3.588,,,,,,,,0.800,0.0,0.0,0.0,0.0,-2.3,20.125,-6.219,,0.0,0.9583,36.780,32.240,32.240,36.780,81.160,0.000,,,,,0.95947,,64,,,,,,148.59,,,,,,,148.59,,,,697.1,,,,,,,,,,,547.9,,,,,,0.000,100.000,,,,,,1657.58,,1657.89,2685.86,,,147.30,0.00,,,,,,,,,,,,,0.000,0.000,64,2,2,,,,,,,,217,0,,,,,,,,,99.999,,49.93,49.99,,,,
426.331,,0,0,0,256,0,0,0,0,0,0,0,0,1,0,0,0,0,0,,,,,,,,,,,,,,,,,,,,,,3670.0,,,,,553.0,,,,1.00266,1.00266,147.19,,,20.6660,,0.0,,0.3055,21.1440,13.5,13.5,13.5,13.5,11.3,13.5,,,,,,,,,,,,,3.603,0.300,3.571,0.000,3.588,,,,,,,,0.800,0.0,0.0,0.0,0.0,-2.3,20.313,-5.797,,0.0,0.9573,36.650,32.280,32.280,36.650,81.035,0.000,,,,,0.95968,,64,,,,,,149.25,,,,,,,149.25,,,,697.1,,,,,,,,,,,550.8,,,,,,0.000,100.000,,,,,,1664.06,,1665.31,2686.25,,,147.30,0.00,,,,,,,,,,,,,0.000,0.000,64,2,2,,,,,,,,217,0,,,,,,,,,99.999,,49.93,49.99,,,,
426.344,,0,0,0,256,0,0,0,0,0,0,0,0,1,0,0,0,0,0,,,,,,,,,,,,,,,,,,,,,,3683.5,,,,,566.3,,,,1.00266,1.00266,148.73,,,20.8460,,0.0,,0.2990,21.1660,13.5,13.5,13.5,13.5,11.3,11.3,,,,,,,,,,,,,3.603,0.300,3.571,0.000,3.588,,,,,,,,0.800,0.0,0.0,0.0,0.0,-2.3,19.938,-5.359,,0.0,0.9561,36.655,32.285,32.285,36.655,80.950,0.000,,,,,0.95968,,64,,,,,,150.87,,,,,,,150.87,,,,697.5,,,,,,,,,,,556.8,,,,,,0.000,100.000,,,,,,1680.70,,1684.22,2685.16,,,150.26,0.00,,,,,,,,,,,,,0.000,0.000,64,2,2,,,,,,,,217,0,,,,,,,,,99.999,,50.49,50.40,,,,
426.357,14.3,0,0,0,256,0,0,0,0,0,0,0,0,1,0,0,0,0,0,994.6,992.3,924.1,10.0,0.0,0.0,0.03,1,0,0.996,0.996,-2.3,-2.3,3.781,-0.01,1000.0,1000.0,1000.0,1028.8,1000.0,865.65,3698.0,60.152,499.6,0.0,10.0,576.6,0.02665,0.00,0.00,1.00266,1.00266,150.75,2,46.0,20.9220,0.3410,0.0,54.4,0.2960,21.2100,12.8,12.8,12.8,12.8,11.3,12.8,14.3,2.3,0.00,0.00000,0,0,0,1,98,98,98,98,3.683,0.300,3.571,0.000,3.673,992.3,1000.0,1000.0,992.3,1000.0,0.0,18.74,0.800,0.0,0.0,0.0,0.0,-2.3,20.031,-5.297,0.0,0.0,0.9565,36.970,32.210,32.210,36.970,79.100,0.000,0.9766,0.9844,0.0000,572.6,0.95993,0.099139,64,100.000,1028.8,0.0,1000.0,1000.0,152.81,250.64,402.4,0.99942,1535.98,400.01,0.99939,152.81,400.01,250.62,250.62,697.5,-200.0,-16.5,36.46,36.462,571.2,443.3,680.0,643.2,154.73,0.0,567.1,40.227,0.0,0,994.6,994.6,0.000,100.000,997.54,0,1.2378,0.402,1012.93,1703.67,15.39,1710.63,2683.67,2683.83,0.00,152.65,0.00,300.75,390.75,100.0,0,27.46,35.3,94.5,71.3,37,0,82.14,24.0,0.000,0.000,64,2,2,992.3,1028.5,992.3,994.6,1000.0,1030.8,404.2,217,0,40.242,40.331,1000.0,2000.0,61.960,99.127,100.000,40.147,99.999,12.9,50.44,50.49,49.00,49.05,0.0,0.37
426.367,,0,0,0,256,0,0,0,0,0,0,0,0,1,0,0,0,0,0,,,,,,,,,,,,,,,,,,,,,,3710.0,,,,,576.6,,,,1.00266,1.00266,154.27,,,20.7620,,0.0,,0.3030,21.2310,12.8,12.8,12.8,12.8,10.5,10.5,,,,,,,,,,,,,3.683,0.300,3.571,0.000,3.673,,,,,,,,0.800,0.0,0.0,0.0,0.0,-2.3,19.703,-4.906,,0.0,0.9553,37.050,32.175,32.175,37.050,78.910,0.000,,,,,0.96017,,64,,,,,,153.89,,,,,,,153.89,,,,697.5,,,,,,,,,,,584.3,,,,,,0.000,100.000,,,,,,1714.30,,1718.98,2684.77,,,152.65,0.00,,,,,,,,,,,,,0.000,0.000,64,2,2,,,,,,,,217,0,,,,,,,,,99.999,,50.44,50.49,,,,
426.377,,0,0,0,256,0,0,0,0,0,0,0,0,1,0,0,0,0,0,,,,,,,,,,,,,,,,,,,,,,3717.5,,,,,590.6,,,,1.00266,1.00266,155.95,,,20.9220,,0.0,,0.3015,21.2520,12.8,12.8,12.8,12.8,10.5,12.8,,,,,,,,,,,,,3.683,0.300,3.571,0.000,3.673,,,,,,,,0.800,0.0,0.0,0.0,0.0,-2.3,19.547,-5.313,,0.0,0.9568,37.235,32.195,32.195,37.235,78.440,0.000,,,,,0.95990,,64,,,,,,155.65,,,,,,,155.65,,,,697.6,,,,,,,,,,,583.9,,,,,,0.000,100.000,,,,,,1734.14,,1736.95,2686.02,,,154.90,0.00,,,,,,,,,,,,,0.000,0.000,64,2,2,,,,,,,,217,0,,,,,,,,,99.999,,50.92,50.89,,,,
426.387,,0,0,0,256,0,0,0,0,0,0,0,0,1,0,0,0,0,0,,,,,,,,,,,,,,,,,,,,,,3726.0,,,,,590.6,,,,1.00266,1.00266,156.66,,,20.8740,,0.0,,0.3030,21.2725,12.8,12.8,12.8,12.8,10.5,12.8,,,,,,,,,,,,,3.683,0.300,3.571,0.000,3.814,,,,,,,,0.800,0.0,0.0,0.0,0.0,-2.3,19.938,-5.594,,0.0,0.9583,37.340,32.220,32.220,37.340,78.440,0.000,,,,,0.96038,,64,,,,,,156.26,,,,,,,156.26,,,,697.6,,,,,,,,,,,593.7,,,,,,0.000,100.000,,,,,,1743.91,,1744.30,2688.91,,,154.90,0.00,,,,,,,,,,,,,0.000,0.000,64,2,2,,,,,,,,217,0,,,,,,,,,99.999,,50.92,50.89,,,,
426.397,,0,0,0,256,0,0,0,0,0,0,0,0,1,0,0,0,0,0,,,,,,,,,,,,,,,,,,,,,,3755.0,,,,,602.6,,,,1.00266,1.00266,158.11,,,20.8740,,0.0,,0.3060,21.2935,12.8,12.8,12.8,12.8,10.5,12.8,,,,,,,,,,,,,3.832,0.300,3.571,0.000,3.814,,,,,,,,0.800,0.0,0.0,0.0,0.0,-2.3,19.641,-5.094,,0.0,0.9578,37.585,32.275,32.275,37.585,77.970,0.000,,,,,0.96084,,64,,,,,,157.66,,,,,,,157.66,,,,697.8,,,,,,,,,,,595.4,,,,,,0.000,100.000,,,,,,1757.50,,1762.19,2690.00,,,157.20,0.00,,,,,,,,,,,,,0.000,0.000,64,2,2,,,,,,,,217,0,,,,,,,,,99.999,,51.21,51.18,,,,
426.407,,0,0,0,256,0,0,0,0,0,0,0,0,1,0,0,0,0,0,,,,,,,,,,,,,,,,,,,,,,3770.5,,,,,602.6,,,,1.00266,1.00266,159.80,,,21.0640,,0.0,,0.3005,21.3140,12.0,12.0,12.8,12.8,10.5,12.0,,,,,,,,,,,,,3.832,0.300,3.571,0.000,3.814,,,,,,,,0.800,0.0,0.0,0.0,0.0,-2.3,19.438,-5.406,,0.0,0.9592,37.790,32.185,32.185,37.790,76.440,0.000,,,,,0.96090,,64,,,,,,159.28,,,,,,,159.28,,,,697.8,,,,,,,,,,,609.9,,,,,,0.000,100.000,,,,,,1776.48,,1783.28,2683.98,,,157.20,0.00,,,,,,,,,,,,,0.000,0.000,64,2,2,,,,,,,,217,0,,,,,,,,,99.999,,51.21,51.18,,,,
426.420,,0,0,0,256,0,0,0,0,0,0,0,0,1,0,0,0,0,0,,,,,,,,,,,,,,,,,,,,,,3782.0,,,,,617.0,,,,1.00266,1.00266,162.00,,,20.9400,,0.0,,0.3035,21.3345,12.0,12.0,12.0,12.0,10.5,12.0,,,,,,,,,,,,,3.832,0.300,3.571,0.000,3.933,,,,,,,,0.800,0.0,0.0,0.0,0.0,-2.3,19.750,-5.672,,0.0,0.9607,37.920,32.060,32.060,37.920,75.915,0.000,,,,,0.96130,,64,,,,,,160.10,,,,,,,160.10,,,,697.6,,,,,,,,,,,613.0,,,,,,0.000,100.000,,,,,,1784.69,,1790.63,2686.17,,,159.91,0.00,,,,,,,,,,,,,0.000,0.000,64,2,2,,,,,,,,217,0,,,,,,,,,99.999,,51.45,51.36,,,,
426.431,,0,0,0,256,0,0,0,0,0,0,0,0,1,0,0,0,0,0,,,,,,,,,,,,,,,,,,,,,,3796.0,,,,,617.0,,,,1.00266,1.00266,164.44,,,21.0060,,0.0,,0.3035,21.3545,12.0,12.0,12.0,12.0,9.8,12.0,,,,,,,,,,,,,3.962,0.300,3.874,0.000,3.933,,,,,,,,0.800,0.0,0.0,0.0,0.0,-2.3,19.938,-5.297,,0.0,0.9575,38.010,32.105,32.105,38.010,75.590,0.000,,,,,0.96197,,64,,,,,,162.38,,,,,,,162.38,,,,697.6,,,,,,,,,,,627.6,,,,,,0.000,100.000,,,,,,1805.78,,1807.50,2688.52,,,159.91,0.00,,,,,,,,,,,,,0.000,0.000,64,2,2,,,,,,,,217,0,,,,,,,,,99.999,,51.45,51.36,,,,
426.443,,0,0,0,256,0,0,0,0,0,0,0,0,1,0,0,0,0,0,,,,,,,,,,,,,,,,,,,,,,3800.5,,,,,633.6,,,,1.00266,1.00266,165.38,,,20.8940,,0.0,,0.3065,21.3740,12.0,12.0,12.0,12.0,9.8,12.0,,,,,,,,,,,,,3.962,0.300,3.874,0.000,3.933,,,,,,,,0.800,0.0,0.0,0.0,0.0,-2.3,19.797,-5.516,,0.0,0.9553,38.140,32.155,32.155,38.140,75.255,0.000,,,,,0.96231,,64,,,,,,163.22,,,,,,,163.22,,,,697.7,,,,,,,,,,,628.3,,,,,,0.000,100.000,,,,,,1814.06,,1816.95,2686.64,,,162.54,0.00,,,,,,,,,,,,,0.000,0.000,64,2,2,,,,,,,,217,0,,,,,,,,,99.999,,51.82,51.71,,,,
426.456,12.8,0,0,0,256,0,0,0,0,0,0,0,0,1,0,0,0,0,0,994.0,992.2,955.3,10.0,0.0,0.0,0.06,1,0,0.996,0.996,-1.8,-1.8,4.187,0.00,1000.0,1000.0,1000.0,1028.1,1000.0,876.65,3818.0,60.152,501.7,0.0,10.0,648.4,0.02694,0.00,0.00,1.00266,1.00266,185.81,2,46.0,21.0640,0.3850,0.0,57.0,0.3085,21.4125,12.0,12.0,12.0,12.0,9.8,12.0,12.8,1.5,0.00,0.00006,0,0,0,1,98,98,98,98,2.788,0.300,3.874,0.000,3.160,992.2,1000.0,1000.0,992.2,1000.0,0.0,18.74,1.913,0.0,0.0,0.0,0.0,-2.3,20.375,-5.234,0.0,0.0,0.9502,38.375,31.925,31.925,38.375,72.080,0.000,0.9609,0.9766,0.0000,635.8,0.96325,0.099304,64,100.000,1028.1,0.0,1000.0,1000.0,165.47,249.87,428.5,0.99942,1535.98,400.01,0.99939,165.47,400.01,249.84,249.84,697.1,-200.0,-17.5,37.43,37.437,630.0,442.9,680.0,642.8,167.62,0.0,641.7,43.105,0.0,0,994.0,994.0,0.457,100.000,995.12,0,1.2965,0.402,1012.93,1840.47,17.81,1838.05,2683.91,2683.67,0.00,164.51,71.86,300.75,390.75,100.0,0,27.46,35.3,94.5,70.5,37,0,82.14,24.0,0.320,0.000,64,2,2,992.2,1027.9,992.2,994.0,1000.0,1029.7,429.5,217,0,42.851,42.979,1000.0,2000.0,62.003,99.118,100.000,42.725,99.999,12.9,52.19,52.21,50.46,50.40,0.0,0.11
426.467,,0,0,0,256,0,0,0,0,0,0,0,0,1,0,0,0,0,0,,,,,,,,,,,,,,,,,,,,,,3840.5,,,,,648.4,,,,1.00266,1.00266,199.78,,,20.9880,,0.0,,0.3115,21.4315,11.3,11.3,12.0,12.0,9.8,11.3,,,,,,,,,,,,,2.788,0.300,3.874,0.000,3.160,,,,,,,,2.825,0.0,0.0,0.0,0.0,-2.3,20.125,-5.422,,0.0,0.9480,38.425,31.830,31.830,38.425,70.970,0.000,,,,,0.96127,,64,,,,,,167.74,,,,,,,167.74,,,,697.1,,,,,,,,,,,665.1,,,,,,0.457,100.000,,,,,,1863.44,,1863.36,2684.92,,,164.51,106.13,,,,,,,,,,,,,0.457,0.000,64,2,2,,,,,,,,217,0,,,,,,,,,99.999,,52.19,52.21,,,,
426.477,,0,0,0,256,0,0,0,0,0,0,0,0,1,0,0,0,0,0,,,,,,,,,,,,,,,,,,,,,,3844.0,,,,,669.7,,,,1.00266,1.00266,197.44,,,21.1860,,0.0,,0.3050,21.4495,11.3,11.3,11.3,12.0,9.8,11.3,,,,,,,,,,,,,2.788,0.300,3.874,0.000,2.318,,,,,,,,2.687,0.0,0.0,0.0,0.0,-2.3,20.422,-5.578,,0.0,0.9480,38.365,31.850,31.850,38.365,70.590,0.000,,,,,0.96081,,64,,,,,,169.29,,,,,,,169.29,,,,695.3,,,,,,,,,,,653.7,,,,,,0.457,100.000,,,,,,1881.88,,1880.23,2687.03,,,167.39,102.94,,,,,,,,,,,,,0.457,0.000,64,2,2,,,,,,,,217,0,,,,,,,,,99.999,,52.60,52.64,,,,
426.486,,0,0,0,256,0,0,0,0,0,0,0,0,1,0,0,0,0,0,,,,,,,,,,,,,,,,,,,,,,3853.5,,,,,669.7,,,,1.00266,1.00266,196.59,,,21.1580,,0.0,,0.3035,21.4675,11.3,11.3,11.3,11.3,9.0,11.3,,,,,,,,,,,,,2.328,0.300,3.874,0.000,2.318,,,,,,,,2.655,0.0,0.0,0.0,0.0,-2.3,20.563,-5.203,,0.0,0.9451,38.560,31.895,31.895,38.560,69.755,0.000,,,,,0.95983,,64,,,,,,170.23,,,,,,,170.23,,,,695.3,,,,,,,,,,,666.8,,,,,,0.457,100.000,,,,,,1891.33,,1890.70,2689.14,,,167.39,101.67,,,,,,,,,,,,,0.457,0.000,64,2,2,,,,,,,,217,0,,,,,,,,,99.999,,52.60,52.64,,,,
426.497,,0,0,0,256,0,0,0,0,0,0,0,0,1,0,0,0,0,0,,,,,,,,,,,,,,,,,,,,,,3872.5,,,,,685.8,,,,1.00266,1.00266,196.41,,,21.2520,,0.0,,0.2990,21.4855,11.3,11.3,11.3,11.3,9.0,9.0,,,,,,,,,,,,,2.328,0.300,3.874,0.000,2.318,,,,,,,,2.639,0.0,0.0,0.0,0.0,-2.3,20.297,-4.656,,0.0,0.9419,38.620,31.940,31.940,38.620,68.915,0.000,,,,,0.95929,,64,,,,,,171.94,,,,,,,171.94,,,,694.8,,,,,,,,,,,675.3,,,,,,0.457,100.000,,,,,,1910.16,,1913.91,2690.86,,,171.26,100.59,,,,,,,,,,,,,0.457,0.000,64,2,2,,,,,,,,217,0,,,,,,,,,99.999,,52.87,52.95,,,,
426.506,,0,0,0,256,0,0,0,0,0,0,0,0,1,0,0,0,0,0,,,,,,,,,,,,,,,,,,,,,,3880.5,,,,,685.8,,,,1.00266,1.00266,195.61,,,21.3000,,0.0,,0.2955,21.5025,11.3,11.3,11.3,11.3,9.0,11.3,,,,,,,,,,,,,2.328,0.300,3.874,0.000,2.318,,,,,,,,2.606,0.0,0.0,0.0,0.0,-2.3,20.125,-5.031,,0.0,0.9448,38.665,31.745,31.745,38.665,67.180,0.000,,,,,0.95852,,64,,,,,,172.90,,,,,,,172.90,,,,694.8,,,,,,,,,,,690.0,,,,,,0.457,100.000,,,,,,1922.73,,1922.34,2684.06,,,171.26,99.33,,,,,,,,,,,,,0.457,0.000,64,2,2,,,,,,,,217,0,,,,,,,,,99.999,,52.87,52.95,,,,
426.519,,0,0,0,256,0,0,0,0,0,0,0,0,1,0,0,0,0,0,,,,,,,,,,,,,,,,,,,,,,3893.5,,,,,699.7,,,,1.00266,1.00266,198.52,,,21.3380,,0.0,,0.2915,21.5195,11.3,11.3,11.3,11.3,9.0,11.3,,,,,,,,,,,,,2.415,0.300,3.874,0.000,2.372,,,,,,,,2.623,0.0,0.0,0.0,0.0,-2.3,20.250,-4.719,,0.0,0.9485,38.470,31.595,31.595,38.470,66.265,0.000,,,,,0.95996,,64,,,,,,174.42,,,,,,,174.42,,,,694.1,,,,,,,,,,,685.8,,,,,,0.457,100.000,,,,,,1941.25,,1941.33,2685.78,,,173.46,99.61,,,,,,,,,,,,,0.457,0.000,64,2,2,,,,,,,,217,0,,,,,,,,,99.999,,53.19,53.34,,,,
426.531,,0,0,0,256,0,0,0,0,0,0,0,0,1,0,0,0,0,0,,,,,,,,,,,,,,,,,,,,,,3916.5,,,,,699.7,,,,1.00266,1.00266,200.06,,,21.4220,,0.0,,0.2865,21.5365,10.5,11.3,11.3,11.3,8.3,8.3,,,,,,,,,,,,,2.415,0.300,2.359,2.623,2.372,,,,,,,,2.624,0.0,0.0,0.0,0.0,-2.3,20.016,-4.219,,0.0,0.9487,38.335,31.630,31.630,38.335,64.785,0.000,,,,,0.96179,,64,,,,,,176.74,,,,,,,176.74,,,,694.1,,,,,,,,,,,712.7,,,,,,0.457,100.000,,,,,,1965.00,,1966.56,2687.58,,,173.46,99.66,,,,,,,,,,,,,0.457,0.000,64,2,2,,,,,,,,217,0,,,,,,,,,99.999,,53.19,53.34,,,,
426.547,12.0,0,0,0,256,0,0,0,0,0,0,0,0,1,0,0,0,0,0,993.4,992.3,973.9,9.8,0.0,0.0,0.03,1,0,0.996,0.996,-1.1,-1.1,4.375,0.00,1000.0,1000.0,1000.0,1028.7,1000.0,886.65,3934.0,60.152,504.2,0.0,9.8,717.0,0.02727,0.00,0.00,1.00266,1.00266,200.48,2,47.0,21.3760,0.4395,0.0,50.3,0.2835,21.5685,10.5,10.5,10.5,10.5,8.3,10.5,12.0,0.0,0.00,0.01128,0,0,0,1,98,98,98,98,2.476,0.300,2.359,2.623,2.460,992.3,1000.0,1000.0,992.3,1000.0,0.0,18.74,2.618,0.0,0.0,0.0,0.0,-2.3,20.000,-4.266,0.0,0.0,0.9390,38.425,31.990,31.990,38.425,64.260,0.000,0.9375,0.9531,0.0000,496.1,0.96328,0.099093,64,100.000,1028.7,0.0,1000.0,1000.0,178.36,248.51,463.7,0.99942,1535.98,400.01,0.99939,178.36,400.01,248.48,248.48,693.0,-200.0,-17.1,39.82,39.821,772.3,442.5,680.0,642.4,176.13,0.0,718.7,46.153,0.0,0,993.4,993.4,0.457,100.000,990.86,0,1.3621,0.406,1012.97,1996.48,22.11,1999.22,2706.02,2683.91,52.97,175.76,99.00,306.00,390.75,100.0,0,27.55,35.3,94.5,70.5,37,0,82.14,24.0,0.457,0.000,64,2,2,992.3,1028.7,992.3,993.4,1000.0,1029.8,463.2,217,0,46.378,46.484,1000.0,2000.0,62.137,99.127,100.000,46.162,99.999,12.9,53.66,53.66,52.34,52.20,0.0,0.16
426.557,,0,0,0,256,0,0,0,0,0,0,0,0,1,0,0,0,0,0,,,,,,,,,,,,,,,,,,,,,,3967.5,,,,,726.4,,,,1.00266,1.00266,199.92,,,21.6200,,0.0,,0.2745,21.5845,10.5,10.5,10.5,10.5,8.3,8.3,,,,,,,,,,,,,2.476,0.300,2.359,2.623,2.460,,,,,,,,2.586,0.0,0.0,0.0,0.0,-2.3,19.813,-3.750,,0.0,0.9307,38.785,31.795,31.795,38.785,61.235,0.000,,,,,0.96188,,64,,,,,,180.77,,,,,,,180.77,,,,692.0,,,,,,,,,,,730.1,,,,,,0.457,100.000,,,,,,2023.28,,2025.55,2683.98,,,178.52,97.22,,,,,,,,,,,,,0.457,0.000,64,2,2,,,,,,,,217,0,,,,,,,,,99.999,,53.93,53.91,,,,
426.567,,0,0,0,256,0,0,0,0,0,0,0,0,1,0,0,0,0,0,,,,,,,,,,,,,,,,,,,,,,3977.0,,,,,726.4,,,,1.00266,1.00266,202.97,,,21.5160,,0.0,,0.2735,21.6000,10.5,10.5,10.5,10.5,8.3,10.5,,,,,,,,,,,,,2.476,0.300,2.359,2.623,2.460,,,,,,,,2.631,0.0,0.0,0.0,0.0,-2.3,19.719,-4.078,,0.0,0.9248,38.580,31.245,31.245,38.580,58.495,0.000,,,,,0.95947,,64,,,,,,182.04,,,,,,,182.04,,,,692.0,,,,,,,,,,,746.3,,,,,,0.457,100.000,,,,,,2036.02,,2035.08,2686.02,,,178.52,98.91,,,,,,,,,,,,,0.457,0.000,64,2,2,,,,,,,,217,0,,,,,,,,,99.999,,53.93,53.91,,,,
426.577,,0,0,0,256,0,0,0,0,0,0,0,0,1,0,0,0,0,0,,,,,,,,,,,,,,,,,,,,,,3986.0,,,,,751.8,,,,1.00266,1.00266,204.05,,,21.5920,,0.0,,0.2705,21.6145,10.5,10.5,10.5,10.5,8.3,10.5,,,,,,,,,,,,,2.549,0.300,2.359,2.623,2.540,,,,,,,,2.658,0.0,0.0,0.0,0.0,-2.3,19.922,-3.797,,0.0,0.9197,38.025,31.300,31.300,38.025,57.315,0.000,,,,,0.95746,,64,,,,,,183.30,,,,,,,183.30,,,,692.1,,,,,,,,,,,738.9,,,,,,0.457,100.000,,,,,,2053.91,,2057.19,2688.91,,,182.39,99.52,,,,,,,,,,,,,0.457,0.000,64,2,2,,,,,,,,217,0,,,,,,,,,97.075,,54.18,54.25,,,,
426.588,,0,0,0,256,0,0,0,0,0,0,0,0,1,0,0,0,0,0,,,,,,,,,,,,,,,,,,,,,,4001.5,,,,,751.8,,,,1.00266,1.00266,205.97,,,21.5360,,0.0,,0.2710,21.6290,10.5,10.5,10.5,10.5,8.3,8.3,,,,,,,,,,,,,2.549,0.300,2.359,2.623,2.540,,,,,,,,2.666,0.0,0.0,0.0,0.0,-2.3,19.766,-3.391,,0.0,0.9148,38.065,31.370,31.370,38.065,56.730,0.000,,,,,0.95666,,64,,,,,,186.30,,,,,,,186.30,,,,692.1,,,,,,,,,,,777.7,,,,,,0.457,100.000,,,,,,2087.11,,2085.63,2691.02,,,182.39,99.80,,,,,,,,,,,,,0.457,0.000,64,2,2,,,,,,,,216,0,,,,,,,,,95.340,,54.18,54.25,,,,
426.597,,0,0,0,256,0,0,0,0,0,0,0,0,1,0,0,0,0,0,,,,,,,,,,,,,,,,,,,,,,4010.0,,,,,770.9,,,,1.00266,0.99942,206.30,,,21.6780,,0.0,,0.2665,21.6430,10.5,10.5,10.5,10.5,8.3,10.5,,,,,,,,,,,,,2.549,0.300,2.359,2.623,2.540,,,,,,,,2.684,0.0,0.0,0.0,0.0,-2.3,19.719,-3.734,,0.0,0.9126,38.095,31.420,31.420,38.095,55.165,0.000,,,,,0.95587,,64,,,,,,187.13,,,,,,,187.13,,,,691.2,,,,,,,,,,,760.3,,,,,,0.457,100.000,,,,,,2095.55,,2097.19,2692.81,,,186.14,100.08,,,,,,,,,,,,,0.457,0.000,64,2,2,,,,,,,,216,0,,,,,,,,,94.794,,54.73,54.72,,,,
426.607,,0,0,0,256,0,0,0,0,0,0,0,0,1,0,0,0,0,0,,,,,,,,,,,,,,,,,,,,,,4026.5,,,,,770.9,,,,1.00266,0.99942,208.13,,,21.7340,,0.0,,0.2615,21.6565,10.5,10.5,10.5,10.5,8.3,10.5,,,,,,,,,,,,,2.628,0.300,2.359,2.623,2.607,,,,,,,,2.693,0.0,0.0,0.0,0.0,-2.3,19.906,-3.578,,0.0,0.9128,38.075,31.305,31.305,38.075,49.500,0.000,,,,,0.95572,,64,,,,,,189.84,,,,,,,189.84,,,,691.2,,,,,,,,,,,792.9,,,,,,0.457,100.000,,,,,,2127.11,,2123.52,2684.06,,,186.14,100.41,,,,,,,,,,,,,0.457,0.000,64,2,2,,,,,,,,216,0,,,,,,,,,93.259,,54.73,54.72,,,,
426.620,,0,0,0,256,0,0,0,0,0,0,0,0,1,0,0,0,0,0,,,,,,,,,,,,,,,,,,,,,,4043.5,,,,,799.5,,,,1.00266,0.99942,218.81,,,21.6020,,0.0,,0.2645,21.6695,10.5,10.5,10.5,10.5,8.3,8.3,,,,,,,,,,,,,2.628,0.300,2.359,2.623,2.607,,,,,,,,2.811,0.0,0.0,0.0,0.0,-2.3,19.734,-3.281,,0.0,0.9116,37.885,31.080,31.080,37.885,46.400,0.000,,,,,0.95645,,64,,,,,,191.18,,,,,,,191.18,,,,689.6,,,,,,,,,,,787.6,,,,,,0.457,100.000,,,,,,2147.81,,2150.94,2688.59,,,190.71,104.39,,,,,,,,,,,,,0.457,0.000,64,2,2,,,,,,,,216,0,,,,,,,,,87.575,,55.00,55.11,,,,
426.630,,0,0,0,256,0,0,0,0,0,0,0,0,1,0,0,0,0,0,,,,,,,,,,,,,,,,,,,,,,4047.5,,,,,799.5,,,,1.00266,0.99942,221.58,,,21.5540,,0.0,,0.2695,21.6820,10.5,9.8,9.8,10.5,8.3,9.8,,,,,,,,,,,,,2.628,0.300,2.628,2.811,2.607,,,,,,,,2.862,0.0,0.0,0.0,0.0,-2.3,19.672,-3.719,,0.0,0.9128,37.575,31.195,31.195,37.575,45.395,0.000,,,,,0.95660,,64,,,,,,192.61,,,,,,,192.61,,,,689.6,,,,,,,,,,,803.8,,,,,,0.457,100.000,,,,,,2162.34,,2160.39,2694.77,,,190.71,106.31,,,,,,,,,,,,,0.457,0.000,64,2,2,,,,,,,,216,0,,,,,,,,,84.285,,55.00,55.11,,,,
426.640,,0,0,0,256,0,0,0,0,0,0,0,0,1,0,0,0,0,0,,,,,,,,,,,,,,,,,,,,,,4054.0,,,,,812.6,,,,1.00266,0.99942,223.88,,,21.5640,,0.0,,0.2730,21.6940,10.5,9.8,9.8,9.8,7.5,9.8,,,,,,,,,,,,,2.840,0.300,2.628,2.811,2.822,,,,,,,,2.903,0.0,0.0,0.0,0.0,-2.3,19.828,-3.563,,0.0,0.9128,37.570,31.350,31.350,37.570,43.375,0.000,,,,,0.95785,,64,,,,,,194.70,,,,,,,194.70,,,,689.5,,,,,,,,,,,810.1,,,,,,0.457,100.000,,,,,,2186.64,,2185.70,2698.28,,,193.38,107.20,,,,,,,,,,,,,0.457,0.000,64,2,2,,,,,,,,216,0,,,,,,,,,82.970,,55.13,55.26,,,,
426.651,,0,0,0,256,0,0,0,0,0,0,0,0,1,0,0,0,0,0,,,,,,,,,,,,,,,,,,,,,,4079.0,,,,,812.6,,,,1.00266,0.99942,227.02,,,21.6500,,0.0,,0.2695,21.7055,9.8,9.8,9.8,9.8,7.5,7.5,,,,,,,,,,,,,2.840,0.300,2.628,2.811,2.822,,,,,,,,2.939,0.0,0.0,0.0,0.0,-2.3,19.656,-3.234,,0.0,0.9111,37.555,31.440,31.440,37.555,41.350,0.000,,,,,0.95825,,64,,,,,,197.63,,,,,,,197.63,,,,689.5,,,,,,,,,,,838.0,,,,,,0.457,100.000,,,,,,2218.59,,2214.14,2703.83,,,193.38,108.52,,,,,,,,,,,,,0.457,0.000,64,2,2,,,,,,,,216,0,,,,,,,,,80.945,,55.13,55.26,,,,
426.657,10.5,0,0,0,256,0,0,0,0,0,0,0,0,1,0,0,0,0,0,992.9,992.3,984.0,9.8,0.0,0.0,0.03,1,0,0.996,0.996,-0.6,-0.6,4.500,0.06,1000.0,1000.0,1000.0,1029.9,1000.0,891.46,4091.0,60.152,507.9,0.0,9.8,835.9,0.02769,0.00,0.00,1.00266,0.99942,225.75,2,46.0,21.5460,0.2215,0.0,47.5,0.2755,21.7165,9.8,9.8,9.8,9.8,7.5,9.8,10.5,0.0,0.00,0.00006,0,0,0,1,98,98,98,98,2.840,0.300,2.628,2.811,2.906,992.3,1000.0,1000.0,992.3,1000.0,0.0,18.74,2.903,0.0,0.0,0.0,0.0,-2.3,19.578,-3.609,0.0,0.0,0.9124,37.640,31.540,31.540,37.640,38.560,0.000,0.9219,0.9219,0.0000,455.3,0.95886,0.098227,64,100.000,1029.9,0.0,1000.0,1000.0,198.66,247.66,495.0,0.99942,1535.98,400.01,0.99939,198.66,400.01,247.64,247.64,687.7,-200.0,-13.0,41.51,41.516,893.3,442.2,680.0,642.1,185.51,0.0,817.0,48.747,0.0,0,992.9,992.9,0.457,100.000,985.94,0,1.4072,0.406,1012.97,2242.58,27.03,2237.34,2683.91,2706.02,81.52,196.48,106.55,306.00,390.75,99.6,0,27.65,35.3,94.5,70.5,37,0,82.14,24.0,0.457,0.000,64,2,2,992.3,1030.1,992.3,992.9,1000.0,1030.7,491.5,216,0,49.503,49.722,1000.0,2000.0,62.250,99.127,100.000,49.039,78.905,12.8,55.65,55.65,53.34,53.59,0.0,0.39
426.667,,0,0,0,256,0,0,0,0,0,0,0,0,1,0,0,0,0,0,,,,,,,,,,,,,,,,,,,,,,4089.5,,,,,835.9,,,,1.00266,0.99942,239.81,,,21.4880,,0.0,,0.2825,21.7270,9.8,9.8,9.8,9.0,6.8,9.0,,,,,,,,,,,,,3.063,0.300,2.628,2.811,2.906,,,,,,,,3.105,0.0,0.0,0.0,0.0,-2.3,19.766,-3.406,,0.0,0.9128,37.615,31.045,31.045,37.615,34.525,0.000,,,,,0.95910,,64,,,,,,200.09,,,,,,,200.09,,,,687.7,,,,,,,,,,,845.4,,,,,,0.457,100.000,,,,,,2257.42,,2252.11,2691.02,,,196.48,114.00,,,,,,,,,,,,,0.457,0.000,64,2,2,,,,,,,,216,0,,,,,,,,,76.199,,55.65,55.65,,,,
426.677,,0,0,0,256,0,0,0,0,0,0,0,0,1,0,0,0,0,0,,,,,,,,,,,,,,,,,,,,,,4117.5,,,,,862.2,,,,1.00266,0.99942,241.41,,,21.6680,,0.0,,0.2760,21.7375,9.0,9.8,9.8,9.0,6.8,6.8,,,,,,,,,,,,,3.063,0.300,2.628,2.811,2.906,,,,,,,,3.134,0.0,0.0,0.0,0.0,-2.3,19.625,-3.047,,0.0,0.9104,36.985,31.220,31.220,36.985,31.620,0.000,,,,,0.95977,,64,,,,,,203.06,,,,,,,203.06,,,,687.0,,,,,,,,,,,865.5,,,,,,0.457,100.000,,,,,,2289.61,,2288.91,2696.56,,,201.30,113.67,,,,,,,,,,,,,0.457,0.000,64,2,2,,,,,,,,216,0,,,,,,,,,72.139,,55.93,55.88,,,,
426.688,,0,0,0,256,0,0,0,0,0,0,0,0,1,0,0,0,0,0,,,,,,,,,,,,,,,,,,,,,,4128.0,,,,,862.2,,,,1.00266,0.99942,244.13,,,21.5640,,0.0,,0.2800,21.7475,9.0,9.0,9.0,9.0,6.8,9.0,,,,,,,,,,,,,3.063,0.300,2.628,2.811,3.139,,,,,,,,3.187,0.0,0.0,0.0,0.0,-2.3,19.781,-3.438,,0.0,0.9070,37.145,31.360,31.360,37.145,30.650,0.000,,,,,0.96200,,64,,,,,,203.81,,,,,,,203.81,,,,687.0,,,,,,,,,,,860.7,,,,,,0.457,100.000,,,,,,2312.11,,2315.31,2706.17,,,201.30,115.59,,,,,,,,,,,,,0.457,0.000,64,2,2,,,,,,,,216,0,,,,,,,,,68.604,,55.93,55.88,,,,
426.697,,0,0,0,256,0,0,0,0,0,0,0,0,1,0,0,0,0,0,,,,,,,,,,,,,,,,,,,,,,4131.0,,,,,875.1,,,,1.00266,0.99942,245.20,,,21.4600,,0.0,,0.2895,21.7570,9.0,9.0,9.0,9.0,6.8,9.0,,,,,,,,,,,,,3.161,0.300,2.628,2.811,3.139,,,,,,,,3.204,0.0,0.0,0.0,0.0,-2.3,20.000,-3.219,,0.0,0.9016,37.195,31.600,31.600,37.195,28.765,0.000,,,,,0.96374,,64,,,,,,205.41,,,,,,,205.41,,,,686.6,,,,,,,,,,,875.9,,,,,,0.457,100.000,,,,,,2328.52,,2332.11,2712.42,,,204.14,115.50,,,,,,,,,,,,,0.457,0.000,64,2,2,,,,,,,,216,0,,,,,,,,,67.795,,56.45,56.38,,,,
426.706,,0,0,0,256,0,0,0,0,0,0,0,0,1,0,0,0,0,0,,,,,,,,,,,,,,,,,,,,,,4153.0,,,,,875.1,,,,1.00266,0.99942,248.86,,,21.4880,,0.0,,0.2930,21.7660,8.3,8.3,9.0,9.0,6.0,8.3,,,,,,,,,,,,,3.161,0.300,2.628,2.811,3.139,,,,,,,,3.240,0.0,0.0,0.0,0.0,-2.3,19.859,-3.313,,0.0,0.8953,37.275,31.715,31.715,37.275,24.955,0.000,,,,,0.96441,,64,,,,,,208.97,,,,,,,208.97,,,,686.6,,,,,,,,,,,902.5,,,,,,0.457,100.000,,,,,,2365.78,,2363.75,2683.91,,,204.14,116.77,,,,,,,,,,,,,0.457,0.000,64,2,2,,,,,,,,216,0,,,,,,,,,65.959,,56.45,56.38,,,,
426.719,,0,0,0,256,0,0,0,0,0,0,0,0,1,0,0,0,0,0,,,,,,,,,,,,,,,,,,,,,,4171.0,,,,,902.3,,,,1.00266,0.99942,256.88,,,21.6400,,0.0,,0.2855,21.7745,8.3,8.3,8.3,9.0,6.0,8.3,,,,,,,,,,,,,3.161,0.300,2.628,2.811,3.320,,,,,,,,3.393,0.0,0.0,0.0,0.0,-2.3,19.984,-3.750,,0.0,0.8931,37.315,31.025,31.025,37.315,20.140,0.000,,,,,0.96441,,64,,,,,,210.70,,,,,,,210.70,,,,683.2,,,,,,,,,,,908.9,,,,,,0.457,100.000,,,,,,2392.89,,2393.20,2692.66,,,207.89,121.17,,,,,,,,,,,,,0.457,0.000,64,2,2,,,,,,,,216,0,,,,,,,,,62.230,,56.72,56.64,,,,
426.730,,0,0,0,256,0,0,0,0,0,0,0,0,1,0,0,0,0,0,,,,,,,,,,,,,,,,,,,,,,4177.0,,,,,902.3,,,,1.00266,0.99942,260.58,,,21.5160,,0.0,,0.2905,21.7830,8.3,8.3,8.3,8.3,6.0,8.3,,,,,,,,,,,,,3.341,0.300,3.223,3.393,3.320,,,,,,,,3.419,0.0,0.0,0.0,0.0,-2.3,20.141,-3.547,,0.0,0.8845,36.595,31.235,31.235,36.595,18.700,0.000,,,,,0.96963,,64,,,,,,213.87,,,,,,,213.87,,,,683.2,,,,,,,,,,,909.3,,,,,,0.457,100.000,,,,,,2424.92,,2422.73,2697.97,,,207.89,122.11,,,,,,,,,,,,,0.457,0.000,64,2,2,,,,,,,,216,0,,,,,,,,,57.454,,56.72,56.64,,,,
426.743,,0,0,0,256,0,0,0,0,0,0,0,0,1,0,0,0,0,0,,,,,,,,,,,,,,,,,,,,,,4167.0,,,,,930.4,,,,1.00266,0.99942,261.84,,,21.4880,,0.0,,0.2955,21.7915,7.5,7.5,8.3,8.3,6.0,7.5,,,,,,,,,,,,,3.341,0.300,3.223,3.393,3.320,,,,,,,,3.477,0.0,0.0,0.0,0.0,-2.3,20.078,-3.656,,0.0,0.8757,36.675,31.365,31.365,36.675,14.700,0.000,,,,,0.96709,,64,,,,,,215.55,,,,,,,215.55,,,,683.0,,,,,,,,,,,932.6,,,,,,0.457,100.000,,,,,,2442.27,,2439.61,2693.36,,,213.66,122.63,,,,,,,,,,,,,0.457,0.000,64,2,2,,,,,,,,216,0,,,,,,,,,55.295,,57.30,57.39,,,,
426.757,9.8,0,0,0,256,0,0,0,0,0,0,0,0,1,0,0,0,0,0,993.1,992.8,991.4,9.8,0.0,0.0,0.03,1,0,0.996,0.996,-0.3,-0.3,4.750,0.03,1000.0,1000.0,1000.0,1032.8,1000.0,900.25,4207.5,60.152,511.2,0.0,9.8,947.3,0.02856,0.00,0.00,1.00266,0.99942,268.17,2,46.0,21.4220,0.1380,0.0,50.8,0.2995,21.8065,7.5,7.5,7.5,7.5,5.3,7.5,9.8,-0.8,0.00,0.00296,0,0,0,1,98,98,98,98,3.448,0.300,3.223,3.393,3.431,992.8,1000.0,1000.0,992.8,1000.0,0.0,18.74,3.585,0.0,0.0,0.0,0.0,-2.3,20.266,-3.781,0.0,0.0,0.8669,36.615,31.475,31.475,36.615,11.055,0.000,0.8281,0.8672,0.0000,553.0,0.96947,0.096954,64,78.905,1032.8,0.0,1000.0,1000.0,220.76,241.57,539.9,0.99942,1535.98,400.01,0.99939,220.76,400.01,241.55,241.55,680.3,-200.0,-7.7,43.05,43.056,1056.0,441.9,680.0,641.8,198.44,0.0,929.7,53.462,0.0,0,993.1,993.1,0.457,100.000,976.95,0,1.5533,0.410,1012.97,2505.94,36.02,2500.70,2684.06,2683.91,90.75,216.52,125.30,312.75,390.75,98.4,0,27.74,35.3,94.5,70.5,37,0,82.14,24.0,0.457,0.000,64,2,2,992.8,1032.5,992.8,993.1,1000.0,1032.8,536.6,216,0,53.990,54.088,1000.0,2000.0,62.207,99.178,100.000,53.574,47.949,12.8,57.41,57.56,55.30,55.51,0.0,0.49
426.767,,0,0,0,256,0,0,0,0,0,0,0,0,1,0,0,0,0,0,,,,,,,,,,,,,,,,,,,,,,4203.5,,,,,947.3,,,,1.00266,0.99942,275.39,,,21.3380,,0.0,,0.3120,21.8140,6.8,6.8,7.5,7.5,5.3,6.8,,,,,,,,,,,,,3.448,0.300,3.223,3.393,3.431,,,,,,,,3.681,0.0,0.0,0.0,0.0,-2.3,20.172,-3.766,,0.0,0.8621,36.665,31.015,31.015,36.665,5.565,0.000,,,,,0.97002,,64,,,,,,222.30,,,,,,,222.30,,,,680.3,,,,,,,,,,,967.3,,,,,,0.457,100.000,,,,,,2521.80,,2518.59,2678.91,,,216.52,128.63,,,,,,,,,,,,,0.457,0.000,64,2,2,,,,,,,,216,0,,,,,,,,,47.670,,57.41,57.56,,,,
426.777,,0,0,0,256,0,0,0,0,0,0,0,0,1,0,0,0,0,0,,,,,,,,,,,,,,,,,,,,,,4229.0,,,,,976.4,,,,1.00266,0.99942,276.42,,,21.3380,,0.0,,0.3195,21.8210,6.8,6.8,6.8,6.8,5.3,6.8,,,,,,,,,,,,,3.448,0.300,3.223,3.393,3.621,,,,,,,,3.728,0.0,0.0,0.0,0.0,-2.3,20.234,-4.016,,0.0,0.8574,36.195,30.890,30.890,36.195,3.520,0.000,,,,,0.97106,,64,,,,,,223.22,,,,,,,223.22,,,,679.7,,,,,,,,,,,961.3,,,,,,0.457,100.000,,,,,,2545.47,,2546.02,2690.70,,,222.07,128.86,,,,,,,,,,,,,0.457,0.000,64,2,2,,,,,,,,216,0,,,,,,,,,42.229,,57.87,57.93,,,,
426.787,,0,0,0,256,0,0,0,0,0,0,0,0,1,0,0,0,0,0,,,,,,,,,,,,,,,,,,,,,,4270.5,,,,,976.4,,,,1.00113,1.00113,281.34,,,21.3840,,0.0,,0.3205,21.8275,6.8,6.8,6.8,6.8,4.5,4.5,,,,,,,,,,,,,3.653,0.300,3.223,3.393,3.621,,,,,,,,3.798,0.0,0.0,0.0,0.0,-2.3,20.094,-3.484,,0.0,0.8457,35.990,31.170,31.170,35.990,1.945,0.000,,,,,0.97237,,64,,,,,,226.45,,,,,,,226.45,,,,679.7,,,,,,,,,,,1008.5,,,,,,0.457,100.000,,,,,,2586.80,,2582.89,2697.73,,,222.07,131.25,,,,,,,,,,,,,0.457,0.000,64,2,2,,,,,,,,212,0,,,,,,,,,39.714,,57.87,57.93,,,,
426.797,,0,0,0,256,0,0,0,0,0,0,0,0,1,0,0,0,0,0,,,,,,,,,,,,,,,,,,,,,,4281.5,,,,,1010.7,,,,1.00113,1.00113,282.19,,,21.2240,,0.0,,0.3320,21.8340,6.8,6.8,6.8,6.8,4.5,6.8,,,,,,,,,,,,,3.653,0.300,3.223,3.393,3.621,,,,,,,,3.845,0.0,0.0,0.0,0.0,-2.3,20.047,-3.391,,0.0,0.8403,36.230,31.335,31.335,36.230,1.410,0.000,,,,,0.97085,,64,,,,,,227.95,,,,,,,227.95,,,,676.7,,,,,,,,,,,991.7,,,,,,0.457,100.000,,,,,,2613.05,,2616.56,2707.27,,,226.78,131.34,,,,,,,,,,,,,0.457,0.000,64,2,2,,,,,,,,212,0,,,,,,,,,37.935,,58.18,58.13,,,,
426.806,,0,0,0,256,0,0,0,0,0,0,0,0,1,0,0,0,0,0,,,,,,,,,,,,,,,,,,,,,,4279.5,,,,,1010.7,,,,1.00113,1.00113,284.11,,,21.2900,,0.0,,0.3355,21.8405,6.8,6.8,6.0,6.0,4.5,6.0,,,,,,,,,,,,,3.763,0.300,3.223,3.393,3.742,,,,,,,,3.850,0.0,0.0,0.0,0.0,-2.3,20.172,-3.000,,0.0,0.8411,36.365,31.490,31.490,36.365,1.195,0.000,,,,,0.97271,,64,,,,,,230.06,,,,,,,230.06,,,,676.7,,,,,,,,,,,1025.8,,,,,,0.457,100.000,,,,,,2650.39,,2647.11,2683.91,,,226.78,131.53,,,,,,,,,,,,,0.457,0.000,64,2,2,,,,,,,,212,0,,,,,,,,,37.639,,58.18,58.13,,,,
426.819,,0,0,0,256,0,0,0,0,0,0,0,0,1,0,0,0,0,0,,,,,,,,,,,,,,,,,,,,,,4309.0,,,,,1026.5,,,,1.00113,1.00113,286.97,,,21.3840,,0.0,,0.3310,21.8465,6.0,6.8,6.0,6.0,3.8,3.8,,,,,,,,,,,,,3.763,0.300,3.223,3.393,3.742,,,,,,,,3.936,0.0,0.0,0.0,0.0,-2.3,20.047,-2.563,,0.0,0.8364,36.545,30.965,30.965,36.470,0.710,0.000,,,,,0.97335,,64,,,,,,231.68,,,,,,,231.68,,,,675.5,,,,,,,,,,,1030.1,,,,,,0.457,100.000,,,,,,2667.27,,2665.00,2687.50,,,229.80,133.17,,,,,,,,,,,,,0.457,0.000,64,2,2,,,,,,,,212,0,,,,,,,,,37.560,,58.64,58.53,,,,
426.830,,0,0,0,256,0,0,0,0,0,0,0,0,1,0,0,0,0,0,,,,,,,,,,,,,,,,,,,,,,4313.0,,,,,1026.5,,,,1.00113,1.00113,289.88,,,21.1580,,0.0,,0.3445,21.8520,6.0,6.0,6.0,6.0,3.8,6.0,,,,,,,,,,,,,3.763,0.300,3.742,3.959,3.742,,,,,,,,3.988,0.0,0.0,0.0,0.0,-1.5,20.000,-2.531,,0.0,0.8306,36.030,31.045,31.045,36.030,0.000,0.000,,,,,0.97347,,64,,,,,,233.48,,,,,,,233.48,,,,675.5,,,,,,,,,,,1025.9,,,,,,0.457,100.000,,,,,,2698.44,,2693.44,2692.27,,,229.80,134.91,,,,,,,,,,,,,0.457,0.000,64,2,2,,,,,,,,212,0,,,,,,,,,37.180,,58.64,58.53,,,,
426.844,,0,0,0,256,0,0,0,0,0,0,0,0,1,0,0,0,0,0,,,,,,,,,,,,,,,,,,,,,,4322.0,,,,,1055.0,,,,1.00113,1.00113,290.58,,,21.3660,,0.0,,0.3390,21.8580,6.0,6.0,6.0,6.0,4.5,6.0,,,,,,,,,,,,,3.867,0.300,3.742,3.959,3.839,,,,,,,,4.017,0.0,0.0,0.0,0.0,-1.5,20.141,-2.203,,0.0,0.8289,36.140,31.150,31.150,36.030,-2.130,0.000,,,,,0.97441,,64,,,,,,234.96,,,,,,,234.96,,,,674.1,,,,,,,,,,,1029.3,,,,,,0.457,100.000,,,,,,2722.66,,2722.97,2691.48,,,233.53,134.48,,,,,,,,,,,,,0.457,0.000,64,2,2,,,,,,,,212,0,,,,,,,,,36.029,,59.06,58.91,,,,
426.857,7.5,0,0,0,256,0,0,0,0,0,0,0,0,1,0,0,0,0,0,992.9,992.9,995.4,9.8,0.0,0.0,0.06,1,0,0.996,0.996,0.0,0.0,5.218,0.01,1000.0,1000.0,1000.0,1034.8,1000.0,903.46,4365.5,60.152,512.5,0.0,9.8,1076.4,0.02965,0.00,0.00,1.00113,1.00113,295.88,2,46.0,21.0920,0.2970,0.0,56.0,0.3610,21.8685,5.3,5.3,5.3,6.0,4.5,5.3,7.5,-0.8,0.00,0.00000,0,0,0,1,98,98,98,98,3.867,0.300,3.742,3.959,3.937,992.9,1000.0,1000.0,992.9,1000.0,0.0,18.74,4.128,0.0,0.0,0.0,0.0,-1.5,20.094,-2.250,0.0,0.0,0.8252,36.385,31.285,31.285,35.905,-3.555,0.000,0.7969,0.8125,0.0000,685.4,0.97765,0.095855,64,47.950,1034.8,0.0,1000.0,1000.0,237.82,235.95,576.7,0.99942,1535.98,400.01,0.99939,237.82,400.01,235.92,235.92,671.4,-200.0,-0.3,44.98,44.983,1258.6,441.8,680.0,641.7,216.45,0.0,1034.4,57.625,0.0,0,992.9,992.9,0.457,100.000,966.88,0,1.7227,0.414,1012.97,2766.02,46.09,2766.17,2683.75,2684.06,100.88,236.13,137.34,312.75,390.75,97.6,0,27.95,35.3,94.5,70.5,37,0,82.14,24.0,0.457,0.000,64,2,2,992.9,1034.7,992.9,992.9,1000.0,1034.7,576.1,212,0,57.675,57.715,1000.0,2000.0,61.324,99.187,100.000,57.550,32.430,12.8,59.58,59.53,57.44,57.39,0.0,0.20
426.866,,0,0,0,256,0,0,0,0,0,0,0,0,1,0,0,0,0,0,,,,,,,,,,,,,,,,,,,,,,4380.5,,,,,1076.4,,,,1.00113,1.00113,295.45,,,21.1580,,0.0,,0.3635,21.8730,5.3,5.3,5.3,5.3,3.8,5.3,,,,,,,,,,,,,3.953,0.300,3.742,3.959,3.937,,,,,,,,4.093,0.0,0.0,0.0,0.0,-1.5,20.156,-1.922,,0.0,0.8254,36.555,30.885,30.885,35.825,-6.400,0.000,,,,,0.97795,,64,,,,,,238.85,,,,,,,238.85,,,,671.4,,,,,,,,,,,1049.5,,,,,,0.457,100.000,,,,,,2776.88,,2775.63,2678.83,,,236.13,136.17,,,,,,,,,,,,,0.457,0.000,64,2,2,,,,,,,,212,0,,,,,,,,,32.349,,59.58,59.53,,,,
426.876,,0,0,0,256,0,0,0,0,0,0,0,0,1,0,0,0,0,0,,,,,,,,,,,,,,,,,,,,,,4420.0,,,,,1103.3,,,,1.00113,1.00113,299.58,,,21.1300,,0.0,,0.3675,21.8780,5.3,5.3,5.3,5.3,3.8,5.3,,,,,,,,,,,,,3.953,0.300,3.742,3.959,3.937,,,,,,,,4.224,0.0,0.0,0.0,0.0,-1.5,20.063,-1.828,,0.0,0.8281,36.275,30.780,30.780,35.680,-7.825,0.000,,,,,0.97975,,64,,,,,,240.33,,,,,,,240.33,,,,669.9,,,,,,,,,,,1053.6,,,,,,0.457,100.000,,,,,,2793.75,,2797.73,2680.78,,,239.91,139.08,,,,,,,,,,,,,0.457,0.000,64,2,2,,,,,,,,212,0,,,,,,,,,29.424,,59.86,59.89,,,,
426.887,,0,0,0,256,0,0,0,0,0,0,0,0,1,0,0,0,0,0,,,,,,,,,,,,,,,,,,,,,,4442.0,,,,,1103.3,,,,1.00113,1.00113,301.64,,,21.0640,,0.0,,0.3745,21.8825,5.3,5.3,5.3,5.3,3.8,5.3,,,,,,,,,,,,,3.953,0.300,3.742,3.959,4.043,,,,,,,,4.236,0.0,0.0,0.0,0.0,-1.5,20.109,-2.063,,0.0,0.8279,36.235,30.820,30.820,35.500,-9.245,0.000,,,,,0.98216,,64,,,,,,242.13,,,,,,,242.13,,,,669.9,,,,,,,,,,,1060.0,,,,,,0.457,100.000,,,,,,2809.22,,2811.48,2677.89,,,239.91,139.50,,,,,,,,,,,,,0.457,0.000,64,2,2,,,,,,,,212,0,,,,,,,,,27.855,,59.86,59.89,,,,
426.897,,0,0,0,256,0,0,0,0,0,0,0,0,1,0,0,0,0,0,,,,,,,,,,,,,,,,,,,,,,4475.0,,,,,1124.0,,,,1.00113,1.00113,304.17,,,21.1300,,0.0,,0.3750,21.8870,4.5,5.3,5.3,4.5,3.0,3.0,,,,,,,,,,,,,4.063,0.300,3.742,3.959,4.043,,,,,,,,4.297,0.0,0.0,0.0,0.0,-1.5,20.016,-1.500,,0.0,0.8301,36.375,30.755,30.755,35.290,-10.670,0.000,,,,,0.98375,,64,,,,,,243.91,,,,,,,243.91,,,,667.7,,,,,,,,,,,1086.9,,,,,,0.457,100.000,,,,,,2824.53,,2832.50,2674.14,,,243.45,140.63,,,,,,,,,,,,,0.457,0.000,64,2,2,,,,,,,,212,0,,,,,,,,,26.254,,60.29,60.24,,,,
426.906,,0,0,0,256,0,0,0,0,0,0,0,0,1,0,0,0,0,0,,,,,,,,,,,,,,,,,,,,,,4466.0,,,,,1124.0,,,,1.00113,1.00113,306.94,,,20.9120,,0.0,,0.3900,21.8915,4.5,4.5,5.3,4.5,3.0,4.5,,,,,,,,,,,,,4.063,0.300,3.742,3.959,4.043,,,,,,,,4.335,0.0,0.0,0.0,0.0,-1.5,20.000,-1.391,,0.0,0.8337,36.280,30.565,30.565,35.035,-11.380,0.000,,,,,0.98552,,64,,,,,,245.65,,,,,,,245.65,,,,667.7,,,,,,,,,,,1082.9,,,,,,0.457,100.000,,,,,,2838.67,,2843.05,2683.91,,,243.45,141.89,,,,,,,,,,,,,0.457,0.000,64,2,2,,,,,,,,212,0,,,,,,,,,24.619,,60.29,60.24,,,,
426.920,,0,0,0,256,0,0,0,0,0,0,0,0,1,0,0,0,0,0,,,,,,,,,,,,,,,,,,,,,,4457.0,,,,,1145.0,,,,1.00113,1.00113,309.70,,,20.9680,,0.0,,0.3955,21.8955,4.5,4.5,4.5,4.5,3.0,4.5,,,,,,,,,,,,,4.202,0.300,3.742,3.959,4.189,,,,,,,,4.374,0.0,0.0,0.0,0.0,-1.5,20.188,-0.969,,0.0,0.8369,36.135,30.770,30.770,34.765,-11.380,0.000,,,,,0.98829,,64,,,,,,246.42,,,,,,,246.42,,,,665.1,,,,,,,,,,,1075.1,,,,,,0.457,100.000,,,,,,2843.67,,2848.36,2684.61,,,246.16,142.08,,,,,,,,,,,,,0.457,0.000,64,2,2,,,,,,,,212,0,,,,,,,,,23.654,,60.77,60.77,,,,
426.931,,0,0,0,256,0,0,0,0,0,0,0,0,1,0,0,0,0,0,,,,,,,,,,,,,,,,,,,,,,4489.5,,,,,1145.0,,,,1.00113,1.00113,312.56,,,21.0440,,0.0,,0.3940,21.8995,4.5,4.5,4.5,4.5,3.0,3.0,,,,,,,,,,,,,4.202,0.300,4.131,4.374,4.189,,,,,,,,4.420,0.0,0.0,0.0,0.0,-1.5,20.125,-0.531,,0.0,0.8398,36.385,30.785,30.785,34.495,-11.380,0.000,,,,,0.99107,,64,,,,,,247.66,,,,,,,247.66,,,,665.1,,,,,,,,,,,1087.5,,,,,,0.457,100.000,,,,,,2851.95,,2855.70,2684.14,,,246.16,143.58,,,,,,,,,,,,,0.457,0.000,64,2,2,,,,,,,,212,0,,,,,,,,,23.384,,60.77,60.77,,,,
426.947,5.3,0,0,0,256,0,0,0,0,0,0,0,0,1,0,0,0,0,0,993.3,993.5,997.8,9.8,0.0,0.0,0.03,1,0,0.996,0.996,0.2,0.2,5.468,0.00,1000.0,1000.0,1000.0,1037.4,1000.0,911.24,4502.0,60.152,513.1,0.0,9.8,1161.3,0.03090,0.00,0.00,1.00113,1.00113,313.22,2,46.0,21.0540,0.7065,0.0,60.2,0.4025,21.9065,4.5,4.5,5.3,5.3,3.8,5.3,5.3,0.0,0.00,0.00000,0,0,0,1,98,98,98,98,4.255,0.300,4.131,4.374,4.249,993.5,1000.0,1000.0,993.5,1000.0,0.0,18.74,4.449,0.0,0.0,0.0,0.0,-1.5,20.188,-0.516,0.0,0.0,0.8413,36.400,30.840,30.840,33.955,-11.380,0.000,0.7969,0.7969,0.0000,786.2,0.99482,0.095131,64,32.430,1037.4,0.0,1000.0,1000.0,247.57,232.17,603.2,0.99942,1535.98,400.01,0.99939,247.57,400.01,232.15,232.15,662.6,-200.0,8.6,46.84,46.846,1452.7,442.0,680.0,641.9,237.34,0.0,1070.8,60.484,0.0,0,993.3,993.3,0.457,100.000,954.61,0,1.9354,0.414,1012.97,2852.50,58.36,2855.70,2690.00,2683.75,108.66,247.99,143.63,321.00,390.75,97.3,0,28.14,35.3,94.5,70.5,37,0,82.14,24.0,0.457,0.000,64,2,2,993.5,1037.4,993.5,993.3,1000.0,1037.2,602.5,212,0,60.326,60.132,1000.0,2000.0,60.484,99.248,100.000,60.208,22.844,12.8,61.28,61.17,59.22,59.25,0.0,0.64
426.959,,0,0,0,256,0,0,0,0,0,0,0,0,1,0,0,0,0,0,,,,,,,,,,,,,,,,,,,,,,4515.0,,,,,1170.8,,,,1.00113,1.00113,315.05,,,20.7800,,0.0,,0.4180,21.9100,5.3,5.3,5.3,5.3,3.8,5.3,,,,,,,,,,,,,4.255,0.300,4.131,4.374,4.249,,,,,,,,4.494,0.0,0.0,0.0,0.0,-1.5,20.172,-0.484,,0.0,0.8430,36.440,30.895,30.895,33.685,-11.380,0.000,,,,,0.99784,,64,,,,,,248.48,,,,,,,248.48,,,,660.4,,,,,,,,,,,1086.3,,,,,,0.457,100.000,,,,,,2856.88,,2859.92,2683.83,,,248.13,144.33,,,,,,,,,,,,,0.457,0.000,64,2,2,,,,,,,,212,0,,,,,,,,,22.574,,61.68,61.57,,,,
426.967,,0,0,0,256,0,0,0,0,0,0,0,0,1,0,0,0,0,0,,,,,,,,,,,,,,,,,,,,,,4544.0,,,,,1170.8,,,,1.00113,1.00113,320.39,,,21.0440,,0.0,,0.4100,21.9135,5.3,5.3,5.3,5.3,3.8,5.3,,,,,,,,,,,,,4.255,0.300,4.131,4.374,4.333,,,,,,,,4.601,0.0,0.0,0.0,0.0,-1.5,20.188,-0.875,,0.0,0.8425,36.480,30.770,30.770,33.415,-12.095,0.000,,,,,0.99942,,64,,,,,,248.27,,,,,,,248.27,,,,660.4,,,,,,,,,,,1079.5,,,,,,0.457,100.000,,,,,,2854.77,,2857.81,2681.41,,,248.13,147.80,,,,,,,,,,,,,0.457,0.000,64,2,2,,,,,,,,212,0,,,,,,,,,22.304,,61.68,61.57,,,,
426.977,,0,0,0,256,0,0,0,0,0,0,0,0,1,0,0,0,0,0,,,,,,,,,,,,,,,,,,,,,,4570.0,,,,,1178.0,,,,1.00113,1.00113,319.03,,,20.7800,,0.0,,0.4245,21.9170,5.3,5.3,5.3,5.3,3.8,3.8,,,,,,,,,,,,,4.328,0.300,4.131,4.374,4.333,,,,,,,,4.568,0.0,0.0,0.0,0.0,-1.5,20.031,-0.422,,0.0,0.8418,36.330,30.715,30.715,33.130,-12.095,0.000,,,,,1.00138,,64,,,,,,248.23,,,,,,,248.23,,,,658.1,,,,,,,,,,,1092.4,,,,,,0.457,100.000,,,,,,2853.98,,2859.92,2680.78,,,248.39,146.20,,,,,,,,,,,,,0.457,0.000,64,2,2,,,,,,,,212,0,,,,,,,,,21.320,,62.49,62.40,,,,
426.987,,0,0,0,256,0,0,0,0,0,0,0,0,1,0,0,0,0,0,,,,,,,,,,,,,,,,,,,,,,4568.0,,,,,1178.0,,,,1.00113,1.00113,320.95,,,20.7800,,0.0,,0.4325,21.9200,5.3,5.3,5.3,5.3,3.8,5.3,,,,,,,,,,,,,4.328,0.300,4.131,4.374,4.333,,,,,,,,4.616,0.0,0.0,0.0,0.0,-1.5,19.938,-0.313,,0.0,0.8357,36.275,30.705,30.705,32.845,-12.095,0.000,,,,,1.00333,,64,,,,,,248.32,,,,,,,248.32,,,,658.1,,,,,,,,,,,1090.4,,,,,,0.457,100.000,,,,,,2853.83,,2858.91,2679.61,,,248.39,147.75,,,,,,,,,,,,,0.457,0.000,64,2,2,,,,,,,,213,0,,,,,,,,,21.034,,62.49,62.40,,,,
426.996,,0,0,0,256,0,0,0,0,0,0,0,0,1,0,0,0,0,0,,,,,,,,,,,,,,,,,,,,,,4585.5,,,,,1187.0,,,,1.00113,1.00113,319.59,,,20.8640,,0.0,,0.4325,21.9230,5.3,5.3,5.3,5.3,3.8,5.3,,,,,,,,,,,,,4.352,0.300,4.131,4.374,4.338,,,,,,,,4.594,0.0,0.0,0.0,0.0,-1.5,20.094,0.109,,0.0,0.8340,36.245,30.680,30.680,32.560,-12.095,0.000,,,,,1.00397,,64,,,,,,248.11,,,,,,,248.11,,,,655.4,,,,,,,,,,,1084.1,,,,,,0.457,100.000,,,,,,2849.61,,2850.47,2678.98,,,248.98,146.44,,,,,,,,,,,,,0.457,0.000,64,2,2,,,,,,,,213,0,,,,,,,,,20.749,,62.58,62.70,,,,
427.006,,0,0,0,256,0,0,0,0,0,0,0,0,1,0,0,0,0,0,,,,,,,,,,,,,,,,,,,,,,4617.5,,,,,1187.0,,,,1.00113,1.00113,322.17,,,20.7240,,0.0,,0.4425,21.9260,5.3,5.3,5.3,5.3,3.8,3.8,,,,,,,,,,,,,4.352,0.300,4.131,4.374,4.338,,,,,,,,4.652,0.0,0.0,0.0,0.0,-1.5,20.031,0.609,,0.0,0.8315,36.190,30.755,30.755,32.265,-12.015,0.000,,,,,1.00586,,64,,,,,,248.63,,,,,,,248.63,,,,655.4,,,,,,,,,,,1094.6,,,,,,0.457,100.000,,,,,,2848.36,,2850.47,2683.91,,,248.98,148.31,,,,,,,,,,,,,0.457,0.000,64,2,2,,,,,,,,213,0,,,,,,,,,20.464,,62.58,62.70,,,,
427.019,,0,0,0,256,0,0,0,0,0,0,0,0,1,0,0,0,0,0,,,,,,,,,,,,,,,,,,,,,,4638.5,,,,,1201.5,,,,1.00113,1.00113,321.42,,,20.9020,,0.0,,0.4380,21.9285,5.3,5.3,5.3,5.3,3.8,5.3,,,,,,,,,,,,,4.352,0.300,4.131,4.374,4.364,,,,,,,,4.641,0.0,0.0,0.0,0.0,-1.5,20.156,0.359,,0.0,0.8257,36.255,30.855,30.855,31.970,-11.310,0.000,,,,,1.00760,,64,,,,,,248.63,,,,,,,248.63,,,,652.9,,,,,,,,,,,1102.7,,,,,,0.457,100.000,,,,,,2846.33,,2843.05,2682.58,,,248.81,147.23,,,,,,,,,,,,,0.457,0.000,64,2,2,,,,,,,,213,0,,,,,,,,,20.250,,63.12,62.97,,,,
427.031,,0,0,0,256,0,0,0,0,0,0,0,0,1,0,0,0,0,0,,,,,,,,,,,,,,,,,,,,,,4669.5,,,,,1201.5,,,,1.00113,1.00113,320.63,,,20.8080,,0.0,,0.4425,21.9315,5.3,5.3,5.3,5.3,3.8,5.3,,,,,,,,,,,,,4.353,0.300,4.359,4.641,4.364,,,,,,,,4.622,0.0,0.0,0.0,0.0,-1.5,20.281,0.719,,0.0,0.8252,36.325,30.825,30.825,31.690,-10.605,0.000,,,,,1.00769,,64,,,,,,248.41,,,,,,,248.41,,,,652.9,,,,,,,,,,,1102.4,,,,,,0.457,100.000,,,,,,2842.34,,2836.72,2681.64,,,248.81,146.63,,,,,,,,,,,,,0.457,0.000,64,2,2,,,,,,,,213,0,,,,,,,,,20.659,,63.12,62.97,,,,
427.041,,0,0,0,256,0,0,0,0,0,0,0,0,1,0,0,0,0,0,,,,,,,,,,,,,,,,,,,,,,4677.5,,,,,1213.7,,,,1.00113,1.00113,322.31,,,20.9680,,0.0,,0.4360,21.9340,5.3,5.3,5.3,5.3,3.8,5.3,,,,,,,,,,,,,4.353,0.300,4.359,4.641,4.364,,,,,,,,4.686,0.0,0.0,0.0,0.0,-1.5,20.250,0.797,,0.0,0.8213,36.280,30.810,30.810,31.430,-10.605,0.000,,,,,1.01046,,64,,,,,,248.23,,,,,,,248.23,,,,650.4,,,,,,,,,,,1112.3,,,,,,0.457,100.000,,,,,,2839.53,,2829.38,2683.67,,,247.92,147.94,,,,,,,,,,,,,0.457,0.000,64,2,2,,,,,,,,213,0,,,,,,,,,21.085,,63.51,63.43,,,,
427.056,5.3,0,0,0,256,0,0,0,0,0,0,0,0,1,0,0,0,0,0,991.2,991.6,999.1,9.8,0.0,0.0,0.03,1,0,0.996,0.996,0.4,0.4,5.812,0.02,1000.0,1000.0,1000.0,1038.2,1000.0,917.94,4695.0,60.152,514.4,0.0,9.8,1213.1,0.03173,0.00,0.00,1.00113,1.00113,320.44,2,46.0,20.9780,0.9165,0.0,63.3,0.4355,21.9390,5.3,5.3,5.3,5.3,3.8,3.8,5.3,0.8,0.00,0.00000,0,0,0,1,98,98,98,98,4.354,0.300,4.359,4.641,4.352,991.6,1000.0,1000.0,991.6,1000.0,0.0,18.74,4.656,0.0,0.0,0.0,0.0,-1.5,20.219,0.969,0.0,0.0,0.8142,36.285,30.975,30.975,30.920,-9.090,0.000,0.7891,0.7891,0.0000,870.7,1.01013,0.095818,64,22.845,1038.2,0.0,1000.0,1000.0,247.57,233.32,615.2,0.99942,1535.98,400.01,0.99939,247.57,400.01,233.30,233.30,647.6,-200.0,17.4,48.29,48.297,1603.2,442.3,680.0,642.2,254.49,0.0,1105.9,60.040,0.0,0,991.2,991.2,0.457,100.000,942.70,0,2.1035,0.418,1012.93,2830.94,70.23,2816.72,2683.91,2690.00,113.11,246.59,146.53,321.00,390.75,98.4,0,28.26,35.3,94.5,69.8,37,0,82.14,24.0,0.457,0.000,64,2,2,991.6,1038.4,991.6,991.2,1000.0,1038.0,614.2,213,0,61.530,61.595,1000.0,2000.0,60.040,99.057,100.000,61.397,21.274,12.8,63.96,63.87,60.92,61.01,0.0,0.52
427.067,,0,0,0,256,0,0,0,0,0,0,0,0,1,0,0,0,0,0,,,,,,,,,,,,,,,,,,,,,,4698.5,,,,,1213.1,,,,1.00113,1.00113,320.58,,,21.0740,,0.0,,0.4295,21.9410,5.3,5.3,5.3,5.3,3.8,5.3,,,,,,,,,,,,,4.354,0.300,4.359,4.641,4.352,,,,,,,,4.670,0.0,0.0,0.0,0.0,-1.5,20.156,0.656,,0.0,0.8076,36.405,30.975,30.975,30.690,-8.390,0.000,,,,,1.01162,,64,,,,,,246.80,,,,,,,246.80,,,,647.6,,,,,,,,,,,1094.7,,,,,,0.457,100.000,,,,,,2821.48,,2810.39,2684.38,,,246.59,147.00,,,,,,,,,,,,,0.457,0.000,64,2,2,,,,,,,,213,0,,,,,,,,,21.829,,63.96,63.87,,,,
427.076,,0,0,0,256,0,0,0,0,0,0,0,0,1,0,0,0,0,0,,,,,,,,,,,,,,,,,,,,,,4709.5,,,,,1211.3,,,,1.00113,1.00113,318.61,,,20.9600,,0.0,,0.4340,21.9435,5.3,5.3,5.3,5.3,3.8,5.3,,,,,,,,,,,,,4.303,0.300,4.359,4.641,4.316,,,,,,,,4.645,0.0,0.0,0.0,0.0,-1.5,20.172,0.984,,0.0,0.8062,36.395,30.985,30.985,30.475,-7.690,0.000,,,,,1.01111,,64,,,,,,246.07,,,,,,,246.07,,,,644.8,,,,,,,,,,,1097.6,,,,,,0.457,100.000,,,,,,2814.77,,2796.72,2694.38,,,244.92,145.69,,,,,,,,,,,,,0.457,0.000,64,2,2,,,,,,,,213,0,,,,,,,,,22.299,,64.45,64.31,,,,
427.086,,0,0,0,256,0,0,0,0,0,0,0,0,1,0,0,0,0,0,,,,,,,,,,,,,,,,,,,,,,4730.0,,,,,1211.3,,,,1.00113,1.00113,317.02,,,21.2240,,0.0,,0.4210,21.9455,5.3,5.3,5.3,5.3,3.8,5.3,,,,,,,,,,,,,4.303,0.300,4.359,4.641,4.316,,,,,,,,4.619,0.0,0.0,0.0,0.0,-1.5,20.094,1.219,,0.0,0.8042,36.385,31.190,31.190,30.280,-6.295,0.000,,,,,1.01187,,64,,,,,,244.71,,,,,,,244.71,,,,644.8,,,,,,,,,,,1080.6,,,,,,0.457,100.000,,,,,,2798.59,,2788.28,2699.84,,,244.92,144.89,,,,,,,,,,,,,0.457,0.000,64,2,2,,,,,,,,213,0,,,,,,,,,22.784,,64.45,64.31,,,,
427.097,,0,0,0,256,0,0,0,0,0,0,0,0,1,0,0,0,0,0,,,,,,,,,,,,,,,,,,,,,,4757.5,,,,,1206.0,,,,1.00113,1.00113,314.39,,,21.0440,,0.0,,0.4265,21.9475,5.3,5.3,6.0,6.0,3.8,6.0,,,,,,,,,,,,,4.303,0.300,4.359,4.641,4.234,,,,,,,,4.588,0.0,0.0,0.0,0.0,-1.5,20.141,1.047,,0.0,0.8010,36.560,31.300,31.300,30.120,-4.895,0.000,,,,,1.01254,,64,,,,,,242.63,,,,,,,242.63,,,,641.7,,,,,,,,,,,1087.0,,,,,,0.457,100.000,,,,,,2789.45,,2773.52,2712.97,,,241.15,143.67,,,,,,,,,,,,,0.457,0.000,64,2,2,,,,,,,,213,0,,,,,,,,,23.984,,64.98,65.06,,,,
427.106,,0,0,0,256,0,0,0,0,0,0,0,0,1,0,0,0,0,0,,,,,,,,,,,,,,,,,,,,,,4769.5,,,,,1206.0,,,,1.00113,1.00113,312.33,,,21.3000,,0.0,,0.4140,21.9495,6.8,5.3,6.0,6.8,5.3,5.3,,,,,,,,,,,,,4.199,0.300,4.359,4.641,4.234,,,,,,,,4.573,0.0,0.0,0.0,0.0,-1.5,20.125,1.734,,0.0,0.7998,36.660,31.665,31.665,29.990,-3.455,0.000,,,,,1.01269,,64,,,,,,240.23,,,,,,,240.23,,,,641.7,,,,,,,,,,,1074.5,,,,,,0.457,100.000,,,,,,2777.50,,2762.97,2683.75,,,241.15,143.20,,,,,,,,,,,,,0.457,0.000,64,2,2,,,,,,,,213,0,,,,,,,,,25.224,,64.98,65.06,,,,
427.118,,0,0,0,256,0,0,0,0,0,0,0,0,1,0,0,0,0,0,,,,,,,,,,,,,,,,,,,,,,4780.0,,,,,1197.3,,,,1.00113,1.00113,309.84,,,21.1680,,0.0,,0.4170,21.9515,6.8,6.8,6.8,6.8,5.3,6.8,,,,,,,,,,,,,4.199,0.300,4.359,4.641,4.234,,,,,,,,4.538,0.0,0.0,0.0,0.0,-1.5,20.125,1.641,,0.0,0.7944,37.015,31.085,31.085,29.895,-4.145,0.000,,,,,1.01324,,64,,,,,,238.76,,,,,,,238.76,,,,639.5,,,,,,,,,,,1073.7,,,,,,0.457,100.000,,,,,,2767.27,,2753.52,2690.08,,,237.35,141.70,,,,,,,,,,,,,0.457,0.000,64,2,2,,,,,,,,213,0,,,,,,,,,26.534,,65.16,65.31,,,,
427.131,,0,0,0,256,0,0,0,0,0,0,0,0,1,0,0,0,0,0,,,,,,,,,,,,,,,,,,,,,,4795.5,,,,,1197.3,,,,1.00113,1.00113,305.91,,,21.3560,,0.0,,0.4075,21.9530,6.8,6.8,6.8,6.8,5.3,6.8,,,,,,,,,,,,,4.096,0.300,4.115,4.497,4.115,,,,,,,,4.476,0.0,0.0,0.0,0.0,-1.5,20.234,2.109,,0.0,0.7939,36.415,31.210,31.210,29.785,-2.765,0.000,,,,,1.01245,,64,,,,,,236.09,,,,,,,236.09,,,,639.5,,,,,,,,,,,1047.8,,,,,,0.457,100.000,,,,,,2751.33,,2737.73,2693.44,,,237.35,139.78,,,,,,,,,,,,,0.457,0.000,64,2,2,,,,,,,,213,0,,,,,,,,,25.749,,65.16,65.31,,,,
427.140,,0,0,0,256,0,0,0,0,0,0,0,0,1,0,0,0,0,0,,,,,,,,,,,,,,,,,,,,,,4817.5,,,,,1179.8,,,,1.00113,1.00113,303.47,,,21.1960,,0.0,,0.4140,21.9550,6.8,6.8,6.8,6.8,5.3,6.8,,,,,,,,,,,,,4.096,0.300,4.115,4.497,4.115,,,,,,,,4.435,0.0,0.0,0.0,0.0,-1.5,20.188,2.297,,0.0,0.7917,36.520,31.275,31.275,29.710,-2.070,0.000,,,,,1.01294,,64,,,,,,234.09,,,,,,,234.09,,,,637.9,,,,,,,,,,,1059.0,,,,,,0.457,100.000,,,,,,2739.06,,2730.31,2701.72,,,232.99,138.66,,,,,,,,,,,,,0.457,0.000,64,2,2,,,,,,,,213,0,,,,,,,,,27.019,,65.81,65.81,,,,
427.149,3.8,0,0,0,256,0,0,0,0,0,0,0,0,1,0,0,0,0,0,991.9,992.3,999.8,9.9,0.0,0.0,0.03,1,0,0.996,0.996,0.4,0.4,6.343,0.00,1000.0,1000.0,1000.0,1041.8,1000.0,930.95,4823.5,60.152,516.6,0.0,9.9,1179.8,0.03228,0.00,0.00,1.00113,1.00113,303.47,2,46.0,21.3480,1.0025,0.0,64.9,0.4075,21.9565,6.8,6.8,6.8,6.8,5.3,6.8,3.8,0.8,0.00,0.00000,0,0,0,1,98,98,98,98,4.096,0.300,4.115,4.497,4.052,992.3,1000.0,1000.0,992.3,1000.0,0.0,18.74,4.435,0.0,0.0,0.0,0.0,-1.5,20.250,2.094,0.0,0.0,0.7864,36.580,31.440,31.440,29.655,-0.690,0.000,0.7813,0.7813,0.0000,931.2,1.01287,0.096006,64,21.275,1041.8,0.0,1000.0,1000.0,234.16,233.16,613.4,0.99942,1535.98,400.01,0.99939,234.16,400.01,233.13,233.13,637.9,-200.0,54.4,51.76,51.767,1714.8,490.2,702.0,690.1,254.88,0.0,1049.3,59.752,0.0,0,991.9,991.9,0.457,100.000,937.93,0,2.1282,0.422,1012.93,2723.28,75.00,2715.63,2676.02,2683.91,113.11,232.99,138.66,323.25,390.75,99.2,0,28.26,35.3,94.5,69.8,37,0,82.14,24.0,0.457,0.000,64,2,2,992.3,1041.5,992.3,991.9,1000.0,1041.1,613.4,213,0,61.343,60.809,1000.0,2000.0,59.752,99.127,100.000,61.316,27.640,12.8,65.81,65.81,63.58,63.65,0.0,0.60
427.157,,0,0,0,256,0,0,0,0,0,0,0,0,1,0,0,0,0,0,,,,,,,,,,,,,,,,,,,,,,4830.0,,,,,1177.0,,,,1.00113,1.00113,302.63,,,21.2140,,0.0,,0.4140,21.9585,7.5,6.8,6.8,7.5,6.0,6.0,,,,,,,,,,,,,4.026,0.300,4.115,4.497,4.052,,,,,,,,4.448,0.0,0.0,0.0,0.0,-1.5,20.156,2.688,,0.0,0.7874,36.740,31.025,31.025,29.640,-1.365,0.000,,,,,1.01175,,64,,,,,,232.29,,,,,,,232.29,,,,636.0,,,,,,,,,,,1044.9,,,,,,0.457,100.000,,,,,,2707.03,,2701.88,2683.83,,,231.84,139.31,,,,,,,,,,,,,0.457,0.000,64,2,2,,,,,,,,213,0,,,,,,,,,28.964,,66.27,66.10,,,,
427.167,,0,0,0,256,0,0,0,0,0,0,0,0,1,0,0,0,0,0,,,,,,,,,,,,,,,,,,,,,,4837.0,,,,,1177.0,,,,1.00113,1.00113,299.44,,,21.3000,,0.0,,0.4130,21.9600,7.5,7.5,7.5,7.5,6.0,7.5,,,,,,,,,,,,,4.026,0.300,4.115,4.497,4.052,,,,,,,,4.378,0.0,0.0,0.0,0.0,-1.5,20.109,2.484,,0.0,0.7834,36.315,31.180,31.180,29.605,0.000,0.000,,,,,1.01229,,64,,,,,,230.77,,,,,,,230.77,,,,636.0,,,,,,,,,,,1045.3,,,,,,0.457,100.000,,,,,,2696.02,,2689.30,2691.88,,,231.84,137.11,,,,,,,,,,,,,0.457,0.000,64,2,2,,,,,,,,213,0,,,,,,,,,28.275,,66.27,66.10,,,,
427.176,,0,0,0,256,0,0,0,0,0,0,0,0,1,0,0,0,0,0,,,,,,,,,,,,,,,,,,,,,,4873.0,,,,,1169.2,,,,1.00113,1.00113,297.33,,,21.2240,,0.0,,0.4180,21.9615,7.5,7.5,7.5,7.5,6.0,7.5,,,,,,,,,,,,,3.966,0.300,4.115,4.497,3.977,,,,,,,,4.331,0.0,0.0,0.0,0.0,-1.5,20.094,2.797,,0.0,0.7876,36.435,31.335,31.335,29.605,0.680,0.000,,,,,1.01144,,64,,,,,,229.69,,,,,,,229.69,,,,635.5,,,,,,,,,,,1049.3,,,,,,0.457,100.000,,,,,,2684.53,,2674.53,2681.64,,,229.27,135.89,,,,,,,,,,,,,0.457,0.000,64,2,2,,,,,,,,213,0,,,,,,,,,29.604,,66.66,66.48,,,,
427.187,,0,0,0,256,0,0,0,0,0,0,0,0,1,0,0,0,0,0,,,,,,,,,,,,,,,,,,,,,,4885.0,,,,,1169.2,,,,1.00113,1.00113,294.23,,,21.3000,,0.0,,0.4160,21.9630,7.5,7.5,7.5,7.5,6.0,7.5,,,,,,,,,,,,,3.966,0.300,4.115,4.497,3.977,,,,,,,,4.284,0.0,0.0,0.0,0.0,-1.5,20.063,3.094,,0.0,0.7905,36.580,31.135,31.135,29.620,0.680,0.000,,,,,1.01269,,64,,,,,,227.18,,,,,,,227.18,,,,635.5,,,,,,,,,,,1039.8,,,,,,0.457,100.000,,,,,,2671.88,,2665.00,2695.63,,,229.27,134.44,,,,,,,,,,,,,0.457,0.000,64,2,2,,,,,,,,214,0,,,,,,,,,30.284,,66.66,66.48,,,,
427.196,,0,0,0,256,0,0,0,0,0,0,0,0,1,0,0,0,0,0,,,,,,,,,,,,,,,,,,,,,,4900.0,,,,,1157.1,,,,1.00113,1.00113,291.75,,,21.2620,,0.0,,0.4185,21.9640,7.5,7.5,7.5,7.5,6.0,7.5,,,,,,,,,,,,,3.966,0.300,4.115,4.497,3.887,,,,,,,,4.230,0.0,0.0,0.0,0.0,-1.5,20.156,3.063,,0.0,0.7864,36.365,31.410,31.410,29.635,2.730,0.000,,,,,1.01379,,64,,,,,,225.14,,,,,,,225.14,,,,635.5,,,,,,,,,,,1034.2,,,,,,0.457,100.000,,,,,,2660.31,,2653.44,2697.66,,,224.65,133.22,,,,,,,,,,,,,0.457,0.000,64,2,2,,,,,,,,214,0,,,,,,,,,30.299,,67.32,67.32,,,,
427.207,,0,0,0,256,0,0,0,0,0,0,0,0,1,0,0,0,0,0,,,,,,,,,,,,,,,,,,,,,,4915.0,,,,,1157.1,,,,1.00113,1.00113,287.77,,,21.3660,,0.0,,0.4135,21.9655,8.3,7.5,7.5,8.3,6.8,6.8,,,,,,,,,,,,,3.851,0.300,4.115,4.497,3.887,,,,,,,,4.174,0.0,0.0,0.0,0.0,-1.5,20.156,3.766,,0.0,0.7869,36.640,31.540,31.540,29.715,3.375,0.000,,,,,1.01306,,64,,,,,,222.16,,,,,,,222.16,,,,635.5,,,,,,,,,,,1019.0,,,,,,0.457,100.000,,,,,,2641.72,,2637.66,2683.83,,,224.65,131.48,,,,,,,,,,,,,0.457,0.000,64,2,2,,,,,,,,214,0,,,,,,,,,32.364,,67.32,67.32,,,,
427.219,,0,0,0,256,0,0,0,0,0,0,0,0,1,0,0,0,0,0,,,,,,,,,,,,,,,,,,,,,,4929.5,,,,,1143.0,,,,1.00113,1.00113,287.44,,,21.3380,,0.0,,0.4135,21.9670,8.3,8.3,8.3,8.3,6.8,8.3,,,,,,,,,,,,,3.851,0.300,4.115,4.497,3.818,,,,,,,,4.155,0.0,0.0,0.0,0.0,-1.5,20.250,3.688,,0.0,0.7837,36.750,31.275,31.275,29.815,3.375,0.000,,,,,1.01333,,64,,,,,,221.72,,,,,,,221.72,,,,636.7,,,,,,,,,,,1022.0,,,,,,0.457,100.000,,,,,,2628.36,,2622.89,2680.47,,,221.51,131.34,,,,,,,,,,,,,0.457,0.000,64,2,2,,,,,,,,214,0,,,,,,,,,33.089,,67.54,67.75,,,,
427.231,,0,0,0,256,0,0,0,0,0,0,0,0,1,0,0,0,0,0,,,,,,,,,,,,,,,,,,,,,,4963.0,,,,,1143.0,,,,1.00113,1.00113,283.83,,,21.3380,,0.0,,0.4140,21.9680,8.3,8.3,8.3,8.3,6.8,8.3,,,,,,,,,,,,,3.798,0.300,3.816,4.155,3.818,,,,,,,,4.099,0.0,0.0,0.0,0.0,-1.5,20.297,4.125,,0.0,0.7859,36.455,31.210,31.210,29.915,4.050,0.000,,,,,1.01254,,64,,,,,,219.30,,,,,,,219.30,,,,636.7,,,,,,,,,,,1009.7,,,,,,0.457,100.000,,,,,,2612.81,,2608.13,2679.69,,,221.51,129.56,,,,,,,,,,,,,0.457,0.000,64,2,2,,,,,,,,214,0,,,,,,,,,33.189,,67.54,67.75,,,,
427.241,,0,0,0,256,0,0,0,0,0,0,0,0,1,0,0,0,0,0,,,,,,,,,,,,,,,,,,,,,,4971.0,,,,,1139.1,,,,1.00113,1.00113,288.23,,,21.3480,,0.0,,0.4150,21.9695,8.3,8.3,8.3,8.3,6.8,8.3,,,,,,,,,,,,,3.798,0.300,3.816,4.155,3.818,,,,,,,,4.138,0.0,0.0,0.0,0.0,-1.5,20.250,4.297,,0.0,0.7864,36.365,31.195,31.195,30.035,4.725,0.000,,,,,1.01321,,64,,,,,,222.47,,,,,,,222.47,,,,639.4,,,,,,,,,,,1018.1,,,,,,0.457,100.000,,,,,,2600.00,,2597.58,2679.45,,,218.81,131.63,,,,,,,,,,,,,0.457,0.000,64,2,2,,,,,,,,214,0,,,,,,,,,33.965,,67.98,68.01,,,,
427.250,,0,0,0,256,0,0,0,0,0,0,0,0,1,0,0,0,0,0,,,,,,,,,,,,,,,,,,,,,,4998.0,,,,,1139.1,,,,1.00113,1.00113,287.11,,,21.2800,,0.0,,0.4200,21.9705,8.3,8.3,8.3,8.3,6.8,8.3,,,,,,,,,,,,,3.791,0.300,3.816,4.155,3.809,,,,,,,,4.139,0.0,0.0,0.0,0.0,-1.5,20.234,4.563,,0.0,0.7871,36.325,31.190,31.190,30.175,6.075,0.000,,,,,1.01351,,64,,,,,,220.71,,,,,,,220.71,,,,639.4,,,,,,,,,,,1008.9,,,,,,0.457,100.000,,,,,,2581.48,,2582.89,2640.47,,,218.81,131.67,,,,,,,,,,,,,0.457,0.000,64,2,2,,,,,,,,214,0,,,,,,,,,34.760,,67.98,68.01,,,,
427.257,6.0,0,0,0,256,0,0,0,0,0,0,0,0,1,0,0,0,0,0,991.7,992.2,1000.0,9.9,0.0,0.0,0.03,1,0,0.996,0.996,0.5,0.5,6.625,0.00,1000.0,1000.0,1000.0,1044.1,1000.0,935.36,4995.0,60.152,515.5,0.0,9.9,1144.8,0.03232,0.00,0.00,1.00113,1.00113,283.73,2,47.0,21.3660,0.7070,0.0,62.6,0.4180,21.9715,8.3,8.3,8.3,8.3,6.8,6.8,6.0,0.8,0.00,0.00921,0,0,0,1,98,98,98,98,3.791,0.300,3.816,4.155,3.809,992.2,1000.0,1000.0,992.2,1000.0,0.0,18.74,4.040,0.0,0.0,0.0,0.0,-1.5,20.141,5.063,0.0,0.0,0.7910,36.325,30.570,30.570,30.360,4.005,0.000,0.7813,0.7813,0.0000,899.5,1.01388,0.095809,64,28.965,1044.1,0.0,1000.0,1000.0,218.74,229.85,594.8,0.99942,1535.98,400.01,0.99939,218.74,400.01,229.83,229.83,643.6,-200.0,95.6,59.76,59.769,1669.4,633.9,731.6,833.8,291.91,0.0,1027.5,59.052,0.0,0,991.7,991.7,0.457,100.000,942.30,0,2.0570,0.426,1012.93,2571.95,70.63,2576.56,2683.91,2683.83,106.13,219.82,129.75,323.25,390.75,98.4,0,28.05,34.5,94.5,69.8,37,0,82.14,24.0,0.457,0.000,64,2,2,992.2,1044.0,992.2,991.7,1000.0,1043.5,596.6,214,0,59.482,59.268,1000.0,2000.0,59.052,99.118,100.000,59.648,36.249,12.8,68.24,68.37,66.03,66.14,0.0,0.28
427.266,,0,0,0,256,0,0,0,0,0,0,0,0,1,0,0,0,0,0,,,,,,,,,,,,,,,,,,,,,,5012.5,,,,,1144.8,,,,1.00113,1.00113,282.56,,,21.3000,,0.0,,0.4215,21.9725,8.3,8.3,8.3,8.3,6.8,8.3,,,,,,,,,,,,,3.791,0.300,3.816,4.155,3.742,,,,,,,,4.016,0.0,0.0,0.0,0.0,-1.5,20.156,4.781,,0.0,0.7842,35.700,31.395,31.395,32.590,2.405,0.000,,,,,1.01516,,64,,,,,,217.90,,,,,,,217.90,,,,643.6,,,,,,,,,,,1028.0,,,,,,0.457,100.000,,,,,,2562.42,,2563.91,2683.75,,,219.82,129.00,,,,,,,,,,,,,0.457,0.000,64,2,2,,,,,,,,214,0,,,,,,,,,34.364,,68.24,68.37,,,,
427.277,,0,0,0,256,0,0,0,0,0,0,0,0,1,0,0,0,0,0,,,,,,,,,,,,,,,,,,,,,,5027.5,,,,,1142.7,,,,1.00113,1.00113,282.00,,,21.4880,,0.0,,0.4125,21.9735,9.0,8.3,9.0,9.0,7.5,7.5,,,,,,,,,,,,,3.735,0.300,3.816,4.155,3.742,,,,,,,,3.975,0.0,0.0,0.0,0.0,-1.5,20.094,5.359,,0.0,0.7881,36.525,31.395,31.395,36.525,2.405,0.000,,,,,1.01355,,64,,,,,,217.59,,,,,,,217.59,,,,650.0,,,,,,,,,,,1036.9,,,,,,0.457,100.000,,,,,,2555.94,,2554.45,2685.78,,,217.71,128.86,,,,,,,,,,,,,0.457,0.000,64,2,2,,,,,,,,214,0,,,,,,,,,34.995,,68.74,68.60,,,,
427.287,,0,0,0,256,0,0,0,0,0,0,0,0,1,0,0,0,0,0,,,,,,,,,,,,,,,,,,,,,,5049.5,,,,,1142.7,,,,1.00113,1.00113,280.13,,,21.4040,,0.0,,0.4135,21.9745,9.8,9.8,9.8,9.0,7.5,9.8,,,,,,,,,,,,,3.735,0.300,3.816,4.155,3.742,,,,,,,,3.950,0.0,0.0,0.0,0.0,-1.5,20.094,5.656,,0.0,0.7869,36.525,31.430,31.430,36.525,2.890,0.000,,,,,1.01464,,64,,,,,,215.86,,,,,,,215.86,,,,650.0,,,,,,,,,,,1021.6,,,,,,0.457,100.000,,,,,,2546.95,,2546.02,2686.95,,,217.71,128.02,,,,,,,,,,,,,0.457,0.000,64,2,2,,,,,,,,214,0,,,,,,,,,38.930,,68.74,68.60,,,,
427.297,,0,0,0,256,0,0,0,0,0,0,0,0,1,0,0,0,0,0,,,,,,,,,,,,,,,,,,,,,,5055.0,,,,,1143.6,,,,1.00113,1.00113,279.38,,,21.4800,,0.0,,0.4050,21.9755,9.8,9.8,9.8,9.8,8.3,9.8,,,,,,,,,,,,,3.685,0.300,3.816,4.155,3.700,,,,,,,,3.892,0.0,0.0,0.0,0.0,-1.5,20.234,6.047,,0.0,0.7854,36.560,31.455,31.455,36.560,3.980,0.000,,,,,1.01455,,64,,,,,,215.32,,,,,,,215.32,,,,657.6,,,,,,,,,,,1023.9,,,,,,0.457,100.000,,,,,,2537.19,,2531.25,2689.06,,,215.30,127.69,,,,,,,,,,,,,0.457,0.000,64,2,2,,,,,,,,214,0,,,,,,,,,39.415,,69.08,69.16,,,,
427.306,,0,0,0,256,0,0,0,0,0,0,0,0,1,0,0,0,0,0,,,,,,,,,,,,,,,,,,,,,,5066.5,,,,,1143.6,,,,1.00113,1.00113,278.72,,,21.5160,,0.0,,0.4020,21.9765,9.8,9.8,9.8,9.8,8.3,9.8,,,,,,,,,,,,,3.685,0.300,3.816,4.155,3.700,,,,,,,,3.880,0.0,0.0,0.0,0.0,-1.5,20.250,6.219,,0.0,0.7834,36.585,31.730,31.730,36.585,4.445,0.000,,,,,1.01431,,64,,,,,,214.95,,,,,,,214.95,,,,657.6,,,,,,,,,,,1028.2,,,,,,0.457,100.000,,,,,,2529.06,,2528.05,2683.83,,,215.30,127.31,,,,,,,,,,,,,0.457,0.000,64,2,2,,,,,,,,214,0,,,,,,,,,40.540,,69.08,69.16,,,,
427.318,,0,0,0,256,0,0,0,0,0,0,0,0,1,0,0,0,0,0,,,,,,,,,,,,,,,,,,,,,,5100.0,,,,,1143.3,,,,1.00113,1.00113,277.78,,,21.5360,,0.0,,0.4000,21.9775,9.8,9.8,9.8,9.8,8.3,9.8,,,,,,,,,,,,,3.652,0.300,3.816,4.155,3.656,,,,,,,,3.818,0.0,0.0,0.0,0.0,-1.5,20.359,6.016,,0.0,0.7786,36.860,31.620,31.620,36.860,4.445,0.000,,,,,1.01391,,64,,,,,,214.45,,,,,,,214.45,,,,664.7,,,,,,,,,,,1021.1,,,,,,0.457,100.000,,,,,,2513.28,,2508.05,2681.64,,,215.06,126.89,,,,,,,,,,,,,0.457,0.000,64,2,2,,,,,,,,214,0,,,,,,,,,41.029,,69.53,69.74,,,,
427.330,,0,0,0,256,0,0,0,0,0,0,0,0,1,0,0,0,0,0,,,,,,,,,,,,,,,,,,,,,,5112.0,,,,,1143.3,,,,1.00113,1.00113,276.33,,,21.5540,,0.0,,0.3990,21.9780,9.8,9.8,9.8,9.8,8.3,8.3,,,,,,,,,,,,,3.652,0.300,3.652,3.818,3.656,,,,,,,,3.805,0.0,0.0,0.0,0.0,-1.5,20.313,6.469,,0.0,0.7817,36.750,31.580,31.580,36.750,5.105,0.000,,,,,1.01269,,64,,,,,,213.30,,,,,,,213.30,,,,664.7,,,,,,,,,,,1030.6,,,,,,0.457,100.000,,,,,,2507.11,,2507.03,2679.92,,,215.06,126.47,,,,,,,,,,,,,0.457,0.000,64,2,2,,,,,,,,214,0,,,,,,,,,41.304,,69.53,69.74,,,,
427.343,,0,0,0,256,0,0,0,0,0,0,0,0,1,0,0,0,0,0,,,,,,,,,,,,,,,,,,,,,,5114.0,,,,,1141.5,,,,1.00113,1.00113,278.30,,,21.4140,,0.0,,0.4175,21.9790,9.8,9.8,9.8,9.8,8.3,9.8,,,,,,,,,,,,,3.652,0.300,3.652,3.818,3.654,,,,,,,,3.785,0.0,0.0,0.0,0.0,-1.5,20.375,6.125,,0.0,0.7759,36.710,31.540,31.540,36.710,5.805,0.000,,,,,1.01327,,64,,,,,,214.88,,,,,,,214.88,,,,671.3,,,,,,,,,,,1026.5,,,,,,0.457,100.000,,,,,,2496.80,,2495.39,2680.23,,,213.30,127.17,,,,,,,,,,,,,0.457,0.000,64,2,2,,,,,,,,214,0,,,,,,,,,41.855,,69.74,69.82,,,,
427.357,8.3,0,0,0,256,0,0,0,0,0,0,0,0,1,0,0,0,0,0,992.0,992.5,1000.0,9.9,0.0,0.0,0.03,1,0,0.996,0.996,0.5,0.5,6.500,0.00,1000.0,1000.0,1000.0,1047.1,1000.0,933.04,5161.5,59.340,513.1,0.0,9.9,1144.6,0.03165,0.00,0.00,1.00113,1.00113,274.31,2,46.0,21.4500,0.6535,0.0,61.0,0.4150,21.9805,9.8,9.8,9.8,9.8,8.3,9.8,8.3,0.8,0.00,0.00458,0,0,0,1,98,98,98,98,3.644,0.300,3.652,3.818,3.654,992.5,1000.0,1000.0,992.5,1000.0,0.0,18.74,3.720,0.0,0.0,0.0,0.0,-1.5,20.281,6.594,0.0,0.0,0.7781,36.675,31.385,31.385,36.675,5.105,0.000,0.7813,0.7813,0.0000,877.9,1.01205,0.096088,64,34.365,1047.1,0.0,1000.0,1000.0,212.09,231.28,576.5,0.99942,1535.98,400.01,0.99939,212.09,400.01,231.26,231.26,677.3,-200.0,106.4,62.33,62.337,1636.6,678.9,750.0,878.8,277.89,0.0,1032.8,57.858,0.0,0,992.0,992.0,0.461,100.000,944.88,0,1.9576,0.430,1012.93,2480.00,68.05,2480.70,2683.91,2683.75,99.56,212.20,126.47,324.75,390.75,98.0,0,27.74,34.5,94.5,69.8,37,0,82.14,24.0,0.461,0.000,64,2,2,992.5,1046.7,992.5,992.0,1000.0,1046.2,577.5,214,0,57.658,57.767,1000.0,2000.0,59.662,99.147,100.000,57.739,43.224,12.7,70.38,70.31,67.98,68.31,0.0,0.32
427.367,,0,0,0,256,0,0,0,0,0,0,0,0,1,0,0,0,0,0,,,,,,,,,,,,,,,,,,,,,,5159.0,,,,,1144.6,,,,1.00113,1.00113,271.22,,,21.5640,,0.0,,0.4015,21.9815,9.8,9.8,9.8,9.8,8.3,9.8,,,,,,,,,,,,,3.521,0.300,3.652,3.818,3.529,,,,,,,,3.679,0.0,0.0,0.0,0.0,-1.5,20.297,6.703,,0.0,0.7788,36.515,31.975,31.975,36.515,9.060,0.000,,,,,1.01211,,64,,,,,,211.76,,,,,,,211.76,,,,677.3,,,,,,,,,,,1026.9,,,,,,0.461,100.000,,,,,,2470.39,,2463.83,2680.55,,,212.20,125.06,,,,,,,,,,,,,0.461,0.000,64,2,2,,,,,,,,214,0,,,,,,,,,41.779,,70.38,70.31,,,,
427.377,,0,0,0,256,0,0,0,0,0,0,0,0,1,0,0,0,0,0,,,,,,,,,,,,,,,,,,,,,,5160.5,,,,,1143.3,,,,1.00113,1.00113,270.66,,,21.5160,,0.0,,0.4085,21.9820,9.8,9.8,9.8,9.8,8.3,9.8,,,,,,,,,,,,,3.521,0.300,3.652,3.818,3.529,,,,,,,,3.642,0.0,0.0,0.0,0.0,-1.5,20.297,6.828,,0.0,0.7820,37.105,31.900,31.900,37.105,8.175,0.000,,,,,1.01214,,64,,,,,,211.29,,,,,,,211.29,,,,681.8,,,,,,,,,,,1037.5,,,,,,0.461,100.000,,,,,,2465.55,,2463.83,2680.00,,,211.08,124.78,,,,,,,,,,,,,0.461,0.000,64,2,2,,,,,,,,214,0,,,,,,,,,45.575,,70.66,70.60,,,,
427.386,,0,0,0,256,0,0,0,0,0,0,0,0,1,0,0,0,0,0,,,,,,,,,,,,,,,,,,,,,,5188.0,,,,,1143.3,,,,1.00113,1.00113,270.33,,,21.5080,,0.0,,0.4105,21.9825,9.8,9.8,9.8,9.8,8.3,9.8,,,,,,,,,,,,,3.521,0.300,3.652,3.818,3.519,,,,,,,,3.639,0.0,0.0,0.0,0.0,-1.5,20.391,6.578,,0.0,0.7744,37.030,31.885,31.885,37.030,9.060,0.000,,,,,1.01272,,64,,,,,,210.87,,,,,,,210.87,,,,681.8,,,,,,,,,,,1034.0,,,,,,0.461,100.000,,,,,,2458.13,,2453.28,2677.89,,,211.08,124.69,,,,,,,,,,,,,0.461,0.000,64,2,2,,,,,,,,214,0,,,,,,,,,45.279,,70.66,70.60,,,,
427.397,,0,0,0,256,0,0,0,0,0,0,0,0,1,0,0,0,0,0,,,,,,,,,,,,,,,,,,,,,,5212.0,,,,,1143.0,,,,1.00113,1.00113,270.38,,,21.6500,,0.0,,0.3935,21.9835,9.8,9.8,9.8,9.8,8.3,8.3,,,,,,,,,,,,,3.510,0.300,3.652,3.818,3.519,,,,,,,,3.647,0.0,0.0,0.0,0.0,-1.5,20.406,7.078,,0.0,0.7778,37.015,31.835,31.835,37.015,9.060,0.000,,,,,1.01089,,64,,,,,,209.63,,,,,,,209.63,,,,684.2,,,,,,,,,,,1031.6,,,,,,0.461,100.000,,,,,,2448.05,,2448.05,2676.64,,,210.16,125.91,,,,,,,,,,,,,0.461,0.000,64,2,2,,,,,,,,214,0,,,,,,,,,46.089,,71.31,71.07,,,,
427.406,,0,0,0,256,0,0,0,0,0,0,0,0,1,0,0,0,0,0,,,,,,,,,,,,,,,,,,,,,,5222.0,,,,,1143.0,,,,1.00113,1.00113,267.56,,,21.5160,,0.0,,0.4115,21.9840,9.8,9.8,9.8,9.8,8.3,9.8,,,,,,,,,,,,,3.510,0.300,3.652,3.818,3.484,,,,,,,,3.579,0.0,0.0,0.0,0.0,-1.5,20.500,6.750,,0.0,0.7754,37.010,32.055,32.055,37.010,9.980,0.000,,,,,1.01135,,64,,,,,,208.90,,,,,,,208.90,,,,684.2,,,,,,,,,,,1031.1,,,,,,0.461,100.000,,,,,,2440.63,,2438.52,2683.83,,,210.16,123.56,,,,,,,,,,,,,0.461,0.000,64,2,2,,,,,,,,214,0,,,,,,,,,46.074,,71.31,71.07,,,,
427.420,,0,0,0,256,0,0,0,0,0,0,0,0,1,0,0,0,0,0,,,,,,,,,,,,,,,,,,,,,,5238.0,,,,,1144.4,,,,1.00113,1.00113,267.75,,,21.6020,,0.0,,0.4015,21.9845,9.8,9.8,9.8,9.8,8.3,8.3,,,,,,,,,,,,,3.494,0.300,3.652,3.818,3.484,,,,,,,,3.558,0.0,0.0,0.0,0.0,-1.5,20.453,7.156,,0.0,0.7795,37.200,32.235,32.235,37.200,10.955,0.000,,,,,1.01065,,64,,,,,,209.58,,,,,,,209.58,,,,685.1,,,,,,,,,,,1043.6,,,,,,0.461,100.000,,,,,,2435.23,,2434.30,2681.72,,,209.37,123.42,,,,,,,,,,,,,0.461,0.000,64,2,2,,,,,,,,214,0,,,,,,,,,46.989,,71.80,72.04,,,,
427.433,,0,0,0,256,0,0,0,0,0,0,0,0,1,0,0,0,0,0,,,,,,,,,,,,,,,,,,,,,,5246.0,,,,,1144.4,,,,1.00113,1.00113,266.02,,,21.6960,,0.0,,0.3905,21.9850,9.8,10.5,10.5,9.8,8.3,10.5,,,,,,,,,,,,,3.494,0.300,3.484,3.540,3.484,,,,,,,,3.534,0.0,0.0,0.0,0.0,-1.5,20.406,7.094,,0.0,0.7830,37.440,32.180,32.180,37.440,11.975,0.000,,,,,1.01089,,64,,,,,,208.29,,,,,,,208.29,,,,685.1,,,,,,,,,,,1033.7,,,,,,0.461,100.000,,,,,,2429.38,,2427.97,2675.86,,,209.37,122.58,,,,,,,,,,,,,0.461,0.000,64,2,2,,,,,,,,214,0,,,,,,,,,48.154,,71.80,72.04,,,,
427.447,9.8,0,0,0,256,0,0,0,0,0,0,0,0,1,0,0,0,0,0,992.0,992.5,1000.0,10.3,0.0,0.0,0.03,1,0,0.996,0.996,0.5,0.5,6.250,-0.02,1000.0,1000.0,1000.0,1049.9,1000.0,931.05,5269.0,59.340,512.5,0.0,10.3,1146.2,0.03007,0.00,0.00,1.00113,1.00113,266.30,2,46.0,21.6780,0.5305,0.0,59.6,0.3940,21.9865,10.5,10.5,9.8,10.5,9.0,10.5,9.8,1.5,0.00,0.00015,0,0,0,1,98,98,98,98,3.455,0.300,3.484,3.540,3.480,992.5,1000.0,1000.0,992.5,1000.0,0.0,18.74,3.526,0.0,0.0,0.0,0.0,-1.5,20.313,7.094,0.0,0.0,0.7905,37.220,31.950,31.950,37.220,11.975,0.000,0.7891,0.7891,0.0000,870.2,1.01077,0.096633,64,43.225,1049.9,0.0,1000.0,1000.0,208.50,233.25,568.6,0.99942,1535.98,400.01,0.99939,208.50,400.01,233.23,233.23,686.5,-200.0,72.7,57.30,57.301,1624.8,598.0,750.0,797.9,265.90,0.0,1048.5,56.705,0.0,0,992.0,992.0,0.461,100.000,946.05,0,1.8906,0.434,1012.93,2415.78,66.88,2417.50,2665.63,2683.91,97.73,208.62,122.72,324.75,390.75,98.4,0,27.46,33.8,94.5,69.8,37,0,85.44,24.0,0.461,0.000,64,2,2,992.5,1049.4,992.5,992.0,1000.0,1048.9,572.4,214,0,56.870,56.969,1000.0,2000.0,59.982,99.147,100.000,57.231,49.344,12.7,71.96,72.02,70.60,70.56,0.0,0.47
427.457,,0,0,0,256,0,0,0,0,0,0,0,0,1,0,0,0,0,0,,,,,,,,,,,,,,,,,,,,,,5296.0,,,,,1148.8,,,,1.00113,1.00113,266.06,,,21.6880,,0.0,,0.3935,21.9870,10.5,10.5,10.5,10.5,9.0,10.5,,,,,,,,,,,,,3.447,0.300,3.484,3.540,3.454,,,,,,,,3.518,0.0,0.0,0.0,0.0,-1.5,20.281,7.141,,0.0,0.7891,37.175,31.970,31.970,37.175,13.025,0.000,,,,,1.01202,,64,,,,,,207.82,,,,,,,207.82,,,,687.1,,,,,,,,,,,1040.2,,,,,,0.461,100.000,,,,,,2408.83,,2403.75,2683.91,,,208.66,122.81,,,,,,,,,,,,,0.461,0.000,64,2,2,,,,,,,,214,0,,,,,,,,,49.194,,72.48,72.51,,,,
427.466,,0,0,0,256,0,0,0,0,0,0,0,0,1,0,0,0,0,0,,,,,,,,,,,,,,,,,,,,,,5306.5,,,,,1148.8,,,,1.00113,1.00113,265.55,,,21.5640,,0.0,,0.4095,21.9875,10.5,10.5,10.5,10.5,9.0,10.5,,,,,,,,,,,,,3.447,0.300,3.484,3.540,3.454,,,,,,,,3.507,0.0,0.0,0.0,0.0,-1.5,20.219,7.516,,0.0,0.7942,37.200,32.455,32.455,37.200,15.285,0.000,,,,,1.01165,,64,,,,,,207.77,,,,,,,207.77,,,,687.1,,,,,,,,,,,1054.8,,,,,,0.461,100.000,,,,,,2406.17,,2403.75,2685.00,,,208.66,122.39,,,,,,,,,,,,,0.461,0.000,64,2,2,,,,,,,,214,0,,,,,,,,,50.200,,72.48,72.51,,,,
427.477,,0,0,0,256,0,0,0,0,0,0,0,0,1,0,0,0,0,0,,,,,,,,,,,,,,,,,,,,,,5323.0,,,,,1155.9,,,,1.00113,1.00113,265.31,,,21.7640,,0.0,,0.3850,21.9875,10.5,10.5,10.5,10.5,9.0,10.5,,,,,,,,,,,,,3.447,0.300,3.484,3.540,3.445,,,,,,,,3.494,0.0,0.0,0.0,0.0,-1.5,20.313,7.313,,0.0,0.7925,37.695,32.485,32.485,37.695,15.285,0.000,,,,,1.01260,,64,,,,,,207.49,,,,,,,207.49,,,,687.0,,,,,,,,,,,1049.9,,,,,,0.461,100.000,,,,,,2401.33,,2398.52,2687.73,,,207.66,122.30,,,,,,,,,,,,,0.461,0.000,64,2,2,,,,,,,,214,0,,,,,,,,,52.484,,72.72,72.63,,,,
427.488,,0,0,0,256,0,0,0,0,0,0,0,0,1,0,0,0,0,0,,,,,,,,,,,,,,,,,,,,,,5343.0,,,,,1155.9,,,,1.00113,1.00113,265.08,,,21.7160,,0.0,,0.3920,21.9880,10.5,10.5,10.5,10.5,9.0,9.0,,,,,,,,,,,,,3.449,0.300,3.484,3.540,3.445,,,,,,,,3.491,0.0,0.0,0.0,0.0,-1.5,20.328,7.844,,0.0,0.7988,37.715,32.560,32.560,37.715,16.470,0.000,,,,,1.01233,,64,,,,,,207.33,,,,,,,207.33,,,,687.0,,,,,,,,,,,1059.1,,,,,,0.461,100.000,,,,,,2395.78,,2394.30,2689.06,,,207.66,122.20,,,,,,,,,,,,,0.461,0.000,64,2,2,,,,,,,,214,0,,,,,,,,,52.979,,72.72,72.63,,,,
427.497,,0,0,0,256,0,0,0,0,0,0,0,0,1,0,0,0,0,0,,,,,,,,,,,,,,,,,,,,,,5363.5,,,,,1158.5,,,,1.00113,1.00113,266.53,,,21.6400,,0.0,,0.4025,21.9885,10.5,10.5,10.5,10.5,9.0,10.5,,,,,,,,,,,,,3.449,0.300,3.484,3.540,3.442,,,,,,,,3.515,0.0,0.0,0.0,0.0,-1.5,20.422,7.531,,0.0,0.7974,37.815,32.595,32.595,37.815,16.470,0.000,,,,,1.01367,,64,,,,,,207.91,,,,,,,207.91,,,,687.0,,,,,,,,,,,1058.0,,,,,,0.461,100.000,,,,,,2392.03,,2387.97,2690.08,,,207.19,123.00,,,,,,,,,,,,,0.461,0.000,64,2,2,,,,,,,,214,0,,,,,,,,,54.184,,73.15,73.08,,,,
427.506,,0,0,0,256,0,0,0,0,0,0,0,0,1,0,0,0,0,0,,,,,,,,,,,,,,,,,,,,,,5377.5,,,,,1158.5,,,,1.00113,1.00113,265.55,,,21.8380,,0.0,,0.3775,21.9890,10.5,10.5,10.5,10.5,9.0,10.5,,,,,,,,,,,,,3.435,0.300,3.484,3.540,3.442,,,,,,,,3.500,0.0,0.0,0.0,0.0,-1.5,20.438,8.000,,0.0,0.8008,37.840,33.005,33.005,37.840,17.715,0.000,,,,,1.01361,,64,,,,,,207.40,,,,,,,207.40,,,,687.0,,,,,,,,,,,1059.9,,,,,,0.461,100.000,,,,,,2386.95,,2382.73,2683.91,,,207.19,122.44,,,,,,,,,,,,,0.461,0.000,64,2,2,,,,,,,,214,0,,,,,,,,,54.285,,73.15,73.08,,,,
427.520,,0,0,0,256,0,0,0,0,0,0,0,0,1,0,0,0,0,0,,,,,,,,,,,,,,,,,,,,,,5392.0,,,,,1165.8,,,,1.00113,1.00113,264.42,,,21.7160,,0.0,,0.3935,21.9895,11.3,11.3,11.3,10.5,9.8,11.3,,,,,,,,,,,,,3.435,0.300,3.484,3.540,3.442,,,,,,,,3.480,0.0,0.0,0.0,0.0,-1.5,20.422,7.969,,0.0,0.8030,38.290,32.825,32.825,38.290,17.715,0.000,,,,,1.01452,,64,,,,,,206.53,,,,,,,206.53,,,,685.8,,,,,,,,,,,1058.0,,,,,,0.461,100.000,,,,,,2383.13,,2383.75,2683.98,,,206.67,121.83,,,,,,,,,,,,,0.461,0.000,64,2,2,,,,,,,,214,0,,,,,,,,,55.554,,73.56,73.86,,,,
427.532,,0,0,0,256,0,0,0,0,0,0,0,0,1,0,0,0,0,0,,,,,,,,,,,,,,,,,,,,,,5419.0,,,,,1165.8,,,,1.00113,1.00113,265.08,,,21.7440,,0.0,,0.3905,21.9900,11.3,11.3,11.3,11.3,9.8,11.3,,,,,,,,,,,,,3.410,0.300,3.406,3.489,3.413,,,,,,,,3.495,0.0,0.0,0.0,0.0,-1.5,20.375,8.000,,0.0,0.7981,38.100,32.830,32.830,38.100,17.715,0.000,,,,,1.01547,,64,,,,,,206.51,,,,,,,206.51,,,,685.8,,,,,,,,,,,1062.8,,,,,,0.461,100.000,,,,,,2376.48,,2377.42,2685.70,,,206.67,122.34,,,,,,,,,,,,,0.461,0.000,64,2,2,,,,,,,,214,0,,,,,,,,,56.004,,73.56,73.86,,,,
427.547,10.5,0,0,0,256,0,0,0,0,0,0,0,0,1,0,0,0,0,0,992.0,992.5,1000.0,10.3,0.0,0.0,0.03,1,0,0.996,0.996,0.5,0.5,6.062,-0.01,1000.0,1000.0,1000.0,1052.2,1000.0,928.35,5426.5,59.340,511.7,0.0,10.3,1170.8,0.02944,0.00,0.00,1.00113,1.00113,264.66,2,46.0,21.7640,0.3085,0.0,58.3,0.3890,21.9905,11.3,11.3,11.3,11.3,9.8,11.3,10.5,1.5,0.00,0.00845,0,0,0,1,98,98,98,98,3.418,0.300,3.406,3.489,3.420,992.5,1000.0,1000.0,992.5,1000.0,0.0,18.74,3.485,0.0,0.0,0.0,0.0,-1.5,20.344,8.172,0.0,0.0,0.7944,38.160,32.865,32.865,38.160,18.195,0.000,0.7891,0.7891,0.0000,862.8,1.01534,0.097554,64,49.345,1052.2,0.0,1000.0,1000.0,206.58,234.38,564.4,0.99942,1535.98,400.01,0.99939,206.58,400.01,234.35,234.35,686.5,-200.0,63.5,55.44,55.447,1591.4,572.8,750.0,772.7,256.21,0.0,1068.8,56.250,0.0,0,992.0,992.0,0.461,100.000,945.59,0,1.8561,0.438,1012.93,2372.42,67.34,2370.08,2682.58,2665.63,96.09,206.63,121.92,330.75,390.75,98.8,0,27.04,33.8,94.5,69.8,37,0,85.44,24.0,0.461,0.000,64,2,2,992.5,1051.6,992.5,992.0,1000.0,1051.1,563.7,214,0,56.442,56.496,1000.0,2000.0,60.764,99.147,100.000,56.361,55.829,12.8,74.06,74.08,71.96,72.02,0.0,0.00
427.557,,0,0,0,256,0,0,0,0,0,0,0,0,1,0,0,0,0,0,,,,,,,,,,,,,,,,,,,,,,5424.0,,,,,1171.7,,,,1.00113,1.00113,264.00,,,21.7060,,0.0,,0.3970,21.9910,11.3,11.3,11.3,11.3,9.8,11.3,,,,,,,,,,,,,3.418,0.300,3.406,3.489,3.420,,,,,,,,3.471,0.0,0.0,0.0,0.0,-1.5,20.375,8.313,,0.0,0.7986,38.160,33.050,33.050,38.160,18.195,0.000,,,,,1.01473,,64,,,,,,206.23,,,,,,,206.23,,,,685.1,,,,,,,,,,,1073.0,,,,,,0.461,100.000,,,,,,2371.02,,2370.08,2683.75,,,206.06,121.59,,,,,,,,,,,,,0.461,0.000,64,2,2,,,,,,,,214,0,,,,,,,,,56.354,,74.37,74.37,,,,
427.567,,0,0,0,256,0,0,0,0,0,0,0,0,1,0,0,0,0,0,,,,,,,,,,,,,,,,,,,,,,5450.0,,,,,1171.7,,,,1.00113,1.00113,260.95,,,21.7920,,0.0,,0.3865,21.9915,11.3,11.3,11.3,11.3,9.8,11.3,,,,,,,,,,,,,3.358,0.300,3.406,3.489,3.368,,,,,,,,3.438,0.0,0.0,0.0,0.0,-1.5,20.453,8.109,,0.0,0.7935,38.360,33.085,33.085,38.360,18.195,0.000,,,,,1.01577,,64,,,,,,205.43,,,,,,,205.43,,,,685.1,,,,,,,,,,,1071.1,,,,,,0.461,100.000,,,,,,2365.86,,2360.55,2683.98,,,206.06,120.42,,,,,,,,,,,,,0.461,0.000,64,2,2,,,,,,,,214,0,,,,,,,,,56.354,,74.37,74.37,,,,
427.577,,0,0,0,256,0,0,0,0,0,0,0,0,1,0,0,0,0,0,,,,,,,,,,,,,,,,,,,,,,5453.5,,,,,1170.4,,,,1.00113,1.00113,260.48,,,21.9140,,0.0,,0.3715,21.9915,11.3,11.3,11.3,11.3,9.8,9.8,,,,,,,,,,,,,3.358,0.300,3.406,3.489,3.368,,,,,,,,3.434,0.0,0.0,0.0,0.0,-1.5,20.438,8.641,,0.0,0.7971,38.420,33.095,33.095,38.420,18.670,0.000,,,,,1.01504,,64,,,,,,205.48,,,,,,,205.48,,,,685.8,,,,,,,,,,,1072.2,,,,,,0.461,100.000,,,,,,2365.08,,2364.77,2684.45,,,204.89,120.09,,,,,,,,,,,,,0.461,0.000,64,2,2,,,,,,,,214,0,,,,,,,,,56.554,,74.72,74.60,,,,
427.587,,0,0,0,256,0,0,0,0,0,0,0,0,1,0,0,0,0,0,,,,,,,,,,,,,,,,,,,,,,5469.5,,,,,1170.4,,,,1.00113,1.00113,260.34,,,21.7920,,0.0,,0.3875,21.9920,11.3,11.3,11.3,11.3,9.8,11.3,,,,,,,,,,,,,3.358,0.300,3.406,3.489,3.352,,,,,,,,3.432,0.0,0.0,0.0,0.0,-1.5,20.500,8.391,,0.0,0.7935,38.435,33.110,33.110,38.435,18.670,0.000,,,,,1.01586,,64,,,,,,205.29,,,,,,,205.29,,,,685.8,,,,,,,,,,,1074.6,,,,,,0.461,100.000,,,,,,2363.05,,2361.64,2683.67,,,204.89,120.00,,,,,,,,,,,,,0.461,0.000,64,2,2,,,,,,,,216,0,,,,,,,,,57.089,,74.72,74.60,,,,
427.597,,0,0,0,256,0,0,0,0,0,0,0,0,1,0,0,0,0,0,,,,,,,,,,,,,,,,,,,,,,5484.5,,,,,1173.5,,,,1.00113,1.00113,259.64,,,21.8380,,0.0,,0.3815,21.9925,11.3,11.3,11.3,11.3,9.8,9.8,,,,,,,,,,,,,3.345,0.300,3.406,3.489,3.352,,,,,,,,3.419,0.0,0.0,0.0,0.0,-1.5,20.406,8.813,,0.0,0.7925,38.470,33.085,33.085,38.470,18.670,0.000,,,,,1.01538,,64,,,,,,204.82,,,,,,,204.82,,,,685.1,,,,,,,,,,,1074.0,,,,,,0.461,100.000,,,,,,2360.47,,2361.64,2683.91,,,204.61,119.67,,,,,,,,,,,,,0.461,0.000,64,2,2,,,,,,,,216,0,,,,,,,,,57.105,,75.17,75.06,,,,
427.607,,0,0,0,256,0,0,0,0,0,0,0,0,1,0,0,0,0,0,,,,,,,,,,,,,,,,,,,,,,5483.5,,,,,1173.5,,,,1.00113,1.00113,259.59,,,21.9040,,0.0,,0.3740,21.9925,11.3,11.3,11.3,11.3,9.8,11.3,,,,,,,,,,,,,3.345,0.300,3.406,3.489,3.341,,,,,,,,3.419,0.0,0.0,0.0,0.0,-1.5,20.422,8.500,,0.0,0.7900,38.435,33.295,33.295,38.435,18.195,0.000,,,,,1.01534,,64,,,,,,204.66,,,,,,,204.66,,,,685.1,,,,,,,,,,,1080.4,,,,,,0.461,100.000,,,,,,2359.92,,2361.64,2683.83,,,204.61,119.67,,,,,,,,,,,,,0.461,0.000,64,2,2,,,,,,,,216,0,,,,,,,,,57.140,,75.17,75.06,,,,
427.620,,0,0,0,256,0,0,0,0,0,0,0,0,1,0,0,0,0,0,,,,,,,,,,,,,,,,,,,,,,5498.5,,,,,1173.0,,,,1.00113,1.00113,259.08,,,21.9140,,0.0,,0.3725,21.9930,11.3,11.3,11.3,11.3,9.8,9.8,,,,,,,,,,,,,3.323,0.300,3.406,3.489,3.341,,,,,,,,3.412,0.0,0.0,0.0,0.0,-1.5,20.375,9.000,,0.0,0.7905,38.670,33.295,33.295,38.670,18.670,0.000,,,,,1.01495,,64,,,,,,204.52,,,,,,,204.52,,,,685.6,,,,,,,,,,,1078.9,,,,,,0.461,100.000,,,,,,2358.52,,2360.55,2683.67,,,204.77,119.44,,,,,,,,,,,,,0.461,0.000,64,2,2,,,,,,,,216,0,,,,,,,,,56.630,,75.54,75.76,,,,
427.631,,0,0,0,256,0,0,0,0,0,0,0,0,1,0,0,0,0,0,,,,,,,,,,,,,,,,,,,,,,5517.5,,,,,1173.0,,,,1.00113,1.00113,259.31,,,21.7720,,0.0,,0.3910,21.9930,12.0,12.0,12.0,11.3,9.8,12.0,,,,,,,,,,,,,3.323,0.300,3.323,3.415,3.341,,,,,,,,3.415,0.0,0.0,0.0,0.0,-1.5,20.375,9.141,,0.0,0.7935,38.690,33.290,33.290,38.690,18.195,0.000,,,,,1.01464,,64,,,,,,204.82,,,,,,,204.82,,,,685.6,,,,,,,,,,,1089.1,,,,,,0.461,100.000,,,,,,2360.23,,2365.86,2684.30,,,204.77,119.53,,,,,,,,,,,,,0.461,0.000,64,2,2,,,,,,,,216,0,,,,,,,,,57.340,,75.54,75.76,,,,
427.644,,0,0,0,256,0,0,0,0,0,0,0,0,1,0,0,0,0,0,,,,,,,,,,,,,,,,,,,,,,5553.0,,,,,1183.1,,,,1.00113,1.00113,260.11,,,21.8200,,0.0,,0.3855,21.9935,12.0,12.0,12.0,12.0,10.5,12.0,,,,,,,,,,,,,3.338,0.300,3.323,3.415,3.327,,,,,,,,3.433,0.0,0.0,0.0,0.0,-1.5,20.391,9.297,,0.0,0.7942,38.725,33.310,33.310,38.725,18.670,0.000,,,,,1.01473,,64,,,,,,205.10,,,,,,,205.10,,,,685.5,,,,,,,,,,,1088.5,,,,,,0.461,100.000,,,,,,2360.00,,2362.66,2679.77,,,205.17,120.05,,,,,,,,,,,,,0.461,0.000,64,2,2,,,,,,,,216,0,,,,,,,,,56.885,,75.84,75.90,,,,
427.657,11.3,0,0,0,256,0,0,0,0,0,0,0,0,1,0,0,0,0,0,992.0,992.5,1000.0,10.3,0.0,0.0,0.06,1,0,0.996,0.996,0.5,0.5,5.812,0.00,1000.0,1000.0,1000.0,1054.9,1000.0,928.75,5576.5,59.340,511.2,0.0,10.3,1192.0,0.02923,0.00,0.00,1.00113,1.00113,259.78,2,46.0,21.8000,0.2265,0.0,57.9,0.3885,21.9940,12.0,12.0,12.0,12.0,10.5,12.0,11.3,1.5,0.00,0.00015,0,0,0,1,98,98,98,98,3.335,0.300,3.323,3.415,3.343,992.5,1000.0,1000.0,992.5,1000.0,0.0,18.74,3.425,0.0,0.0,0.0,0.0,-1.5,20.453,9.688,0.0,0.0,0.7935,38.680,32.790,32.790,38.680,18.195,0.000,0.7891,0.7891,0.0000,883.2,1.01556,0.097884,64,55.830,1054.9,0.0,1000.0,1000.0,205.08,236.02,564.5,0.99942,1535.98,400.01,0.99939,205.08,400.01,235.99,235.99,686.1,-200.0,63.5,55.98,55.983,1632.2,574.8,750.0,774.7,271.60,0.0,1097.2,56.169,0.0,0,992.0,992.0,0.461,100.000,941.84,0,1.8518,0.441,1012.93,2361.17,71.09,2363.75,2683.75,2682.58,95.20,205.83,119.72,330.75,390.75,100.0,0,26.76,33.0,94.5,69.8,37,0,85.44,24.0,0.461,0.000,64,2,2,992.5,1054.5,992.5,992.0,1000.0,1054.0,563.4,216,0,56.453,56.543,1000.0,2000.0,61.346,99.147,100.000,56.331,56.509,12.7,76.41,76.24,74.16,74.43,0.0,0.45
427.667,,0,0,0,256,0,0,0,0,0,0,0,0,1,0,0,0,0,0,,,,,,,,,,,,,,,,,,,,,,5602.5,,,,,1192.0,,,,1.00113,1.00113,259.55,,,21.7540,,0.0,,0.3950,21.9940,12.0,12.0,12.0,12.0,10.5,12.0,,,,,,,,,,,,,3.335,0.300,3.323,3.415,3.343,,,,,,,,3.421,0.0,0.0,0.0,0.0,-1.5,20.484,9.844,,0.0,0.7998,38.325,33.060,33.060,38.325,17.715,0.000,,,,,1.01443,,64,,,,,,205.10,,,,,,,205.10,,,,686.1,,,,,,,,,,,1108.4,,,,,,0.461,100.000,,,,,,2363.44,,2374.30,2681.95,,,205.83,119.58,,,,,,,,,,,,,0.461,0.000,64,2,2,,,,,,,,216,0,,,,,,,,,56.874,,76.41,76.24,,,,
427.677,,0,0,0,256,0,0,0,0,0,0,0,0,1,0,0,0,0,0,,,,,,,,,,,,,,,,,,,,,,5614.0,,,,,1201.0,,,,1.00113,1.00113,259.73,,,21.8280,,0.0,,0.3855,21.9945,12.0,12.0,12.0,12.0,10.5,12.0,,,,,,,,,,,,,3.345,0.300,3.323,3.415,3.345,,,,,,,,3.427,0.0,0.0,0.0,0.0,-1.5,20.469,9.922,,0.0,0.7964,38.655,33.000,33.000,38.655,18.195,0.000,,,,,1.01547,,64,,,,,,205.10,,,,,,,205.10,,,,687.4,,,,,,,,,,,1106.5,,,,,,0.461,100.000,,,,,,2363.28,,2367.97,2684.61,,,206.27,119.67,,,,,,,,,,,,,0.461,0.000,64,2,2,,,,,,,,216,0,,,,,,,,,56.039,,76.54,76.41,,,,
427.687,,0,0,0,256,0,0,0,0,0,0,0,0,1,0,0,0,0,0,,,,,,,,,,,,,,,,,,,,,,5631.5,,,,,1201.0,,,,1.00113,1.00113,259.97,,,21.7720,,0.0,,0.3930,21.9945,12.0,12.0,12.0,12.0,10.5,12.0,,,,,,,,,,,,,3.345,0.300,3.323,3.415,3.345,,,,,,,,3.431,0.0,0.0,0.0,0.0,-1.5,20.406,10.391,,0.0,0.8008,38.620,33.090,33.090,38.620,17.715,0.000,,,,,1.01492,,64,,,,,,205.41,,,,,,,205.41,,,,687.4,,,,,,,,,,,1118.2,,,,,,0.461,100.000,,,,,,2365.31,,2379.53,2681.72,,,206.27,119.81,,,,,,,,,,,,,0.461,0.000,64,2,2,,,,,,,,216,0,,,,,,,,,56.850,,76.54,76.41,,,,
427.698,,0,0,0,256,0,0,0,0,0,0,0,0,1,0,0,0,0,0,,,,,,,,,,,,,,,,,,,,,,5647.0,,,,,1212.2,,,,1.00113,1.00113,260.20,,,21.8580,,0.0,,0.3830,21.9945,12.0,12.0,12.0,12.0,10.5,12.0,,,,,,,,,,,,,3.343,0.300,3.323,3.415,3.342,,,,,,,,3.432,0.0,0.0,0.0,0.0,-1.5,20.453,10.063,,0.0,0.7993,38.720,32.995,32.995,38.720,17.715,0.000,,,,,1.01565,,64,,,,,,205.50,,,,,,,205.50,,,,687.0,,,,,,,,,,,1114.1,,,,,,0.461,100.000,,,,,,2365.94,,2378.52,2681.17,,,207.02,119.91,,,,,,,,,,,,,0.461,0.000,64,2,2,,,,,,,,216,0,,,,,,,,,56.334,,76.96,76.90,,,,
427.707,,0,0,0,256,0,0,0,0,0,0,0,0,1,0,0,0,0,0,,,,,,,,,,,,,,,,,,,,,,5650.0,,,,,1212.2,,,,1.00113,1.00113,260.48,,,21.7820,,0.0,,0.3930,21.9950,12.0,12.0,12.0,12.0,10.5,10.5,,,,,,,,,,,,,3.343,0.300,3.323,3.415,3.342,,,,,,,,3.436,0.0,0.0,0.0,0.0,-1.5,20.359,10.516,,0.0,0.8003,38.645,32.535,32.535,38.645,16.470,0.000,,,,,1.01547,,64,,,,,,205.76,,,,,,,205.76,,,,687.0,,,,,,,,,,,1126.3,,,,,,0.461,100.000,,,,,,2368.52,,2389.06,2683.75,,,207.02,120.05,,,,,,,,,,,,,0.461,0.000,64,2,2,,,,,,,,216,0,,,,,,,,,56.435,,76.96,76.90,,,,
427.719,,0,0,0,256,0,0,0,0,0,0,0,0,1,0,0,0,0,0,,,,,,,,,,,,,,,,,,,,,,5660.5,,,,,1217.6,,,,1.00113,1.00113,260.48,,,21.8480,,0.0,,0.3845,21.9950,12.0,12.0,12.0,12.0,10.5,12.0,,,,,,,,,,,,,3.343,0.300,3.323,3.415,3.347,,,,,,,,3.441,0.0,0.0,0.0,0.0,-1.5,20.438,10.313,,0.0,0.7976,38.205,32.620,32.620,38.205,16.470,0.000,,,,,1.01565,,64,,,,,,205.83,,,,,,,205.83,,,,686.7,,,,,,,,,,,1127.4,,,,,,0.461,100.000,,,,,,2371.56,,2386.95,2685.86,,,207.73,120.00,,,,,,,,,,,,,0.461,0.000,64,2,2,,,,,,,,216,0,,,,,,,,,55.115,,77.19,77.45,,,,
427.731,,0,0,0,256,0,0,0,0,0,0,0,0,1,0,0,0,0,0,,,,,,,,,,,,,,,,,,,,,,5674.0,,,,,1217.6,,,,1.00113,1.00113,260.77,,,21.9040,,0.0,,0.3780,21.9955,12.0,12.0,12.0,12.0,10.5,10.5,,,,,,,,,,,,,3.341,0.300,3.341,3.438,3.347,,,,,,,,3.445,0.0,0.0,0.0,0.0,-1.5,20.391,10.844,,0.0,0.8010,38.325,32.690,32.690,38.325,16.470,0.000,,,,,1.01522,,64,,,,,,206.06,,,,,,,206.06,,,,686.7,,,,,,,,,,,1129.3,,,,,,0.461,100.000,,,,,,2376.64,,2394.30,2686.88,,,207.73,120.14,,,,,,,,,,,,,0.461,0.000,64,2,2,,,,,,,,216,0,,,,,,,,,54.674,,77.19,77.45,,,,
427.744,,0,0,0,256,0,0,0,0,0,0,0,0,1,0,0,0,0,0,,,,,,,,,,,,,,,,,,,,,,5691.5,,,,,1222.2,,,,1.00113,1.00113,261.19,,,21.8100,,0.0,,0.3900,21.9955,12.0,12.0,12.0,12.0,10.5,12.0,,,,,,,,,,,,,3.341,0.300,3.341,3.438,3.348,,,,,,,,3.452,0.0,0.0,0.0,0.0,-1.5,20.500,10.672,,0.0,0.8010,38.410,32.725,32.725,38.410,16.470,0.000,,,,,1.01580,,64,,,,,,206.44,,,,,,,206.44,,,,687.8,,,,,,,,,,,1139.1,,,,,,0.461,100.000,,,,,,2380.55,,2394.30,2686.02,,,207.94,120.38,,,,,,,,,,,,,0.461,0.000,64,2,2,,,,,,,,216,0,,,,,,,,,54.794,,77.74,77.76,,,,
427.757,12.0,0,0,0,256,0,0,0,0,0,0,0,0,1,0,0,0,0,0,992.4,992.8,1000.0,10.3,0.0,0.0,0.03,1,0,0.996,0.996,0.4,0.4,5.750,-0.01,1000.0,1000.0,1000.0,1057.5,1000.0,929.55,5710.5,59.340,509.8,0.0,10.3,1231.0,0.02919,0.00,0.00,1.00113,1.00113,262.41,2,47.0,21.7440,0.1940,0.0,57.3,0.3995,21.9960,12.0,12.0,12.0,12.0,10.5,12.0,12.0,2.3,0.00,0.01235,0,0,0,1,98,98,98,98,3.347,0.300,3.341,3.438,3.367,992.8,1000.0,1000.0,992.8,1000.0,0.0,18.74,3.471,0.0,0.0,0.0,0.0,-1.5,20.531,10.922,0.0,0.0,0.8059,38.460,32.505,32.505,38.460,15.285,0.000,0.7969,0.7969,0.0000,890.6,1.01653,0.098905,64,56.510,1057.5,0.0,1000.0,1000.0,207.19,236.84,562.1,0.99942,1535.98,400.01,0.99939,207.19,400.01,236.81,236.81,686.3,-200.0,63.9,56.41,56.413,1651.4,578.6,750.0,778.5,286.41,0.0,1146.7,56.288,0.0,0,992.4,992.4,0.461,100.000,938.48,0,1.8581,0.445,1012.93,2390.39,74.45,2404.84,2683.75,2683.75,94.50,208.45,120.94,338.25,390.75,99.6,0,26.55,33.0,94.5,69.0,37,0,85.44,24.0,0.461,0.000,64,2,2,992.8,1056.8,992.8,992.4,1000.0,1056.4,560.9,216,0,56.213,56.447,1000.0,2000.0,61.665,99.178,100.000,56.072,54.959,12.7,78.06,78.03,76.32,76.32,0.0,0.17
427.767,,0,0,0,256,0,0,0,0,0,0,0,0,1,0,0,0,0,0,,,,,,,,,,,,,,,,,,,,,,5736.5,,,,,1231.0,,,,1.00113,1.00113,262.97,,,21.8380,,0.0,,0.3880,21.9960,12.0,12.0,12.0,12.0,10.5,10.5,,,,,,,,,,,,,3.370,0.300,3.341,3.438,3.367,,,,,,,,3.479,0.0,0.0,0.0,0.0,-1.5,20.469,11.375,,0.0,0.8062,38.295,32.335,32.335,38.295,14.130,0.000,,,,,1.01721,,64,,,,,,207.52,,,,,,,207.52,,,,686.3,,,,,,,,,,,1154.9,,,,,,0.461,100.000,,,,,,2393.67,,2407.97,2682.58,,,208.45,121.22,,,,,,,,,,,,,0.461,0.000,64,2,2,,,,,,,,216,0,,,,,,,,,53.745,,78.06,78.03,,,,
427.777,,0,0,0,256,0,0,0,0,0,0,0,0,1,0,0,0,0,0,,,,,,,,,,,,,,,,,,,,,,5744.5,,,,,1240.1,,,,1.00113,1.00113,263.48,,,21.8100,,0.0,,0.3915,21.9960,12.0,12.0,12.0,12.0,10.5,12.0,,,,,,,,,,,,,3.370,0.300,3.341,3.438,3.374,,,,,,,,3.503,0.0,0.0,0.0,0.0,-1.5,20.516,11.063,,0.0,0.8079,38.135,32.300,32.300,38.135,13.025,0.000,,,,,1.01757,,64,,,,,,207.89,,,,,,,207.89,,,,687.2,,,,,,,,,,,1155.6,,,,,,0.461,100.000,,,,,,2403.36,,2416.41,2689.53,,,209.09,121.45,,,,,,,,,,,,,0.461,0.000,64,2,2,,,,,,,,216,0,,,,,,,,,52.425,,78.52,78.44,,,,
427.787,,0,0,0,256,0,0,0,0,0,0,0,0,1,0,0,0,0,0,,,,,,,,,,,,,,,,,,,,,,5768.0,,,,,1240.1,,,,1.00113,1.00113,264.05,,,21.7820,,0.0,,0.3955,21.9960,12.0,12.0,12.0,12.0,10.5,10.5,,,,,,,,,,,,,3.377,0.300,3.341,3.438,3.374,,,,,,,,3.509,0.0,0.0,0.0,0.0,-1.5,20.484,11.516,,0.0,0.8037,38.145,32.530,32.530,38.145,13.025,0.000,,,,,1.01821,,64,,,,,,208.24,,,,,,,208.24,,,,687.2,,,,,,,,,,,1165.2,,,,,,0.461,100.000,,,,,,2406.80,,2420.63,2688.36,,,209.09,121.69,,,,,,,,,,,,,0.461,0.000,64,2,2,,,,,,,,216,0,,,,,,,,,51.160,,78.52,78.44,,,,
427.797,,0,0,0,256,0,0,0,0,0,0,0,0,1,0,0,0,0,0,,,,,,,,,,,,,,,,,,,,,,5786.0,,,,,1254.7,,,,1.00113,1.00113,263.86,,,21.7340,,0.0,,0.4020,21.9965,12.0,12.0,12.0,12.0,10.5,12.0,,,,,,,,,,,,,3.377,0.300,3.341,3.438,3.374,,,,,,,,3.510,0.0,0.0,0.0,0.0,-1.5,20.469,11.563,,0.0,0.8074,38.415,32.490,32.490,38.415,11.975,0.000,,,,,1.01760,,64,,,,,,208.24,,,,,,,208.24,,,,685.4,,,,,,,,,,,1170.5,,,,,,0.461,100.000,,,,,,2412.27,,2430.08,2690.63,,,209.65,121.59,,,,,,,,,,,,,0.461,0.000,64,2,2,,,,,,,,216,0,,,,,,,,,51.169,,79.11,79.18,,,,
427.806,,0,0,0,256,0,0,0,0,0,0,0,0,1,0,0,0,0,0,,,,,,,,,,,,,,,,,,,,,,5810.0,,,,,1254.7,,,,1.00113,1.00113,264.94,,,21.7260,,0.0,,0.4035,21.9965,12.0,12.0,12.0,12.0,10.5,12.0,,,,,,,,,,,,,3.399,0.300,3.341,3.438,3.397,,,,,,,,3.524,0.0,0.0,0.0,0.0,-1.5,20.453,11.656,,0.0,0.8059,38.390,32.155,32.155,38.390,13.025,0.000,,,,,1.01876,,64,,,,,,208.80,,,,,,,208.80,,,,685.4,,,,,,,,,,,1175.3,,,,,,0.461,100.000,,,,,,2419.22,,2432.19,2683.91,,,209.65,122.11,,,,,,,,,,,,,0.461,0.000,64,2,2,,,,,,,,216,0,,,,,,,,,50.389,,79.11,79.18,,,,
427.820,,0,0,0,256,0,0,0,0,0,0,0,0,1,0,0,0,0,0,,,,,,,,,,,,,,,,,,,,,,5827.0,,,,,1270.8,,,,1.00113,1.00113,268.22,,,21.8380,,0.0,,0.3900,21.9965,12.0,12.0,12.0,12.0,10.5,12.0,,,,,,,,,,,,,3.399,0.300,3.341,3.438,3.397,,,,,,,,3.584,0.0,0.0,0.0,0.0,-1.5,20.531,11.813,,0.0,0.8103,38.110,31.930,31.930,38.110,10.955,0.000,,,,,1.01873,,64,,,,,,209.41,,,,,,,209.41,,,,686.0,,,,,,,,,,,1188.8,,,,,,0.461,100.000,,,,,,2425.47,,2442.73,2687.58,,,211.05,123.66,,,,,,,,,,,,,0.461,0.000,64,2,2,,,,,,,,216,0,,,,,,,,,51.415,,79.26,79.39,,,,
427.831,,0,0,0,256,0,0,0,0,0,0,0,0,1,0,0,0,0,0,,,,,,,,,,,,,,,,,,,,,,5856.5,,,,,1270.8,,,,1.00113,1.00113,269.20,,,21.8480,,0.0,,0.3890,21.9970,12.0,12.0,12.0,12.0,10.5,12.0,,,,,,,,,,,,,3.447,0.300,3.441,3.587,3.444,,,,,,,,3.596,0.0,0.0,0.0,0.0,-1.5,20.547,11.953,,0.0,0.8076,37.920,32.055,32.055,37.920,10.955,0.000,,,,,1.02013,,64,,,,,,209.81,,,,,,,209.81,,,,686.0,,,,,,,,,,,1189.1,,,,,,0.461,100.000,,,,,,2433.20,,2446.95,2688.91,,,211.05,124.08,,,,,,,,,,,,,0.461,0.000,64,2,2,,,,,,,,216,0,,,,,,,,,49.065,,79.26,79.39,,,,
427.841,,0,0,0,256,0,0,0,0,0,0,0,0,1,0,0,0,0,0,,,,,,,,,,,,,,,,,,,,,,5865.5,,,,,1285.9,,,,1.00113,1.00113,270.14,,,21.8280,,0.0,,0.3920,21.9970,11.3,11.3,11.3,12.0,10.5,11.3,,,,,,,,,,,,,3.447,0.300,3.441,3.587,3.444,,,,,,,,3.624,0.0,0.0,0.0,0.0,-1.5,20.578,12.063,,0.0,0.8115,38.095,32.100,32.100,38.095,9.980,0.000,,,,,1.01998,,64,,,,,,210.80,,,,,,,210.80,,,,685.9,,,,,,,,,,,1216.2,,,,,,0.461,100.000,,,,,,2443.05,,2457.50,2690.70,,,211.24,124.45,,,,,,,,,,,,,0.461,0.000,64,2,2,,,,,,,,216,0,,,,,,,,,48.874,,79.77,79.75,,,,
427.852,12.0,0,0,0,256,0,0,0,0,0,0,0,0,1,0,0,0,0,0,992.9,993.1,1000.0,10.3,0.0,0.0,0.03,1,0,0.996,0.996,0.2,0.2,5.531,-0.01,1000.0,1000.0,1000.0,1058.0,1000.0,929.64,5877.0,59.340,505.5,0.0,10.3,1285.9,0.02919,0.00,0.00,1.00113,1.00113,270.09,2,46.0,21.7440,0.2520,0.0,57.6,0.4030,21.9970,11.3,11.3,11.3,11.3,9.8,11.3,12.0,2.3,0.00,0.00000,0,0,0,1,98,98,98,98,3.452,0.300,3.441,3.587,3.451,993.1,1000.0,1000.0,993.1,1000.0,0.0,18.74,3.626,0.0,0.0,0.0,0.0,-1.5,20.563,12.172,0.0,0.0,0.8088,38.155,32.160,32.160,38.155,9.980,0.000,0.7969,0.7969,0.0000,921.4,1.02132,0.099908,64,54.960,1058.0,0.0,1000.0,1000.0,210.42,236.55,565.7,0.99942,1535.98,400.01,0.99939,210.42,400.01,236.53,236.53,685.9,-200.0,63.7,57.02,57.022,1703.3,580.0,750.0,779.9,313.91,0.0,1196.4,57.007,0.0,0,992.9,992.9,0.461,100.000,931.68,0,1.9139,0.449,1012.93,2447.42,81.25,2457.50,2692.89,2683.75,95.48,211.24,124.50,338.25,390.75,99.6,0,26.55,32.3,94.5,69.0,37,0,85.44,24.0,0.461,0.000,64,2,2,993.1,1057.7,993.1,992.9,1000.0,1057.5,565.8,216,0,56.572,56.671,1000.0,2000.0,62.096,99.208,100.000,56.541,48.074,12.7,79.77,79.75,78.14,78.35,0.0,0.40
427.867,,0,0,0,256,0,0,0,0,0,0,0,0,1,0,0,0,0,0,,,,,,,,,,,,,,,,,,,,,,5894.0,,,,,1294.4,,,,1.00113,1.00113,272.11,,,21.8000,,0.0,,0.3970,21.9970,12.0,12.0,12.0,12.0,10.5,12.0,,,,,,,,,,,,,3.488,0.300,3.441,3.587,3.484,,,,,,,,3.661,0.0,0.0,0.0,0.0,-1.5,20.516,12.406,,0.0,0.8018,37.875,31.460,31.460,37.875,8.175,0.000,,,,,1.02257,,64,,,,,,211.85,,,,,,,211.85,,,,686.5,,,,,,,,,,,1210.4,,,,,,0.461,100.000,,,,,,2460.08,,2464.84,2680.78,,,211.43,125.39,,,,,,,,,,,,,0.461,0.000,64,2,2,,,,,,,,216,0,,,,,,,,,47.324,,80.45,80.18,,,,
427.877,,0,0,0,256,0,0,0,0,0,0,0,0,1,0,0,0,0,0,,,,,,,,,,,,,,,,,,,,,,5908.5,,,,,1305.9,,,,1.00113,1.00113,272.30,,,21.8660,,0.0,,0.3885,21.9975,12.0,12.0,12.0,12.0,10.5,12.0,,,,,,,,,,,,,3.488,0.300,3.441,3.587,3.484,,,,,,,,3.676,0.0,0.0,0.0,0.0,-1.5,20.500,12.500,,0.0,0.8022,37.610,31.360,31.360,37.610,6.555,0.000,,,,,1.02141,,64,,,,,,212.20,,,,,,,212.20,,,,686.2,,,,,,,,,,,1232.3,,,,,,0.461,100.000,,,,,,2471.48,,2485.94,2689.92,,,212.06,125.48,,,,,,,,,,,,,0.461,0.000,64,2,2,,,,,,,,216,0,,,,,,,,,46.050,,80.70,80.55,,,,
427.887,,0,0,0,256,0,0,0,0,0,0,0,0,1,0,0,0,0,0,,,,,,,,,,,,,,,,,,,,,,5919.0,,,,,1305.9,,,,1.00113,1.00113,272.86,,,21.8660,,0.0,,0.3890,21.9975,12.0,12.0,12.0,12.0,10.5,12.0,,,,,,,,,,,,,3.491,0.300,3.441,3.587,3.490,,,,,,,,3.683,0.0,0.0,0.0,0.0,-1.5,20.500,12.672,,0.0,0.7991,37.535,31.660,31.660,37.535,8.175,0.000,,,,,1.02202,,64,,,,,,212.51,,,,,,,212.51,,,,686.2,,,,,,,,,,,1213.9,,,,,,0.461,100.000,,,,,,2473.20,,2478.59,2690.78,,,212.06,125.72,,,,,,,,,,,,,0.461,0.000,64,2,2,,,,,,,,216,0,,,,,,,,,44.164,,80.70,80.55,,,,
427.897,,0,0,0,256,0,0,0,0,0,0,0,0,1,0,0,0,0,0,,,,,,,,,,,,,,,,,,,,,,5930.5,,,,,1316.2,,,,1.00113,1.00113,274.03,,,21.8380,,0.0,,0.3925,21.9975,12.0,12.0,12.0,12.0,10.5,12.0,,,,,,,,,,,,,3.491,0.300,3.441,3.587,3.490,,,,,,,,3.709,0.0,0.0,0.0,0.0,-1.5,20.563,12.891,,0.0,0.8015,37.840,31.690,31.690,37.840,6.555,0.000,,,,,1.02196,,64,,,,,,213.49,,,,,,,213.49,,,,683.5,,,,,,,,,,,1224.8,,,,,,0.461,100.000,,,,,,2482.27,,2496.48,2692.03,,,213.14,126.28,,,,,,,,,,,,,0.461,0.000,64,2,2,,,,,,,,216,0,,,,,,,,,45.709,,81.14,81.17,,,,
427.907,,0,0,0,256,0,0,0,0,0,0,0,0,1,0,0,0,0,0,,,,,,,,,,,,,,,,,,,,,,5939.5,,,,,1316.2,,,,1.00113,1.00113,274.78,,,21.7720,,0.0,,0.4015,21.9975,12.0,12.0,12.0,12.0,10.5,12.0,,,,,,,,,,,,,3.507,0.300,3.441,3.587,3.505,,,,,,,,3.720,0.0,0.0,0.0,0.0,-1.5,20.578,13.094,,0.0,0.7947,37.915,31.480,31.480,37.915,6.555,0.000,,,,,1.02279,,64,,,,,,213.89,,,,,,,213.89,,,,683.5,,,,,,,,,,,1230.6,,,,,,0.461,100.000,,,,,,2486.33,,2493.28,2683.83,,,213.14,126.66,,,,,,,,,,,,,0.461,0.000,64,2,2,,,,,,,,216,0,,,,,,,,,44.394,,81.14,81.17,,,,
427.920,,0,0,0,256,0,0,0,0,0,0,0,0,1,0,0,0,0,0,,,,,,,,,,,,,,,,,,,,,,5951.0,,,,,1334.9,,,,1.00113,1.00113,278.34,,,21.8200,,0.0,,0.3960,21.9975,12.0,12.0,12.0,12.0,10.5,12.0,,,,,,,,,,,,,3.507,0.300,3.441,3.587,3.505,,,,,,,,3.798,0.0,0.0,0.0,0.0,-1.5,20.625,13.219,,0.0,0.7959,37.715,31.205,31.205,37.715,5.105,0.000,,,,,1.02184,,64,,,,,,214.69,,,,,,,214.69,,,,680.6,,,,,,,,,,,1241.1,,,,,,0.461,100.000,,,,,,2497.34,,2513.36,2684.92,,,215.18,128.30,,,,,,,,,,,,,0.461,0.000,64,2,2,,,,,,,,216,0,,,,,,,,,44.469,,81.30,81.23,,,,
427.931,,0,0,0,256,0,0,0,0,0,0,0,0,1,0,0,0,0,0,,,,,,,,,,,,,,,,,,,,,,5963.0,,,,,1334.9,,,,1.00113,1.00113,278.63,,,21.8580,,0.0,,0.3915,21.9980,12.0,12.0,12.0,12.0,10.5,12.0,,,,,,,,,,,,,3.561,0.300,3.558,3.802,3.563,,,,,,,,3.801,0.0,0.0,0.0,0.0,-1.5,20.563,13.344,,0.0,0.7939,37.490,31.240,31.240,37.490,5.105,0.000,,,,,1.02233,,64,,,,,,214.90,,,,,,,214.90,,,,680.6,,,,,,,,,,,1236.7,,,,,,0.461,100.000,,,,,,2499.45,,2508.05,2689.61,,,215.18,128.39,,,,,,,,,,,,,0.461,0.000,64,2,2,,,,,,,,216,0,,,,,,,,,42.819,,81.30,81.23,,,,
427.944,,0,0,0,256,0,0,0,0,0,0,0,0,1,0,0,0,0,0,,,,,,,,,,,,,,,,,,,,,,5986.5,,,,,1345.0,,,,1.00113,1.00113,278.53,,,21.8580,,0.0,,0.3920,21.9980,12.0,12.0,12.0,12.0,10.5,12.0,,,,,,,,,,,,,3.561,0.300,3.558,3.802,3.563,,,,,,,,3.819,0.0,0.0,0.0,0.0,-0.8,20.563,13.438,,0.0,0.7966,37.540,31.395,31.395,37.540,5.105,0.000,,,,,1.02221,,64,,,,,,214.85,,,,,,,214.85,,,,678.5,,,,,,,,,,,1247.9,,,,,,0.461,100.000,,,,,,2506.64,,2521.80,2688.98,,,215.88,128.34,,,,,,,,,,,,,0.461,0.000,64,2,2,,,,,,,,216,0,,,,,,,,,42.595,,81.71,81.58,,,,
427.958,12.0,0,0,0,256,0,0,0,0,0,0,0,0,1,0,0,0,0,0,992.7,992.9,1000.0,10.3,0.0,0.0,0.03,1,0,0.996,0.996,0.2,0.2,5.562,0.00,1000.0,1000.0,1000.0,1058.0,1000.0,931.05,6018.0,59.340,507.1,0.0,10.3,1352.6,0.02948,0.00,0.00,1.00113,1.00113,277.41,2,47.0,21.8580,0.2050,0.0,58.3,0.3925,21.9980,12.8,12.8,12.8,12.0,12.0,12.8,12.0,2.3,0.00,0.00000,0,0,0,1,98,98,98,98,3.559,0.300,3.558,3.802,3.557,992.9,1000.0,1000.0,992.9,1000.0,0.0,18.74,3.352,0.0,0.0,0.0,0.0,-0.8,20.531,13.609,0.0,0.0,0.7964,37.755,31.275,31.275,37.755,4.445,0.000,0.7891,0.7891,0.0000,981.8,1.02239,0.100453,64,48.135,1058.0,0.0,1000.0,1000.0,216.28,234.82,570.8,0.99942,1535.98,400.01,0.99939,216.28,400.01,234.80,234.80,676.7,-200.0,63.5,58.17,58.179,1808.6,581.5,750.0,781.4,342.30,0.0,1263.1,57.616,0.0,0,992.7,992.7,0.410,100.000,923.79,0,2.0138,0.453,1012.93,2519.84,89.14,2537.58,2683.83,2683.91,97.36,216.49,111.98,347.25,390.75,99.6,0,26.55,32.3,94.5,69.0,37,0,85.44,24.0,0.410,0.000,64,2,2,992.9,1057.9,992.9,992.7,1000.0,1057.7,569.3,216,0,57.083,57.352,1000.0,2000.0,61.972,99.187,100.000,56.891,42.189,12.6,82.03,82.03,80.21,80.15,0.0,0.27
427.968,,0,0,0,256,0,0,0,0,0,0,0,0,1,0,0,0,0,0,,,,,,,,,,,,,,,,,,,,,,6033.5,,,,,1352.6,,,,1.00113,1.00113,278.81,,,21.7640,,0.0,,0.4045,21.9980,12.8,12.8,12.8,12.8,12.0,12.8,,,,,,,,,,,,,3.918,0.300,3.558,3.802,3.918,,,,,,,,3.386,0.0,0.0,0.0,0.0,-0.8,20.500,13.750,,0.0,0.7910,37.655,30.860,30.860,37.655,3.830,0.000,,,,,1.02364,,64,,,,,,216.52,,,,,,,216.52,,,,676.7,,,,,,,,,,,1261.2,,,,,,0.410,100.000,,,,,,2522.19,,2528.05,2681.02,,,216.49,113.11,,,,,,,,,,,,,0.410,0.000,64,2,2,,,,,,,,216,0,,,,,,,,,42.200,,82.03,82.03,,,,
427.977,,0,0,0,256,0,0,0,0,0,0,0,0,1,0,0,0,0,0,,,,,,,,,,,,,,,,,,,,,,6056.0,,,,,1366.5,,,,1.00113,1.00113,280.08,,,21.7920,,0.0,,0.4015,21.9980,12.8,12.8,12.8,12.8,12.0,12.8,,,,,,,,,,,,,3.918,0.300,3.558,3.802,3.918,,,,,,,,3.427,0.0,0.0,0.0,0.0,-0.8,20.563,13.891,,0.0,0.7910,37.240,30.765,30.765,37.240,3.265,0.000,,,,,1.02312,,64,,,,,,217.03,,,,,,,217.03,,,,676.1,,,,,,,,,,,1269.7,,,,,,0.410,100.000,,,,,,2529.77,,2542.81,2682.34,,,217.03,114.05,,,,,,,,,,,,,0.410,0.000,64,2,2,,,,,,,,216,0,,,,,,,,,41.484,,82.71,82.83,,,,
427.987,,0,0,0,256,0,0,0,0,0,0,0,0,1,0,0,0,0,0,,,,,,,,,,,,,,,,,,,,,,6059.5,,,,,1366.5,,,,1.00131,1.00131,280.69,,,21.7260,,0.0,,0.4105,21.9985,12.8,12.0,12.0,12.0,11.3,12.0,,,,,,,,,,,,,3.934,0.300,3.558,3.802,3.933,,,,,,,,3.437,0.0,0.0,0.0,0.0,-0.8,20.578,14.078,,0.0,0.7859,37.145,30.810,30.810,37.145,3.265,0.000,,,,,1.02346,,64,,,,,,217.29,,,,,,,217.29,,,,676.1,,,,,,,,,,,1271.3,,,,,,0.410,100.000,,,,,,2532.19,,2537.58,2681.48,,,217.03,114.38,,,,,,,,,,,,,0.410,0.000,64,2,2,,,,,,,,215,0,,,,,,,,,40.504,,82.71,82.83,,,,
427.997,,0,0,0,256,0,0,0,0,0,0,0,0,1,0,0,0,0,0,,,,,,,,,,,,,,,,,,,,,,6082.5,,,,,1382.6,,,,1.00131,1.00131,281.34,,,21.6680,,0.0,,0.4180,21.9985,12.0,12.0,12.0,12.0,11.3,12.0,,,,,,,,,,,,,3.934,0.300,3.558,3.802,3.933,,,,,,,,3.464,0.0,0.0,0.0,0.0,-0.8,20.641,14.188,,0.0,0.7871,37.190,30.780,30.780,37.190,2.265,0.000,,,,,1.02294,,64,,,,,,217.95,,,,,,,217.95,,,,675.7,,,,,,,,,,,1281.8,,,,,,0.410,100.000,,,,,,2539.77,,2554.45,2681.33,,,218.39,114.70,,,,,,,,,,,,,0.410,0.000,64,2,2,,,,,,,,215,0,,,,,,,,,40.410,,82.89,83.03,,,,
428.007,,0,0,0,256,0,0,0,0,0,0,0,0,1,0,0,0,0,0,,,,,,,,,,,,,,,,,,,,,,6111.5,,,,,1382.6,,,,1.00131,1.00131,281.63,,,21.6500,,0.0,,0.4215,21.9985,12.0,12.0,12.0,12.0,11.3,12.0,,,,,,,,,,,,,3.947,0.300,3.558,3.802,3.946,,,,,,,,3.466,0.0,0.0,0.0,0.0,-0.8,20.594,14.234,,0.0,0.7808,37.160,31.355,31.355,37.160,2.740,0.000,,,,,1.02324,,64,,,,,,218.11,,,,,,,218.11,,,,675.7,,,,,,,,,,,1285.3,,,,,,0.410,100.000,,,,,,2541.33,,2551.25,2683.75,,,218.39,114.75,,,,,,,,,,,,,0.410,0.000,64,2,2,,,,,,,,215,0,,,,,,,,,39.455,,82.89,83.03,,,,
428.020,,0,0,0,256,0,0,0,0,0,0,0,0,1,0,0,0,0,0,,,,,,,,,,,,,,,,,,,,,,6126.0,,,,,1389.3,,,,1.00131,1.00131,281.20,,,21.6120,,0.0,,0.4265,21.9985,12.0,12.0,12.0,12.0,11.3,12.0,,,,,,,,,,,,,3.947,0.300,3.558,3.802,3.946,,,,,,,,3.483,0.0,0.0,0.0,0.0,-0.8,20.609,14.313,,0.0,0.7830,37.735,31.440,31.440,37.735,1.830,0.000,,,,,1.02239,,64,,,,,,217.64,,,,,,,217.64,,,,674.5,,,,,,,,,,,1299.9,,,,,,0.410,100.000,,,,,,2548.52,,2566.02,2697.73,,,218.13,114.84,,,,,,,,,,,,,0.410,0.000,64,2,2,,,,,,,,215,0,,,,,,,,,39.899,,83.66,83.49,,,,
428.031,,0,0,0,256,0,0,0,0,0,0,0,0,1,0,0,0,0,0,,,,,,,,,,,,,,,,,,,,,,6143.0,,,,,1389.3,,,,1.00131,1.00131,281.95,,,21.5260,,0.0,,0.4385,21.9985,12.0,12.0,12.0,12.0,11.3,12.0,,,,,,,,,,,,,3.947,0.300,3.943,3.472,3.948,,,,,,,,3.489,0.0,0.0,0.0,0.0,-0.8,20.547,14.375,,0.0,0.7786,37.820,31.945,31.945,37.820,3.265,0.000,,,,,1.02273,,64,,,,,,218.30,,,,,,,218.30,,,,674.5,,,,,,,,,,,1283.0,,,,,,0.410,100.000,,,,,,2549.92,,2555.47,2697.11,,,218.13,115.03,,,,,,,,,,,,,0.410,0.000,64,2,2,,,,,,,,215,0,,,,,,,,,39.565,,83.66,83.49,,,,
428.041,,0,0,0,256,0,0,0,0,0,0,0,0,1,0,0,0,0,0,,,,,,,,,,,,,,,,,,,,,,6149.5,,,,,1404.4,,,,1.00131,1.00131,282.14,,,21.6200,,0.0,,0.4270,21.9985,12.0,12.0,12.0,12.0,11.3,12.0,,,,,,,,,,,,,3.947,0.300,3.943,3.472,3.948,,,,,,,,3.498,0.0,0.0,0.0,0.0,-0.8,20.609,14.531,,0.0,0.7805,38.325,31.920,31.920,38.325,2.740,0.000,,,,,1.02205,,64,,,,,,218.86,,,,,,,218.86,,,,673.9,,,,,,,,,,,1307.7,,,,,,0.410,100.000,,,,,,2555.47,,2567.03,2691.80,,,218.91,114.98,,,,,,,,,,,,,0.410,0.000,64,2,2,,,,,,,,215,0,,,,,,,,,41.084,,84.10,83.97,,,,
428.052,12.8,0,0,0,256,0,0,0,0,0,0,0,0,1,0,0,0,0,0,992.7,992.8,1000.0,10.0,0.0,0.0,0.03,1,0,0.996,0.996,0.1,0.1,5.812,0.00,1000.0,1000.0,1000.0,1059.0,1000.0,933.25,6174.5,58.952,510.4,0.0,10.0,1404.4,0.02998,0.00,0.00,1.00131,1.00131,281.30,2,47.0,21.5540,0.1400,0.0,59.2,0.4365,21.9985,12.0,12.0,12.0,12.0,11.3,12.0,12.8,2.3,0.00,0.00406,0,0,0,1,98,98,98,98,3.965,0.300,3.943,3.472,3.966,992.8,1000.0,1000.0,992.8,1000.0,0.0,18.74,3.494,0.0,0.0,0.0,0.0,-0.8,20.594,14.672,0.0,0.0,0.7778,38.300,31.730,31.730,38.300,2.265,0.000,0.7813,0.7813,0.0000,1041.4,1.02224,0.100897,64,42.190,1059.0,0.0,1000.0,1000.0,217.88,232.59,583.5,0.99942,1535.98,400.01,0.99939,217.88,400.01,232.57,232.57,673.9,-200.0,73.3,60.63,60.632,1906.6,612.0,750.0,811.9,374.84,0.0,1294.3,58.563,0.0,0,992.7,992.7,0.410,100.000,922.93,0,2.1122,0.457,1012.93,2557.27,90.00,2563.91,2700.08,2683.83,88.69,218.91,114.84,347.25,390.75,99.2,0,26.55,32.3,94.5,69.0,37,0,85.44,24.0,0.410,0.000,64,2,2,992.8,1058.3,992.8,992.7,1000.0,1058.2,580.8,215,0,58.359,58.313,1000.0,2000.0,61.591,99.178,100.000,58.029,41.064,12.7,84.10,83.97,82.16,82.11,0.0,0.21
428.067,,0,0,0,256,0,0,0,0,0,0,0,0,1,0,0,0,0,0,,,,,,,,,,,,,,,,,,,,,,6203.5,,,,,1409.2,,,,1.00131,1.00131,281.06,,,21.6500,,0.0,,0.4260,21.9985,12.0,12.0,12.0,12.0,11.3,12.0,,,,,,,,,,,,,3.964,0.300,3.943,3.472,3.963,,,,,,,,3.510,0.0,0.0,0.0,0.0,-0.8,20.672,14.922,,0.0,0.7837,39.075,32.070,32.070,39.075,1.830,0.000,,,,,1.02282,,64,,,,,,217.52,,,,,,,217.52,,,,674.8,,,,,,,,,,,1296.7,,,,,,0.410,100.000,,,,,,2560.94,,2569.14,2688.98,,,219.30,114.84,,,,,,,,,,,,,0.410,0.000,64,2,2,,,,,,,,215,0,,,,,,,,,40.375,,84.44,84.71,,,,
428.077,,0,0,0,256,0,0,0,0,0,0,0,0,1,0,0,0,0,0,,,,,,,,,,,,,,,,,,,,,,6206.5,,,,,1413.4,,,,1.00131,1.00131,281.44,,,21.5740,,0.0,,0.4365,21.9990,12.0,12.0,12.0,12.0,11.3,12.0,,,,,,,,,,,,,3.964,0.300,3.943,3.472,3.963,,,,,,,,3.514,0.0,0.0,0.0,0.0,-0.8,20.719,15.016,,0.0,0.7871,38.450,32.265,32.265,38.450,1.830,0.000,,,,,1.02270,,64,,,,,,217.88,,,,,,,217.88,,,,675.5,,,,,,,,,,,1309.0,,,,,,0.410,100.000,,,,,,2564.61,,2576.56,2692.34,,,218.37,114.98,,,,,,,,,,,,,0.410,0.000,64,2,2,,,,,,,,215,0,,,,,,,,,40.904,,84.51,84.75,,,,
428.088,,0,0,0,256,0,0,0,0,0,0,0,0,1,0,0,0,0,0,,,,,,,,,,,,,,,,,,,,,,6211.5,,,,,1413.4,,,,1.00131,1.00131,281.30,,,21.6200,,0.0,,0.4315,21.9990,12.0,12.0,12.0,12.0,11.3,11.3,,,,,,,,,,,,,3.949,0.300,3.943,3.472,3.950,,,,,,,,3.510,0.0,0.0,0.0,0.0,-0.8,20.703,15.094,,0.0,0.7817,38.645,32.395,32.395,38.645,2.265,0.000,,,,,1.02327,,64,,,,,,217.71,,,,,,,217.71,,,,675.5,,,,,,,,,,,1296.7,,,,,,0.410,100.000,,,,,,2563.91,,2570.23,2693.44,,,218.37,114.84,,,,,,,,,,,,,0.410,0.000,64,2,2,,,,,,,,215,0,,,,,,,,,40.279,,84.51,84.75,,,,
428.099,,0,0,0,256,0,0,0,0,0,0,0,0,1,0,0,0,0,0,,,,,,,,,,,,,,,,,,,,,,6230.5,,,,,1417.2,,,,1.00131,1.00131,281.11,,,21.6020,,0.0,,0.4345,21.9990,12.0,12.0,12.0,12.0,11.3,12.0,,,,,,,,,,,,,3.949,0.300,3.943,3.472,3.953,,,,,,,,3.515,0.0,0.0,0.0,0.0,-0.8,20.766,14.797,,0.0,0.7854,38.775,32.435,32.435,38.775,1.830,0.000,,,,,1.02260,,64,,,,,,217.73,,,,,,,217.73,,,,674.6,,,,,,,,,,,1314.6,,,,,,0.410,100.000,,,,,,2568.75,,2579.69,2693.75,,,219.26,114.84,,,,,,,,,,,,,0.410,0.000,64,2,2,,,,,,,,215,0,,,,,,,,,40.909,,85.18,85.16,,,,
428.107,,0,0,0,256,0,0,0,0,0,0,0,0,1,0,0,0,0,0,,,,,,,,,,,,,,,,,,,,,,6253.5,,,,,1417.2,,,,1.00131,1.00131,280.78,,,21.6680,,0.0,,0.4265,21.9990,12.8,12.0,12.0,12.0,12.0,12.0,,,,,,,,,,,,,3.954,0.300,3.943,3.472,3.953,,,,,,,,3.501,0.0,0.0,0.0,0.0,-0.8,20.656,15.188,,0.0,0.7813,38.815,32.900,32.900,38.815,1.830,0.000,,,,,1.02309,,64,,,,,,217.71,,,,,,,217.71,,,,674.6,,,,,,,,,,,1308.5,,,,,,0.410,100.000,,,,,,2568.59,,2574.45,2683.83,,,219.26,114.42,,,,,,,,,,,,,0.410,0.000,64,2,2,,,,,,,,215,0,,,,,,,,,40.604,,85.18,85.16,,,,
428.119,,0,0,0,256,0,0,0,0,0,0,0,0,1,0,0,0,0,0,,,,,,,,,,,,,,,,,,,,,,6261.5,,,,,1419.9,,,,1.00131,1.00131,280.64,,,21.7540,,0.0,,0.4165,21.9990,12.0,12.8,12.8,12.0,12.0,12.8,,,,,,,,,,,,,3.954,0.300,3.943,3.472,3.942,,,,,,,,3.518,0.0,0.0,0.0,0.0,-0.8,20.734,14.953,,0.0,0.7856,39.280,32.500,32.500,39.280,1.440,0.000,,,,,1.02254,,64,,,,,,217.45,,,,,,,217.45,,,,674.9,,,,,,,,,,,1311.9,,,,,,0.410,100.000,,,,,,2572.27,,2581.80,2688.83,,,218.44,114.56,,,,,,,,,,,,,0.410,0.000,64,2,2,,,,,,,,215,0,,,,,,,,,40.645,,85.44,85.32,,,,
428.131,,0,0,0,256,0,0,0,0,0,0,0,0,1,0,0,0,0,0,,,,,,,,,,,,,,,,,,,,,,6276.5,,,,,1419.9,,,,1.00131,1.00131,280.73,,,21.8200,,0.0,,0.4085,21.9990,12.8,12.8,12.8,12.8,12.0,12.0,,,,,,,,,,,,,3.941,0.300,3.938,3.522,3.942,,,,,,,,3.522,0.0,0.0,0.0,0.0,-0.8,20.672,15.359,,0.0,0.7800,38.880,32.700,32.700,38.880,1.830,0.000,,,,,1.02312,,64,,,,,,217.31,,,,,,,217.31,,,,674.9,,,,,,,,,,,1308.2,,,,,,0.410,100.000,,,,,,2571.02,,2574.45,2690.55,,,218.44,114.70,,,,,,,,,,,,,0.410,0.000,64,2,2,,,,,,,,215,0,,,,,,,,,40.720,,85.44,85.32,,,,
428.141,,0,0,0,256,0,0,0,0,0,0,0,0,1,0,0,0,0,0,,,,,,,,,,,,,,,,,,,,,,6296.0,,,,,1429.0,,,,1.00131,1.00131,280.64,,,21.7820,,0.0,,0.4140,21.9990,12.8,12.8,12.8,12.8,12.0,12.8,,,,,,,,,,,,,3.941,0.300,3.938,3.522,3.927,,,,,,,,3.530,0.0,0.0,0.0,0.0,-0.8,20.766,15.078,,0.0,0.7844,39.080,32.770,32.770,39.080,1.440,0.000,,,,,1.02239,,64,,,,,,217.41,,,,,,,217.41,,,,675.6,,,,,,,,,,,1318.3,,,,,,0.410,100.000,,,,,,2573.44,,2581.80,2690.94,,,218.34,114.70,,,,,,,,,,,,,0.410,0.000,64,2,2,,,,,,,,215,0,,,,,,,,,40.709,,85.96,85.89,,,,
428.149,12.0,0,0,0,256,0,0,0,0,0,0,0,0,1,0,0,0,0,0,992.3,992.3,999.9,10.0,0.0,0.0,0.06,1,0,0.996,0.996,0.0,0.0,5.843,0.00,1000.0,1000.0,1000.0,1056.6,1000.0,936.55,6299.5,58.952,512.0,0.0,10.0,1429.0,0.03027,0.00,0.00,1.00131,1.00131,279.52,2,47.0,21.8280,0.4725,0.0,62.8,0.4085,21.9990,12.8,12.8,12.8,12.8,12.0,12.0,12.0,2.3,0.00,0.00006,0,0,0,1,98,98,98,98,3.922,0.300,3.938,3.522,3.927,992.3,1000.0,1000.0,992.3,1000.0,0.0,18.74,3.509,0.0,0.0,0.0,0.0,-0.8,20.688,15.453,0.0,0.0,0.7803,39.150,32.785,32.785,39.150,1.830,0.000,0.7813,0.7813,0.0000,1174.3,1.02300,0.100714,64,40.565,1056.6,0.0,1000.0,1000.0,216.80,230.48,585.9,0.99942,1535.98,400.01,0.99939,216.80,400.01,230.46,230.46,675.6,-200.0,75.2,60.97,60.977,1977.1,618.9,750.0,818.8,399.61,0.0,1313.4,59.041,0.0,0,992.3,992.3,0.410,100.000,922.93,0,2.1796,0.461,1012.93,2573.91,90.00,2588.13,2695.39,2683.91,89.48,218.34,114.00,356.25,390.75,99.2,0,26.55,32.3,94.5,69.0,37,0,85.44,24.0,0.410,0.000,64,2,2,992.3,1056.3,992.3,992.3,1000.0,1056.3,585.6,215,0,58.597,58.380,1000.0,2000.0,61.350,99.127,100.000,58.499,40.520,12.7,85.96,85.89,84.48,84.40,0.0,0.35
428.157,,0,0,0,256,0,0,0,0,0,0,0,0,1,0,0,0,0,0,,,,,,,,,,,,,,,,,,,,,,6326.0,,,,,1430.3,,,,1.00131,1.00131,279.66,,,21.7440,,0.0,,0.4195,21.9990,12.8,12.8,12.8,12.8,12.0,12.8,,,,,,,,,,,,,3.922,0.300,3.938,3.522,3.918,,,,,,,,3.525,0.0,0.0,0.0,0.0,-0.8,20.813,15.172,,0.0,0.7871,39.165,33.640,33.640,39.165,1.830,0.000,,,,,1.02245,,64,,,,,,216.98,,,,,,,216.98,,,,675.2,,,,,,,,,,,1324.2,,,,,,0.410,100.000,,,,,,2575.94,,2585.00,2683.83,,,218.20,114.19,,,,,,,,,,,,,0.410,0.000,64,2,2,,,,,,,,215,0,,,,,,,,,40.979,,86.61,86.67,,,,
428.167,,0,0,0,256,0,0,0,0,0,0,0,0,1,0,0,0,0,0,,,,,,,,,,,,,,,,,,,,,,6336.0,,,,,1430.3,,,,1.00131,1.00131,279.09,,,21.7440,,0.0,,0.4200,21.9990,12.8,12.8,12.8,12.8,12.0,12.0,,,,,,,,,,,,,3.915,0.300,3.938,3.522,3.918,,,,,,,,3.523,0.0,0.0,0.0,0.0,-0.8,20.703,15.516,,0.0,0.7856,40.020,33.145,33.145,40.020,1.440,0.000,,,,,1.02343,,64,,,,,,216.09,,,,,,,216.09,,,,675.2,,,,,,,,,,,1321.1,,,,,,0.410,100.000,,,,,,2576.56,,2586.02,2689.22,,,218.20,114.14,,,,,,,,,,,,,0.410,0.000,64,2,2,,,,,,,,215,0,,,,,,,,,40.994,,86.61,86.67,,,,
428.178,,0,0,0,256,0,0,0,0,0,0,0,0,1,0,0,0,0,0,,,,,,,,,,,,,,,,,,,,,,6368.0,,,,,1439.0,,,,1.00131,1.00131,279.05,,,21.6680,,0.0,,0.4300,21.9990,12.8,12.8,12.8,12.8,12.0,12.8,,,,,,,,,,,,,3.913,0.300,3.938,3.522,3.914,,,,,,,,3.530,0.0,0.0,0.0,0.0,-0.8,20.797,15.203,,0.0,0.7886,39.525,33.380,33.380,39.525,1.440,0.000,,,,,1.02337,,64,,,,,,216.16,,,,,,,216.16,,,,675.9,,,,,,,,,,,1325.7,,,,,,0.410,100.000,,,,,,2578.13,,2581.80,2694.06,,,217.05,114.09,,,,,,,,,,,,,0.410,0.000,64,2,2,,,,,,,,215,0,,,,,,,,,41.460,,86.97,86.85,,,,
428.187,,0,0,0,256,0,0,0,0,0,0,0,0,1,0,0,0,0,0,,,,,,,,,,,,,,,,,,,,,,6380.0,,,,,1439.0,,,,1.00131,1.00131,279.23,,,21.7920,,0.0,,0.4150,21.9990,13.5,13.5,12.8,12.8,12.0,13.5,,,,,,,,,,,,,3.913,0.300,3.938,3.522,3.914,,,,,,,,3.533,0.0,0.0,0.0,0.0,-0.8,20.703,15.563,,0.0,0.7856,39.760,33.585,33.585,39.760,1.440,0.000,,,,,1.02388,,64,,,,,,216.16,,,,,,,216.16,,,,675.9,,,,,,,,,,,1326.8,,,,,,0.410,100.000,,,,,,2578.28,,2587.11,2696.33,,,217.05,114.19,,,,,,,,,,,,,0.410,0.000,64,2,2,,,,,,,,215,0,,,,,,,,,40.964,,86.97,86.85,,,,
428.197,,0,0,0,256,0,0,0,0,0,0,0,0,1,0,0,0,0,0,,,,,,,,,,,,,,,,,,,,,,6400.0,,,,,1442.1,,,,1.00131,1.00131,278.34,,,21.7720,,0.0,,0.4180,21.9990,13.5,13.5,13.5,13.5,12.0,13.5,,,,,,,,,,,,,3.903,0.300,3.938,3.522,3.907,,,,,,,,3.531,0.0,0.0,0.0,0.0,-0.8,20.781,15.250,,0.0,0.7883,39.965,33.680,33.680,39.965,1.830,0.000,,,,,1.02364,,64,,,,,,215.37,,,,,,,215.37,,,,674.2,,,,,,,,,,,1324.4,,,,,,0.410,100.000,,,,,,2578.05,,2580.78,2701.17,,,216.42,113.91,,,,,,,,,,,,,0.410,0.000,64,2,2,,,,,,,,215,0,,,,,,,,,41.199,,87.18,87.00,,,,
428.208,,0,0,0,256,0,0,0,0,0,0,0,0,1,0,0,0,0,0,,,,,,,,,,,,,,,,,,,,,,6431.0,,,,,1442.1,,,,1.00131,1.00131,277.59,,,21.8100,,0.0,,0.4135,21.9995,13.5,13.5,13.5,13.5,12.8,13.5,,,,,,,,,,,,,3.903,0.300,3.938,3.522,3.907,,,,,,,,3.520,0.0,0.0,0.0,0.0,-0.8,20.875,15.281,,0.0,0.7861,40.060,34.495,34.495,40.060,1.830,0.000,,,,,1.02419,,64,,,,,,214.76,,,,,,,214.76,,,,674.2,,,,,,,,,,,1326.4,,,,,,0.410,100.000,,,,,,2577.81,,2586.02,2683.91,,,216.42,113.58,,,,,,,,,,,,,0.410,0.000,64,2,2,,,,,,,,215,0,,,,,,,,,41.794,,87.18,87.00,,,,
428.218,,0,0,0,256,0,0,0,0,0,0,0,0,1,0,0,0,0,0,,,,,,,,,,,,,,,,,,,,,,6445.0,,,,,1446.7,,,,1.00131,1.00131,277.03,,,21.8200,,0.0,,0.4125,21.9995,13.5,13.5,13.5,13.5,12.8,13.5,,,,,,,,,,,,,3.886,0.300,3.938,3.522,3.894,,,,,,,,3.515,0.0,0.0,0.0,0.0,-0.8,20.859,15.297,,0.0,0.7898,40.875,33.710,33.710,40.875,1.440,0.000,,,,,1.02401,,64,,,,,,214.64,,,,,,,214.64,,,,673.1,,,,,,,,,,,1324.1,,,,,,0.410,100.000,,,,,,2576.48,,2577.58,2687.34,,,215.58,113.11,,,,,,,,,,,,,0.410,0.000,64,2,2,,,,,,,,215,0,,,,,,,,,41.890,,88.02,87.90,,,,
428.230,,0,0,0,256,0,0,0,0,0,0,0,0,1,0,0,0,0,0,,,,,,,,,,,,,,,,,,,,,,6478.0,,,,,1446.7,,,,1.00131,1.00131,278.48,,,21.7540,,0.0,,0.4215,21.9995,13.5,13.5,13.5,13.5,12.8,13.5,,,,,,,,,,,,,3.886,0.300,3.886,3.520,3.894,,,,,,,,3.540,0.0,0.0,0.0,0.0,-0.8,20.922,15.266,,0.0,0.7922,40.090,33.870,33.870,40.090,1.440,0.000,,,,,1.02459,,64,,,,,,215.34,,,,,,,215.34,,,,673.1,,,,,,,,,,,1332.4,,,,,,0.410,100.000,,,,,,2576.02,,2586.02,2684.45,,,215.58,113.95,,,,,,,,,,,,,0.410,0.000,64,2,2,,,,,,,,215,0,,,,,,,,,42.314,,88.02,87.90,,,,
428.244,,0,0,0,256,0,0,0,0,0,0,0,0,1,0,0,0,0,0,,,,,,,,,,,,,,,,,,,,,,6490.0,,,,,1461.6,,,,1.00131,1.00131,278.63,,,21.8280,,0.0,,0.4125,21.9995,13.5,13.5,13.5,13.5,12.8,13.5,,,,,,,,,,,,,3.903,0.300,3.886,3.520,3.901,,,,,,,,3.549,0.0,0.0,0.0,0.0,-0.8,20.859,15.250,,0.0,0.7942,40.250,33.740,33.740,40.250,1.440,0.000,,,,,1.02514,,64,,,,,,215.27,,,,,,,215.27,,,,672.8,,,,,,,,,,,1333.5,,,,,,0.410,100.000,,,,,,2572.50,,2575.47,2679.30,,,215.91,114.09,,,,,,,,,,,,,0.410,0.000,64,2,2,,,,,,,,215,0,,,,,,,,,41.530,,87.99,88.18,,,,
428.257,12.8,0,0,0,256,0,0,0,0,0,0,0,0,1,0,0,0,0,0,992.6,992.6,999.9,10.0,0.0,0.0,0.03,1,0,0.996,0.996,0.0,0.0,5.968,0.00,1000.0,1000.0,1000.0,1054.7,1000.0,941.45,6509.5,58.952,509.6,0.0,10.0,1468.5,0.03027,0.00,0.00,1.00131,1.00131,276.33,2,46.0,21.8480,0.2550,0.0,61.9,0.4105,21.9995,14.3,13.5,14.3,14.3,13.5,13.5,12.8,2.3,0.00,0.00470,0,0,0,1,98,98,98,98,4.243,0.300,3.886,3.520,4.245,992.6,1000.0,1000.0,992.6,1000.0,0.0,18.74,3.042,0.0,0.0,0.0,0.0,-0.8,20.828,15.594,0.0,0.0,0.7913,39.885,33.970,33.970,39.885,1.440,0.000,0.7813,0.7813,0.0000,1193.8,1.02596,0.099684,64,40.980,1054.7,0.0,1000.0,1000.0,215.30,227.55,584.5,0.99942,1535.98,400.01,0.99939,215.30,400.01,227.53,227.53,672.5,-200.0,74.8,61.05,61.057,2015.5,620.3,750.0,820.2,405.55,0.0,1340.0,58.740,0.0,0,992.6,992.6,0.359,100.000,922.93,0,2.1820,0.465,1012.93,2570.63,90.00,2568.13,2683.83,2683.83,88.97,215.74,97.59,356.25,390.75,99.2,0,26.64,32.3,94.5,69.0,37,0,85.44,24.0,0.359,0.000,64,2,2,992.6,1054.0,992.6,992.6,1000.0,1054.0,584.4,215,0,58.450,58.507,1000.0,2000.0,60.628,99.158,100.000,58.379,41.370,12.6,88.53,88.53,86.41,86.39,0.0,0.48
428.267,,0,0,0,256,0,0,0,0,0,0,0,0,1,0,0,0,0,0,,,,,,,,,,,,,,,,,,,,,,6536.0,,,,,1468.5,,,,1.00131,1.00131,277.22,,,21.8200,,0.0,,0.4145,21.9995,14.3,14.3,14.3,14.3,13.5,14.3,,,,,,,,,,,,,4.243,0.300,3.886,3.520,4.245,,,,,,,,3.063,0.0,0.0,0.0,0.0,-0.8,20.891,15.234,,0.0,0.7922,40.350,34.400,34.400,40.350,1.440,0.000,,,,,1.02590,,64,,,,,,215.58,,,,,,,215.58,,,,672.5,,,,,,,,,,,1349.5,,,,,,0.359,100.000,,,,,,2570.23,,2570.23,2681.88,,,215.74,98.25,,,,,,,,,,,,,0.359,0.000,64,2,2,,,,,,,,215,0,,,,,,,,,41.324,,88.53,88.53,,,,
428.277,,0,0,0,256,0,0,0,0,0,0,0,0,1,0,0,0,0,0,,,,,,,,,,,,,,,,,,,,,,6543.5,,,,,1477.2,,,,1.00131,1.00131,277.88,,,21.9140,,0.0,,0.4030,21.9995,14.3,14.3,14.3,14.3,13.5,13.5,,,,,,,,,,,,,4.244,0.300,3.886,3.520,4.245,,,,,,,,3.080,0.0,0.0,0.0,0.0,-0.8,20.781,15.609,,0.0,0.7876,40.780,34.305,34.305,40.780,1.830,0.000,,,,,1.02639,,64,,,,,,215.65,,,,,,,215.65,,,,671.7,,,,,,,,,,,1345.6,,,,,,0.359,100.000,,,,,,2568.28,,2571.25,2679.53,,,215.04,98.77,,,,,,,,,,,,,0.359,0.000,64,2,2,,,,,,,,215,0,,,,,,,,,41.789,,88.87,88.81,,,,
428.287,,0,0,0,256,0,0,0,0,0,0,0,0,1,0,0,0,0,0,,,,,,,,,,,,,,,,,,,,,,6557.5,,,,,1477.2,,,,1.00131,1.00131,277.97,,,21.8000,,0.0,,0.4175,21.9995,14.3,14.3,14.3,14.3,13.5,14.3,,,,,,,,,,,,,4.244,0.300,3.886,3.520,4.238,,,,,,,,3.089,0.0,0.0,0.0,0.0,-0.8,20.922,15.328,,0.0,0.7910,40.685,34.190,34.190,40.685,1.830,0.000,,,,,1.02587,,64,,,,,,215.55,,,,,,,215.55,,,,671.7,,,,,,,,,,,1354.4,,,,,,0.359,100.000,,,,,,2567.27,,2568.13,2677.58,,,215.04,99.05,,,,,,,,,,,,,0.359,0.000,64,2,2,,,,,,,,215,0,,,,,,,,,42.609,,88.87,88.81,,,,
428.298,,0,0,0,256,0,0,0,0,0,0,0,0,1,0,0,0,0,0,,,,,,,,,,,,,,,,,,,,,,6559.5,,,,,1477.7,,,,1.00131,1.00131,277.92,,,21.9620,,0.0,,0.3975,21.9995,14.3,14.3,14.3,14.3,13.5,14.3,,,,,,,,,,,,,4.236,0.300,3.886,3.520,4.238,,,,,,,,3.088,0.0,0.0,0.0,0.0,-0.8,20.828,15.719,,0.0,0.7869,40.570,34.095,34.095,40.570,1.830,0.000,,,,,1.02675,,64,,,,,,215.34,,,,,,,215.34,,,,670.2,,,,,,,,,,,1346.3,,,,,,0.359,100.000,,,,,,2564.61,,2573.36,2676.33,,,215.25,99.00,,,,,,,,,,,,,0.359,0.000,64,2,2,,,,,,,,215,0,,,,,,,,,42.514,,89.52,89.38,,,,
428.307,,0,0,0,256,0,0,0,0,0,0,0,0,1,0,0,0,0,0,,,,,,,,,,,,,,,,,,,,,,6581.0,,,,,1477.7,,,,1.00131,1.00131,277.50,,,21.9320,,0.0,,0.4010,21.9995,14.3,14.3,14.3,14.3,13.5,14.3,,,,,,,,,,,,,4.229,0.300,3.886,3.520,4.233,,,,,,,,3.086,0.0,0.0,0.0,0.0,-0.8,20.750,15.672,,0.0,0.7837,40.475,33.915,33.915,40.475,1.440,0.000,,,,,1.02636,,64,,,,,,215.02,,,,,,,215.02,,,,670.2,,,,,,,,,,,1358.4,,,,,,0.359,100.000,,,,,,2562.66,,2561.80,2683.91,,,215.25,98.95,,,,,,,,,,,,,0.359,0.000,64,2,2,,,,,,,,215,0,,,,,,,,,42.400,,89.52,89.38,,,,
428.319,,0,0,0,256,0,0,0,0,0,0,0,0,1,0,0,0,0,0,,,,,,,,,,,,,,,,,,,,,,6579.0,,,,,1479.5,,,,1.00131,1.00131,276.84,,,21.9140,,0.0,,0.4040,21.9995,14.3,14.3,14.3,14.3,13.5,14.3,,,,,,,,,,,,,4.229,0.300,3.886,3.520,4.233,,,,,,,,3.079,0.0,0.0,0.0,0.0,-0.8,20.844,15.688,,0.0,0.7837,40.295,34.285,34.285,40.295,1.830,0.000,,,,,1.02596,,64,,,,,,214.90,,,,,,,214.90,,,,669.9,,,,,,,,,,,1356.7,,,,,,0.359,100.000,,,,,,2561.48,,2569.14,2681.95,,,214.73,98.58,,,,,,,,,,,,,0.359,0.000,64,2,2,,,,,,,,215,0,,,,,,,,,41.914,,90.08,90.33,,,,
428.331,,0,0,0,256,0,0,0,0,0,0,0,0,1,0,0,0,0,0,,,,,,,,,,,,,,,,,,,,,,6606.5,,,,,1479.5,,,,1.00131,1.00131,276.80,,,21.6200,,0.0,,0.4410,21.9995,14.3,14.3,14.3,14.3,13.5,14.3,,,,,,,,,,,,,4.215,0.300,4.216,3.085,4.215,,,,,,,,3.076,0.0,0.0,0.0,0.0,-0.8,20.750,15.688,,0.0,0.7883,40.665,34.190,34.190,40.665,2.265,0.000,,,,,1.02602,,64,,,,,,214.90,,,,,,,214.90,,,,669.9,,,,,,,,,,,1358.3,,,,,,0.359,100.000,,,,,,2559.84,,2560.70,2681.48,,,214.73,98.48,,,,,,,,,,,,,0.359,0.000,64,2,2,,,,,,,,215,0,,,,,,,,,42.125,,90.08,90.33,,,,
428.341,,0,0,0,256,0,0,0,0,0,0,0,0,1,0,0,0,0,0,,,,,,,,,,,,,,,,,,,,,,6628.0,,,,,1499.1,,,,1.00131,1.00131,279.38,,,21.8480,,0.0,,0.4130,21.9995,14.3,14.3,14.3,14.3,13.5,14.3,,,,,,,,,,,,,4.215,0.300,4.216,3.085,4.215,,,,,,,,3.113,0.0,0.0,0.0,0.0,-0.8,20.828,15.688,,0.0,0.7883,40.570,34.170,34.170,40.570,1.830,0.000,,,,,1.02697,,64,,,,,,216.54,,,,,,,216.54,,,,670.3,,,,,,,,,,,1375.3,,,,,,0.359,100.000,,,,,,2558.28,,2563.91,2661.95,,,216.63,99.66,,,,,,,,,,,,,0.359,0.000,64,2,2,,,,,,,,215,0,,,,,,,,,42.929,,90.63,90.60,,,,
428.351,13.5,0,0,0,256,0,0,0,0,0,0,0,0,1,0,0,0,0,0,992.3,992.3,999.9,10.0,0.0,0.0,0.03,1,0,0.996,0.996,0.0,0.0,6.093,-0.01,1000.0,1000.0,1000.0,1051.8,1000.0,941.36,6635.5,58.952,507.4,0.0,10.0,1499.1,0.03036,0.00,0.00,1.00131,1.00131,279.09,2,46.0,21.6780,0.1515,0.0,63.9,0.4350,21.9995,14.3,14.3,14.3,14.3,13.5,13.5,13.5,2.3,0.00,0.00458,0,0,0,1,98,98,98,98,4.274,0.300,4.216,3.085,4.278,992.3,1000.0,1000.0,992.3,1000.0,0.0,18.74,3.107,0.0,0.0,0.0,0.0,-0.8,20.828,15.734,0.0,0.0,0.7905,40.550,33.215,33.215,40.550,1.440,0.000,0.7813,0.7813,0.0000,1327.0,1.02724,0.098768,64,41.370,1051.8,0.0,1000.0,1000.0,216.30,226.55,583.8,0.99942,1535.98,400.01,0.99939,216.30,400.01,226.52,226.52,670.3,-200.0,77.5,61.55,61.556,2065.2,629.2,750.0,829.1,387.30,0.0,1370.0,58.348,0.0,0,992.3,992.3,0.359,100.000,922.93,0,2.1814,0.469,1012.93,2555.23,90.00,2554.45,2661.80,2683.83,77.34,216.63,99.52,359.25,390.75,99.2,0,26.64,32.3,94.5,68.3,37,0,85.44,24.0,0.359,0.000,64,2,2,992.3,1051.4,992.3,992.3,1000.0,1051.4,582.4,215,0,58.385,58.330,1000.0,2000.0,60.121,99.127,100.000,58.180,42.400,12.7,90.63,90.60,88.43,88.54,0.0,0.11
428.368,,0,0,0,256,0,0,0,0,0,0,0,0,1,0,0,0,0,0,,,,,,,,,,,,,,,,,,,,,,6652.0,,,,,1500.4,,,,1.00131,1.00131,279.05,,,21.7440,,0.0,,0.4275,21.9995,14.3,14.3,14.3,14.3,13.5,13.5,,,,,,,,,,,,,4.267,0.300,4.216,3.085,4.269,,,,,,,,3.105,0.0,0.0,0.0,0.0,-0.8,20.844,16.156,,0.0,0.7881,39.435,34.140,34.140,39.435,2.740,0.000,,,,,1.02815,,64,,,,,,216.00,,,,,,,216.00,,,,670.2,,,,,,,,,,,1369.6,,,,,,0.359,100.000,,,,,,2550.78,,2555.47,2682.19,,,216.75,99.56,,,,,,,,,,,,,0.359,0.000,64,2,2,,,,,,,,215,0,,,,,,,,,41.034,,90.90,90.86,,,,
428.378,,0,0,0,256,0,0,0,0,0,0,0,0,1,0,0,0,0,0,,,,,,,,,,,,,,,,,,,,,,6676.0,,,,,1505.4,,,,1.00131,1.00131,278.95,,,21.8860,,0.0,,0.4100,21.9995,14.3,14.3,14.3,14.3,13.5,14.3,,,,,,,,,,,,,4.267,0.300,4.216,3.085,4.254,,,,,,,,3.106,0.0,0.0,0.0,0.0,-0.8,20.953,15.781,,0.0,0.7837,40.520,34.065,34.065,40.520,2.740,0.000,,,,,1.02797,,64,,,,,,215.91,,,,,,,215.91,,,,669.5,,,,,,,,,,,1380.4,,,,,,0.359,100.000,,,,,,2549.69,,2551.25,2682.03,,,216.49,99.61,,,,,,,,,,,,,0.359,0.000,64,2,2,,,,,,,,215,0,,,,,,,,,42.174,,91.59,91.56,,,,
428.388,,0,0,0,256,0,0,0,0,0,0,0,0,1,0,0,0,0,0,,,,,,,,,,,,,,,,,,,,,,6681.5,,,,,1505.4,,,,1.00144,1.00144,279.14,,,21.8100,,0.0,,0.4200,21.9995,14.3,14.3,14.3,14.3,13.5,13.5,,,,,,,,,,,,,4.243,0.300,4.216,3.085,4.254,,,,,,,,3.114,0.0,0.0,0.0,0.0,-0.8,20.781,16.078,,0.0,0.7856,40.445,34.055,34.055,40.445,2.740,0.000,,,,,1.02748,,64,,,,,,215.95,,,,,,,215.95,,,,669.5,,,,,,,,,,,1382.9,,,,,,0.359,100.000,,,,,,2547.34,,2551.25,2679.61,,,216.49,99.84,,,,,,,,,,,,,0.359,0.000,64,2,2,,,,,,,,215,0,,,,,,,,,43.259,,91.59,91.56,,,,
428.398,,0,0,0,256,0,0,0,0,0,0,0,0,1,0,0,0,0,0,,,,,,,,,,,,,,,,,,,,,,6708.0,,,,,1516.3,,,,1.00144,1.00144,278.11,,,21.7820,,0.0,,0.4240,21.9995,14.3,14.3,14.3,14.3,13.5,14.3,,,,,,,,,,,,,4.235,0.300,4.216,3.085,4.245,,,,,,,,3.096,0.0,0.0,0.0,0.0,-0.8,20.891,15.719,,0.0,0.7793,40.435,33.935,33.935,40.435,2.740,0.000,,,,,1.02788,,64,,,,,,215.32,,,,,,,215.32,,,,669.3,,,,,,,,,,,1386.3,,,,,,0.359,100.000,,,,,,2544.38,,2541.80,2678.67,,,216.35,99.28,,,,,,,,,,,,,0.359,0.000,64,2,2,,,,,,,,215,0,,,,,,,,,43.184,,91.48,91.79,,,,
428.408,,0,0,0,256,0,0,0,0,0,0,0,0,1,0,0,0,0,0,,,,,,,,,,,,,,,,,,,,,,6725.0,,,,,1516.3,,,,1.00144,1.00144,278.39,,,21.8380,,0.0,,0.4170,21.9995,14.3,14.3,14.3,14.3,13.5,14.3,,,,,,,,,,,,,4.235,0.300,4.216,3.085,4.245,,,,,,,,3.102,0.0,0.0,0.0,0.0,-0.8,20.953,15.719,,0.0,0.7813,40.315,33.685,33.685,40.315,2.740,0.000,,,,,1.02693,,64,,,,,,215.74,,,,,,,215.74,,,,669.3,,,,,,,,,,,1386.4,,,,,,0.359,100.000,,,,,,2543.83,,2548.13,2683.83,,,216.35,99.47,,,,,,,,,,,,,0.359,0.000,64,2,2,,,,,,,,215,0,,,,,,,,,43.175,,91.48,91.79,,,,
428.421,,0,0,0,256,0,0,0,0,0,0,0,0,1,0,0,0,0,0,,,,,,,,,,,,,,,,,,,,,,6732.5,,,,,1520.1,,,,1.00144,1.00144,278.30,,,21.9240,,0.0,,0.4065,21.9995,14.3,14.3,14.3,14.3,13.5,14.3,,,,,,,,,,,,,4.234,0.300,4.216,3.085,4.238,,,,,,,,3.103,0.0,0.0,0.0,0.0,-0.8,20.922,15.766,,0.0,0.7788,40.065,33.945,33.945,40.065,3.265,0.000,,,,,1.02715,,64,,,,,,215.53,,,,,,,215.53,,,,669.6,,,,,,,,,,,1387.0,,,,,,0.359,100.000,,,,,,2541.80,,2537.58,2684.69,,,216.23,99.52,,,,,,,,,,,,,0.359,0.000,64,2,2,,,,,,,,215,0,,,,,,,,,43.054,,92.18,92.16,,,,
428.431,,0,0,0,256,0,0,0,0,0,0,0,0,1,0,0,0,0,0,,,,,,,,,,,,,,,,,,,,,,6757.0,,,,,1520.1,,,,1.00144,1.00144,278.20,,,21.8580,,0.0,,0.4150,21.9995,14.3,14.3,14.3,14.3,13.5,14.3,,,,,,,,,,,,,4.234,0.300,4.234,3.100,4.238,,,,,,,,3.105,0.0,0.0,0.0,0.0,-0.8,21.016,15.844,,0.0,0.7773,40.325,33.990,33.990,40.325,3.265,0.000,,,,,1.02666,,64,,,,,,215.46,,,,,,,215.46,,,,669.6,,,,,,,,,,,1396.7,,,,,,0.359,100.000,,,,,,2540.08,,2542.81,2683.75,,,216.23,99.56,,,,,,,,,,,,,0.359,0.000,64,2,2,,,,,,,,215,0,,,,,,,,,43.329,,92.18,92.16,,,,
428.441,,0,0,0,256,0,0,0,0,0,0,0,0,1,0,0,0,0,0,,,,,,,,,,,,,,,,,,,,,,6761.0,,,,,1529.9,,,,1.00144,1.00144,277.92,,,21.7440,,0.0,,0.4295,21.9995,14.3,14.3,14.3,14.3,13.5,13.5,,,,,,,,,,,,,4.236,0.300,4.234,3.100,4.242,,,,,,,,3.095,0.0,0.0,0.0,0.0,-0.8,20.953,15.859,,0.0,0.7791,40.370,33.940,33.940,40.370,3.265,0.000,,,,,1.02629,,64,,,,,,215.81,,,,,,,215.81,,,,669.3,,,,,,,,,,,1391.6,,,,,,0.359,100.000,,,,,,2536.56,,2536.48,2676.17,,,216.30,99.23,,,,,,,,,,,,,0.359,0.000,64,2,2,,,,,,,,215,0,,,,,,,,,43.590,,92.47,92.47,,,,
428.452,,0,0,0,256,0,0,0,0,0,0,0,0,1,0,0,0,0,0,,,,,,,,,,,,,,,,,,,,,,6782.0,,,,,1529.9,,,,1.00144,1.00144,278.06,,,21.7440,,0.0,,0.4300,21.9995,14.3,14.3,14.3,14.3,13.5,14.3,,,,,,,,,,,,,4.236,0.300,4.234,3.100,4.230,,,,,,,,3.102,0.0,0.0,0.0,0.0,-0.8,21.078,15.547,,0.0,0.7761,40.320,33.560,33.560,40.320,2.740,0.000,,,,,1.02639,,64,,,,,,215.65,,,,,,,215.65,,,,669.3,,,,,,,,,,,1402.2,,,,,,0.359,100.000,,,,,,2535.23,,2538.59,2676.25,,,216.30,99.47,,,,,,,,,,,,,0.359,0.000,64,2,2,,,,,,,,215,0,,,,,,,,,43.634,,92.47,92.47,,,,
428.458,14.3,0,0,0,256,0,0,0,0,0,0,0,0,1,0,0,0,0,0,992.4,992.4,1000.0,10.0,0.0,0.0,0.03,1,0,0.996,0.996,0.0,0.0,6.375,0.01,1000.0,1000.0,1000.0,1051.3,1000.0,944.05,6793.5,58.952,505.2,0.0,10.0,1533.5,0.03036,0.00,0.00,1.00144,1.00144,278.48,2,47.0,21.6500,0.1795,0.0,64.0,0.4430,21.9995,14.3,14.3,14.3,14.3,13.5,13.5,14.3,2.3,0.00,0.00006,0,0,0,1,98,98,98,98,4.224,0.300,4.234,3.100,4.230,992.4,1000.0,1000.0,992.4,1000.0,0.0,18.74,3.110,0.0,0.0,0.0,0.0,-0.8,20.906,15.891,0.0,0.0,0.7786,39.940,33.365,33.365,39.940,3.265,0.000,0.7813,0.7813,0.0000,1360.8,1.02575,0.098878,64,41.990,1051.3,0.0,1000.0,1000.0,215.93,229.62,584.9,0.99942,1535.98,400.01,0.99939,215.93,400.01,229.59,229.59,669.8,-200.0,79.8,62.01,62.019,2112.0,637.5,750.0,837.4,359.06,0.0,1394.3,58.604,0.0,0,992.4,992.4,0.359,100.000,922.93,0,2.1799,0.473,1012.93,2533.20,90.00,2542.81,2683.75,2683.75,77.67,215.51,99.70,359.25,390.75,99.6,0,26.64,31.5,94.5,68.3,37,0,85.44,24.0,0.359,0.000,64,2,2,992.4,1050.5,992.4,992.4,1000.0,1050.5,585.0,215,0,58.495,58.551,1000.0,2000.0,60.513,99.138,100.000,58.440,43.059,12.6,93.36,93.29,90.73,90.73,0.0,0.30
428.467,,0,0,0,256,0,0,0,0,0,0,0,0,1,0,0,0,0,0,,,,,,,,,,,,,,,,,,,,,,6814.5,,,,,1533.5,,,,1.00144,1.00144,278.39,,,21.6020,,0.0,,0.4495,22.0000,14.3,14.3,14.3,14.3,13.5,14.3,,,,,,,,,,,,,4.224,0.300,4.234,3.100,4.239,,,,,,,,3.110,0.0,0.0,0.0,0.0,-0.8,20.984,15.531,,0.0,0.7764,39.745,33.750,33.750,39.745,3.265,0.000,,,,,1.02596,,64,,,,,,215.77,,,,,,,215.77,,,,669.8,,,,,,,,,,,1407.5,,,,,,0.359,100.000,,,,,,2531.72,,2535.47,2684.38,,,215.51,99.70,,,,,,,,,,,,,0.359,0.000,64,2,2,,,,,,,,215,0,,,,,,,,,43.204,,93.36,93.29,,,,
428.478,,0,0,0,256,0,0,0,0,0,0,0,0,1,0,0,0,0,0,,,,,,,,,,,,,,,,,,,,,,6808.5,,,,,1535.7,,,,1.00144,1.00144,277.03,,,21.4140,,0.0,,0.4740,22.0000,14.3,14.3,14.3,14.3,13.5,14.3,,,,,,,,,,,,,4.225,0.300,4.234,3.100,4.239,,,,,,,,3.089,0.0,0.0,0.0,0.0,-0.8,20.844,15.906,,0.0,0.7791,40.130,33.780,33.780,40.130,3.265,0.000,,,,,1.02541,,64,,,,,,215.13,,,,,,,215.13,,,,670.2,,,,,,,,,,,1404.7,,,,,,0.359,100.000,,,,,,2529.30,,2537.58,2683.75,,,215.30,99.19,,,,,,,,,,,,,0.359,0.000,64,2,2,,,,,,,,215,0,,,,,,,,,43.010,,93.29,93.53,,,,
428.488,,0,0,0,256,0,0,0,0,0,0,0,0,1,0,0,0,0,0,,,,,,,,,,,,,,,,,,,,,,6836.0,,,,,1535.7,,,,1.00144,1.00144,277.55,,,21.4220,,0.0,,0.4745,22.0000,14.3,14.3,14.3,14.3,13.5,14.3,,,,,,,,,,,,,4.239,0.300,4.234,3.100,4.241,,,,,,,,3.098,0.0,0.0,0.0,0.0,-0.8,20.813,16.016,,0.0,0.7769,40.160,33.750,33.750,40.160,3.830,0.000,,,,,1.02556,,64,,,,,,215.37,,,,,,,215.37,,,,670.2,,,,,,,,,,,1407.1,,,,,,0.359,100.000,,,,,,2527.27,,2530.16,2684.22,,,215.30,99.47,,,,,,,,,,,,,0.359,0.000,64,2,2,,,,,,,,215,0,,,,,,,,,43.395,,93.29,93.53,,,,
428.498,,0,0,0,256,0,0,0,0,0,0,0,0,1,0,0,0,0,0,,,,,,,,,,,,,,,,,,,,,,6863.0,,,,,1538.5,,,,1.00144,1.00144,275.81,,,21.4800,,0.0,,0.4685,22.0000,14.3,14.3,14.3,14.3,13.5,14.3,,,,,,,,,,,,,4.239,0.300,4.234,3.100,4.241,,,,,,,,3.061,0.0,0.0,0.0,0.0,-0.8,20.906,16.094,,0.0,0.7798,40.130,33.775,33.775,40.130,3.830,0.000,,,,,1.02504,,64,,,,,,214.52,,,,,,,214.52,,,,669.6,,,,,,,,,,,1411.2,,,,,,0.359,100.000,,,,,,2525.70,,2532.27,2684.92,,,214.69,98.44,,,,,,,,,,,,,0.359,0.000,64,2,2,,,,,,,,215,0,,,,,,,,,43.990,,93.99,93.88,,,,
428.508,,0,0,0,256,0,0,0,0,0,0,0,0,1,0,0,0,0,0,,,,,,,,,,,,,,,,,,,,,,6861.5,,,,,1538.5,,,,1.00144,1.00144,275.53,,,21.5260,,0.0,,0.4635,22.0000,14.3,14.3,14.3,14.3,13.5,14.3,,,,,,,,,,,,,4.242,0.300,4.234,3.100,4.244,,,,,,,,3.065,0.0,0.0,0.0,0.0,-0.8,20.875,16.172,,0.0,0.7776,40.155,33.645,33.645,40.155,4.445,0.000,,,,,1.02526,,64,,,,,,214.05,,,,,,,214.05,,,,669.6,,,,,,,,,,,1404.0,,,,,,0.359,100.000,,,,,,2521.64,,2522.81,2683.91,,,214.69,98.53,,,,,,,,,,,,,0.359,0.000,64,2,2,,,,,,,,215,0,,,,,,,,,43.959,,93.99,93.88,,,,
428.520,,0,0,0,256,0,0,0,0,0,0,0,0,1,0,0,0,0,0,,,,,,,,,,,,,,,,,,,,,,6889.0,,,,,1539.4,,,,1.00144,1.00144,275.77,,,21.7060,,0.0,,0.4415,22.0000,14.3,14.3,14.3,14.3,13.5,14.3,,,,,,,,,,,,,4.242,0.300,4.234,3.100,4.218,,,,,,,,3.076,0.0,0.0,0.0,0.0,-0.8,21.000,15.844,,0.0,0.7742,40.025,33.590,33.590,40.025,3.830,0.000,,,,,1.02480,,64,,,,,,214.01,,,,,,,214.01,,,,669.4,,,,,,,,,,,1414.9,,,,,,0.359,100.000,,,,,,2521.56,,2529.14,2683.98,,,214.88,98.91,,,,,,,,,,,,,0.359,0.000,64,2,2,,,,,,,,215,0,,,,,,,,,44.600,,94.29,94.20,,,,
428.531,,0,0,0,256,0,0,0,0,0,0,0,0,1,0,0,0,0,0,,,,,,,,,,,,,,,,,,,,,,6900.5,,,,,1539.4,,,,1.00144,1.00144,276.80,,,21.6120,,0.0,,0.4540,22.0000,14.3,14.3,14.3,14.3,13.5,13.5,,,,,,,,,,,,,4.213,0.300,4.213,3.072,4.218,,,,,,,,3.088,0.0,0.0,0.0,0.0,-0.8,20.828,16.234,,0.0,0.7771,39.970,33.595,33.595,39.970,4.445,0.000,,,,,1.02404,,64,,,,,,215.04,,,,,,,215.04,,,,669.4,,,,,,,,,,,1408.1,,,,,,0.359,100.000,,,,,,2519.38,,2527.03,2684.45,,,214.88,99.28,,,,,,,,,,,,,0.359,0.000,64,2,2,,,,,,,,215,0,,,,,,,,,43.854,,94.29,94.20,,,,
428.544,,0,0,0,256,0,0,0,0,0,0,0,0,1,0,0,0,0,0,,,,,,,,,,,,,,,,,,,,,,6916.5,,,,,1554.6,,,,1.00144,1.00144,275.63,,,21.8940,,0.0,,0.4190,22.0000,14.3,14.3,14.3,14.3,13.5,14.3,,,,,,,,,,,,,4.209,0.300,4.213,3.072,4.224,,,,,,,,3.075,0.0,0.0,0.0,0.0,-0.8,20.938,15.875,,0.0,0.7744,39.975,33.620,33.620,39.975,3.830,0.000,,,,,1.02419,,64,,,,,,214.24,,,,,,,214.24,,,,669.0,,,,,,,,,,,1424.5,,,,,,0.359,100.000,,,,,,2517.81,,2519.69,2677.11,,,215.79,98.86,,,,,,,,,,,,,0.359,0.000,64,2,2,,,,,,,,215,0,,,,,,,,,44.414,,94.90,94.97,,,,
428.558,14.3,0,0,0,256,0,0,0,0,0,0,0,0,1,0,0,0,0,0,992.5,992.5,1000.0,10.0,0.0,0.0,0.06,1,0,0.996,0.996,0.0,0.0,6.343,-0.01,1000.0,1000.0,1000.0,1050.7,1000.0,945.25,6942.5,58.952,505.5,0.0,10.0,1561.4,0.03036,0.00,0.00,1.00144,1.00144,275.81,2,47.0,21.6880,0.3980,0.0,64.0,0.4460,22.0000,14.3,14.3,14.3,14.3,13.5,14.3,14.3,2.3,0.00,0.00021,0,0,0,1,98,98,98,98,4.190,0.300,4.213,3.072,4.193,992.5,1000.0,1000.0,992.5,1000.0,0.0,18.74,3.076,0.0,0.0,0.0,0.0,-0.8,20.969,16.063,0.0,0.0,0.7708,39.620,33.050,33.050,39.620,3.830,0.000,0.7813,0.7813,0.0000,1388.9,1.02367,0.098836,64,43.205,1050.7,0.0,1000.0,1000.0,214.57,230.91,582.1,0.99942,1535.98,400.01,0.99939,214.57,400.01,230.88,230.88,668.6,-200.0,80.2,62.22,62.221,2150.6,641.1,750.0,841.0,346.56,0.0,1425.8,58.324,0.0,0,992.5,992.5,0.359,100.000,922.93,0,2.1746,0.477,1012.93,2515.08,90.00,2517.58,2683.91,2684.38,77.53,215.86,98.91,361.50,390.75,99.2,0,26.64,31.5,94.5,68.3,37,0,85.44,24.0,0.359,0.000,64,2,2,992.5,1049.7,992.5,992.5,1000.0,1049.7,581.2,215,0,58.212,58.276,1000.0,2000.0,61.131,99.147,100.000,58.060,43.829,12.6,95.16,95.19,93.25,93.21,0.0,0.19
428.568,,0,0,0,256,0,0,0,0,0,0,0,0,1,0,0,0,0,0,,,,,,,,,,,,,,,,,,,,,,6965.0,,,,,1561.4,,,,1.00144,1.00144,275.06,,,21.8100,,0.0,,0.4305,22.0000,14.3,14.3,14.3,14.3,13.5,14.3,,,,,,,,,,,,,4.190,0.300,4.213,3.072,4.193,,,,,,,,3.068,0.0,0.0,0.0,0.0,-0.8,21.094,16.234,,0.0,0.7715,39.430,33.415,33.415,39.430,4.445,0.000,,,,,1.02245,,64,,,,,,214.27,,,,,,,214.27,,,,668.6,,,,,,,,,,,1432.6,,,,,,0.359,100.000,,,,,,2513.83,,2519.69,2684.77,,,215.86,98.63,,,,,,,,,,,,,0.359,0.000,64,2,2,,,,,,,,215,0,,,,,,,,,43.449,,95.16,95.19,,,,
428.578,,0,0,0,256,0,0,0,0,0,0,0,0,1,0,0,0,0,0,,,,,,,,,,,,,,,,,,,,,,6961.0,,,,,1561.3,,,,1.00144,1.00144,274.36,,,21.6680,,0.0,,0.4495,22.0000,14.3,14.3,14.3,14.3,13.5,13.5,,,,,,,,,,,,,4.173,0.300,4.213,3.072,4.178,,,,,,,,3.060,0.0,0.0,0.0,0.0,-0.8,21.063,16.297,,0.0,0.7737,39.795,33.460,33.460,39.795,4.445,0.000,,,,,1.02209,,64,,,,,,213.89,,,,,,,213.89,,,,667.8,,,,,,,,,,,1421.7,,,,,,0.359,100.000,,,,,,2510.94,,2515.47,2684.38,,,214.69,98.39,,,,,,,,,,,,,0.359,0.000,64,2,2,,,,,,,,215,0,,,,,,,,,43.874,,95.45,95.33,,,,
428.588,,0,0,0,256,0,0,0,0,0,0,0,0,1,0,0,0,0,0,,,,,,,,,,,,,,,,,,,,,,6995.5,,,,,1561.3,,,,1.00144,1.00144,274.22,,,21.8480,,0.0,,0.4270,22.0000,14.3,14.3,14.3,14.3,13.5,14.3,,,,,,,,,,,,,4.173,0.300,4.213,3.072,4.165,,,,,,,,3.061,0.0,0.0,0.0,0.0,-0.8,21.188,16.016,,0.0,0.7732,39.840,33.440,33.440,39.840,5.105,0.000,,,,,1.02196,,64,,,,,,213.63,,,,,,,213.63,,,,667.8,,,,,,,,,,,1431.8,,,,,,0.359,100.000,,,,,,2510.63,,2514.38,2684.45,,,214.69,98.44,,,,,,,,,,,,,0.359,0.000,64,2,2,,,,,,,,216,0,,,,,,,,,44.240,,95.45,95.33,,,,
428.598,,0,0,0,256,0,0,0,0,0,0,0,0,1,0,0,0,0,0,,,,,,,,,,,,,,,,,,,,,,7003.5,,,,,1563.1,,,,1.00144,1.00144,274.22,,,21.8100,,0.0,,0.4320,22.0000,14.3,14.3,14.3,14.3,13.5,14.3,,,,,,,,,,,,,4.160,0.300,4.213,3.072,4.165,,,,,,,,3.065,0.0,0.0,0.0,0.0,-0.8,21.000,16.422,,0.0,0.7771,39.820,33.445,33.445,39.820,5.105,0.000,,,,,1.02154,,64,,,,,,213.87,,,,,,,213.87,,,,667.5,,,,,,,,,,,1426.9,,,,,,0.359,100.000,,,,,,2508.98,,2515.47,2685.00,,,214.08,98.44,,,,,,,,,,,,,0.359,0.000,64,2,2,,,,,,,,216,0,,,,,,,,,44.945,,95.88,95.91,,,,
428.608,,0,0,0,256,0,0,0,0,0,0,0,0,1,0,0,0,0,0,,,,,,,,,,,,,,,,,,,,,,7026.0,,,,,1563.1,,,,1.00144,1.00144,273.23,,,21.6120,,0.0,,0.4580,22.0000,14.3,14.3,14.3,14.3,13.5,14.3,,,,,,,,,,,,,4.149,0.300,4.213,3.072,4.165,,,,,,,,3.055,0.0,0.0,0.0,0.0,-0.8,21.141,16.109,,0.0,0.7764,39.825,33.340,33.340,39.825,5.105,0.000,,,,,1.02175,,64,,,,,,213.00,,,,,,,213.00,,,,667.5,,,,,,,,,,,1439.2,,,,,,0.359,100.000,,,,,,2507.11,,2509.14,2683.67,,,214.08,98.11,,,,,,,,,,,,,0.359,0.000,64,2,2,,,,,,,,216,0,,,,,,,,,44.925,,95.88,95.91,,,,
428.621,,0,0,0,256,0,0,0,0,0,0,0,0,1,0,0,0,0,0,,,,,,,,,,,,,,,,,,,,,,7048.5,,,,,1565.9,,,,1.00144,1.00144,273.61,,,21.6960,,0.0,,0.4480,22.0000,14.3,14.3,14.3,14.3,13.5,14.3,,,,,,,,,,,,,4.149,0.300,4.213,3.072,4.165,,,,,,,,3.060,0.0,0.0,0.0,0.0,-0.8,21.172,16.219,,0.0,0.7793,39.720,33.270,33.270,39.720,5.105,0.000,,,,,1.02138,,64,,,,,,213.42,,,,,,,213.42,,,,667.5,,,,,,,,,,,1437.5,,,,,,0.359,100.000,,,,,,2505.78,,2512.27,2682.89,,,212.74,98.25,,,,,,,,,,,,,0.359,0.000,64,2,2,,,,,,,,216,0,,,,,,,,,44.930,,96.44,96.69,,,,
428.632,,0,0,0,256,0,0,0,0,0,0,0,0,1,0,0,0,0,0,,,,,,,,,,,,,,,,,,,,,,7044.5,,,,,1565.9,,,,1.00144,1.00144,273.42,,,21.6680,,0.0,,0.4520,22.0000,14.3,14.3,14.3,14.3,13.5,14.3,,,,,,,,,,,,,4.169,0.300,4.174,3.057,4.174,,,,,,,,3.057,0.0,0.0,0.0,0.0,-0.8,21.125,16.313,,0.0,0.7756,39.650,33.225,33.225,39.650,5.105,0.000,,,,,1.02157,,64,,,,,,213.33,,,,,,,213.33,,,,667.5,,,,,,,,,,,1428.8,,,,,,0.359,100.000,,,,,,2499.53,,2507.03,2682.89,,,212.74,98.16,,,,,,,,,,,,,0.359,0.000,64,2,2,,,,,,,,216,0,,,,,,,,,44.824,,96.44,96.69,,,,
428.642,,0,0,0,256,0,0,0,0,0,0,0,0,1,0,0,0,0,0,,,,,,,,,,,,,,,,,,,,,,7071.5,,,,,1574.2,,,,1.00144,1.00144,273.33,,,21.5740,,0.0,,0.4645,22.0000,14.3,14.3,14.3,14.3,13.5,14.3,,,,,,,,,,,,,4.169,0.300,4.174,3.057,4.165,,,,,,,,3.051,0.0,0.0,0.0,0.0,-0.8,21.203,16.078,,0.0,0.7739,39.605,33.225,33.225,39.605,4.445,0.000,,,,,1.02087,,64,,,,,,213.45,,,,,,,213.45,,,,667.4,,,,,,,,,,,1449.5,,,,,,0.359,100.000,,,,,,2501.02,,2508.05,2675.55,,,214.03,98.11,,,,,,,,,,,,,0.359,0.000,64,2,2,,,,,,,,216,0,,,,,,,,,44.754,,96.91,96.91,,,,
428.657,14.3,0,0,0,256,0,0,0,0,0,0,0,0,1,0,0,0,0,0,992.3,992.3,1000.0,10.0,0.0,0.0,0.03,1,0,0.996,0.996,0.0,0.0,6.281,0.00,1000.0,1000.0,1000.0,1048.3,1000.0,951.55,7096.5,58.952,508.7,0.0,10.0,1584.1,0.03027,0.00,0.00,1.00144,1.00144,273.23,2,46.0,21.6780,0.3120,0.0,63.3,0.4525,22.0000,14.3,14.3,14.3,14.3,13.5,14.3,14.3,2.3,0.00,0.00015,0,0,0,1,98,98,98,98,4.161,0.300,4.174,3.057,4.155,992.3,1000.0,1000.0,992.3,1000.0,0.0,18.74,3.050,0.0,0.0,0.0,0.0,-0.8,21.203,16.281,0.0,0.0,0.7732,39.215,32.780,32.780,39.215,5.105,0.000,0.7813,0.7813,0.0000,1400.6,1.02004,0.099070,64,43.830,1048.3,0.0,1000.0,1000.0,213.68,231.45,577.4,0.99942,1535.98,400.01,0.99939,213.68,400.01,231.42,231.42,666.7,-200.0,81.4,62.53,62.534,2172.5,646.7,750.0,846.6,347.70,0.0,1455.2,58.270,0.0,0,992.3,992.3,0.359,100.000,922.93,0,2.1730,0.480,1012.93,2499.92,90.00,2502.81,2683.83,2683.91,77.06,214.08,98.11,361.50,390.75,100.0,0,26.64,31.5,94.5,68.3,37,0,85.44,24.0,0.359,0.000,64,2,2,992.3,1047.8,992.3,992.3,1000.0,1047.8,576.4,216,0,57.748,57.813,1000.0,2000.0,60.994,99.127,100.000,57.581,44.710,12.6,97.18,97.06,95.11,94.94,0.0,0.30
428.668,,0,0,0,256,0,0,0,0,0,0,0,0,1,0,0,0,0,0,,,,,,,,,,,,,,,,,,,,,,7084.0,,,,,1584.1,,,,1.00144,1.00144,271.83,,,21.7260,,0.0,,0.4470,22.0000,14.3,14.3,14.3,14.3,13.5,14.3,,,,,,,,,,,,,4.139,0.300,4.174,3.057,4.155,,,,,,,,3.035,0.0,0.0,0.0,0.0,-0.8,21.250,16.422,,0.0,0.7793,39.160,33.275,33.275,39.160,5.805,0.000,,,,,1.01958,,64,,,,,,212.67,,,,,,,212.67,,,,666.7,,,,,,,,,,,1443.1,,,,,,0.359,100.000,,,,,,2497.27,,2503.83,2682.89,,,214.08,97.59,,,,,,,,,,,,,0.359,0.000,64,2,2,,,,,,,,216,0,,,,,,,,,44.319,,97.18,97.06,,,,
428.677,,0,0,0,256,0,0,0,0,0,0,0,0,1,0,0,0,0,0,,,,,,,,,,,,,,,,,,,,,,7098.5,,,,,1584.7,,,,1.00144,1.00144,272.16,,,21.9140,,0.0,,0.4235,22.0000,14.3,14.3,14.3,14.3,13.5,14.3,,,,,,,,,,,,,4.140,0.300,4.174,3.057,4.143,,,,,,,,3.042,0.0,0.0,0.0,0.0,-0.8,21.156,16.484,,0.0,0.7751,39.655,33.225,33.225,39.655,5.805,0.000,,,,,1.02019,,64,,,,,,212.91,,,,,,,212.91,,,,666.3,,,,,,,,,,,1443.0,,,,,,0.359,100.000,,,,,,2494.61,,2498.59,2683.52,,,214.20,97.69,,,,,,,,,,,,,0.359,0.000,64,2,2,,,,,,,,216,0,,,,,,,,,44.965,,97.44,97.37,,,,
428.688,,0,0,0,256,0,0,0,0,0,0,0,0,1,0,0,0,0,0,,,,,,,,,,,,,,,,,,,,,,7113.5,,,,,1584.7,,,,1.00144,1.00144,271.36,,,21.8660,,0.0,,0.4300,22.0000,14.3,15.0,15.0,14.3,13.5,15.0,,,,,,,,,,,,,4.140,0.300,4.174,3.057,4.143,,,,,,,,3.032,0.0,0.0,0.0,0.0,-0.8,21.203,16.625,,0.0,0.7769,39.605,33.260,33.260,39.605,5.805,0.000,,,,,1.01940,,64,,,,,,212.46,,,,,,,212.46,,,,666.3,,,,,,,,,,,1446.7,,,,,,0.359,100.000,,,,,,2491.95,,2500.70,2683.36,,,214.20,97.36,,,,,,,,,,,,,0.359,0.000,64,2,2,,,,,,,,216,0,,,,,,,,,45.459,,97.44,97.37,,,,
428.698,,0,0,0,256,0,0,0,0,0,0,0,0,1,0,0,0,0,0,,,,,,,,,,,,,,,,,,,,,,7115.5,,,,,1582.2,,,,1.00144,1.00144,270.80,,,21.8480,,0.0,,0.4325,22.0000,15.0,15.0,15.0,15.0,14.3,14.3,,,,,,,,,,,,,4.110,0.300,4.174,3.057,4.126,,,,,,,,3.022,0.0,0.0,0.0,0.0,-0.8,21.000,17.047,,0.0,0.7778,39.640,33.250,33.250,39.640,6.555,0.000,,,,,1.01934,,64,,,,,,212.13,,,,,,,212.13,,,,666.2,,,,,,,,,,,1441.1,,,,,,0.359,100.000,,,,,,2489.45,,2492.27,2682.50,,,213.07,97.22,,,,,,,,,,,,,0.359,0.000,64,2,2,,,,,,,,216,0,,,,,,,,,45.409,,97.90,98.12,,,,
428.707,,0,0,0,256,0,0,0,0,0,0,0,0,1,0,0,0,0,0,,,,,,,,,,,,,,,,,,,,,,7141.0,,,,,1582.2,,,,1.00144,1.00144,270.70,,,21.9420,,0.0,,0.4210,22.0000,15.0,15.0,15.0,15.0,14.3,15.0,,,,,,,,,,,,,4.110,0.300,4.174,3.057,4.105,,,,,,,,3.021,0.0,0.0,0.0,0.0,-0.8,21.156,16.750,,0.0,0.7766,39.630,33.205,33.205,39.630,5.805,0.000,,,,,1.01928,,64,,,,,,212.04,,,,,,,212.04,,,,666.2,,,,,,,,,,,1454.3,,,,,,0.359,100.000,,,,,,2491.09,,2498.59,2683.75,,,213.07,97.17,,,,,,,,,,,,,0.359,0.000,64,2,2,,,,,,,,216,0,,,,,,,,,46.194,,97.90,98.12,,,,
428.720,,0,0,0,256,0,0,0,0,0,0,0,0,1,0,0,0,0,0,,,,,,,,,,,,,,,,,,,,,,7158.0,,,,,1582.7,,,,1.00144,1.00144,267.14,,,21.9420,,0.0,,0.4210,22.0000,15.0,15.0,15.0,15.0,14.3,15.0,,,,,,,,,,,,,4.090,0.300,4.174,3.057,4.105,,,,,,,,2.987,0.0,0.0,0.0,0.0,-0.8,20.969,17.172,,0.0,0.7793,39.585,33.275,33.275,39.585,5.805,0.000,,,,,1.01888,,64,,,,,,211.38,,,,,,,211.38,,,,666.0,,,,,,,,,,,1455.6,,,,,,0.359,100.000,,,,,,2491.02,,2500.70,2683.20,,,212.06,95.95,,,,,,,,,,,,,0.359,0.000,64,2,2,,,,,,,,216,0,,,,,,,,,45.435,,98.05,98.20,,,,
428.731,,0,0,0,256,0,0,0,0,0,0,0,0,1,0,0,0,0,0,,,,,,,,,,,,,,,,,,,,,,7179.5,,,,,1582.7,,,,1.00144,1.00144,267.89,,,21.9800,,0.0,,0.4165,22.0000,15.0,15.0,15.0,15.0,14.3,15.0,,,,,,,,,,,,,4.054,0.300,4.055,2.996,4.055,,,,,,,,2.996,0.0,0.0,0.0,0.0,-0.8,20.922,17.188,,0.0,0.7720,39.655,33.245,33.245,39.655,6.555,0.000,,,,,1.01910,,64,,,,,,211.88,,,,,,,211.88,,,,666.0,,,,,,,,,,,1457.1,,,,,,0.359,100.000,,,,,,2490.70,,2492.27,2683.13,,,212.06,96.23,,,,,,,,,,,,,0.359,0.000,64,2,2,,,,,,,,216,0,,,,,,,,,45.389,,98.05,98.20,,,,
428.744,,0,0,0,256,0,0,0,0,0,0,0,0,1,0,0,0,0,0,,,,,,,,,,,,,,,,,,,,,,7212.0,,,,,1592.8,,,,1.00144,1.00144,267.19,,,22.0840,,0.0,,0.4035,22.0000,15.0,15.0,15.0,15.0,14.3,15.0,,,,,,,,,,,,,4.054,0.300,4.055,2.996,4.055,,,,,,,,2.988,0.0,0.0,0.0,0.0,-0.8,21.000,17.266,,0.0,0.7759,39.625,33.240,33.240,39.625,5.805,0.000,,,,,1.01803,,64,,,,,,211.78,,,,,,,211.78,,,,666.0,,,,,,,,,,,1468.9,,,,,,0.359,100.000,,,,,,2490.86,,2499.61,2675.94,,,211.59,96.00,,,,,,,,,,,,,0.359,0.000,64,2,2,,,,,,,,216,0,,,,,,,,,46.210,,98.59,98.51,,,,
428.758,14.3,0,0,0,256,0,0,0,0,0,0,0,0,1,0,0,0,0,0,992.1,992.1,1000.0,10.0,0.0,0.0,0.03,1,0,0.996,0.996,0.0,0.0,6.093,-0.02,1000.0,1000.0,1000.0,1046.1,1000.0,953.85,7238.0,58.952,508.7,0.0,10.0,1599.5,0.03027,0.00,0.00,1.00144,1.00144,266.63,2,47.0,21.9320,0.3220,0.0,63.0,0.4225,22.0000,15.0,15.0,15.0,15.0,14.3,15.0,14.3,2.3,0.00,0.00000,0,0,0,1,98,98,98,98,4.043,0.300,4.055,2.996,4.036,992.1,1000.0,1000.0,992.1,1000.0,0.0,18.74,2.976,0.0,0.0,0.0,0.0,-0.8,21.031,17.203,0.0,0.0,0.7756,39.235,32.795,32.795,39.235,5.805,0.000,0.7813,0.7813,0.0000,1417.4,1.01775,0.099340,64,44.710,1046.1,0.0,1000.0,1000.0,211.57,232.10,572.6,0.99942,1535.98,400.01,0.99939,211.57,400.01,232.08,232.08,666.0,-200.0,83.3,63.04,63.046,2201.8,654.3,750.0,854.2,345.59,0.0,1471.1,57.721,0.0,0,992.1,992.1,0.359,100.000,922.93,0,2.1659,0.484,1012.93,2489.06,90.00,2492.27,2683.75,2683.83,76.78,212.16,95.77,361.50,390.75,99.6,0,26.64,31.5,94.5,68.3,37,0,85.44,24.0,0.359,0.000,64,2,2,992.1,1046.0,992.1,992.1,1000.0,1046.0,571.8,216,0,57.268,57.340,1000.0,2000.0,60.855,99.107,100.000,57.121,45.424,12.6,99.40,99.36,97.18,97.22,0.0,0.16
428.768,,0,0,0,256,0,0,0,0,0,0,0,0,1,0,0,0,0,0,,,,,,,,,,,,,,,,,,,,,,7244.5,,,,,1599.5,,,,1.00144,1.00144,265.36,,,22.0380,,0.0,,0.4090,22.0000,15.0,15.0,15.0,15.0,14.3,15.0,,,,,,,,,,,,,4.020,0.300,4.055,2.996,4.036,,,,,,,,2.962,0.0,0.0,0.0,0.0,-0.8,20.828,17.516,,0.0,0.7808,39.175,33.275,33.275,39.175,6.555,0.000,,,,,1.01696,,64,,,,,,210.75,,,,,,,210.75,,,,666.0,,,,,,,,,,,1461.9,,,,,,0.359,100.000,,,,,,2487.03,,2490.16,2683.98,,,212.16,95.30,,,,,,,,,,,,,0.359,0.000,64,2,2,,,,,,,,216,0,,,,,,,,,45.039,,99.40,99.36,,,,
428.777,,0,0,0,256,0,0,0,0,0,0,0,0,1,0,0,0,0,0,,,,,,,,,,,,,,,,,,,,,,7264.0,,,,,1607.2,,,,1.00144,1.00144,266.02,,,21.9320,,0.0,,0.4225,22.0000,15.0,15.0,15.0,15.0,14.3,15.0,,,,,,,,,,,,,4.020,0.300,4.055,2.996,4.021,,,,,,,,2.971,0.0,0.0,0.0,0.0,-0.8,20.797,17.453,,0.0,0.7810,39.655,33.285,33.285,39.655,6.555,0.000,,,,,1.01724,,64,,,,,,211.36,,,,,,,211.36,,,,667.0,,,,,,,,,,,1467.4,,,,,,0.359,100.000,,,,,,2485.08,,2485.94,2683.75,,,212.04,95.58,,,,,,,,,,,,,0.359,0.000,64,2,2,,,,,,,,216,0,,,,,,,,,45.729,,99.53,99.63,,,,
428.788,,0,0,0,256,0,0,0,0,0,0,0,0,1,0,0,0,0,0,,,,,,,,,,,,,,,,,,,,,,7284.0,,,,,1607.2,,,,1.00144,1.00144,264.75,,,21.8760,,0.0,,0.4300,22.0000,15.0,15.0,15.0,15.0,14.3,15.0,,,,,,,,,,,,,4.020,0.300,4.055,2.996,4.021,,,,,,,,2.956,0.0,0.0,0.0,0.0,-0.8,20.891,17.438,,0.0,0.7871,39.665,33.275,33.275,39.665,6.555,0.000,,,,,1.01684,,64,,,,,,210.54,,,,,,,210.54,,,,667.0,,,,,,,,,,,1470.7,,,,,,0.359,100.000,,,,,,2483.67,,2490.16,2683.67,,,212.04,95.11,,,,,,,,,,,,,0.359,0.000,64,2,2,,,,,,,,216,0,,,,,,,,,46.210,,99.53,99.63,,,,
428.797,,0,0,0,256,0,0,0,0,0,0,0,0,1,0,0,0,0,0,,,,,,,,,,,,,,,,,,,,,,7279.5,,,,,1608.2,,,,1.00144,1.00144,264.80,,,21.9700,,0.0,,0.4180,22.0000,15.0,15.0,15.0,15.0,14.3,14.3,,,,,,,,,,,,,4.016,0.300,4.055,2.996,4.004,,,,,,,,2.952,0.0,0.0,0.0,0.0,-0.8,20.703,17.656,,0.0,0.7871,39.655,33.270,33.270,39.655,7.350,0.000,,,,,1.01742,,64,,,,,,210.56,,,,,,,210.56,,,,666.7,,,,,,,,,,,1463.8,,,,,,0.359,100.000,,,,,,2481.25,,2479.61,2683.59,,,211.10,95.11,,,,,,,,,,,,,0.359,0.000,64,2,2,,,,,,,,216,0,,,,,,,,,46.219,,99.88,99.83,,,,
428.808,,0,0,0,256,0,0,0,0,0,0,0,0,1,0,0,0,0,0,,,,,,,,,,,,,,,,,,,,,,7313.0,,,,,1608.2,,,,1.00144,1.00144,264.14,,,22.1980,,0.0,,0.3890,22.0000,15.0,15.0,15.0,15.0,14.3,15.0,,,,,,,,,,,,,4.006,0.300,4.055,2.996,4.017,,,,,,,,2.944,0.0,0.0,0.0,0.0,-0.8,20.891,17.156,,0.0,0.7866,39.650,33.265,33.265,39.650,6.555,0.000,,,,,1.01727,,64,,,,,,210.12,,,,,,,210.12,,,,666.7,,,,,,,,,,,1479.5,,,,,,0.359,100.000,,,,,,2481.41,,2482.81,2683.83,,,211.10,94.88,,,,,,,,,,,,,0.359,0.000,64,2,2,,,,,,,,216,0,,,,,,,,,47.005,,99.88,99.83,,,,
428.823,,0,0,0,256,0,0,0,0,0,0,0,0,1,0,0,0,0,0,,,,,,,,,,,,,,,,,,,,,,7328.5,,,,,1607.7,,,,1.00144,1.00144,265.13,,,22.0940,,0.0,,0.4020,22.0000,15.0,15.0,15.0,15.0,14.3,15.0,,,,,,,,,,,,,4.006,0.300,4.055,2.996,4.017,,,,,,,,2.956,0.0,0.0,0.0,0.0,-0.8,20.938,17.125,,0.0,0.7881,39.650,33.275,33.275,39.650,6.555,0.000,,,,,1.01699,,64,,,,,,210.96,,,,,,,210.96,,,,667.0,,,,,,,,,,,1472.3,,,,,,0.359,100.000,,,,,,2479.84,,2487.03,2683.20,,,210.23,95.30,,,,,,,,,,,,,0.359,0.000,64,2,2,,,,,,,,216,0,,,,,,,,,46.204,,100.35,100.24,,,,
428.841,15.0,0,0,0,256,0,0,0,0,0,0,0,0,1,0,0,0,0,0,992.1,992.1,1000.0,10.0,0.0,0.0,0.03,1,0,0.996,0.996,0.0,0.0,6.031,0.01,1000.0,1000.0,1000.0,1045.6,1000.0,956.94,7366.5,58.952,509.3,0.0,10.0,1622.0,0.03027,0.00,0.00,1.00144,1.00144,265.69,2,46.0,22.1400,0.0680,0.0,61.6,0.3960,22.0000,15.0,15.0,15.0,15.0,14.3,15.0,15.0,2.3,0.00,0.00528,0,0,0,1,98,98,98,98,3.986,0.300,3.990,2.955,4.021,992.1,1000.0,1000.0,992.1,1000.0,0.0,18.74,2.962,0.0,0.0,0.0,0.0,-0.8,20.984,16.563,0.0,0.0,0.7888,39.625,33.230,33.230,39.625,6.555,0.000,0.7891,0.7891,0.0000,1410.5,1.01669,0.099624,64,45.425,1045.6,0.0,1000.0,1000.0,211.64,233.09,572.5,0.99942,1535.98,400.01,0.99939,211.64,400.01,233.06,233.06,668.0,-200.0,84.0,63.39,63.396,2197.9,658.9,750.0,858.8,343.36,0.0,1496.5,57.301,0.0,0,992.1,992.1,0.359,100.000,922.93,0,2.1610,0.488,1012.93,2476.95,90.00,2484.92,2676.56,2683.75,75.98,211.73,95.44,361.50,390.75,99.6,0,26.64,31.5,94.5,68.3,37,0,87.53,24.0,0.359,0.000,64,2,2,992.1,1045.6,992.1,992.1,1000.0,1045.6,572.3,216,0,57.254,57.317,1000.0,2000.0,60.983,99.107,100.000,57.170,47.005,12.6,100.80,100.94,99.36,99.33,0.0,0.07
428.848,,0,0,0,256,0,0,0,0,0,0,0,0,1,0,0,0,0,0,,,,,,,,,,,,,,,,,,,,,,7362.0,,,,,1622.0,,,,1.00144,1.00144,266.48,,,22.1120,,0.0,,0.3995,22.0000,15.0,15.0,15.0,15.0,14.3,14.3,,,,,,,,,,,,,4.019,0.300,3.990,2.955,4.021,,,,,,,,2.970,0.0,0.0,0.0,0.0,-0.8,20.844,16.875,,0.0,0.7864,39.610,32.890,32.890,39.610,6.555,0.000,,,,,1.01699,,64,,,,,,212.20,,,,,,,212.20,,,,668.0,,,,,,,,,,,1483.7,,,,,,0.359,100.000,,,,,,2474.84,,2479.61,2675.55,,,211.73,95.72,,,,,,,,,,,,,0.359,0.000,64,2,2,,,,,,,,216,0,,,,,,,,,46.179,,100.80,100.94,,,,
428.858,,0,0,0,256,0,0,0,0,0,0,0,0,1,0,0,0,0,0,,,,,,,,,,,,,,,,,,,,,,7382.5,,,,,1639.3,,,,1.00144,1.00144,265.41,,,21.9700,,0.0,,0.4170,22.0000,15.0,15.0,15.0,15.0,14.3,15.0,,,,,,,,,,,,,4.002,0.300,3.990,2.955,4.015,,,,,,,,2.956,0.0,0.0,0.0,0.0,-0.8,21.094,16.422,,0.0,0.7820,39.270,32.835,32.835,39.270,6.555,0.000,,,,,1.01656,,64,,,,,,211.55,,,,,,,211.55,,,,668.0,,,,,,,,,,,1499.7,,,,,,0.359,100.000,,,,,,2472.81,,2476.48,2683.91,,,212.88,95.39,,,,,,,,,,,,,0.359,0.000,64,2,2,,,,,,,,216,0,,,,,,,,,46.164,,101.20,101.25,,,,
428.868,,0,0,0,256,0,0,0,0,0,0,0,0,1,0,0,0,0,0,,,,,,,,,,,,,,,,,,,,,,7396.0,,,,,1639.3,,,,1.00144,1.00144,265.97,,,21.9040,,0.0,,0.4255,22.0000,15.0,15.0,15.0,15.0,14.3,15.0,,,,,,,,,,,,,4.002,0.300,3.990,2.955,4.015,,,,,,,,2.962,0.0,0.0,0.0,0.0,-0.8,21.094,16.469,,0.0,0.7844,39.215,33.280,33.280,39.215,7.350,0.000,,,,,1.01586,,64,,,,,,212.16,,,,,,,212.16,,,,668.0,,,,,,,,,,,1498.0,,,,,,0.359,100.000,,,,,,2472.27,,2477.50,2684.06,,,212.88,95.58,,,,,,,,,,,,,0.359,0.000,64,2,2,,,,,,,,216,0,,,,,,,,,45.824,,101.20,101.25,,,,
428.878,,0,0,0,256,0,0,0,0,0,0,0,0,1,0,0,0,0,0,,,,,,,,,,,,,,,,,,,,,,7396.0,,,,,1642.6,,,,1.00144,1.00144,265.78,,,21.9800,,0.0,,0.4160,22.0000,15.0,15.0,15.0,15.0,14.3,14.3,,,,,,,,,,,,,4.030,0.300,3.990,2.955,4.015,,,,,,,,2.955,0.0,0.0,0.0,0.0,-0.8,21.016,16.313,,0.0,0.7817,39.660,33.290,33.290,39.660,8.175,0.000,,,,,1.01589,,64,,,,,,212.02,,,,,,,212.02,,,,667.9,,,,,,,,,,,1504.1,,,,,,0.359,100.000,,,,,,2470.70,,2466.95,2683.98,,,212.39,95.48,,,,,,,,,,,,,0.359,0.000,64,2,2,,,,,,,,216,0,,,,,,,,,46.564,,101.53,101.33,,,,
428.888,,0,0,0,256,0,0,0,0,0,0,0,0,1,0,0,0,0,0,,,,,,,,,,,,,,,,,,,,,,7417.0,,,,,1642.6,,,,1.00144,1.00144,265.64,,,22.0460,,0.0,,0.4075,22.0000,15.0,15.0,15.0,15.0,14.3,15.0,,,,,,,,,,,,,4.030,0.300,3.990,2.955,4.027,,,,,,,,2.954,0.0,0.0,0.0,0.0,-0.8,21.203,15.875,,0.0,0.7822,39.670,33.285,33.285,39.670,7.350,0.000,,,,,1.01541,,64,,,,,,212.04,,,,,,,212.04,,,,667.9,,,,,,,,,,,1507.7,,,,,,0.359,100.000,,,,,,2471.02,,2475.39,2683.98,,,212.39,95.44,,,,,,,,,,,,,0.359,0.000,64,2,2,,,,,,,,216,0,,,,,,,,,47.835,,101.53,101.33,,,,
428.898,,0,0,0,256,0,0,0,0,0,0,0,0,1,0,0,0,0,0,,,,,,,,,,,,,,,,,,,,,,7410.0,,,,,1644.6,,,,1.00144,1.00144,265.45,,,21.9800,,0.0,,0.4160,22.0000,15.0,15.0,15.0,15.0,14.3,15.0,,,,,,,,,,,,,4.028,0.300,3.990,2.955,4.027,,,,,,,,2.952,0.0,0.0,0.0,0.0,-0.8,21.000,16.203,,0.0,0.7827,39.665,33.285,33.285,39.665,7.350,0.000,,,,,1.01510,,64,,,,,,211.92,,,,,,,211.92,,,,668.1,,,,,,,,,,,1504.6,,,,,,0.359,100.000,,,,,,2467.97,,2481.72,2683.83,,,212.70,95.39,,,,,,,,,,,,,0.359,0.000,64,2,2,,,,,,,,216,0,,,,,,,,,47.020,,102.15,102.11,,,,
428.907,,0,0,0,256,0,0,0,0,0,0,0,0,1,0,0,0,0,0,,,,,,,,,,,,,,,,,,,,,,7435.0,,,,,1644.6,,,,1.00144,1.00144,266.20,,,21.9800,,0.0,,0.4160,22.0000,15.0,14.3,14.3,14.3,13.5,14.3,,,,,,,,,,,,,4.022,0.300,3.990,2.955,4.024,,,,,,,,2.961,0.0,0.0,0.0,0.0,-0.8,21.016,16.156,,0.0,0.7798,39.665,33.275,33.275,39.665,8.175,0.000,,,,,1.01501,,64,,,,,,212.51,,,,,,,212.51,,,,668.1,,,,,,,,,,,1511.4,,,,,,0.359,100.000,,,,,,2466.88,,2473.28,2683.75,,,212.70,95.67,,,,,,,,,,,,,0.359,0.000,64,2,2,,,,,,,,216,0,,,,,,,,,47.014,,102.15,102.11,,,,
428.921,,0,0,0,256,0,0,0,0,0,0,0,0,1,0,0,0,0,0,,,,,,,,,,,,,,,,,,,,,,7449.0,,,,,1645.6,,,,1.00144,1.00144,265.36,,,21.8860,,0.0,,0.4280,22.0000,15.0,15.0,15.0,14.3,14.3,15.0,,,,,,,,,,,,,4.022,0.300,3.990,2.955,4.024,,,,,,,,2.950,0.0,0.0,0.0,0.0,-0.8,21.031,16.250,,0.0,0.7810,39.655,33.275,33.275,39.655,7.350,0.000,,,,,1.01419,,64,,,,,,212.06,,,,,,,212.06,,,,668.7,,,,,,,,,,,1519.3,,,,,,0.359,100.000,,,,,,2467.19,,2476.48,2683.05,,,212.23,95.34,,,,,,,,,,,,,0.359,0.000,64,2,2,,,,,,,,216,0,,,,,,,,,47.839,,102.24,102.44,,,,
428.932,,0,0,0,256,0,0,0,0,0,0,0,0,1,0,0,0,0,0,,,,,,,,,,,,,,,,,,,,,,7451.5,,,,,1645.6,,,,1.00144,1.00144,265.55,,,22.0180,,0.0,,0.4115,22.0000,15.0,15.0,15.0,15.0,14.3,14.3,,,,,,,,,,,,,4.013,0.300,4.015,2.951,4.017,,,,,,,,2.951,0.0,0.0,0.0,0.0,-0.8,20.797,16.531,,0.0,0.7791,39.655,33.235,33.235,39.655,8.175,0.000,,,,,1.01391,,64,,,,,,212.27,,,,,,,212.27,,,,668.7,,,,,,,,,,,1506.3,,,,,,0.359,100.000,,,,,,2464.45,,2473.28,2683.05,,,212.23,95.39,,,,,,,,,,,,,0.359,0.000,64,2,2,,,,,,,,216,0,,,,,,,,,47.005,,102.24,102.44,,,,
428.944,,0,0,0,256,0,0,0,0,0,0,0,0,1,0,0,0,0,0,,,,,,,,,,,,,,,,,,,,,,7479.0,,,,,1654.6,,,,1.00144,1.00144,264.98,,,21.9700,,0.0,,0.4175,22.0000,15.0,15.0,15.0,15.0,14.3,15.0,,,,,,,,,,,,,4.003,0.300,4.015,2.951,4.011,,,,,,,,2.943,0.0,0.0,0.0,0.0,-0.8,20.969,16.109,,0.0,0.7756,39.615,33.235,33.235,39.615,8.175,0.000,,,,,1.01342,,64,,,,,,211.85,,,,,,,211.85,,,,668.3,,,,,,,,,,,1525.0,,,,,,0.359,100.000,,,,,,2464.14,,2465.94,2677.34,,,213.14,95.25,,,,,,,,,,,,,0.359,0.000,64,2,2,,,,,,,,216,0,,,,,,,,,47.829,,102.74,102.61,,,,
428.959,14.3,0,0,0,256,0,0,0,0,0,0,0,0,1,0,0,0,0,0,992.1,992.1,1000.0,10.0,0.0,0.0,0.03,1,0,0.996,0.996,0.0,0.0,5.781,-0.01,1000.0,1000.0,1000.0,1045.3,1000.0,957.04,7502.5,58.952,515.0,0.0,10.0,1666.8,0.03023,0.00,0.00,1.00144,1.00144,264.89,2,47.0,21.9700,-0.1120,0.0,61.0,0.4175,22.0000,15.0,15.0,15.0,15.0,14.3,14.3,14.3,2.3,0.00,0.00015,0,0,0,1,98,98,98,98,4.010,0.300,4.015,2.951,4.011,992.1,1000.0,1000.0,992.1,1000.0,0.0,18.74,2.942,0.0,0.0,0.0,0.0,-0.8,20.984,16.203,0.0,0.0,0.7747,39.310,32.910,32.910,39.310,8.175,0.000,0.7891,0.7891,0.0000,1427.5,1.01233,0.099899,64,46.180,1045.3,0.0,1000.0,1000.0,211.99,233.13,572.1,0.99942,1535.98,400.01,0.99939,211.99,400.01,233.11,233.11,667.1,-200.0,82.0,63.15,63.159,2217.6,655.8,750.0,855.7,340.66,0.0,1525.3,57.249,0.0,0,992.1,992.1,0.359,100.000,922.93,0,2.1551,0.492,1012.93,2461.25,90.00,2460.63,2683.75,2675.55,76.22,213.52,95.20,361.50,390.75,99.6,0,26.64,31.5,94.5,67.5,37,0,87.53,24.0,0.359,0.000,64,2,2,992.1,1045.3,992.1,992.1,1000.0,1045.3,572.2,216,0,57.216,56.967,1000.0,2000.0,61.188,99.107,100.000,57.161,46.964,12.6,102.99,102.85,100.68,100.68,0.0,0.38
428.968,,0,0,0,256,0,0,0,0,0,0,0,0,1,0,0,0,0,0,,,,,,,,,,,,,,,,,,,,,,7531.0,,,,,1666.8,,,,1.00144,1.00144,265.17,,,22.2540,,0.0,,0.3815,22.0000,15.0,15.0,15.0,15.0,14.3,15.0,,,,,,,,,,,,,4.010,0.300,4.015,2.951,4.006,,,,,,,,2.944,0.0,0.0,0.0,0.0,-0.8,21.203,15.875,,0.0,0.7766,39.290,33.275,33.275,39.290,8.175,0.000,,,,,1.01129,,64,,,,,,212.39,,,,,,,212.39,,,,667.1,,,,,,,,,,,1533.5,,,,,,0.359,100.000,,,,,,2462.89,,2463.83,2682.97,,,213.52,95.30,,,,,,,,,,,,,0.359,0.000,64,2,2,,,,,,,,216,0,,,,,,,,,47.484,,102.99,102.85,,,,
428.978,,0,0,0,256,0,0,0,0,0,0,0,0,1,0,0,0,0,0,,,,,,,,,,,,,,,,,,,,,,7533.0,,,,,1670.8,,,,1.00144,1.00144,264.66,,,22.4440,,0.0,,0.3570,22.0000,15.0,15.0,15.0,15.0,14.3,15.0,,,,,,,,,,,,,4.003,0.300,4.015,2.951,4.006,,,,,,,,2.943,0.0,0.0,0.0,0.0,-0.8,20.984,16.219,,0.0,0.7756,39.655,33.230,33.230,39.655,8.175,0.000,,,,,1.01120,,64,,,,,,212.04,,,,,,,212.04,,,,667.2,,,,,,,,,,,1526.2,,,,,,0.359,100.000,,,,,,2459.38,,2465.94,2682.97,,,212.04,95.11,,,,,,,,,,,,,0.359,0.000,64,2,2,,,,,,,,216,0,,,,,,,,,47.464,,103.50,103.75,,,,
428.988,,0,0,0,256,0,0,0,0,0,0,0,0,1,0,0,0,0,0,,,,,,,,,,,,,,,,,,,,,,7559.5,,,,,1670.8,,,,1.00144,1.00144,264.70,,,22.3680,,0.0,,0.3660,22.0000,15.0,15.0,15.0,15.0,14.3,15.0,,,,,,,,,,,,,3.979,0.300,4.015,2.951,3.983,,,,,,,,2.943,0.0,0.0,0.0,0.0,-0.8,20.938,16.109,,0.0,0.7717,39.610,33.230,33.230,39.610,9.060,0.000,,,,,1.01040,,64,,,,,,212.25,,,,,,,212.25,,,,667.2,,,,,,,,,,,1529.2,,,,,,0.359,100.000,,,,,,2456.64,,2460.63,2682.73,,,212.04,95.11,,,,,,,,,,,,,0.359,0.000,64,2,2,,,,,,,,216,0,,,,,,,,,47.829,,103.50,103.75,,,,
428.998,,0,0,0,256,0,0,0,0,0,0,0,0,1,0,0,0,0,0,,,,,,,,,,,,,,,,,,,,,,7576.0,,,,,1673.5,,,,1.00144,1.00144,263.81,,,22.3860,,0.0,,0.3625,22.0000,15.0,15.0,15.0,15.0,14.3,15.0,,,,,,,,,,,,,3.979,0.300,4.015,2.951,3.983,,,,,,,,2.933,0.0,0.0,0.0,0.0,-0.8,20.859,16.266,,0.0,0.7737,39.610,33.220,33.220,39.610,8.175,0.000,,,,,1.00955,,64,,,,,,211.76,,,,,,,211.76,,,,666.9,,,,,,,,,,,1543.5,,,,,,0.359,100.000,,,,,,2456.64,,2466.95,2682.50,,,211.80,94.78,,,,,,,,,,,,,0.359,0.000,64,2,2,,,,,,,,216,0,,,,,,,,,48.669,,103.83,103.83,,,,
429.008,,0,0,0,256,0,0,0,0,0,0,0,0,1,0,0,0,0,0,,,,,,,,,,,,,,,,,,,,,,7581.0,,,,,1673.5,,,,1.00144,1.00144,263.34,,,22.2540,,0.0,,0.3785,22.0000,15.0,15.0,15.0,15.0,14.3,14.3,,,,,,,,,,,,,3.969,0.300,4.015,2.951,3.970,,,,,,,,2.929,0.0,0.0,0.0,0.0,-0.8,20.625,16.625,,0.0,0.7722,39.600,33.205,33.205,39.600,9.060,0.000,,,,,1.00906,,64,,,,,,211.50,,,,,,,211.50,,,,666.9,,,,,,,,,,,1534.3,,,,,,0.359,100.000,,,,,,2455.39,,2464.84,2683.83,,,211.80,94.64,,,,,,,,,,,,,0.359,0.000,64,2,2,,,,,,,,216,0,,,,,,,,,47.784,,103.83,103.83,,,,
429.021,,0,0,0,256,0,0,0,0,0,0,0,0,1,0,0,0,0,0,,,,,,,,,,,,,,,,,,,,,,7597.5,,,,,1676.6,,,,1.00144,1.00144,262.31,,,22.3580,,0.0,,0.3650,22.0000,15.0,15.0,15.0,15.0,14.3,15.0,,,,,,,,,,,,,3.944,0.300,4.015,2.951,3.957,,,,,,,,2.916,0.0,0.0,0.0,0.0,-0.8,20.766,16.297,,0.0,0.7717,39.585,33.275,33.275,39.585,9.315,0.000,,,,,1.00802,,64,,,,,,210.91,,,,,,,210.91,,,,666.3,,,,,,,,,,,1540.6,,,,,,0.359,100.000,,,,,,2453.98,,2457.50,2683.83,,,212.48,94.27,,,,,,,,,,,,,0.359,0.000,64,2,2,,,,,,,,216,0,,,,,,,,,48.659,,104.09,104.01,,,,
429.031,,0,0,0,256,0,0,0,0,0,0,0,0,1,0,0,0,0,0,,,,,,,,,,,,,,,,,,,,,,7619.5,,,,,1676.6,,,,1.00144,1.00144,263.48,,,22.4440,,0.0,,0.3535,22.0000,15.0,15.0,15.0,15.0,14.3,15.0,,,,,,,,,,,,,3.944,0.300,3.944,2.913,3.957,,,,,,,,2.929,0.0,0.0,0.0,0.0,-0.8,20.656,16.500,,0.0,0.7705,39.655,33.275,33.275,39.655,9.315,0.000,,,,,1.00754,,64,,,,,,211.88,,,,,,,211.88,,,,666.3,,,,,,,,,,,1536.8,,,,,,0.359,100.000,,,,,,2453.59,,2458.52,2683.83,,,212.48,94.69,,,,,,,,,,,,,0.359,0.000,64,2,2,,,,,,,,216,0,,,,,,,,,48.900,,104.09,104.01,,,,
429.042,,0,0,0,256,0,0,0,0,0,0,0,0,1,0,0,0,0,0,,,,,,,,,,,,,,,,,,,,,,7621.5,,,,,1689.5,,,,1.00144,1.00144,262.69,,,22.3020,,0.0,,0.3705,22.0000,14.3,15.0,15.0,15.0,14.3,14.3,,,,,,,,,,,,,3.956,0.300,3.944,2.913,3.957,,,,,,,,2.920,0.0,0.0,0.0,0.0,-0.8,20.625,16.813,,0.0,0.7668,39.655,33.275,33.275,39.655,10.265,0.000,,,,,1.00647,,64,,,,,,211.55,,,,,,,211.55,,,,666.4,,,,,,,,,,,1537.1,,,,,,0.359,100.000,,,,,,2450.23,,2451.17,2677.73,,,212.30,94.41,,,,,,,,,,,,,0.359,0.000,64,2,2,,,,,,,,216,0,,,,,,,,,48.969,,104.71,104.69,,,,
429.051,14.3,0,0,0,256,0,0,0,0,0,0,0,0,1,0,0,0,0,0,992.1,992.1,1000.0,10.0,0.0,0.0,0.03,1,0,0.996,0.996,0.0,0.0,5.812,-0.02,1000.0,1000.0,1000.0,1045.1,1000.0,957.86,7641.0,58.952,517.1,0.0,10.0,1689.5,0.03011,0.00,0.00,1.00144,1.00144,262.31,2,47.0,22.4520,0.0300,0.0,61.3,0.3510,22.0000,15.0,15.0,15.0,15.0,14.3,15.0,14.3,2.3,0.00,0.00015,0,0,0,1,98,98,98,98,3.956,0.300,3.944,2.913,3.945,992.1,1000.0,1000.0,992.1,1000.0,0.0,18.74,2.916,0.0,0.0,0.0,0.0,-0.8,20.734,16.484,0.0,0.0,0.7683,39.655,32.950,32.950,39.655,9.315,0.000,0.7891,0.7891,0.0000,1454.6,1.00552,0.100146,64,46.965,1045.1,0.0,1000.0,1000.0,211.41,234.70,574.1,0.99942,1535.98,400.01,0.99939,211.41,400.01,234.68,234.68,666.4,-200.0,82.9,63.58,63.585,2258.2,661.4,750.0,861.3,338.48,0.0,1549.7,57.599,0.0,0,992.1,992.1,0.359,100.000,922.93,0,2.1508,0.496,1012.93,2450.70,90.00,2455.39,2676.80,2683.75,76.17,212.30,94.27,361.50,390.75,99.6,0,26.64,31.5,94.5,67.5,37,0,87.53,24.0,0.359,0.000,64,2,2,992.1,1045.1,992.1,992.1,1000.0,1045.1,572.8,216,0,57.413,57.475,1000.0,2000.0,61.351,99.107,100.000,57.221,49.919,12.5,104.71,104.69,103.06,103.16,0.0,0.38
429.057,,0,0,0,256,0,0,0,0,0,0,0,0,1,0,0,0,0,0,,,,,,,,,,,,,,,,,,,,,,7631.5,,,,,1681.7,,,,1.00144,1.00144,261.28,,,22.3300,,0.0,,0.3655,22.0000,15.0,15.0,15.0,15.0,14.3,15.0,,,,,,,,,,,,,3.932,0.300,3.944,2.913,3.945,,,,,,,,2.903,0.0,0.0,0.0,0.0,-0.8,20.422,16.750,,0.0,0.7678,39.330,32.900,32.900,39.330,8.410,0.000,,,,,1.00473,,64,,,,,,210.77,,,,,,,210.77,,,,665.8,,,,,,,,,,,1545.9,,,,,,0.359,100.000,,,,,,2449.69,,2458.52,2683.75,,,211.17,93.84,,,,,,,,,,,,,0.359,0.000,64,2,2,,,,,,,,216,0,,,,,,,,,48.969,,104.98,105.10,,,,
429.069,,0,0,0,256,0,0,0,0,0,0,0,0,1,0,0,0,0,0,,,,,,,,,,,,,,,,,,,,,,7651.0,,,,,1681.7,,,,1.00144,1.00144,261.14,,,22.1700,,0.0,,0.3850,22.0000,15.0,15.0,15.0,15.0,14.3,15.0,,,,,,,,,,,,,3.939,0.300,3.944,2.913,3.941,,,,,,,,2.903,0.0,0.0,0.0,0.0,-0.8,20.359,16.609,,0.0,0.7644,39.280,33.275,33.275,39.280,10.265,0.000,,,,,1.00360,,64,,,,,,210.91,,,,,,,210.91,,,,665.8,,,,,,,,,,,1549.2,,,,,,0.359,100.000,,,,,,2449.38,,2455.39,2683.67,,,211.17,93.84,,,,,,,,,,,,,0.359,0.000,64,2,2,,,,,,,,216,0,,,,,,,,,47.739,,104.98,105.10,,,,
429.078,,0,0,0,256,0,0,0,0,0,0,0,0,1,0,0,0,0,0,,,,,,,,,,,,,,,,,,,,,,7675.5,,,,,1686.7,,,,1.00144,1.00144,261.23,,,22.3300,,0.0,,0.3645,22.0000,15.0,15.0,15.0,15.0,14.3,15.0,,,,,,,,,,,,,3.939,0.300,3.944,2.913,3.934,,,,,,,,2.903,0.0,0.0,0.0,0.0,-0.8,20.453,16.266,,0.0,0.7693,39.655,33.270,33.270,39.655,9.315,0.000,,,,,1.00263,,64,,,,,,211.13,,,,,,,211.13,,,,665.8,,,,,,,,,,,1555.3,,,,,,0.359,100.000,,,,,,2449.69,,2456.48,2683.67,,,211.52,93.84,,,,,,,,,,,,,0.359,0.000,64,2,2,,,,,,,,216,0,,,,,,,,,49.544,,105.28,105.25,,,,
429.088,,0,0,0,256,0,0,0,0,0,0,0,0,1,0,0,0,0,0,,,,,,,,,,,,,,,,,,,,,,7670.5,,,,,1686.7,,,,1.00144,1.00144,261.84,,,22.3960,,0.0,,0.3555,22.0000,15.0,15.0,15.0,15.0,14.3,15.0,,,,,,,,,,,,,3.934,0.300,3.944,2.913,3.934,,,,,,,,2.908,0.0,0.0,0.0,0.0,-0.8,20.219,16.547,,0.0,0.7705,39.650,33.270,33.270,39.650,10.265,0.000,,,,,1.00220,,64,,,,,,211.66,,,,,,,211.66,,,,665.8,,,,,,,,,,,1548.7,,,,,,0.359,100.000,,,,,,2449.22,,2454.38,2682.89,,,211.52,94.03,,,,,,,,,,,,,0.359,0.000,64,2,2,,,,,,,,216,0,,,,,,,,,48.969,,105.28,105.25,,,,
429.099,,0,0,0,256,0,0,0,0,0,0,0,0,1,0,0,0,0,0,,,,,,,,,,,,,,,,,,,,,,7685.0,,,,,1699.4,,,,1.00144,1.00144,261.42,,,22.6420,,0.0,,0.3235,22.0000,15.0,15.0,15.0,15.0,14.3,15.0,,,,,,,,,,,,,3.930,0.300,3.944,2.913,3.933,,,,,,,,2.905,0.0,0.0,0.0,0.0,-0.8,20.250,16.484,,0.0,0.7703,39.650,33.225,33.225,39.650,10.265,0.000,,,,,1.00186,,64,,,,,,211.38,,,,,,,211.38,,,,664.8,,,,,,,,,,,1548.1,,,,,,0.359,100.000,,,,,,2446.25,,2445.94,2683.59,,,211.99,93.94,,,,,,,,,,,,,0.359,0.000,64,2,2,,,,,,,,216,0,,,,,,,,,49.915,,105.67,105.55,,,,
429.107,,0,0,0,256,0,0,0,0,0,0,0,0,1,0,0,0,0,0,,,,,,,,,,,,,,,,,,,,,,7702.5,,,,,1699.4,,,,1.00144,1.00144,260.53,,,22.6220,,0.0,,0.3245,22.0000,15.0,15.0,15.0,15.0,14.3,15.0,,,,,,,,,,,,,3.930,0.300,3.944,2.913,3.933,,,,,,,,2.895,0.0,0.0,0.0,0.0,-0.8,20.203,16.656,,0.0,0.7717,39.605,33.265,33.265,39.605,10.265,0.000,,,,,1.00098,,64,,,,,,210.89,,,,,,,210.89,,,,664.8,,,,,,,,,,,1560.2,,,,,,0.359,100.000,,,,,,2445.31,,2452.27,2683.75,,,211.99,93.61,,,,,,,,,,,,,0.359,0.000,64,2,2,,,,,,,,216,0,,,,,,,,,49.915,,105.67,105.55,,,,
429.121,,0,0,0,256,0,0,0,0,0,0,0,0,1,0,0,0,0,0,,,,,,,,,,,,,,,,,,,,,,7710.0,,,,,1700.9,,,,1.00144,1.00144,260.06,,,22.5560,,0.0,,0.3320,22.0000,14.3,15.0,15.0,15.0,14.3,14.3,,,,,,,,,,,,,3.913,0.300,3.944,2.913,3.919,,,,,,,,2.894,0.0,0.0,0.0,0.0,-0.8,19.922,16.891,,0.0,0.7681,39.645,33.275,33.275,39.645,10.265,0.000,,,,,1.00028,,64,,,,,,210.56,,,,,,,210.56,,,,664.6,,,,,,,,,,,1550.1,,,,,,0.359,100.000,,,,,,2443.28,,2451.17,2682.97,,,211.95,93.42,,,,,,,,,,,,,0.359,0.000,64,2,2,,,,,,,,216,0,,,,,,,,,49.869,,106.16,106.08,,,,
429.132,,0,0,0,256,0,0,0,0,0,0,0,0,1,0,0,0,0,0,,,,,,,,,,,,,,,,,,,,,,7724.5,,,,,1700.9,,,,1.00144,1.00144,259.83,,,22.5480,,0.0,,0.3320,22.0000,15.0,15.0,15.0,15.0,14.3,15.0,,,,,,,,,,,,,3.903,0.300,3.906,2.894,3.902,,,,,,,,2.891,0.0,0.0,0.0,0.0,-0.8,20.016,16.500,,0.0,0.7659,39.655,33.230,33.230,39.655,10.265,0.000,,,,,0.99939,,64,,,,,,210.63,,,,,,,210.63,,,,664.6,,,,,,,,,,,1564.9,,,,,,0.359,100.000,,,,,,2443.28,,2446.95,2682.73,,,211.95,93.33,,,,,,,,,,,,,0.359,0.000,64,2,2,,,,,,,,216,0,,,,,,,,,49.910,,106.16,106.08,,,,
429.145,,0,0,0,256,0,0,0,0,0,0,0,0,1,0,0,0,0,0,,,,,,,,,,,,,,,,,,,,,,7722.0,,,,,1699.7,,,,1.00144,1.00144,259.88,,,22.3780,,0.0,,0.3525,22.0000,15.0,15.0,15.0,15.0,14.3,15.0,,,,,,,,,,,,,3.903,0.300,3.906,2.894,3.902,,,,,,,,2.892,0.0,0.0,0.0,0.0,-0.8,19.938,16.641,,0.0,0.7666,39.610,33.220,33.220,39.610,9.315,0.000,,,,,0.99808,,64,,,,,,210.84,,,,,,,210.84,,,,665.2,,,,,,,,,,,1569.5,,,,,,0.359,100.000,,,,,,2445.31,,2453.28,2677.73,,,210.87,93.38,,,,,,,,,,,,,0.359,0.000,64,2,2,,,,,,,,216,0,,,,,,,,,49.919,,106.39,106.42,,,,
429.157,15.0,0,0,0,256,0,0,0,0,0,0,0,0,1,0,0,0,0,0,992.1,992.1,1000.0,10.0,0.0,0.0,0.03,1,0,0.996,0.996,0.0,0.0,5.656,-0.01,1000.0,1000.0,1000.0,1077.4,1000.0,958.44,7663.0,58.952,510.9,0.0,10.0,1690.7,0.03015,0.00,0.00,1.00144,1.00144,259.59,3,47.0,22.4900,-0.3300,0.0,59.8,0.3365,22.0000,15.0,15.0,15.0,15.0,14.3,15.0,15.0,2.3,0.00,0.00015,0,0,0,1,98,98,98,98,3.911,0.300,3.906,2.894,3.876,992.1,1000.0,1000.0,992.1,1000.0,0.0,18.74,2.915,0.0,0.0,0.0,0.0,-0.8,19.969,16.500,0.0,0.0,0.7678,39.330,32.925,32.925,39.330,9.315,0.000,0.7891,0.7891,0.0000,1457.3,0.99631,0.100403,64,48.970,1077.4,0.0,1000.0,1000.0,211.08,235.59,570.9,0.99942,1535.98,400.01,0.99939,211.08,400.01,235.57,235.57,664.8,-200.0,84.2,64.04,64.049,2286.0,667.5,750.0,867.4,336.29,0.0,1551.2,57.159,0.0,0,992.1,992.1,0.363,100.000,922.93,0,2.1427,0.500,1012.93,2443.98,90.00,2449.06,2683.91,2683.75,75.70,211.97,94.27,361.50,390.75,99.6,0,26.64,31.5,94.5,67.5,37,0,87.53,24.0,0.363,0.000,64,2,2,992.1,1041.3,992.1,992.1,1000.0,1041.3,572.2,216,0,57.098,57.161,1000.0,2000.0,61.525,99.107,100.000,57.161,49.864,12.6,106.74,106.50,105.05,104.91,0.0,0.26
429.168,,0,0,0,256,0,0,0,0,0,0,0,0,1,0,0,0,0,0,,,,,,,,,,,,,,,,,,,,,,7651.0,,,,,1690.7,,,,1.00144,1.00144,259.41,,,22.5000,,0.0,,0.3345,22.0000,15.0,15.0,15.0,15.0,14.3,15.0,,,,,,,,,,,,,3.865,0.300,3.906,2.894,3.876,,,,,,,,2.914,0.0,0.0,0.0,0.0,-0.8,19.938,16.625,,0.0,0.7705,39.305,33.280,33.280,39.305,10.265,0.000,,,,,0.99573,,64,,,,,,210.98,,,,,,,210.98,,,,664.8,,,,,,,,,,,1538.9,,,,,,0.363,100.000,,,,,,2441.72,,2449.06,2684.84,,,211.97,94.22,,,,,,,,,,,,,0.363,0.000,64,2,2,,,,,,,,216,0,,,,,,,,,48.644,,106.74,106.50,,,,
429.178,,0,0,0,256,0,0,0,0,0,0,0,0,1,0,0,0,0,0,,,,,,,,,,,,,,,,,,,,,,7629.0,,,,,1686.0,,,,1.00144,1.00144,258.70,,,22.5480,,0.0,,0.3275,22.0000,15.0,15.0,15.0,15.0,14.3,15.0,,,,,,,,,,,,,3.875,0.300,3.906,2.894,3.873,,,,,,,,2.910,0.0,0.0,0.0,0.0,-0.8,19.984,16.438,,0.0,0.7686,39.660,33.330,33.330,39.660,11.265,0.000,,,,,0.99555,,64,,,,,,210.59,,,,,,,210.59,,,,664.9,,,,,,,,,,,1537.7,,,,,,0.363,100.000,,,,,,2438.83,,2443.83,2684.61,,,211.66,93.94,,,,,,,,,,,,,0.363,0.000,64,2,2,,,,,,,,216,0,,,,,,,,,49.570,,106.97,107.17,,,,
429.188,,0,0,0,256,0,0,0,0,0,0,0,0,1,0,0,0,0,0,,,,,,,,,,,,,,,,,,,,,,7646.0,,,,,1686.0,,,,1.00144,1.00144,259.08,,,22.3400,,0.0,,0.3525,22.0000,15.0,15.0,15.0,15.0,14.3,15.0,,,,,,,,,,,,,3.875,0.300,3.906,2.894,3.875,,,,,,,,2.915,0.0,0.0,0.0,0.0,-0.8,20.172,16.063,,0.0,0.7712,39.710,33.320,33.320,39.710,10.265,0.000,,,,,0.99436,,64,,,,,,211.05,,,,,,,211.05,,,,664.9,,,,,,,,,,,1548.4,,,,,,0.363,100.000,,,,,,2440.78,,2450.16,2684.53,,,211.66,94.08,,,,,,,,,,,,,0.363,0.000,64,2,2,,,,,,,,216,0,,,,,,,,,50.925,,106.97,107.17,,,,
429.198,,0,0,0,256,0,0,0,0,0,0,0,0,1,0,0,0,0,0,,,,,,,,,,,,,,,,,,,,,,7612.0,,,,,1681.6,,,,1.00144,1.00144,259.17,,,22.4160,,0.0,,0.3425,22.0000,15.0,15.0,15.0,15.0,14.3,15.0,,,,,,,,,,,,,3.875,0.300,3.906,2.894,3.875,,,,,,,,2.916,0.0,0.0,0.0,0.0,-0.8,20.000,16.359,,0.0,0.7727,39.700,33.315,33.315,39.700,10.265,0.000,,,,,0.99424,,64,,,,,,211.13,,,,,,,211.13,,,,665.8,,,,,,,,,,,1545.1,,,,,,0.363,100.000,,,,,,2441.41,,2452.27,2684.53,,,211.41,94.13,,,,,,,,,,,,,0.363,0.000,64,2,2,,,,,,,,216,0,,,,,,,,,49.974,,106.74,107.01,,,,
429.207,,0,0,0,256,0,0,0,0,0,0,0,0,1,0,0,0,0,0,,,,,,,,,,,,,,,,,,,,,,7626.5,,,,,1681.6,,,,1.00144,1.00144,259.45,,,22.4620,,0.0,,0.3355,22.0000,15.0,15.0,15.0,15.0,14.3,15.0,,,,,,,,,,,,,3.902,0.300,3.906,2.894,3.907,,,,,,,,2.888,0.0,0.0,0.0,0.0,-0.8,20.078,16.234,,0.0,0.7732,39.695,33.315,33.315,39.695,10.265,0.000,,,,,0.99369,,64,,,,,,211.55,,,,,,,211.55,,,,665.8,,,,,,,,,,,1543.4,,,,,,0.359,100.000,,,,,,2440.70,,2451.17,2683.83,,,211.41,93.23,,,,,,,,,,,,,0.359,0.000,64,2,2,,,,,,,,216,0,,,,,,,,,49.965,,106.74,107.01,,,,
429.220,,0,0,0,256,0,0,0,0,0,0,0,0,1,0,0,0,0,0,,,,,,,,,,,,,,,,,,,,,,7653.5,,,,,1680.8,,,,1.00144,1.00144,258.98,,,22.5000,,0.0,,0.3300,22.0000,15.0,15.0,15.0,15.0,14.3,15.0,,,,,,,,,,,,,3.902,0.300,3.906,2.894,3.896,,,,,,,,2.874,0.0,0.0,0.0,0.0,-0.8,20.125,16.391,,0.0,0.7776,39.695,33.275,33.275,39.695,10.265,0.000,,,,,0.99302,,64,,,,,,211.24,,,,,,,211.24,,,,666.7,,,,,,,,,,,1550.3,,,,,,0.359,100.000,,,,,,2440.08,,2451.17,2683.28,,,212.30,93.05,,,,,,,,,,,,,0.359,0.000,64,2,2,,,,,,,,216,0,,,,,,,,,49.959,,106.82,106.77,,,,
429.231,,0,0,0,256,0,0,0,0,0,0,0,0,1,0,0,0,0,0,,,,,,,,,,,,,,,,,,,,,,7651.0,,,,,1680.8,,,,1.00144,1.00144,259.31,,,22.5840,,0.0,,0.3185,22.0000,14.3,15.0,15.0,15.0,14.3,14.3,,,,,,,,,,,,,3.896,0.300,3.896,2.874,3.896,,,,,,,,2.878,0.0,0.0,0.0,0.0,-0.8,19.984,16.688,,0.0,0.7756,39.655,33.250,33.250,39.655,10.265,0.000,,,,,0.99320,,64,,,,,,211.38,,,,,,,211.38,,,,666.7,,,,,,,,,,,1546.1,,,,,,0.359,100.000,,,,,,2440.31,,2452.27,2683.28,,,212.30,93.19,,,,,,,,,,,,,0.359,0.000,64,2,2,,,,,,,,216,0,,,,,,,,,49.959,,106.82,106.77,,,,
429.244,,0,0,0,256,0,0,0,0,0,0,0,0,1,0,0,0,0,0,,,,,,,,,,,,,,,,,,,,,,7680.0,,,,,1689.1,,,,1.00144,1.00144,258.42,,,22.3960,,0.0,,0.3410,22.0000,15.0,15.0,15.0,15.0,14.3,15.0,,,,,,,,,,,,,3.882,0.300,3.896,2.874,3.893,,,,,,,,2.868,0.0,0.0,0.0,0.0,0.0,20.250,16.375,,0.0,0.7778,39.630,33.250,33.250,39.630,10.265,0.000,,,,,0.99238,,64,,,,,,210.98,,,,,,,210.98,,,,667.5,,,,,,,,,,,1562.2,,,,,,0.359,100.000,,,,,,2440.39,,2446.95,2678.91,,,212.55,92.86,,,,,,,,,,,,,0.359,0.000,64,2,2,,,,,,,,216,0,,,,,,,,,49.919,,106.82,106.77,,,,
429.258,15.0,0,0,0,256,0,0,0,0,0,0,0,0,1,0,0,0,0,0,992.1,992.1,1000.0,10.1,0.0,0.0,0.03,1,0,0.996,0.996,0.0,0.0,5.531,-0.04,1000.0,1000.0,1000.0,1042.1,1000.0,959.05,7724.5,58.952,512.3,0.0,10.1,1707.7,0.03015,0.00,0.00,1.00144,1.00144,259.27,3,47.0,22.1500,-0.4900,0.0,58.9,0.3705,22.0000,15.0,15.0,15.0,15.0,15.0,15.0,15.0,2.3,0.00,0.00015,0,0,0,1,98,98,98,98,3.902,0.300,3.896,2.874,3.896,992.1,1000.0,1000.0,992.1,1000.0,0.0,18.74,2.873,0.0,0.0,0.0,0.0,0.0,20.047,16.813,0.0,0.0,0.7756,39.395,33.020,33.020,39.395,10.265,0.000,0.7891,0.7891,0.0000,1444.8,0.99198,0.100627,64,49.865,1042.1,0.0,1000.0,1000.0,211.76,236.30,571.5,0.99942,1535.98,400.01,0.99939,211.76,400.01,236.27,236.27,669.0,-200.0,85.2,64.45,64.450,2280.0,672.8,750.0,872.7,335.63,0.0,1568.1,57.324,0.0,0,992.1,992.1,0.359,100.000,922.93,0,2.1400,0.504,1012.93,2442.03,90.00,2446.95,2678.36,2683.91,76.64,212.88,93.14,361.50,390.75,99.6,0,26.76,31.5,94.5,67.5,37,0,87.53,24.0,0.359,0.000,64,2,2,992.1,1045.0,992.1,992.1,1000.0,1045.0,572.2,216,0,57.158,57.221,1000.0,2000.0,61.661,99.107,100.000,57.161,48.944,12.5,106.90,106.97,106.84,107.05,0.0,0.65
429.268,,0,0,0,4,0,0,1,0,0,0,0,0,0,0,0,0,0,0,,,,,,,,,,,,,,,,,,,,,,7742.0,,,,,1707.7,,,,1.00144,1.00144,259.36,,,22.2160,,0.0,,0.3625,22.0000,15.0,15.0,15.0,15.0,15.0,15.0,,,,,,,,,,,,,3.902,0.300,3.896,2.874,3.901,,,,,,,,2.874,0.0,0.0,0.0,0.0,0.0,20.250,16.484,,0.0,0.7788,39.400,32.985,32.985,39.400,8.410,0.000,,,,,0.99134,,64,,,,,,211.92,,,,,,,211.92,,,,669.0,,,,,,,,,,,1582.9,,,,,,0.359,100.000,,,,,,2446.25,,2458.52,2683.75,,,212.88,93.19,,,,,,,,,,,,,0.359,0.000,64,2,2,,,,,,,,216,0,,,,,,,,,49.660,,106.90,106.97,,,,
429.278,,0,0,0,4,0,0,1,0,0,0,0,0,0,0,0,0,0,0,,,,,,,,,,,,,,,,,,,,,,7727.0,,,,,1707.7,,,,1.00144,1.00144,259.55,,,22.5840,,0.0,,0.3150,22.0000,9.0,9.0,15.0,9.0,9.0,9.0,,,,,,,,,,,,,3.892,0.300,3.896,2.874,3.901,,,,,,,,2.873,0.0,0.0,0.0,0.0,0.0,20.250,16.625,,0.0,0.7808,39.365,33.275,33.275,39.365,9.315,0.000,,,,,0.99122,,64,,,,,,212.11,,,,,,,212.11,,,,669.0,,,,,,,,,,,1573.0,,,,,,0.359,100.000,,,,,,2447.11,,2458.52,2683.59,,,211.78,93.28,,,,,,,,,,,,,0.359,0.000,64,2,2,,,,,,,,216,0,,,,,,,,,47.809,,107.17,107.25,,,,
429.288,,0,0,0,4,0,0,1,0,0,0,0,0,0,0,0,0,0,0,,,,,,,,,,,,,,,,,,,,,,7538.0,,,,,1707.7,,,,1.00144,1.00144,204.14,,,22.6600,,0.0,,0.3045,22.0000,9.0,9.0,9.0,9.0,9.0,9.0,,,,,,,,,,,,,3.097,0.300,3.896,2.874,3.099,,,,,,,,2.259,0.0,0.0,0.0,0.0,0.0,20.219,16.375,,0.0,0.7764,39.655,33.265,33.265,39.655,10.265,0.000,,,,,0.99942,,64,,,,,,211.24,,,,,,,211.24,,,,669.0,,,,,,,,,,,1542.5,,,,,,0.359,100.000,,,,,,2442.89,,2445.94,2683.59,,,211.78,73.36,,,,,,,,,,,,,0.359,0.000,64,2,2,,,,,,,,216,0,,,,,,,,,48.679,,107.17,107.25,,,,
429.299,,0,0,0,4,0,0,1,0,0,0,0,0,0,0,0,0,0,0,,,,,,,,,,,,,,,,,,,,,,7299.5,,,,,1618.6,,,,1.00144,1.00144,204.89,,,22.6600,,0.0,,0.3030,22.0000,9.0,9.0,9.0,9.0,9.0,9.0,,,,,,,,,,,,,3.097,0.300,3.896,2.874,3.095,,,,,,,,2.236,0.0,0.0,0.0,0.0,0.0,20.016,16.000,,0.0,0.7749,39.645,33.265,31.165,39.645,9.315,0.000,,,,,0.99942,,64,,,,,,211.88,,,,,,,211.88,,,,681.6,,,,,,,,,,,1505.6,,,,,,0.359,100.000,,,,,,2447.03,,2454.38,2684.38,,,212.46,73.64,,,,,,,,,,,,,0.359,0.000,64,2,2,,,,,,,,216,0,,,,,,,,,49.919,,108.12,107.68,,,,
429.307,,0,0,0,4,0,0,1,0,0,0,0,0,0,0,0,0,0,0,,,,,,,,,,,,,,,,,,,,,,7022.0,,,,,1618.6,,,,1.00144,1.00144,205.17,,,22.9920,,0.0,,0.2595,22.0000,9.0,9.0,9.0,9.0,9.0,9.0,,,,,,,,,,,,,3.092,0.300,3.896,2.874,3.095,,,,,,,,2.239,0.0,0.0,0.0,0.0,0.0,19.547,16.031,,0.0,0.7771,37.545,33.305,25.355,37.545,10.265,0.000,,,,,0.99942,,64,,,,,,212.20,,,,,,,212.20,,,,681.6,,,,,,,,,,,1426.3,,,,,,0.359,100.000,,,,,,2446.41,,2453.28,2683.91,,,212.46,73.73,,,,,,,,,,,,,0.359,0.000,64,2,2,,,,,,,,216,0,,,,,,,,,48.959,,108.12,107.68,,,,
429.321,,0,0,0,4,0,0,1,0,0,0,0,0,0,0,0,0,0,0,,,,,,,,,,,,,,,,,,,,,,6738.0,,,,,1520.9,,,,1.00144,1.00144,219.56,,,22.9720,,0.0,,0.2600,22.0000,9.0,9.0,9.0,9.0,9.0,9.0,,,,,,,,,,,,,3.067,0.300,3.896,2.874,3.084,,,,,,,,2.713,0.0,0.0,0.0,0.0,0.0,19.266,15.594,,0.0,0.8247,31.735,33.280,24.280,31.735,11.265,0.000,,,,,0.99942,,64,,,,,,210.40,,,,,,,210.40,,,,704.7,,,,,,,,,,,1359.7,,,,,,0.359,100.000,,,,,,2433.44,,2438.52,2685.31,,,212.65,89.39,,,,,,,,,,,,,0.359,0.000,64,2,2,,,,,,,,216,0,,,,,,,,,47.809,,109.48,109.19,,,,
429.331,,0,0,0,4,0,0,1,0,0,0,0,0,0,0,0,0,0,0,,,,,,,,,,,,,,,,,,,,,,6541.5,,,,,1520.9,,,,1.00144,1.00144,219.38,,,22.8880,,0.0,,0.2690,22.0000,12.0,12.0,9.0,12.0,12.0,12.0,,,,,,,,,,,,,3.067,0.300,3.896,2.874,3.084,,,,,,,,2.712,0.0,0.0,0.0,0.0,0.0,18.781,15.484,,0.0,0.8997,30.660,33.355,24.355,30.660,12.310,0.000,,,,,0.99942,,64,,,,,,210.14,,,,,,,210.14,,,,704.7,,,,,,,,,,,1302.5,,,,,,0.359,100.000,,,,,,2430.86,,2433.28,2688.98,,,212.65,89.34,,,,,,,,,,,,,0.359,0.000,64,2,2,,,,,,,,216,0,,,,,,,,,42.999,,109.48,109.19,,,,
429.344,,0,0,0,4,0,0,1,0,0,0,0,0,0,0,0,0,0,0,,,,,,,,,,,,,,,,,,,,,,6252.0,,,,,1388.3,,,,1.00144,1.00144,217.45,,,23.0860,,0.0,,0.2420,22.0000,12.0,12.0,11.3,11.3,11.3,11.3,,,,,,,,,,,,,2.774,0.300,3.896,2.874,2.793,,,,,,,,2.957,0.0,0.0,0.0,0.0,0.0,18.328,15.266,,0.0,1.1006,31.265,33.550,24.550,31.265,15.720,0.000,,,,,0.99942,,64,,,,,,206.13,,,,,,,206.13,,,,714.2,,,,,,,,,,,1172.8,,,,,,0.410,100.000,,,,,,2403.05,,2405.86,2700.55,,,208.64,100.08,,,,,,,,,,,,,0.410,0.000,64,2,2,,,,,,,,216,0,,,,,,,,,42.969,,109.48,109.19,,,,
429.357,15.0,0,0,0,4,0,0,1,0,0,0,0,0,0,0,0,0,0,0,992.1,992.1,1000.0,10.0,0.0,0.0,0.03,1,0,0.996,0.996,0.0,0.0,4.718,0.01,1000.0,1000.0,1000.0,1065.3,1000.0,957.46,5879.5,58.952,510.4,0.0,10.0,1320.1,0.03007,0.00,0.00,1.00144,1.00144,220.92,3,47.0,22.1320,-0.1500,0.0,59.7,0.3600,22.0000,11.3,10.5,9.8,10.5,10.5,10.5,15.0,2.3,0.00,0.00015,0,0,0,1,98,98,98,98,2.543,0.300,3.896,2.874,2.585,992.1,1000.0,1000.0,992.1,1000.0,0.0,18.74,3.227,0.0,0.0,0.0,0.0,0.0,17.750,14.953,0.0,0.0,2.1951,31.325,32.115,23.115,31.325,20.160,0.000,0.7891,0.7891,0.0000,1463.5,0.99942,0.100806,64,48.945,1065.3,0.0,1000.0,1000.0,206.02,236.13,573.6,0.99942,1535.98,400.01,0.99939,206.02,400.01,236.11,236.11,710.4,-200.0,81.0,63.82,63.828,2276.9,664.6,750.0,864.5,335.04,0.0,1034.4,57.512,0.0,0,992.1,992.1,0.457,100.000,922.93,0,2.1400,0.508,1012.93,2355.08,90.00,2357.42,2683.83,2678.36,76.08,209.25,113.16,361.50,390.75,100.0,0,26.76,31.5,94.5,67.5,37,0,87.53,23.3,0.457,0.000,64,2,2,992.1,1041.6,992.1,992.1,1000.0,1041.6,572.0,216,0,57.361,57.361,1000.0,2000.0,61.763,99.107,100.000,57.141,49.480,12.6,108.99,108.84,107.48,107.28,0.0,0.89
429.368,,0,0,0,4,0,0,1,0,0,0,0,0,0,0,0,0,0,0,,,,,,,,,,,,,,,,,,,,,,5754.0,,,,,1320.1,,,,1.00144,1.00144,214.64,,,22.2640,,0.0,,0.3430,22.0000,9.8,9.8,9.8,10.5,10.5,9.8,,,,,,,,,,,,,2.543,0.300,3.896,2.874,2.585,,,,,,,,3.124,0.0,0.0,0.0,0.0,0.0,17.609,14.906,,0.0,3.4246,29.125,31.435,22.435,29.125,20.160,0.000,,,,,0.99942,,64,,,,,,201.16,,,,,,,201.16,,,,710.4,,,,,,,,,,,1082.7,,,,,,0.457,100.000,,,,,,2344.38,,2341.64,2707.97,,,209.25,109.50,,,,,,,,,,,,,0.457,0.000,64,2,2,,,,,,,,216,0,,,,,,,,,51.485,,108.99,108.84,,,,
429.377,,0,0,0,4,0,0,1,0,0,0,0,0,0,0,0,0,0,0,,,,,,,,,,,,,,,,,,,,,,5585.5,,,,,1190.0,,,,1.00144,1.00144,206.30,,,21.5920,,0.0,,0.4280,22.0000,9.8,9.8,10.5,10.5,10.5,10.5,,,,,,,,,,,,,2.409,0.300,3.896,2.874,2.471,,,,,,,,2.919,0.0,0.0,0.0,0.0,0.0,17.422,14.422,,0.0,4.3528,28.320,32.300,23.300,28.320,22.425,0.000,,,,,0.99942,,64,,,,,,194.18,,,,,,,194.18,,,,704.5,,,,,,,,,,,1048.2,,,,,,0.457,100.000,,,,,,2294.92,,2303.67,2684.45,,,199.50,104.91,,,,,,,,,,,,,0.457,0.000,64,2,2,,,,,,,,216,0,,,,,,,,,49.284,,109.19,109.04,,,,
429.388,,0,0,0,4,0,0,1,0,0,0,0,0,0,0,0,0,0,0,,,,,,,,,,,,,,,,,,,,,,5454.5,,,,,1190.0,,,,1.00113,1.00113,207.23,,,21.6300,,0.0,,0.4235,22.0000,9.8,9.8,10.5,10.5,10.5,9.8,,,,,,,,,,,,,2.409,0.300,3.896,2.874,2.471,,,,,,,,2.952,0.0,0.0,0.0,0.0,0.0,17.016,14.391,,0.0,3.6538,28.880,31.455,22.455,28.880,22.425,0.000,,,,,0.99942,,64,,,,,,193.85,,,,,,,193.85,,,,704.5,,,,,,,,,,,995.9,,,,,,0.457,100.000,,,,,,2291.72,,2293.13,2678.44,,,199.50,106.08,,,,,,,,,,,,,0.457,0.000,64,2,2,,,,,,,,216,0,,,,,,,,,50.745,,109.19,109.04,,,,
429.397,,0,0,0,4,0,0,1,0,0,0,0,0,0,0,0,0,0,0,,,,,,,,,,,,,,,,,,,,,,5408.0,,,,,1133.1,,,,1.00113,1.00113,215.06,,,21.5640,,0.0,,0.4330,22.0000,9.8,9.0,9.0,9.0,10.5,9.0,,,,,,,,,,,,,2.409,0.300,3.896,2.874,2.531,,,,,,,,3.051,0.0,0.0,0.0,0.0,0.0,16.906,13.953,,0.0,3.2275,27.990,31.240,22.240,27.990,22.425,0.000,,,,,0.99942,,64,,,,,,200.93,,,,,,,200.93,,,,699.5,,,,,,,,,,,1030.5,,,,,,0.457,100.000,,,,,,2286.17,,2283.67,2657.27,,,201.40,110.16,,,,,,,,,,,,,0.457,0.000,64,2,2,,,,,,,,216,0,,,,,,,,,51.305,,110.14,110.19,,,,
429.407,,0,0,0,4,0,0,1,0,0,0,0,0,0,0,0,0,0,0,,,,,,,,,,,,,,,,,,,,,,5181.5,,,,,1133.1,,,,1.00113,1.00113,212.81,,,21.4980,,0.0,,0.4420,22.0000,8.3,9.0,9.0,9.0,8.3,8.3,,,,,,,,,,,,,2.516,0.300,3.896,2.874,2.531,,,,,,,,2.976,0.0,0.0,0.0,0.0,0.0,16.547,13.781,,0.0,2.7090,27.815,32.185,23.185,27.815,21.980,0.000,,,,,0.99942,,64,,,,,,201.68,,,,,,,201.68,,,,699.5,,,,,,,,,,,1005.1,,,,,,0.457,100.000,,,,,,2271.88,,2275.23,2683.91,,,201.40,107.48,,,,,,,,,,,,,0.457,0.000,64,2,2,,,,,,,,216,0,,,,,,,,,50.414,,110.14,110.19,,,,
429.421,,0,0,0,4,0,0,1,0,0,0,0,0,0,0,0,0,0,0,,,,,,,,,,,,,,,,,,,,,,5170.5,,,,,1079.8,,,,1.00113,1.00113,210.09,,,22.1400,,0.0,,0.3615,22.0000,7.5,7.5,7.5,9.0,8.3,7.5,,,,,,,,,,,,,2.516,0.300,3.896,2.874,2.539,,,,,,,,2.936,0.0,0.0,0.0,0.0,0.0,16.453,12.891,,0.0,2.1167,28.705,33.000,24.000,28.705,22.860,0.000,,,,,0.99942,,64,,,,,,199.83,,,,,,,199.83,,,,694.4,,,,,,,,,,,989.8,,,,,,0.457,100.000,,,,,,2260.00,,2266.80,2670.39,,,201.98,105.98,,,,,,,,,,,,,0.457,0.000,64,2,2,,,,,,,,216,0,,,,,,,,,49.794,,110.22,110.05,,,,
429.430,,0,0,0,256,0,0,0,0,0,0,0,0,1,0,0,0,0,0,,,,,,,,,,,,,,,,,,,,,,5141.5,,,,,1079.8,,,,1.00113,1.00113,209.58,,,22.1040,,0.0,,0.3660,22.0000,7.5,7.5,6.0,6.0,6.0,6.0,,,,,,,,,,,,,2.536,0.300,2.539,2.936,2.539,,,,,,,,2.930,0.0,0.0,0.0,0.0,0.0,16.313,12.313,,0.0,1.8779,29.580,32.585,26.435,29.580,22.860,0.000,,,,,0.99942,,64,,,,,,199.27,,,,,,,199.27,,,,694.4,,,,,,,,,,,970.1,,,,,,0.457,100.000,,,,,,2263.91,,2265.78,2652.58,,,201.98,105.80,,,,,,,,,,,,,0.457,0.000,64,2,2,,,,,,,,216,0,,,,,,,,,51.564,,110.22,110.05,,,,
429.444,,0,0,0,4096,0,0,0,0,0,0,0,0,0,0,0,0,1,0,,,,,,,,,,,,,,,,,,,,,,5101.0,,,,,1058.6,,,,1.00113,1.00113,209.44,,,22.2740,,0.0,,0.3440,22.0000,6.8,6.8,6.0,6.0,6.8,6.8,,,,,,,,,,,,,2.536,0.300,2.539,2.936,2.539,,,,,,,,2.942,0.0,0.0,0.0,0.0,0.0,16.234,11.625,,0.0,1.6357,32.015,32.035,32.035,32.015,21.980,0.000,,,,,0.99942,,64,,,,,,199.01,,,,,,,199.01,,,,687.6,,,,,,,,,,,961.2,,,,,,0.457,100.000,,,,,,2261.09,,2266.80,2657.97,,,199.36,105.80,,,,,,,,,,,,,0.457,0.000,64,2,2,,,,,,,,216,0,,,,,,,,,52.440,,110.34,110.11,,,,
429.457,10.5,0,0,0,256,0,0,0,0,0,0,0,0,1,0,0,0,0,0,988.0,988.0,373.1,10.0,0.0,0.0,0.03,1,0,0.996,0.996,0.0,0.0,3.312,-0.04,1000.0,1000.0,1000.0,1039.1,373.1,897.95,5218.5,57.328,506.6,0.0,10.0,1079.5,0.02840,0.00,0.00,1.00113,1.00113,212.63,3,47.0,22.2920,-0.1320,0.0,41.6,0.3405,22.0000,8.3,8.3,8.3,8.3,8.3,8.3,27.0,8.3,0.00,0.08988,0,0,0,1,98,98,98,98,2.514,0.300,2.539,2.936,2.518,988.0,1000.0,373.1,988.0,1000.0,0.0,18.74,3.006,0.0,0.0,0.0,0.0,0.0,16.219,10.797,0.0,0.0,1.3730,37.685,31.300,31.300,37.685,21.980,0.000,0.7891,1.0000,0.0000,433.2,0.99942,0.104195,64,49.480,1039.1,0.0,1000.0,1000.0,202.17,240.54,549.3,0.99942,1535.98,400.01,0.99939,202.17,400.01,240.52,240.52,685.2,-200.0,39.6,42.78,42.787,604.8,574.2,750.0,774.1,398.55,0.0,1028.8,55.435,0.0,0,988.0,988.0,0.457,100.000,922.93,2,2.0417,0.508,1012.93,2265.47,90.00,2268.91,2683.91,2683.83,111.80,202.05,107.44,361.50,390.75,100.0,0,26.94,31.5,94.5,67.5,37,0,87.53,23.3,0.457,0.000,64,2,2,988.0,373.1,988.0,988.0,1000.0,1052.0,546.6,216,0,54.770,21.974,1000.0,2000.0,60.129,98.698,100.000,54.604,60.024,12.9,109.69,109.90,109.19,109.24,0.0,0.60
429.468,,0,0,0,256,0,0,0,0,0,0,0,0,1,0,0,0,0,0,,,,,,,,,,,,,,,,,,,,,,5272.5,,,,,1079.5,,,,1.00113,1.00113,209.44,,,22.5660,,0.0,,0.3050,22.0000,8.3,8.3,8.3,8.3,8.3,8.3,,,,,,,,,,,,,2.514,0.300,2.539,2.936,2.538,,,,,,,,2.893,0.0,0.0,0.0,0.0,0.0,16.328,9.672,,0.0,1.2625,36.770,32.100,32.100,36.770,23.265,0.000,,,,,1.00610,,64,,,,,,202.43,,,,,,,202.43,,,,685.2,,,,,,,,,,,1017.4,,,,,,0.457,100.000,,,,,,2262.73,,2268.91,2678.98,,,202.05,103.41,,,,,,,,,,,,,0.457,0.000,64,2,2,,,,,,,,216,0,,,,,,,,,59.665,,109.69,109.90,,,,
429.477,,0,0,0,256,0,0,0,0,0,0,0,0,1,0,0,0,0,0,,,,,,,,,,,,,,,,,,,,,,5388.5,,,,,1118.3,,,,1.00113,1.00113,217.92,,,22.4820,,0.0,,0.3145,22.0000,8.3,8.3,8.3,8.3,8.3,8.3,,,,,,,,,,,,,2.553,0.300,2.539,2.936,2.538,,,,,,,,3.043,0.0,0.0,0.0,0.0,0.0,16.281,9.391,,0.0,1.1785,37.490,31.985,31.985,37.490,22.860,0.000,,,,,1.01483,,64,,,,,,207.63,,,,,,,207.63,,,,686.1,,,,,,,,,,,1061.5,,,,,,0.457,100.000,,,,,,2271.41,,2274.22,2653.44,,,204.33,108.23,,,,,,,,,,,,,0.457,0.000,64,2,2,,,,,,,,216,0,,,,,,,,,60.034,,109.53,109.48,,,,
429.487,,0,0,0,256,0,0,0,0,0,0,0,0,1,0,0,0,0,0,,,,,,,,,,,,,,,,,,,,,,5422.5,,,,,1118.3,,,,1.00113,1.00113,216.00,,,22.3960,,0.0,,0.3245,22.0000,9.0,9.0,9.0,8.3,8.3,9.0,,,,,,,,,,,,,2.553,0.300,2.539,2.936,2.579,,,,,,,,3.024,0.0,0.0,0.0,0.0,0.0,16.422,8.469,,0.0,1.0649,37.235,31.365,31.365,37.235,21.530,0.000,,,,,1.00528,,64,,,,,,207.30,,,,,,,207.30,,,,686.1,,,,,,,,,,,1082.3,,,,,,0.457,100.000,,,,,,2269.14,,2273.13,2639.22,,,204.33,107.58,,,,,,,,,,,,,0.457,0.000,64,2,2,,,,,,,,216,0,,,,,,,,,60.349,,109.53,109.48,,,,
429.498,,0,0,0,256,0,0,0,0,0,0,0,0,1,0,0,0,0,0,,,,,,,,,,,,,,,,,,,,,,5484.5,,,,,1161.1,,,,1.00113,1.00113,211.36,,,22.4900,,0.0,,0.3115,22.0000,9.0,9.0,9.0,9.0,9.0,9.0,,,,,,,,,,,,,2.552,0.300,2.539,2.936,2.579,,,,,,,,2.936,0.0,0.0,0.0,0.0,0.0,16.438,8.359,,0.0,1.0183,36.615,31.025,31.025,36.615,21.075,0.000,,,,,0.99622,,64,,,,,,207.23,,,,,,,207.23,,,,686.3,,,,,,,,,,,1096.0,,,,,,0.457,100.000,,,,,,2268.36,,2275.23,2656.25,,,207.73,104.25,,,,,,,,,,,,,0.457,0.000,64,2,2,,,,,,,,216,0,,,,,,,,,58.765,,109.61,109.53,,,,
429.507,,0,0,0,256,0,0,0,0,0,0,0,0,1,0,0,0,0,0,,,,,,,,,,,,,,,,,,,,,,5502.0,,,,,1161.1,,,,1.00113,1.00113,213.70,,,22.3300,,0.0,,0.3310,22.0000,8.3,9.0,9.0,9.0,9.0,9.0,,,,,,,,,,,,,2.552,0.300,2.539,2.936,2.579,,,,,,,,2.989,0.0,0.0,0.0,0.0,0.0,16.500,7.688,,0.0,1.0007,36.205,32.390,32.390,36.205,21.530,0.000,,,,,0.99259,,64,,,,,,208.80,,,,,,,208.80,,,,686.3,,,,,,,,,,,1112.0,,,,,,0.457,100.000,,,,,,2272.97,,2284.77,2683.83,,,207.73,106.13,,,,,,,,,,,,,0.457,0.000,64,2,2,,,,,,,,216,0,,,,,,,,,57.689,,109.61,109.53,,,,
429.520,,0,0,0,256,0,0,0,0,0,0,0,0,1,0,0,0,0,0,,,,,,,,,,,,,,,,,,,,,,5506.0,,,,,1180.2,,,,1.00113,1.00113,209.20,,,22.3020,,0.0,,0.3340,22.0000,8.3,9.0,9.0,9.0,9.0,9.0,,,,,,,,,,,,,2.542,0.300,2.539,2.936,2.548,,,,,,,,2.898,0.0,0.0,0.0,0.0,0.0,16.672,7.469,,0.0,0.9819,37.600,33.295,33.295,37.600,22.860,0.000,,,,,0.99290,,64,,,,,,206.98,,,,,,,206.98,,,,687.6,,,,,,,,,,,1101.2,,,,,,0.457,100.000,,,,,,2276.56,,2284.77,2692.27,,,209.18,102.80,,,,,,,,,,,,,0.457,0.000,64,2,2,,,,,,,,216,0,,,,,,,,,57.735,,110.48,110.31,,,,
429.531,,0,0,0,256,0,0,0,0,0,0,0,0,1,0,0,0,0,0,,,,,,,,,,,,,,,,,,,,,,5483.5,,,,,1180.2,,,,1.00113,1.00113,210.80,,,22.3680,,0.0,,0.3255,22.0000,9.0,9.0,9.0,9.0,9.8,9.0,,,,,,,,,,,,,2.542,0.300,2.542,2.898,2.548,,,,,,,,2.946,0.0,0.0,0.0,0.0,0.0,16.844,7.266,,0.0,0.9644,38.535,33.575,33.575,38.535,22.425,0.000,,,,,0.98930,,64,,,,,,207.52,,,,,,,207.52,,,,687.6,,,,,,,,,,,1105.6,,,,,,0.457,100.000,,,,,,2281.72,,2294.22,2707.89,,,209.18,104.48,,,,,,,,,,,,,0.457,0.000,64,2,2,,,,,,,,216,0,,,,,,,,,60.460,,110.48,110.31,,,,
429.541,,0,0,0,256,0,0,0,0,0,0,0,0,1,0,0,0,0,0,,,,,,,,,,,,,,,,,,,,,,5430.0,,,,,1180.4,,,,1.00113,1.00113,265.55,,,22.3200,,0.0,,0.3305,22.0000,9.0,9.0,9.0,9.0,9.0,9.0,,,,,,,,,,,,,3.195,0.300,2.542,2.898,3.190,,,,,,,,3.685,0.0,0.0,0.0,0.0,0.0,17.063,7.203,,0.0,0.9497,38.855,34.085,34.085,38.855,23.265,0.000,,,,,0.98710,,64,,,,,,206.58,,,,,,,206.58,,,,689.9,,,,,,,,,,,1087.4,,,,,,0.457,100.000,,,,,,2285.78,,2295.23,2721.17,,,207.35,130.41,,,,,,,,,,,,,0.457,0.000,64,2,2,,,,,,,,216,0,,,,,,,,,60.959,,111.40,111.15,,,,
429.550,8.3,0,0,0,256,0,0,0,0,0,0,0,0,1,0,0,0,0,0,993.1,993.1,637.4,10.0,0.0,0.0,0.03,1,0,0.996,0.852,0.0,0.0,4.562,0.00,1000.0,1000.0,1000.0,1059.6,1000.0,908.36,5391.0,57.328,490.9,0.0,10.0,1180.4,0.02877,0.00,0.00,1.00113,1.00113,265.45,3,47.0,22.1980,-0.2920,0.0,49.9,0.3450,22.0000,9.0,9.0,9.0,9.0,9.0,9.0,8.3,1.5,0.00,0.01723,0,0,0,1,98,98,98,98,3.195,0.300,2.542,2.898,3.190,993.1,1000.0,1000.0,993.1,1000.0,0.0,18.74,3.676,0.0,0.0,0.0,0.0,0.0,17.266,7.109,0.0,0.0,0.9443,39.345,34.525,34.525,39.345,22.860,0.000,0.7969,1.0000,0.0000,625.9,0.98472,0.101021,64,60.025,1059.6,0.0,1000.0,1000.0,207.33,247.27,532.9,0.99942,1535.98,400.01,0.99939,207.33,400.01,247.24,247.24,689.9,-200.0,64.8,54.99,54.997,1244.4,625.4,750.0,825.3,230.35,0.0,1095.7,53.244,0.0,0,993.1,993.1,0.457,100.000,953.55,0,1.7183,0.512,1012.93,2298.52,59.38,2316.33,2727.03,2683.91,109.73,207.35,130.08,342.00,390.75,96.5,0,26.94,31.5,94.5,67.5,37,0,87.53,23.3,0.457,0.000,64,2,2,993.1,1060.0,993.1,993.1,1000.0,1060.0,529.0,216,0,53.363,53.227,1000.0,2000.0,60.378,99.208,100.000,52.844,62.119,12.8,111.40,111.15,110.14,109.98,0.0,0.53
429.557,,0,0,0,256,0,0,0,0,0,0,0,0,1,0,0,0,0,0,,,,,,,,,,,,,,,,,,,,,,5361.0,,,,,1172.2,,,,1.00113,1.00113,265.78,,,22.0560,,0.0,,0.3630,22.0000,9.0,9.0,9.0,9.0,9.0,9.0,,,,,,,,,,,,,3.206,0.300,2.542,2.898,3.208,,,,,,,,3.681,0.0,0.0,0.0,0.0,0.0,17.500,7.031,,0.0,0.9358,39.755,34.235,34.235,39.755,22.860,0.000,,,,,0.98210,,64,,,,,,207.68,,,,,,,207.68,,,,690.8,,,,,,,,,,,1094.1,,,,,,0.457,100.000,,,,,,2305.55,,2318.44,2683.91,,,209.13,130.59,,,,,,,,,,,,,0.457,0.000,64,2,2,,,,,,,,216,0,,,,,,,,,62.204,,111.61,111.23,,,,
429.568,,0,0,0,256,0,0,0,0,0,0,0,0,1,0,0,0,0,0,,,,,,,,,,,,,,,,,,,,,,5334.5,,,,,1172.2,,,,1.00113,1.00113,266.06,,,22.1600,,0.0,,0.3500,22.0000,8.3,8.3,9.0,8.3,8.3,8.3,,,,,,,,,,,,,3.206,0.300,2.542,2.898,3.208,,,,,,,,3.676,0.0,0.0,0.0,0.0,0.0,17.609,7.234,,0.0,0.9341,39.410,32.930,32.930,39.410,20.160,0.000,,,,,0.97978,,64,,,,,,208.92,,,,,,,208.92,,,,690.8,,,,,,,,,,,1100.6,,,,,,0.457,100.000,,,,,,2317.66,,2335.31,2684.92,,,209.13,130.45,,,,,,,,,,,,,0.457,0.000,64,2,2,,,,,,,,216,0,,,,,,,,,62.614,,111.61,111.23,,,,
429.577,,0,0,0,256,0,0,0,0,0,0,0,0,1,0,0,0,0,0,,,,,,,,,,,,,,,,,,,,,,5321.5,,,,,1165.1,,,,1.00113,1.00113,254.44,,,22.0840,,0.0,,0.3590,22.0000,8.3,8.3,8.3,8.3,8.3,8.3,,,,,,,,,,,,,3.206,0.300,2.542,2.898,3.227,,,,,,,,3.340,0.0,0.0,0.0,0.0,0.0,17.844,6.766,,0.0,0.9294,38.070,32.965,32.965,38.070,20.160,0.000,,,,,0.97813,,64,,,,,,209.67,,,,,,,209.67,,,,688.6,,,,,,,,,,,1099.4,,,,,,0.457,100.000,,,,,,2329.92,,2342.66,2685.23,,,210.77,118.50,,,,,,,,,,,,,0.457,0.000,64,2,2,,,,,,,,216,0,,,,,,,,,59.569,,112.04,111.99,,,,
429.588,,0,0,0,256,0,0,0,0,0,0,0,0,1,0,0,0,0,0,,,,,,,,,,,,,,,,,,,,,,5332.5,,,,,1165.1,,,,1.00113,1.00113,255.42,,,22.0840,,0.0,,0.3590,22.0000,7.5,8.3,8.3,7.5,7.5,7.5,,,,,,,,,,,,,3.233,0.300,2.542,2.898,3.227,,,,,,,,3.355,0.0,0.0,0.0,0.0,0.0,17.953,7.094,,0.0,0.8994,38.095,32.975,32.975,38.095,19.680,0.000,,,,,0.97582,,64,,,,,,210.91,,,,,,,210.91,,,,688.6,,,,,,,,,,,1106.1,,,,,,0.457,100.000,,,,,,2339.38,,2353.20,2684.14,,,210.77,119.02,,,,,,,,,,,,,0.457,0.000,64,2,2,,,,,,,,213,0,,,,,,,,,58.229,,112.04,111.99,,,,
429.597,,0,0,0,256,0,0,0,0,0,0,0,0,1,0,0,0,0,0,,,,,,,,,,,,,,,,,,,,,,5346.5,,,,,1173.9,,,,1.00113,1.00113,260.39,,,22.1780,,0.0,,0.3465,22.0000,7.5,7.5,7.5,7.5,7.5,7.5,,,,,,,,,,,,,3.233,0.300,2.542,2.898,3.301,,,,,,,,3.441,0.0,0.0,0.0,0.0,0.0,18.188,6.750,,0.0,0.8601,38.105,32.940,32.940,38.105,18.705,0.000,,,,,0.98539,,64,,,,,,212.48,,,,,,,212.48,,,,689.7,,,,,,,,,,,1104.5,,,,,,0.457,100.000,,,,,,2355.31,,2371.09,2679.22,,,212.72,121.50,,,,,,,,,,,,,0.457,0.000,64,2,2,,,,,,,,213,0,,,,,,,,,57.774,,111.91,111.99,,,,
429.607,,0,0,0,256,0,0,0,0,0,0,0,0,1,0,0,0,0,0,,,,,,,,,,,,,,,,,,,,,,5365.5,,,,,1173.9,,,,1.00113,1.00113,259.73,,,22.0740,,0.0,,0.3595,22.0000,7.5,7.5,7.5,7.5,7.5,7.5,,,,,,,,,,,,,3.285,0.300,2.542,2.898,3.301,,,,,,,,3.433,0.0,0.0,0.0,0.0,0.0,18.359,6.844,,0.0,0.8357,38.070,32.625,32.625,38.070,16.950,0.000,,,,,0.97847,,64,,,,,,213.40,,,,,,,213.40,,,,689.7,,,,,,,,,,,1122.4,,,,,,0.457,100.000,,,,,,2364.30,,2379.53,2683.75,,,212.72,121.22,,,,,,,,,,,,,0.457,0.000,64,2,2,,,,,,,,213,0,,,,,,,,,56.810,,111.91,111.99,,,,
429.620,,0,0,0,256,0,0,0,0,0,0,0,0,1,0,0,0,0,0,,,,,,,,,,,,,,,,,,,,,,5393.5,,,,,1196.4,,,,1.00113,1.00113,259.41,,,22.0740,,0.0,,0.3595,22.0000,7.5,8.3,8.3,7.5,7.5,8.3,,,,,,,,,,,,,3.285,0.300,2.542,2.898,3.301,,,,,,,,3.429,0.0,0.0,0.0,0.0,0.0,18.547,6.969,,0.0,0.8142,37.755,32.755,32.755,37.755,16.950,0.000,,,,,0.97801,,64,,,,,,213.70,,,,,,,213.70,,,,689.9,,,,,,,,,,,1125.8,,,,,,0.457,100.000,,,,,,2372.19,,2392.19,2683.36,,,215.44,120.80,,,,,,,,,,,,,0.457,0.000,64,2,2,,,,,,,,213,0,,,,,,,,,55.019,,111.87,111.64,,,,
429.631,,0,0,0,256,0,0,0,0,0,0,0,0,1,0,0,0,0,0,,,,,,,,,,,,,,,,,,,,,,5420.0,,,,,1196.4,,,,1.00113,1.00113,261.19,,,22.1980,,0.0,,0.3435,22.0000,7.5,8.3,8.3,8.3,8.3,8.3,,,,,,,,,,,,,3.310,0.300,3.292,3.448,3.308,,,,,,,,3.453,0.0,0.0,0.0,0.0,0.0,18.734,7.172,,0.0,0.8081,37.885,32.745,32.745,37.885,15.720,0.000,,,,,0.97695,,64,,,,,,215.32,,,,,,,215.32,,,,689.9,,,,,,,,,,,1143.9,,,,,,0.457,100.000,,,,,,2383.91,,2395.31,2683.67,,,215.44,121.64,,,,,,,,,,,,,0.457,0.000,64,2,2,,,,,,,,213,0,,,,,,,,,54.704,,111.87,111.64,,,,
429.641,,0,0,0,256,0,0,0,0,0,0,0,0,1,0,0,0,0,0,,,,,,,,,,,,,,,,,,,,,,5469.5,,,,,1228.5,,,,1.00113,1.00113,264.56,,,22.0740,,0.0,,0.3590,22.0000,8.3,8.3,8.3,8.3,8.3,8.3,,,,,,,,,,,,,3.310,0.300,3.292,3.448,3.308,,,,,,,,3.529,0.0,0.0,0.0,0.0,0.0,18.875,7.281,,0.0,0.8071,37.875,32.755,32.755,37.875,14.535,0.000,,,,,0.97896,,64,,,,,,216.52,,,,,,,216.52,,,,689.5,,,,,,,,,,,1155.7,,,,,,0.457,100.000,,,,,,2401.09,,2414.30,2685.16,,,217.38,123.94,,,,,,,,,,,,,0.457,0.000,64,2,2,,,,,,,,213,0,,,,,,,,,53.604,,112.04,111.91,,,,
429.651,9.0,0,0,0,256,0,0,0,0,0,0,0,0,1,0,0,0,0,0,991.6,991.6,860.2,10.0,0.0,0.0,0.03,1,0,0.996,0.996,0.0,0.0,2.687,-0.06,1000.0,1000.0,1000.0,1058.9,1000.0,943.35,5488.5,57.328,495.0,0.0,10.0,1228.5,0.02881,0.00,0.00,1.00113,1.00113,264.09,3,47.0,22.0660,-0.0560,0.0,56.0,0.3595,22.0000,8.3,8.3,7.5,7.5,7.5,7.5,9.0,1.5,0.00,0.03309,0,0,0,1,98,98,98,98,3.327,0.300,3.292,3.448,3.329,991.6,1000.0,1000.0,991.6,1000.0,0.0,18.74,3.512,0.0,0.0,0.0,0.0,0.0,18.984,7.422,0.0,0.0,0.8062,37.885,32.800,32.800,37.885,14.535,0.000,0.7891,0.7891,0.0000,826.6,0.97823,0.101800,64,62.205,1058.9,0.0,1000.0,1000.0,216.89,246.38,559.6,0.99942,1535.98,400.01,0.99939,216.89,400.01,246.35,246.35,689.5,-200.0,59.2,58.17,58.171,1635.6,611.2,750.0,811.1,263.75,0.0,1151.0,54.953,0.0,0,991.6,991.6,0.457,100.000,940.82,0,1.8050,0.516,1012.93,2404.84,72.11,2414.30,2695.31,2683.91,107.81,217.38,123.33,342.00,390.75,97.3,0,26.94,31.5,94.5,66.8,37,0,87.53,23.3,0.457,0.000,64,2,2,991.6,1058.9,991.6,991.6,1000.0,1058.9,553.7,213,0,55.969,55.969,1000.0,2000.0,61.766,99.057,100.000,55.313,52.409,12.6,112.04,111.91,111.83,111.83,0.0,0.82
429.657,,0,0,0,256,0,0,0,0,0,0,0,0,1,0,0,0,0,0,,,,,,,,,,,,,,,,,,,,,,5499.5,,,,,1248.7,,,,1.00113,1.00113,264.33,,,22.1500,,0.0,,0.3490,22.0000,7.5,7.5,7.5,7.5,8.3,7.5,,,,,,,,,,,,,3.327,0.300,3.292,3.448,3.329,,,,,,,,3.520,0.0,0.0,0.0,0.0,0.0,19.016,7.531,,0.0,0.8093,37.930,33.695,33.695,37.930,13.400,0.000,,,,,0.97926,,64,,,,,,217.50,,,,,,,217.50,,,,689.7,,,,,,,,,,,1169.8,,,,,,0.457,100.000,,,,,,2413.59,,2429.06,2683.75,,,218.18,123.09,,,,,,,,,,,,,0.457,0.000,64,2,2,,,,,,,,213,0,,,,,,,,,52.419,,112.60,112.68,,,,
429.668,,0,0,0,256,0,0,0,0,0,0,0,0,1,0,0,0,0,0,,,,,,,,,,,,,,,,,,,,,,5506.0,,,,,1248.7,,,,1.00113,1.00113,267.66,,,22.1400,,0.0,,0.3500,22.0000,7.5,8.3,7.5,7.5,8.3,7.5,,,,,,,,,,,,,3.390,0.300,3.292,3.448,3.408,,,,,,,,3.562,0.0,0.0,0.0,0.0,0.0,19.172,7.359,,0.0,0.8064,38.825,33.310,33.310,38.825,12.310,0.000,,,,,0.98158,,64,,,,,,217.45,,,,,,,217.45,,,,689.7,,,,,,,,,,,1175.6,,,,,,0.457,100.000,,,,,,2424.06,,2432.19,2682.81,,,218.18,124.59,,,,,,,,,,,,,0.457,0.000,64,2,2,,,,,,,,213,0,,,,,,,,,51.329,,112.60,112.68,,,,
429.678,,0,0,0,256,0,0,0,0,0,0,0,0,1,0,0,0,0,0,,,,,,,,,,,,,,,,,,,,,,5482.0,,,,,1251.7,,,,1.00113,1.00113,268.78,,,21.9900,,0.0,,0.3685,22.0000,10.5,8.3,7.5,10.5,10.5,10.5,,,,,,,,,,,,,3.390,0.300,3.292,3.448,3.408,,,,,,,,3.583,0.0,0.0,0.0,0.0,0.0,19.172,7.797,,0.0,0.8071,38.455,33.280,33.280,38.455,11.265,0.000,,,,,0.98112,,64,,,,,,218.55,,,,,,,218.55,,,,690.4,,,,,,,,,,,1167.3,,,,,,0.457,100.000,,,,,,2435.55,,2451.17,2697.89,,,218.27,125.11,,,,,,,,,,,,,0.457,0.000,64,2,2,,,,,,,,213,0,,,,,,,,,51.134,,113.07,112.73,,,,
429.688,,0,0,0,256,0,0,0,0,0,0,0,0,1,0,0,0,0,0,,,,,,,,,,,,,,,,,,,,,,5484.5,,,,,1251.7,,,,1.00113,1.00113,265.92,,,21.9420,,0.0,,0.3750,22.0000,9.8,9.8,9.8,9.8,10.5,9.8,,,,,,,,,,,,,3.390,0.300,3.292,3.448,3.416,,,,,,,,3.479,0.0,0.0,0.0,0.0,0.0,19.313,7.750,,0.0,0.7976,38.410,33.785,33.785,38.410,11.265,0.000,,,,,0.98204,,64,,,,,,219.47,,,,,,,219.47,,,,690.4,,,,,,,,,,,1175.8,,,,,,0.457,100.000,,,,,,2444.53,,2457.50,2696.25,,,218.27,121.50,,,,,,,,,,,,,0.457,0.000,64,2,2,,,,,,,,213,0,,,,,,,,,49.719,,113.07,112.73,,,,
429.698,,0,0,0,256,0,0,0,0,0,0,0,0,1,0,0,0,0,0,,,,,,,,,,,,,,,,,,,,,,5469.5,,,,,1254.9,,,,1.00113,1.00113,266.53,,,21.9800,,0.0,,0.3705,22.0000,9.8,9.8,9.8,9.8,9.8,9.8,,,,,,,,,,,,,3.420,0.300,3.292,3.448,3.416,,,,,,,,3.490,0.0,0.0,0.0,0.0,0.0,19.344,8.250,,0.0,0.7981,38.915,33.730,33.730,38.915,10.265,0.000,,,,,0.98088,,64,,,,,,220.24,,,,,,,220.24,,,,689.4,,,,,,,,,,,1171.7,,,,,,0.457,100.000,,,,,,2448.83,,2464.84,2698.67,,,221.16,121.83,,,,,,,,,,,,,0.457,0.000,64,2,2,,,,,,,,213,0,,,,,,,,,49.675,,113.64,113.34,,,,
429.707,,0,0,0,256,0,0,0,0,0,0,0,0,1,0,0,0,0,0,,,,,,,,,,,,,,,,,,,,,,5458.5,,,,,1254.9,,,,1.00113,1.00113,269.06,,,21.8660,,0.0,,0.3845,22.0000,9.8,9.8,9.8,9.8,9.8,9.8,,,,,,,,,,,,,3.420,0.300,3.292,3.448,3.467,,,,,,,,3.523,0.0,0.0,0.0,0.0,0.0,19.516,8.219,,0.0,0.7932,38.860,33.720,33.720,38.860,9.315,0.000,,,,,0.98161,,64,,,,,,222.09,,,,,,,222.09,,,,689.4,,,,,,,,,,,1195.7,,,,,,0.457,100.000,,,,,,2467.27,,2480.70,2683.91,,,221.16,122.95,,,,,,,,,,,,,0.457,0.000,64,2,2,,,,,,,,213,0,,,,,,,,,49.179,,113.64,113.34,,,,
429.720,,0,0,0,256,0,0,0,0,0,0,0,0,1,0,0,0,0,0,,,,,,,,,,,,,,,,,,,,,,5474.5,,,,,1265.8,,,,1.00113,1.00113,271.88,,,21.7720,,0.0,,0.3970,22.0000,9.8,9.8,9.8,9.8,9.8,9.8,,,,,,,,,,,,,3.476,0.300,3.292,3.448,3.467,,,,,,,,3.603,0.0,0.0,0.0,0.0,0.0,19.594,8.734,,0.0,0.7952,38.850,33.240,33.240,38.850,6.745,0.000,,,,,0.98082,,64,,,,,,222.94,,,,,,,222.94,,,,689.5,,,,,,,,,,,1198.2,,,,,,0.457,100.000,,,,,,2475.55,,2489.14,2682.81,,,223.45,125.39,,,,,,,,,,,,,0.457,0.000,64,2,2,,,,,,,,213,0,,,,,,,,,48.174,,113.69,113.85,,,,
429.731,,0,0,0,256,0,0,0,0,0,0,0,0,1,0,0,0,0,0,,,,,,,,,,,,,,,,,,,,,,5477.0,,,,,1265.8,,,,1.00113,1.00113,272.30,,,21.8100,,0.0,,0.3925,22.0000,9.8,9.8,9.8,9.8,9.8,9.8,,,,,,,,,,,,,3.476,0.300,3.467,3.588,3.467,,,,,,,,3.581,0.0,0.0,0.0,0.0,0.0,19.641,8.891,,0.0,0.7952,38.370,33.205,33.205,38.370,5.250,0.000,,,,,0.98186,,64,,,,,,224.34,,,,,,,224.34,,,,689.5,,,,,,,,,,,1209.8,,,,,,0.457,100.000,,,,,,2489.77,,2503.83,2683.20,,,223.45,124.64,,,,,,,,,,,,,0.457,0.000,64,2,2,,,,,,,,213,0,,,,,,,,,45.595,,113.69,113.85,,,,
429.745,,0,0,0,256,0,0,0,0,0,0,0,0,1,0,0,0,0,0,,,,,,,,,,,,,,,,,,,,,,5478.5,,,,,1281.3,,,,1.00113,1.00113,271.78,,,21.7540,,0.0,,0.4000,22.0000,9.8,9.8,9.8,9.8,9.8,9.8,,,,,,,,,,,,,3.513,0.300,3.467,3.588,3.506,,,,,,,,3.585,0.0,0.0,0.0,0.0,0.0,19.688,9.078,,0.0,0.7993,38.335,33.220,33.220,38.335,5.250,0.000,,,,,0.98292,,64,,,,,,224.09,,,,,,,224.09,,,,688.7,,,,,,,,,,,1190.1,,,,,,0.457,100.000,,,,,,2502.81,,2513.36,2688.20,,,225.28,124.17,,,,,,,,,,,,,0.457,0.000,64,2,2,,,,,,,,213,0,,,,,,,,,43.619,,113.60,113.60,,,,
429.758,7.5,0,0,0,256,0,0,0,0,0,0,0,0,1,0,0,0,0,0,993.0,992.9,946.0,9.9,0.0,0.0,0.06,1,0,0.996,0.996,-0.1,-0.1,3.687,-0.02,1000.0,1000.0,1000.0,1061.4,1000.0,951.34,5496.0,57.328,490.7,0.0,9.9,1291.0,0.02919,0.00,0.00,1.00113,1.00113,275.11,3,46.0,21.7060,-0.1500,0.0,56.8,0.4070,22.0000,9.8,9.0,9.0,9.0,9.0,9.0,7.5,1.5,0.00,0.01434,0,0,0,1,98,98,98,98,3.564,0.300,3.467,3.588,3.560,992.9,1000.0,1000.0,992.9,1000.0,0.0,18.74,3.646,0.0,0.0,0.0,0.0,0.0,19.688,9.344,0.0,0.0,0.8042,38.510,33.720,33.720,38.510,4.575,0.000,0.7813,0.7891,0.0000,885.8,0.98539,0.102487,64,52.420,1061.4,0.0,1000.0,1000.0,225.94,245.06,576.2,0.99942,1535.98,400.01,0.99939,225.94,400.01,245.04,245.04,688.6,-200.0,60.3,58.62,58.626,1652.9,616.2,750.0,816.1,290.70,0.0,1207.7,57.289,0.0,0,993.0,993.0,0.457,100.000,930.43,0,1.9371,0.520,1012.93,2523.20,82.50,2529.14,2683.83,2683.75,102.75,226.34,125.86,335.25,390.75,98.0,0,26.94,31.5,94.5,66.8,37,0,87.53,23.3,0.457,0.000,64,2,2,992.9,1060.9,992.9,993.0,1000.0,1061.0,575.4,213,0,57.622,57.434,1000.0,2000.0,61.815,99.187,100.000,57.471,42.925,12.3,113.91,113.60,112.25,112.34,0.0,0.69
429.768,,0,0,0,256,0,0,0,0,0,0,0,0,1,0,0,0,0,0,,,,,,,,,,,,,,,,,,,,,,5508.5,,,,,1291.0,,,,1.00113,1.00113,276.66,,,21.6960,,0.0,,0.4090,22.0000,9.8,9.8,9.0,9.0,9.8,9.8,,,,,,,,,,,,,3.564,0.300,3.467,3.588,3.560,,,,,,,,3.661,0.0,0.0,0.0,0.0,0.0,19.656,9.453,,0.0,0.8027,38.870,33.315,33.315,38.870,2.820,0.000,,,,,0.98640,,64,,,,,,227.09,,,,,,,227.09,,,,688.6,,,,,,,,,,,1233.4,,,,,,0.457,100.000,,,,,,2536.09,,2547.03,2682.58,,,226.34,126.42,,,,,,,,,,,,,0.457,0.000,64,2,2,,,,,,,,213,0,,,,,,,,,43.085,,113.91,113.60,,,,
429.777,,0,0,0,256,0,0,0,0,0,0,0,0,1,0,0,0,0,0,,,,,,,,,,,,,,,,,,,,,,5526.5,,,,,1308.3,,,,1.00113,1.00113,277.50,,,21.7160,,0.0,,0.4070,22.0000,9.8,9.8,9.8,9.8,9.8,9.8,,,,,,,,,,,,,3.591,0.300,3.467,3.588,3.584,,,,,,,,3.691,0.0,0.0,0.0,0.0,0.0,19.688,9.328,,0.0,0.7988,38.530,33.275,33.275,38.530,2.820,0.000,,,,,0.98732,,64,,,,,,227.27,,,,,,,227.27,,,,687.7,,,,,,,,,,,1220.2,,,,,,0.457,100.000,,,,,,2544.45,,2551.25,2688.67,,,228.14,126.98,,,,,,,,,,,,,0.457,0.000,64,2,2,,,,,,,,213,0,,,,,,,,,41.689,,114.34,114.40,,,,
429.788,,0,0,0,256,0,0,0,0,0,0,0,0,1,0,0,0,0,0,,,,,,,,,,,,,,,,,,,,,,5544.0,,,,,1308.3,,,,1.00113,1.00113,278.48,,,21.6020,,0.0,,0.4220,22.0000,9.8,9.8,9.8,9.8,9.8,9.8,,,,,,,,,,,,,3.591,0.300,3.467,3.588,3.584,,,,,,,,3.700,0.0,0.0,0.0,0.0,0.0,19.625,9.750,,0.0,0.8020,38.515,33.475,33.475,38.515,2.325,0.000,,,,,0.98716,,64,,,,,,228.40,,,,,,,228.40,,,,687.7,,,,,,,,,,,1249.2,,,,,,0.457,100.000,,,,,,2555.55,,2567.03,2689.45,,,228.14,127.27,,,,,,,,,,,,,0.457,0.000,64,2,2,,,,,,,,215,0,,,,,,,,,41.350,,114.34,114.40,,,,
429.798,,0,0,0,256,0,0,0,0,0,0,0,0,1,0,0,0,0,0,,,,,,,,,,,,,,,,,,,,,,5555.5,,,,,1327.3,,,,1.00113,1.00113,279.05,,,21.7060,,0.0,,0.4095,22.0000,9.8,9.8,9.8,9.8,9.8,9.8,,,,,,,,,,,,,3.591,0.300,3.467,3.588,3.620,,,,,,,,3.726,0.0,0.0,0.0,0.0,0.0,19.719,9.672,,0.0,0.7988,38.740,33.500,33.500,38.740,1.880,0.000,,,,,0.98832,,64,,,,,,228.61,,,,,,,228.61,,,,687.7,,,,,,,,,,,1233.6,,,,,,0.457,100.000,,,,,,2561.02,,2570.23,2692.34,,,229.66,127.50,,,,,,,,,,,,,0.457,0.000,64,2,2,,,,,,,,215,0,,,,,,,,,40.839,,114.43,114.30,,,,
429.807,,0,0,0,256,0,0,0,0,0,0,0,0,1,0,0,0,0,0,,,,,,,,,,,,,,,,,,,,,,5563.5,,,,,1327.3,,,,1.00113,1.00113,280.17,,,21.6120,,0.0,,0.4225,22.0000,9.8,9.8,9.8,9.8,9.8,9.8,,,,,,,,,,,,,3.620,0.300,3.467,3.588,3.620,,,,,,,,3.742,0.0,0.0,0.0,0.0,0.0,19.625,10.031,,0.0,0.8032,38.825,33.365,33.365,38.825,1.880,0.000,,,,,0.98878,,64,,,,,,229.36,,,,,,,229.36,,,,687.7,,,,,,,,,,,1244.6,,,,,,0.457,100.000,,,,,,2571.56,,2582.89,2683.75,,,229.66,128.06,,,,,,,,,,,,,0.457,0.000,64,2,2,,,,,,,,215,0,,,,,,,,,40.619,,114.43,114.30,,,,
429.821,,0,0,0,256,0,0,0,0,0,0,0,0,1,0,0,0,0,0,,,,,,,,,,,,,,,,,,,,,,5567.5,,,,,1333.1,,,,1.00113,1.00113,281.06,,,21.6020,,0.0,,0.4240,22.0000,9.8,9.8,9.8,9.8,9.8,9.8,,,,,,,,,,,,,3.620,0.300,3.467,3.588,3.645,,,,,,,,3.759,0.0,0.0,0.0,0.0,0.0,19.688,9.891,,0.0,0.8008,38.660,33.075,33.075,38.660,1.305,0.000,,,,,0.99018,,64,,,,,,229.85,,,,,,,229.85,,,,688.0,,,,,,,,,,,1240.0,,,,,,0.457,100.000,,,,,,2576.48,,2583.91,2688.75,,,230.48,128.44,,,,,,,,,,,,,0.457,0.000,64,2,2,,,,,,,,215,0,,,,,,,,,40.704,,114.89,114.70,,,,
429.831,,0,0,0,256,0,0,0,0,0,0,0,0,1,0,0,0,0,0,,,,,,,,,,,,,,,,,,,,,,5571.0,,,,,1333.1,,,,1.00113,1.00113,280.59,,,21.6580,,0.0,,0.4180,22.0000,9.8,9.8,9.8,9.8,9.8,9.8,,,,,,,,,,,,,3.635,0.300,3.635,3.748,3.645,,,,,,,,3.753,0.0,0.0,0.0,0.0,0.0,19.594,10.219,,0.0,0.8030,38.380,33.245,33.245,38.380,1.485,0.000,,,,,0.99043,,64,,,,,,229.41,,,,,,,229.41,,,,688.0,,,,,,,,,,,1235.8,,,,,,0.457,100.000,,,,,,2579.06,,2587.11,2693.91,,,230.48,128.25,,,,,,,,,,,,,0.457,0.000,64,2,2,,,,,,,,215,0,,,,,,,,,39.964,,114.89,114.70,,,,
429.844,,0,0,0,256,0,0,0,0,0,0,0,0,1,0,0,0,0,0,,,,,,,,,,,,,,,,,,,,,,5567.5,,,,,1335.9,,,,1.00113,1.00113,280.97,,,21.7340,,0.0,,0.4090,22.0000,9.8,9.8,9.8,9.8,9.8,9.8,,,,,,,,,,,,,3.635,0.300,3.635,3.748,3.637,,,,,,,,3.763,0.0,0.0,0.0,0.0,0.0,19.594,10.016,,0.0,0.7998,38.560,33.415,33.415,38.560,1.305,0.000,,,,,0.99192,,64,,,,,,229.34,,,,,,,229.34,,,,687.1,,,,,,,,,,,1248.4,,,,,,0.457,100.000,,,,,,2588.91,,2598.67,2697.19,,,231.02,128.39,,,,,,,,,,,,,0.457,0.000,64,2,2,,,,,,,,215,0,,,,,,,,,39.864,,115.39,115.34,,,,
429.857,9.0,0,0,0,256,0,0,0,0,0,0,0,0,1,0,0,0,0,0,992.3,992.1,979.0,9.9,0.0,0.0,0.03,1,0,0.996,0.996,-0.2,-0.2,3.687,-0.06,1000.0,1000.0,1000.0,1059.6,1000.0,949.14,5579.0,57.328,492.3,0.0,9.9,1342.1,0.02957,0.00,0.00,1.00113,1.00113,283.13,3,47.0,21.7440,0.2940,0.0,59.5,0.4085,22.0000,9.8,9.8,9.8,9.8,9.8,9.8,9.0,1.5,0.00,0.00000,0,0,0,1,98,98,98,98,3.639,0.300,3.635,3.748,3.637,992.1,1000.0,1000.0,992.1,1000.0,0.0,18.74,3.804,0.0,0.0,0.0,0.0,0.0,19.438,10.125,0.0,0.0,0.7998,38.850,33.650,33.650,38.850,1.140,0.000,0.7813,0.7813,0.0000,935.5,0.99305,0.102372,64,42.925,1059.6,0.0,1000.0,1000.0,230.70,242.02,594.9,0.99942,1535.98,400.01,0.99939,230.70,400.01,241.99,241.99,686.4,-200.0,61.4,59.49,59.497,1712.2,621.3,750.0,821.2,317.62,0.0,1253.3,59.105,0.0,0,992.3,992.3,0.457,100.000,924.34,0,2.0309,0.523,1012.93,2602.11,88.59,2616.56,2683.91,2683.83,103.22,231.94,129.38,335.25,390.75,99.2,0,27.04,31.5,94.5,66.8,37,0,87.53,23.3,0.457,0.000,64,2,2,992.1,1059.3,992.1,992.3,1000.0,1059.5,594.6,215,0,59.496,59.329,1000.0,2000.0,61.801,99.107,100.000,59.378,40.070,12.3,115.34,115.48,113.73,114.09,0.0,0.67
429.868,,0,0,0,256,0,0,0,0,0,0,0,0,1,0,0,0,0,0,,,,,,,,,,,,,,,,,,,,,,5576.5,,,,,1342.1,,,,1.00113,1.00113,283.50,,,21.7820,,0.0,,0.4040,22.0000,9.8,9.8,9.8,9.8,9.8,9.8,,,,,,,,,,,,,3.663,0.300,3.635,3.748,3.662,,,,,,,,3.809,0.0,0.0,0.0,0.0,0.0,19.391,10.234,,0.0,0.8003,38.960,32.990,32.990,38.960,0.815,0.000,,,,,0.99366,,64,,,,,,230.86,,,,,,,230.86,,,,686.4,,,,,,,,,,,1238.1,,,,,,0.457,100.000,,,,,,2606.48,,2617.66,2684.22,,,231.94,129.56,,,,,,,,,,,,,0.457,0.000,64,2,2,,,,,,,,215,0,,,,,,,,,39.989,,115.34,115.48,,,,
429.877,,0,0,0,256,0,0,0,0,0,0,0,0,1,0,0,0,0,0,,,,,,,,,,,,,,,,,,,,,,5593.5,,,,,1345.5,,,,1.00113,1.00113,284.53,,,21.8480,,0.0,,0.3965,22.0000,9.8,9.8,9.8,9.8,9.8,9.8,,,,,,,,,,,,,3.663,0.300,3.635,3.748,3.662,,,,,,,,3.829,0.0,0.0,0.0,0.0,0.0,19.406,10.375,,0.0,0.8003,38.350,33.000,33.000,38.350,0.665,0.000,,,,,0.99433,,64,,,,,,231.54,,,,,,,231.54,,,,686.4,,,,,,,,,,,1258.2,,,,,,0.457,100.000,,,,,,2613.44,,2628.13,2687.34,,,232.10,130.03,,,,,,,,,,,,,0.457,0.000,64,2,2,,,,,,,,215,0,,,,,,,,,39.774,,115.75,115.48,,,,
429.888,,0,0,0,256,0,0,0,0,0,0,0,0,1,0,0,0,0,0,,,,,,,,,,,,,,,,,,,,,,5594.5,,,,,1345.5,,,,1.00113,1.00113,285.00,,,21.8000,,0.0,,0.4030,22.0000,9.8,9.8,9.8,9.8,9.8,9.8,,,,,,,,,,,,,3.681,0.300,3.635,3.748,3.680,,,,,,,,3.836,0.0,0.0,0.0,0.0,0.0,19.375,10.547,,0.0,0.7993,38.365,33.105,33.105,38.365,0.815,0.000,,,,,0.99500,,64,,,,,,231.73,,,,,,,231.73,,,,686.4,,,,,,,,,,,1246.3,,,,,,0.457,100.000,,,,,,2615.23,,2626.02,2686.80,,,232.10,130.27,,,,,,,,,,,,,0.457,0.000,64,2,2,,,,,,,,215,0,,,,,,,,,39.014,,115.75,115.48,,,,
429.898,,0,0,0,256,0,0,0,0,0,0,0,0,1,0,0,0,0,0,,,,,,,,,,,,,,,,,,,,,,5607.5,,,,,1358.6,,,,1.00113,1.00113,286.45,,,21.7260,,0.0,,0.4125,22.0000,9.8,9.8,9.8,9.8,9.8,9.8,,,,,,,,,,,,,3.681,0.300,3.635,3.748,3.680,,,,,,,,3.862,0.0,0.0,0.0,0.0,0.0,19.313,10.594,,0.0,0.8018,38.470,33.090,33.090,38.470,0.380,0.000,,,,,0.99579,,64,,,,,,232.45,,,,,,,232.45,,,,684.3,,,,,,,,,,,1259.1,,,,,,0.457,100.000,,,,,,2623.67,,2639.77,2687.42,,,233.16,130.88,,,,,,,,,,,,,0.457,0.000,64,2,2,,,,,,,,215,0,,,,,,,,,39.180,,116.07,115.92,,,,
429.907,,0,0,0,256,0,0,0,0,0,0,0,0,1,0,0,0,0,0,,,,,,,,,,,,,,,,,,,,,,5624.5,,,,,1358.6,,,,1.00113,1.00113,287.58,,,21.7720,,0.0,,0.4075,22.0000,9.8,9.8,9.8,9.8,9.8,9.8,,,,,,,,,,,,,3.708,0.300,3.635,3.748,3.700,,,,,,,,3.877,0.0,0.0,0.0,0.0,0.0,19.188,10.625,,0.0,0.8003,38.530,32.940,32.940,38.530,0.665,0.000,,,,,0.99698,,64,,,,,,233.09,,,,,,,233.09,,,,684.3,,,,,,,,,,,1263.5,,,,,,0.457,100.000,,,,,,2626.48,,2631.33,2683.91,,,233.16,131.39,,,,,,,,,,,,,0.457,0.000,64,2,2,,,,,,,,215,0,,,,,,,,,38.849,,116.07,115.92,,,,
429.920,,0,0,0,256,0,0,0,0,0,0,0,0,1,0,0,0,0,0,,,,,,,,,,,,,,,,,,,,,,5618.0,,,,,1370.6,,,,1.00113,1.00113,287.39,,,21.8660,,0.0,,0.3955,22.0000,9.8,9.8,9.8,9.8,9.8,9.8,,,,,,,,,,,,,3.708,0.300,3.635,3.748,3.700,,,,,,,,3.893,0.0,0.0,0.0,0.0,0.0,19.031,10.891,,0.0,0.8027,38.365,32.820,32.820,38.365,0.175,0.000,,,,,0.99738,,64,,,,,,232.99,,,,,,,232.99,,,,683.9,,,,,,,,,,,1269.2,,,,,,0.457,100.000,,,,,,2630.86,,2645.00,2686.48,,,233.09,131.34,,,,,,,,,,,,,0.457,0.000,64,2,2,,,,,,,,215,0,,,,,,,,,39.194,,116.12,116.25,,,,
429.932,,0,0,0,256,0,0,0,0,0,0,0,0,1,0,0,0,0,0,,,,,,,,,,,,,,,,,,,,,,5632.5,,,,,1370.6,,,,1.00113,1.00113,287.67,,,21.8100,,0.0,,0.4030,22.0000,9.8,9.8,9.8,9.8,9.8,9.8,,,,,,,,,,,,,3.714,0.300,3.708,3.899,3.720,,,,,,,,3.896,0.0,0.0,0.0,0.0,0.0,19.016,10.672,,0.0,0.8018,38.245,32.910,32.910,38.245,0.380,0.000,,,,,0.99900,,64,,,,,,232.80,,,,,,,232.80,,,,683.9,,,,,,,,,,,1265.9,,,,,,0.457,100.000,,,,,,2634.69,,2641.88,2687.81,,,233.09,131.44,,,,,,,,,,,,,0.457,0.000,64,2,2,,,,,,,,215,0,,,,,,,,,38.539,,116.12,116.25,,,,
429.944,,0,0,0,256,0,0,0,0,0,0,0,0,1,0,0,0,0,0,,,,,,,,,,,,,,,,,,,,,,5631.5,,,,,1371.0,,,,1.00113,1.00113,288.47,,,21.7920,,0.0,,0.4060,22.0000,9.8,9.8,9.8,9.8,9.8,9.8,,,,,,,,,,,,,3.714,0.300,3.708,3.899,3.720,,,,,,,,3.914,0.0,0.0,0.0,0.0,0.0,18.875,10.922,,0.0,0.8059,38.365,32.950,32.950,38.320,0.175,0.000,,,,,0.99955,,64,,,,,,233.18,,,,,,,233.18,,,,683.5,,,,,,,,,,,1271.2,,,,,,0.457,100.000,,,,,,2638.13,,2652.42,2692.19,,,233.67,131.81,,,,,,,,,,,,,0.457,0.000,64,2,2,,,,,,,,215,0,,,,,,,,,38.625,,116.62,116.25,,,,
429.958,9.8,0,0,0,256,0,0,0,0,0,0,0,0,1,0,0,0,0,0,992.5,992.1,991.5,9.9,0.0,0.0,0.03,1,0,0.996,0.996,-0.4,-0.4,3.843,-0.01,1000.0,1000.0,1000.0,1058.9,1000.0,949.35,5628.5,57.328,494.2,0.0,9.9,1372.6,0.02994,0.00,0.00,1.00113,1.00113,289.59,3,47.0,21.8100,0.2560,0.0,60.4,0.4040,22.0000,9.0,9.8,9.8,9.8,9.0,9.0,9.8,2.3,0.00,0.00006,0,0,0,1,98,98,98,98,3.721,0.300,3.708,3.899,3.723,992.1,1000.0,1000.0,992.1,1000.0,0.0,18.74,3.969,0.0,0.0,0.0,0.0,0.0,18.813,11.000,0.0,0.0,0.8003,38.585,33.085,33.085,38.585,0.375,0.000,0.7813,0.7813,0.0000,978.2,1.00086,0.102867,64,40.070,1058.9,0.0,1000.0,1000.0,233.70,239.11,602.1,0.99942,1535.98,400.01,0.99939,233.70,400.01,239.09,239.09,681.7,-200.0,63.6,60.80,60.806,1795.0,629.7,750.0,829.6,358.83,0.0,1270.5,60.251,0.0,0,992.5,992.5,0.461,100.000,922.93,0,2.1227,0.527,1012.93,2645.86,90.00,2661.88,2683.91,2683.91,105.42,234.09,133.50,341.25,390.75,99.2,0,27.25,31.5,94.5,66.8,37,0,87.53,23.3,0.461,0.000,64,2,2,992.1,1059.2,992.1,992.5,1000.0,1059.6,600.5,215,0,60.211,60.211,1000.0,2000.0,61.722,99.107,100.000,59.947,38.550,12.2,116.85,116.81,115.25,115.80,0.0,0.41
429.968,,0,0,0,256,0,0,0,0,0,0,0,0,1,0,0,0,0,0,,,,,,,,,,,,,,,,,,,,,,5644.5,,,,,1372.6,,,,1.00113,1.00113,292.22,,,21.7720,,0.0,,0.4095,22.0000,9.0,9.0,9.0,9.0,9.0,9.0,,,,,,,,,,,,,3.721,0.300,3.708,3.899,3.719,,,,,,,,4.038,0.0,0.0,0.0,0.0,0.0,18.891,10.828,,0.0,0.7976,38.575,32.715,32.715,38.575,1.470,0.000,,,,,1.00162,,64,,,,,,233.88,,,,,,,233.88,,,,681.7,,,,,,,,,,,1270.8,,,,,,0.461,100.000,,,,,,2647.73,,2658.75,2683.59,,,234.09,135.80,,,,,,,,,,,,,0.461,0.000,64,2,2,,,,,,,,215,0,,,,,,,,,38.959,,116.85,116.81,,,,
429.977,,0,0,0,256,0,0,0,0,0,0,0,0,1,0,0,0,0,0,,,,,,,,,,,,,,,,,,,,,,5648.5,,,,,1380.1,,,,1.00113,1.00113,290.63,,,21.7060,,0.0,,0.4180,22.0000,9.0,9.0,9.0,9.0,9.0,9.0,,,,,,,,,,,,,3.714,0.300,3.708,3.899,3.719,,,,,,,,4.008,0.0,0.0,0.0,0.0,0.0,18.875,11.156,,0.0,0.8022,38.215,32.705,32.705,38.215,1.470,0.000,,,,,1.00165,,64,,,,,,233.93,,,,,,,233.93,,,,681.4,,,,,,,,,,,1269.9,,,,,,0.461,100.000,,,,,,2648.13,,2660.78,2683.75,,,234.84,134.20,,,,,,,,,,,,,0.461,0.000,64,2,2,,,,,,,,215,0,,,,,,,,,40.044,,117.18,117.18,,,,
429.988,,0,0,0,256,0,0,0,0,0,0,0,0,1,0,0,0,0,0,,,,,,,,,,,,,,,,,,,,,,5667.0,,,,,1380.1,,,,1.00113,1.00113,291.19,,,21.7340,,0.0,,0.4150,22.0000,9.0,9.0,9.0,9.0,9.0,9.0,,,,,,,,,,,,,3.714,0.300,3.708,3.899,3.730,,,,,,,,4.008,0.0,0.0,0.0,0.0,0.0,18.969,10.953,,0.0,0.8003,38.250,32.710,32.710,38.250,0.735,0.000,,,,,1.00363,,64,,,,,,234.23,,,,,,,234.23,,,,681.4,,,,,,,,,,,1285.0,,,,,,0.461,100.000,,,,,,2653.36,,2663.98,2683.83,,,234.84,134.20,,,,,,,,,,,,,0.461,0.000,64,2,2,,,,,,,,215,0,,,,,,,,,39.684,,117.18,117.18,,,,
429.997,,0,0,0,256,0,0,0,0,0,0,0,0,1,0,0,0,0,0,,,,,,,,,,,,,,,,,,,,,,5676.5,,,,,1388.5,,,,1.00113,1.00113,291.38,,,21.8100,,0.0,,0.4060,22.0000,9.0,9.0,9.0,9.0,9.0,9.0,,,,,,,,,,,,,3.729,0.300,3.708,3.899,3.730,,,,,,,,4.018,0.0,0.0,0.0,0.0,0.0,18.875,11.172,,0.0,0.8032,38.280,32.715,32.715,38.265,0.735,0.000,,,,,1.00385,,64,,,,,,234.28,,,,,,,234.28,,,,679.5,,,,,,,,,,,1278.6,,,,,,0.461,100.000,,,,,,2653.91,,2665.00,2684.92,,,235.38,134.30,,,,,,,,,,,,,0.461,0.000,64,2,2,,,,,,,,215,0,,,,,,,,,38.985,,117.00,116.90,,,,
430.007,,0,0,0,256,0,0,0,0,0,0,0,0,1,0,0,0,0,0,,,,,,,,,,,,,,,,,,,,,,5690.0,,,,,1388.5,,,,1.00113,1.00113,292.13,,,21.7720,,0.0,,0.4115,22.0000,9.0,9.0,9.0,9.0,9.0,9.0,,,,,,,,,,,,,3.729,0.300,3.708,3.899,3.730,,,,,,,,4.028,0.0,0.0,0.0,0.0,0.0,18.859,11.141,,0.0,0.8018,38.320,32.510,32.510,38.280,0.735,0.000,,,,,1.00513,,64,,,,,,234.63,,,,,,,234.63,,,,679.5,,,,,,,,,,,1287.8,,,,,,0.461,100.000,,,,,,2657.03,,2672.42,2683.75,,,235.38,134.63,,,,,,,,,,,,,0.461,0.000,64,2,2,,,,,,,,215,0,,,,,,,,,39.000,,117.00,116.90,,,,
430.020,,0,0,0,256,0,0,0,0,0,0,0,0,1,0,0,0,0,0,,,,,,,,,,,,,,,,,,,,,,5710.5,,,,,1395.4,,,,1.00113,1.00113,291.89,,,21.7920,,0.0,,0.4095,22.0000,9.0,9.0,9.0,9.0,9.0,9.0,,,,,,,,,,,,,3.737,0.300,3.708,3.899,3.736,,,,,,,,4.038,0.0,0.0,0.0,0.0,0.0,18.844,11.156,,0.0,0.8008,38.125,32.470,32.470,38.125,0.735,0.000,,,,,1.00583,,64,,,,,,234.30,,,,,,,234.30,,,,678.4,,,,,,,,,,,1280.6,,,,,,0.461,100.000,,,,,,2657.34,,2665.00,2686.02,,,235.59,134.48,,,,,,,,,,,,,0.461,0.000,64,2,2,,,,,,,,215,0,,,,,,,,,39.014,,117.87,118.13,,,,
430.031,,0,0,0,256,0,0,0,0,0,0,0,0,1,0,0,0,0,0,,,,,,,,,,,,,,,,,,,,,,5713.0,,,,,1395.4,,,,1.00113,1.00113,292.50,,,21.7540,,0.0,,0.4145,22.0000,9.0,9.0,9.0,9.0,9.0,9.0,,,,,,,,,,,,,3.737,0.300,3.736,4.038,3.736,,,,,,,,4.048,0.0,0.0,0.0,0.0,0.0,18.875,11.141,,0.0,0.7993,38.130,32.545,32.545,38.130,0.735,0.000,,,,,1.00626,,64,,,,,,234.73,,,,,,,234.73,,,,678.4,,,,,,,,,,,1293.9,,,,,,0.461,100.000,,,,,,2661.41,,2674.53,2686.25,,,235.59,134.81,,,,,,,,,,,,,0.461,0.000,64,2,2,,,,,,,,215,0,,,,,,,,,38.860,,117.87,118.13,,,,
430.042,,0,0,0,256,0,0,0,0,0,0,0,0,1,0,0,0,0,0,,,,,,,,,,,,,,,,,,,,,,5720.0,,,,,1401.1,,,,1.00113,1.00113,292.08,,,21.8000,,0.0,,0.4095,22.0000,9.0,9.0,9.0,9.0,9.0,9.0,,,,,,,,,,,,,3.741,0.300,3.736,4.038,3.739,,,,,,,,4.051,0.0,0.0,0.0,0.0,0.0,18.938,11.188,,0.0,0.8003,38.220,32.555,32.555,38.145,1.475,0.000,,,,,1.00684,,64,,,,,,234.12,,,,,,,234.12,,,,676.9,,,,,,,,,,,1285.7,,,,,,0.461,100.000,,,,,,2661.33,,2667.11,2689.77,,,235.15,134.63,,,,,,,,,,,,,0.461,0.000,64,2,2,,,,,,,,215,0,,,,,,,,,38.864,,117.84,118.02,,,,
430.057,9.0,0,0,0,256,0,0,0,0,0,0,0,0,1,0,0,0,0,0,992.4,991.8,996.3,10.1,0.0,0.0,0.03,1,0,0.996,0.996,-0.6,-0.6,4.187,0.00,1000.0,1000.0,1000.0,1058.9,1000.0,949.84,5740.5,57.328,497.9,0.0,10.1,1405.7,0.03023,0.00,0.00,1.00113,1.00113,292.27,3,47.0,21.7440,0.1900,0.0,60.6,0.4175,22.0000,9.0,9.0,9.0,9.0,9.0,9.0,9.0,2.3,0.00,0.00006,0,0,0,1,98,98,98,98,3.746,0.300,3.736,4.038,3.741,991.8,1000.0,1000.0,991.8,1000.0,0.0,18.74,4.061,0.0,0.0,0.0,0.0,0.0,19.125,11.297,0.0,0.0,0.7947,38.400,32.395,32.395,38.200,1.485,0.000,0.7813,0.7813,0.0000,1003.2,1.00781,0.103421,64,38.550,1058.9,0.0,1000.0,1000.0,234.09,237.63,606.5,0.99942,1535.98,400.01,0.99939,234.09,400.01,237.61,237.61,675.4,-200.0,68.3,62.40,62.402,1857.1,646.7,750.0,846.6,384.96,0.0,1284.9,60.747,0.0,0,992.4,992.4,0.461,100.000,922.93,0,2.1669,0.531,1012.93,2661.48,90.00,2663.98,2683.91,2683.91,107.67,234.96,134.72,341.25,390.75,99.2,0,27.46,31.5,94.5,66.8,37,0,87.53,23.3,0.461,0.000,64,2,2,991.8,1058.9,991.8,992.4,1000.0,1059.5,607.3,215,0,60.655,60.431,1000.0,2000.0,61.498,99.077,100.000,60.606,38.915,12.3,118.35,118.08,117.18,117.09,0.0,0.61
430.068,,0,0,0,256,0,0,0,0,0,0,0,0,1,0,0,0,0,0,,,,,,,,,,,,,,,,,,,,,,5748.5,,,,,1405.7,,,,1.00113,1.00113,292.50,,,21.7640,,0.0,,0.4155,22.0000,9.0,9.0,9.0,9.0,9.0,9.0,,,,,,,,,,,,,3.746,0.300,3.736,4.038,3.741,,,,,,,,4.064,0.0,0.0,0.0,0.0,0.0,19.219,11.313,,0.0,0.7954,38.085,32.175,32.175,38.085,0.740,0.000,,,,,1.00775,,64,,,,,,234.23,,,,,,,234.23,,,,675.4,,,,,,,,,,,1288.2,,,,,,0.461,100.000,,,,,,2662.19,,2673.44,2683.83,,,234.96,134.81,,,,,,,,,,,,,0.461,0.000,64,2,2,,,,,,,,215,0,,,,,,,,,39.684,,118.35,118.08,,,,
430.077,,0,0,0,256,0,0,0,0,0,0,0,0,1,0,0,0,0,0,,,,,,,,,,,,,,,,,,,,,,5739.0,,,,,1408.8,,,,1.00113,1.00113,292.41,,,21.7060,,0.0,,0.4230,22.0000,9.0,9.0,9.0,9.0,9.0,9.0,,,,,,,,,,,,,3.740,0.300,3.736,4.038,3.742,,,,,,,,4.078,0.0,0.0,0.0,0.0,0.0,19.266,11.313,,0.0,0.7913,37.900,32.175,32.175,37.900,1.485,0.000,,,,,1.00833,,64,,,,,,234.02,,,,,,,234.02,,,,673.3,,,,,,,,,,,1282.4,,,,,,0.461,100.000,,,,,,2660.08,,2660.78,2682.50,,,235.48,134.81,,,,,,,,,,,,,0.461,0.000,64,2,2,,,,,,,,215,0,,,,,,,,,38.824,,118.65,118.41,,,,
430.088,,0,0,0,256,0,0,0,0,0,0,0,0,1,0,0,0,0,0,,,,,,,,,,,,,,,,,,,,,,5735.0,,,,,1408.8,,,,1.00113,1.00113,292.31,,,21.7820,,0.0,,0.4140,22.0000,9.0,9.0,9.0,9.0,9.0,9.0,,,,,,,,,,,,,3.740,0.300,3.736,4.038,3.742,,,,,,,,4.076,0.0,0.0,0.0,0.0,0.0,19.297,11.297,,0.0,0.7942,37.875,32.130,32.130,37.875,0.740,0.000,,,,,1.00799,,64,,,,,,234.02,,,,,,,234.02,,,,673.3,,,,,,,,,,,1288.3,,,,,,0.461,100.000,,,,,,2660.47,,2669.22,2683.52,,,235.48,134.77,,,,,,,,,,,,,0.461,0.000,64,2,2,,,,,,,,215,0,,,,,,,,,39.384,,118.65,118.41,,,,
430.098,,0,0,0,256,0,0,0,0,0,0,0,0,1,0,0,0,0,0,,,,,,,,,,,,,,,,,,,,,,5742.0,,,,,1404.3,,,,1.00113,1.00113,292.59,,,21.7820,,0.0,,0.4145,22.0000,9.0,9.0,9.0,9.0,9.0,9.0,,,,,,,,,,,,,3.743,0.300,3.736,4.038,3.744,,,,,,,,4.085,0.0,0.0,0.0,0.0,0.0,19.359,11.016,,0.0,0.7886,37.855,32.160,32.160,37.855,0.740,0.000,,,,,1.00900,,64,,,,,,233.93,,,,,,,233.93,,,,672.5,,,,,,,,,,,1288.7,,,,,,0.461,100.000,,,,,,2659.38,,2661.88,2682.66,,,234.98,134.91,,,,,,,,,,,,,0.461,0.000,64,2,2,,,,,,,,215,0,,,,,,,,,38.614,,118.99,119.04,,,,
430.107,,0,0,0,256,0,0,0,0,0,0,0,0,1,0,0,0,0,0,,,,,,,,,,,,,,,,,,,,,,5722.5,,,,,1404.3,,,,1.00113,1.00113,292.36,,,21.8100,,0.0,,0.4110,22.0000,9.0,9.0,9.0,9.0,9.0,9.0,,,,,,,,,,,,,3.743,0.300,3.736,4.038,3.744,,,,,,,,4.081,0.0,0.0,0.0,0.0,0.0,19.328,11.297,,0.0,0.7910,37.845,32.110,32.110,37.845,0.745,0.000,,,,,1.00815,,64,,,,,,233.93,,,,,,,233.93,,,,672.5,,,,,,,,,,,1285.4,,,,,,0.461,100.000,,,,,,2659.53,,2669.22,2684.14,,,234.98,134.77,,,,,,,,,,,,,0.461,0.000,64,2,2,,,,,,,,215,0,,,,,,,,,38.594,,118.99,119.04,,,,
430.120,,0,0,0,256,0,0,0,0,0,0,0,0,1,0,0,0,0,0,,,,,,,,,,,,,,,,,,,,,,5742.0,,,,,1403.2,,,,1.00113,1.00113,292.64,,,21.7920,,0.0,,0.4140,22.0000,9.0,9.0,9.0,9.0,9.0,9.0,,,,,,,,,,,,,3.740,0.300,3.736,4.038,3.736,,,,,,,,4.090,0.0,0.0,0.0,0.0,0.0,19.438,11.094,,0.0,0.7847,37.800,32.160,32.160,37.800,0.745,0.000,,,,,1.00906,,64,,,,,,233.88,,,,,,,233.88,,,,670.4,,,,,,,,,,,1284.3,,,,,,0.461,100.000,,,,,,2659.38,,2663.98,2684.06,,,234.84,134.86,,,,,,,,,,,,,0.461,0.000,64,2,2,,,,,,,,215,0,,,,,,,,,38.590,,118.92,118.93,,,,
430.131,,0,0,0,256,0,0,0,0,0,0,0,0,1,0,0,0,0,0,,,,,,,,,,,,,,,,,,,,,,5733.5,,,,,1403.2,,,,1.00113,1.00113,292.41,,,21.8660,,0.0,,0.4050,22.0000,9.0,9.0,9.0,9.0,9.0,9.0,,,,,,,,,,,,,3.740,0.300,3.736,4.090,3.736,,,,,,,,4.089,0.0,0.0,0.0,0.0,0.0,19.422,11.375,,0.0,0.7888,37.870,32.155,32.155,37.820,0.745,0.000,,,,,1.00796,,64,,,,,,233.93,,,,,,,233.93,,,,670.4,,,,,,,,,,,1288.6,,,,,,0.461,100.000,,,,,,2659.69,,2672.42,2684.14,,,234.84,134.81,,,,,,,,,,,,,0.461,0.000,64,2,2,,,,,,,,215,0,,,,,,,,,38.544,,118.92,118.93,,,,
430.143,,0,0,0,256,0,0,0,0,0,0,0,0,1,0,0,0,0,0,,,,,,,,,,,,,,,,,,,,,,5754.0,,,,,1405.5,,,,1.00113,1.00113,292.50,,,21.9240,,0.0,,0.3980,22.0000,9.0,9.0,9.8,9.8,9.0,9.8,,,,,,,,,,,,,3.740,0.300,3.736,4.090,3.736,,,,,,,,4.102,0.0,0.0,0.0,0.0,0.0,19.563,11.188,,0.0,0.7817,37.920,32.160,32.160,37.840,0.745,0.000,,,,,1.00900,,64,,,,,,233.84,,,,,,,233.84,,,,670.8,,,,,,,,,,,1291.9,,,,,,0.461,100.000,,,,,,2660.23,,2666.09,2684.45,,,234.94,134.86,,,,,,,,,,,,,0.461,0.000,64,2,2,,,,,,,,215,0,,,,,,,,,38.564,,119.56,119.60,,,,
430.157,9.0,0,0,0,256,0,0,0,0,0,0,0,0,1,0,0,0,0,0,992.8,992.1,998.1,10.1,0.0,0.0,0.03,1,0,0.996,0.996,-0.7,-0.7,4.125,-0.04,1000.0,1000.0,1000.0,1058.9,1000.0,955.84,5779.0,54.060,496.1,0.0,10.1,1410.1,0.03052,0.00,0.00,1.00113,1.00113,292.27,3,47.0,22.0000,0.2560,0.0,61.1,0.3885,22.0000,9.8,9.8,9.8,9.8,9.8,9.8,9.0,2.3,0.00,0.00015,0,0,0,1,98,98,98,98,3.729,0.300,3.736,4.090,3.719,992.1,1000.0,1000.0,992.1,1000.0,0.0,18.74,4.095,0.0,0.0,0.0,0.0,0.0,19.703,11.344,0.0,0.0,0.7834,37.995,31.960,31.960,37.900,0.750,0.000,0.7813,0.7813,0.0000,1031.5,1.00873,0.103517,64,38.915,1058.9,0.0,1000.0,1000.0,233.67,236.63,603.3,0.99942,1535.98,400.01,0.99939,233.67,400.01,236.60,236.60,670.4,-200.0,74.6,63.88,63.889,1911.4,665.2,750.0,865.1,397.07,0.0,1295.4,60.793,0.0,0,992.8,992.8,0.461,100.000,922.97,0,2.1949,0.535,1012.97,2660.39,90.00,2666.09,2684.06,2683.91,107.86,234.91,134.72,345.00,390.75,99.6,0,27.55,31.5,94.5,66.8,37,0,87.53,23.3,0.461,0.000,64,2,2,992.1,1058.1,992.1,992.8,1000.0,1058.8,604.0,215,0,60.332,60.332,1000.0,2000.0,61.183,99.107,100.000,60.268,39.349,12.3,119.50,119.85,118.38,118.67,0.0,0.62
430.168,,0,0,0,256,0,0,0,0,0,0,0,0,1,0,0,0,0,0,,,,,,,,,,,,,,,,,,,,,,5803.0,,,,,1410.1,,,,1.00113,1.00113,291.94,,,21.9620,,0.0,,0.3930,22.0000,9.8,9.8,9.8,9.8,9.8,9.8,,,,,,,,,,,,,3.719,0.300,3.736,4.090,3.719,,,,,,,,4.090,0.0,0.0,0.0,0.0,0.0,19.672,11.672,,0.0,0.7864,37.835,31.940,31.940,37.835,0.750,0.000,,,,,1.00821,,64,,,,,,233.58,,,,,,,233.58,,,,670.4,,,,,,,,,,,1298.0,,,,,,0.461,100.000,,,,,,2659.84,,2670.31,2683.05,,,234.91,134.53,,,,,,,,,,,,,0.461,0.000,64,2,2,,,,,,,,215,0,,,,,,,,,38.649,,119.50,119.85,,,,
430.177,,0,0,0,256,0,0,0,0,0,0,0,0,1,0,0,0,0,0,,,,,,,,,,,,,,,,,,,,,,5818.5,,,,,1418.3,,,,1.00113,1.00113,292.31,,,21.9800,,0.0,,0.3910,22.0000,9.8,9.8,9.8,9.8,9.8,9.8,,,,,,,,,,,,,3.719,0.300,3.736,4.090,3.718,,,,,,,,4.103,0.0,0.0,0.0,0.0,0.0,19.703,11.422,,0.0,0.7820,37.865,31.905,31.905,37.855,0.750,0.000,,,,,1.00888,,64,,,,,,233.55,,,,,,,233.55,,,,672.1,,,,,,,,,,,1302.3,,,,,,0.461,100.000,,,,,,2659.61,,2665.00,2682.73,,,234.73,134.72,,,,,,,,,,,,,0.461,0.000,64,2,2,,,,,,,,215,0,,,,,,,,,38.585,,119.81,119.62,,,,
430.187,,0,0,0,256,0,0,0,0,0,0,0,0,1,0,0,0,0,0,,,,,,,,,,,,,,,,,,,,,,5831.0,,,,,1418.3,,,,1.00113,1.00113,292.22,,,22.1880,,0.0,,0.3645,22.0000,9.8,9.8,9.8,9.8,9.8,9.8,,,,,,,,,,,,,3.717,0.300,3.736,4.090,3.718,,,,,,,,4.103,0.0,0.0,0.0,0.0,0.0,19.594,11.750,,0.0,0.7813,37.860,31.895,31.895,37.860,1.500,0.000,,,,,1.00809,,64,,,,,,233.65,,,,,,,233.65,,,,672.1,,,,,,,,,,,1301.3,,,,,,0.461,100.000,,,,,,2657.58,,2660.78,2681.09,,,234.73,134.72,,,,,,,,,,,,,0.461,0.000,64,2,2,,,,,,,,216,0,,,,,,,,,38.605,,119.81,119.62,,,,
430.197,,0,0,0,256,0,0,0,0,0,0,0,0,1,0,0,0,0,0,,,,,,,,,,,,,,,,,,,,,,5828.5,,,,,1420.4,,,,1.00113,1.00113,292.03,,,22.0840,,0.0,,0.3775,22.0000,9.8,9.8,9.8,9.8,9.8,9.8,,,,,,,,,,,,,3.717,0.300,3.736,4.090,3.695,,,,,,,,4.092,0.0,0.0,0.0,0.0,0.0,19.641,11.563,,0.0,0.7771,37.835,31.840,31.840,37.835,0.750,0.000,,,,,1.00787,,64,,,,,,233.60,,,,,,,233.60,,,,672.4,,,,,,,,,,,1301.1,,,,,,0.461,100.000,,,,,,2656.56,,2657.66,2680.31,,,233.74,134.58,,,,,,,,,,,,,0.461,0.000,64,2,2,,,,,,,,216,0,,,,,,,,,39.359,,120.45,120.55,,,,
430.207,,0,0,0,256,0,0,0,0,0,0,0,0,1,0,0,0,0,0,,,,,,,,,,,,,,,,,,,,,,5839.5,,,,,1420.4,,,,1.00113,1.00113,291.47,,,22.0180,,0.0,,0.3855,22.0000,9.8,9.8,9.8,9.8,9.8,9.8,,,,,,,,,,,,,3.689,0.300,3.736,4.090,3.695,,,,,,,,4.086,0.0,0.0,0.0,0.0,0.0,19.578,11.906,,0.0,0.7793,37.815,31.595,31.595,37.815,1.505,0.000,,,,,1.00696,,64,,,,,,233.34,,,,,,,233.34,,,,672.4,,,,,,,,,,,1300.2,,,,,,0.461,100.000,,,,,,2654.06,,2654.53,2683.91,,,233.74,134.39,,,,,,,,,,,,,0.461,0.000,64,2,2,,,,,,,,216,0,,,,,,,,,38.585,,120.45,120.55,,,,
430.220,,0,0,0,256,0,0,0,0,0,0,0,0,1,0,0,0,0,0,,,,,,,,,,,,,,,,,,,,,,5832.5,,,,,1421.4,,,,1.00113,1.00113,291.52,,,22.0080,,0.0,,0.3870,22.0000,9.8,9.8,9.8,9.8,9.8,9.8,,,,,,,,,,,,,3.689,0.300,3.736,4.090,3.707,,,,,,,,4.087,0.0,0.0,0.0,0.0,0.0,19.719,11.797,,0.0,0.7773,37.555,31.715,31.715,37.555,1.505,0.000,,,,,1.00723,,64,,,,,,233.34,,,,,,,233.34,,,,672.5,,,,,,,,,,,1302.0,,,,,,0.461,100.000,,,,,,2652.81,,2656.64,2683.52,,,233.84,134.39,,,,,,,,,,,,,0.461,0.000,64,2,2,,,,,,,,216,0,,,,,,,,,39.319,,120.49,120.76,,,,
430.231,,0,0,0,256,0,0,0,0,0,0,0,0,1,0,0,0,0,0,,,,,,,,,,,,,,,,,,,,,,5832.5,,,,,1421.4,,,,1.00113,1.00113,291.14,,,22.0660,,0.0,,0.3795,22.0000,9.8,9.8,9.8,9.8,9.8,9.8,,,,,,,,,,,,,3.704,0.300,3.703,4.084,3.707,,,,,,,,4.081,0.0,0.0,0.0,0.0,0.0,19.672,12.156,,0.0,0.7788,37.675,31.700,31.700,37.595,2.260,0.000,,,,,1.00674,,64,,,,,,233.11,,,,,,,233.11,,,,672.5,,,,,,,,,,,1298.7,,,,,,0.461,100.000,,,,,,2650.55,,2650.31,2682.66,,,233.84,134.20,,,,,,,,,,,,,0.461,0.000,64,2,2,,,,,,,,216,0,,,,,,,,,39.059,,120.49,120.76,,,,
430.242,,0,0,0,256,0,0,0,0,0,0,0,0,1,0,0,0,0,0,,,,,,,,,,,,,,,,,,,,,,5835.5,,,,,1419.6,,,,1.00113,1.00113,291.42,,,22.0560,,0.0,,0.3805,22.0000,9.8,9.8,9.8,9.8,9.8,9.8,,,,,,,,,,,,,3.704,0.300,3.703,4.084,3.700,,,,,,,,4.079,0.0,0.0,0.0,0.0,0.0,19.766,11.953,,0.0,0.7776,37.675,31.675,31.675,37.655,1.505,0.000,,,,,1.00684,,64,,,,,,233.30,,,,,,,233.30,,,,674.5,,,,,,,,,,,1306.6,,,,,,0.461,100.000,,,,,,2651.64,,2653.44,2684.84,,,233.53,134.34,,,,,,,,,,,,,0.461,0.000,64,2,2,,,,,,,,216,0,,,,,,,,,39.854,,120.49,120.49,,,,
430.258,9.8,0,0,0,256,0,0,0,0,0,0,0,0,1,0,0,0,0,0,993.1,992.5,998.9,10.1,0.0,0.0,0.03,1,0,0.996,0.996,-0.6,-0.6,4.312,0.00,1000.0,1000.0,1000.0,1059.3,1000.0,959.55,5851.0,54.060,499.3,0.0,10.1,1423.8,0.03073,0.00,0.00,1.00113,1.00113,290.95,3,47.0,22.0460,0.0000,0.0,60.6,0.3815,22.0000,9.8,9.8,9.8,9.8,9.8,9.8,9.8,2.3,0.00,0.00534,0,0,0,1,98,98,98,98,3.696,0.300,3.703,4.084,3.699,992.5,1000.0,1000.0,992.5,1000.0,0.0,18.74,4.063,0.0,0.0,0.0,0.0,0.0,19.703,12.000,0.0,0.0,0.7742,37.765,31.645,31.645,37.730,1.510,0.000,0.7813,0.7813,0.0000,1038.2,1.00552,0.103600,64,39.350,1059.3,0.0,1000.0,1000.0,233.27,236.72,606.3,0.99942,1535.98,400.01,0.99939,233.27,400.01,236.70,236.70,676.0,-200.0,79.6,64.98,64.987,1920.2,679.7,750.0,879.6,397.19,0.0,1309.2,60.707,0.0,0,993.1,993.1,0.461,100.000,922.97,0,2.1947,0.539,1012.97,2650.16,90.00,2652.42,2683.98,2684.06,107.67,233.74,134.11,345.00,390.75,99.6,0,27.65,31.5,94.5,66.0,37,0,89.73,23.3,0.461,0.000,64,2,2,992.5,1058.9,992.5,993.1,1000.0,1059.5,605.6,216,0,60.638,60.638,1000.0,2000.0,60.992,99.147,100.000,60.437,39.929,12.5,121.33,121.36,119.47,119.13,0.0,0.75
430.267,,0,0,0,256,0,0,0,0,0,0,0,0,1,0,0,0,0,0,,,,,,,,,,,,,,,,,,,,,,5859.5,,,,,1423.8,,,,1.00113,1.00113,290.16,,,22.0740,,0.0,,0.3780,22.0000,9.8,9.8,9.8,9.8,9.8,9.8,,,,,,,,,,,,,3.697,0.300,3.703,4.084,3.699,,,,,,,,4.052,0.0,0.0,0.0,0.0,0.0,19.672,12.047,,0.0,0.7737,37.670,31.650,31.650,37.670,2.270,0.000,,,,,1.00519,,64,,,,,,232.76,,,,,,,232.76,,,,676.0,,,,,,,,,,,1305.1,,,,,,0.461,100.000,,,,,,2647.58,,2649.22,2682.81,,,233.74,133.73,,,,,,,,,,,,,0.461,0.000,64,2,2,,,,,,,,216,0,,,,,,,,,39.240,,121.33,121.36,,,,
430.277,,0,0,0,256,0,0,0,0,0,0,0,0,1,0,0,0,0,0,,,,,,,,,,,,,,,,,,,,,,5859.5,,,,,1425.0,,,,1.00113,1.00113,290.16,,,22.0080,,0.0,,0.3865,22.0000,9.8,9.8,9.8,9.8,9.8,9.8,,,,,,,,,,,,,3.697,0.300,3.703,4.084,3.699,,,,,,,,4.047,0.0,0.0,0.0,0.0,0.0,19.672,12.094,,0.0,0.7725,37.675,31.610,31.610,37.675,1.510,0.000,,,,,1.00479,,64,,,,,,232.76,,,,,,,232.76,,,,676.3,,,,,,,,,,,1307.9,,,,,,0.461,100.000,,,,,,2647.66,,2654.53,2681.95,,,233.48,133.73,,,,,,,,,,,,,0.461,0.000,64,2,2,,,,,,,,216,0,,,,,,,,,39.940,,121.20,121.59,,,,
430.287,,0,0,0,256,0,0,0,0,0,0,0,0,1,0,0,0,0,0,,,,,,,,,,,,,,,,,,,,,,5878.0,,,,,1425.0,,,,1.00113,1.00113,289.92,,,21.9900,,0.0,,0.3885,22.0000,9.8,9.8,9.8,9.8,9.8,9.8,,,,,,,,,,,,,3.679,0.300,3.703,4.084,3.682,,,,,,,,4.045,0.0,0.0,0.0,0.0,0.0,19.688,12.219,,0.0,0.7710,37.675,31.580,31.580,37.675,2.270,0.000,,,,,1.00412,,64,,,,,,232.69,,,,,,,232.69,,,,676.3,,,,,,,,,,,1309.0,,,,,,0.461,100.000,,,,,,2646.09,,2646.09,2682.19,,,233.48,133.64,,,,,,,,,,,,,0.461,0.000,64,2,2,,,,,,,,216,0,,,,,,,,,39.185,,121.20,121.59,,,,
430.298,,0,0,0,256,0,0,0,0,0,0,0,0,1,0,0,0,0,0,,,,,,,,,,,,,,,,,,,,,,5885.5,,,,,1429.9,,,,1.00113,1.00113,289.78,,,22.0660,,0.0,,0.3790,22.0000,9.8,10.5,10.5,9.8,10.5,10.5,,,,,,,,,,,,,3.679,0.300,3.703,4.084,3.682,,,,,,,,4.047,0.0,0.0,0.0,0.0,0.0,19.750,12.359,,0.0,0.7734,37.670,31.590,31.590,37.670,1.510,0.000,,,,,1.00348,,64,,,,,,232.80,,,,,,,232.80,,,,677.5,,,,,,,,,,,1315.6,,,,,,0.461,100.000,,,,,,2647.27,,2652.42,2682.42,,,233.44,133.59,,,,,,,,,,,,,0.461,0.000,64,2,2,,,,,,,,216,0,,,,,,,,,39.944,,121.29,121.29,,,,
430.306,,0,0,0,256,0,0,0,0,0,0,0,0,1,0,0,0,0,0,,,,,,,,,,,,,,,,,,,,,,5884.0,,,,,1429.9,,,,1.00113,1.00113,289.78,,,22.1040,,0.0,,0.3740,22.0000,9.8,10.5,9.8,10.5,10.5,10.5,,,,,,,,,,,,,3.685,0.300,3.703,4.084,3.687,,,,,,,,4.047,0.0,0.0,0.0,0.0,0.0,19.750,12.500,,0.0,0.7742,37.655,31.380,31.380,37.655,2.270,0.000,,,,,1.00348,,64,,,,,,232.78,,,,,,,232.78,,,,677.5,,,,,,,,,,,1308.6,,,,,,0.461,100.000,,,,,,2645.08,,2646.09,2684.06,,,233.44,133.59,,,,,,,,,,,,,0.461,0.000,64,2,2,,,,,,,,216,0,,,,,,,,,39.180,,121.29,121.29,,,,
430.320,,0,0,0,256,0,0,0,0,0,0,0,0,1,0,0,0,0,0,,,,,,,,,,,,,,,,,,,,,,5891.0,,,,,1432.7,,,,1.00113,1.00113,289.73,,,22.0660,,0.0,,0.3785,22.0000,10.5,10.5,10.5,10.5,10.5,10.5,,,,,,,,,,,,,3.685,0.300,3.703,4.084,3.687,,,,,,,,4.038,0.0,0.0,0.0,0.0,0.0,19.766,12.578,,0.0,0.7769,37.485,31.435,31.435,37.485,2.270,0.000,,,,,1.00333,,64,,,,,,232.76,,,,,,,232.76,,,,679.4,,,,,,,,,,,1313.6,,,,,,0.461,100.000,,,,,,2644.69,,2652.42,2683.67,,,232.90,133.55,,,,,,,,,,,,,0.461,0.000,64,2,2,,,,,,,,216,0,,,,,,,,,39.925,,121.86,121.70,,,,
430.330,,0,0,0,256,0,0,0,0,0,0,0,0,1,0,0,0,0,0,,,,,,,,,,,,,,,,,,,,,,5908.5,,,,,1432.7,,,,1.00113,1.00113,289.88,,,22.0560,,0.0,,0.3800,22.0000,10.5,10.5,10.5,10.5,10.5,10.5,,,,,,,,,,,,,3.672,0.300,3.671,4.043,3.674,,,,,,,,4.040,0.0,0.0,0.0,0.0,0.0,19.672,12.641,,0.0,0.7744,37.560,31.425,31.425,37.545,3.025,0.000,,,,,1.00354,,64,,,,,,232.78,,,,,,,232.78,,,,679.4,,,,,,,,,,,1313.3,,,,,,0.461,100.000,,,,,,2641.95,,2639.77,2684.30,,,232.90,133.64,,,,,,,,,,,,,0.461,0.000,64,2,2,,,,,,,,216,0,,,,,,,,,39.754,,121.86,121.70,,,,
430.342,,0,0,0,256,0,0,0,0,0,0,0,0,1,0,0,0,0,0,,,,,,,,,,,,,,,,,,,,,,5914.5,,,,,1438.7,,,,1.00113,1.00113,289.64,,,22.0660,,0.0,,0.3785,22.0000,10.5,10.5,10.5,10.5,10.5,10.5,,,,,,,,,,,,,3.672,0.300,3.671,4.043,3.674,,,,,,,,4.035,0.0,0.0,0.0,0.0,0.0,19.609,12.672,,0.0,0.7771,37.590,31.445,31.445,37.590,2.270,0.000,,,,,1.00281,,64,,,,,,232.90,,,,,,,232.90,,,,681.4,,,,,,,,,,,1321.9,,,,,,0.461,100.000,,,,,,2642.97,,2645.00,2683.83,,,232.57,133.50,,,,,,,,,,,,,0.461,0.000,64,2,2,,,,,,,,216,0,,,,,,,,,40.569,,122.39,122.39,,,,
430.351,9.8,0,0,0,256,0,0,0,0,0,0,0,0,1,0,0,0,0,0,992.9,992.4,999.3,10.1,0.0,0.0,0.03,1,0,0.996,0.996,-0.5,-0.5,4.125,0.00,1000.0,1000.0,1000.0,1058.7,1000.0,959.94,5939.5,54.060,501.7,0.0,10.1,1438.7,0.03057,0.00,0.00,1.00113,1.00113,289.64,3,47.0,22.0560,-0.0460,0.0,60.2,0.3795,22.0000,10.5,10.5,10.5,10.5,10.5,10.5,9.8,2.3,0.00,0.00000,0,0,0,1,98,98,98,98,3.674,0.300,3.671,4.043,3.677,992.4,1000.0,1000.0,992.4,1000.0,0.0,18.74,4.035,0.0,0.0,0.0,0.0,0.0,19.500,12.781,0.0,0.0,0.7739,37.625,31.430,31.430,37.625,3.025,0.000,0.7813,0.7813,0.0000,1046.4,1.00302,0.103819,64,39.930,1058.7,0.0,1000.0,1000.0,232.76,237.14,603.5,0.99942,1535.98,400.01,0.99939,232.76,400.01,237.12,237.12,681.4,-200.0,74.0,64.16,64.160,1940.2,668.8,750.0,868.7,397.77,0.0,1317.7,60.626,0.0,0,992.9,992.9,0.461,100.000,922.97,0,2.1936,0.543,1012.97,2639.92,90.00,2636.56,2684.45,2683.98,107.48,232.57,133.50,349.50,390.75,100.0,0,27.74,31.5,94.5,66.0,37,0,89.73,23.3,0.461,0.000,64,2,2,992.4,1058.6,992.4,992.9,1000.0,1059.1,605.5,216,0,60.350,60.284,1000.0,2000.0,61.179,99.138,100.000,60.437,39.859,12.6,122.39,122.39,121.05,120.79,0.0,0.85
430.357,,0,0,0,256,0,0,0,0,0,0,0,0,1,0,0,0,0,0,,,,,,,,,,,,,,,,,,,,,,5945.0,,,,,1446.0,,,,1.00113,1.00113,289.45,,,22.1040,,0.0,,0.3735,22.0000,10.5,10.5,10.5,10.5,10.5,10.5,,,,,,,,,,,,,3.674,0.300,3.671,4.043,3.677,,,,,,,,4.028,0.0,0.0,0.0,0.0,0.0,19.406,12.844,,0.0,0.7754,37.670,31.220,31.220,37.670,2.295,0.000,,,,,1.00214,,64,,,,,,232.83,,,,,,,232.83,,,,681.7,,,,,,,,,,,1328.2,,,,,,0.461,100.000,,,,,,2640.47,,2645.00,2683.91,,,232.34,133.41,,,,,,,,,,,,,0.461,0.000,64,2,2,,,,,,,,216,0,,,,,,,,,40.649,,122.35,121.99,,,,
430.369,,0,0,0,256,0,0,0,0,0,0,0,0,1,0,0,0,0,0,,,,,,,,,,,,,,,,,,,,,,5961.5,,,,,1446.0,,,,1.00113,1.00113,289.41,,,22.1120,,0.0,,0.3720,22.0000,10.5,10.5,10.5,10.5,10.5,10.5,,,,,,,,,,,,,3.671,0.300,3.671,4.043,3.673,,,,,,,,4.028,0.0,0.0,0.0,0.0,0.0,19.313,12.953,,0.0,0.7720,37.480,31.200,31.200,37.480,3.825,0.000,,,,,1.00205,,64,,,,,,232.85,,,,,,,232.85,,,,681.7,,,,,,,,,,,1324.7,,,,,,0.461,100.000,,,,,,2637.34,,2633.44,2683.05,,,232.34,133.41,,,,,,,,,,,,,0.461,0.000,64,2,2,,,,,,,,216,0,,,,,,,,,39.964,,122.35,121.99,,,,
430.377,,0,0,0,256,0,0,0,0,0,0,0,0,1,0,0,0,0,0,,,,,,,,,,,,,,,,,,,,,,5955.5,,,,,1451.7,,,,1.00113,1.00113,289.13,,,22.0840,,0.0,,0.3755,22.0000,10.5,10.5,10.5,10.5,10.5,10.5,,,,,,,,,,,,,3.671,0.300,3.671,4.043,3.673,,,,,,,,4.022,0.0,0.0,0.0,0.0,0.0,19.297,13.078,,0.0,0.7744,37.465,31.170,31.170,37.465,3.060,0.000,,,,,1.00107,,64,,,,,,232.88,,,,,,,232.88,,,,681.5,,,,,,,,,,,1329.3,,,,,,0.461,100.000,,,,,,2637.58,,2637.66,2682.89,,,232.36,133.27,,,,,,,,,,,,,0.461,0.000,64,2,2,,,,,,,,216,0,,,,,,,,,41.304,,123.07,123.22,,,,
430.387,,0,0,0,256,0,0,0,0,0,0,0,0,1,0,0,0,0,0,,,,,,,,,,,,,,,,,,,,,,5958.5,,,,,1451.7,,,,1.00113,1.00113,289.08,,,22.0460,,0.0,,0.3800,22.0000,10.5,10.5,10.5,10.5,10.5,10.5,,,,,,,,,,,,,3.658,0.300,3.671,4.043,3.661,,,,,,,,4.022,0.0,0.0,0.0,0.0,0.0,19.219,13.203,,0.0,0.7690,37.445,31.165,31.165,37.445,3.825,0.000,,,,,1.00125,,64,,,,,,232.71,,,,,,,232.71,,,,681.5,,,,,,,,,,,1323.1,,,,,,0.461,100.000,,,,,,2635.23,,2632.34,2683.36,,,232.36,133.27,,,,,,,,,,,,,0.461,0.000,64,2,2,,,,,,,,216,0,,,,,,,,,40.524,,123.07,123.22,,,,
430.397,,0,0,0,256,0,0,0,0,0,0,0,0,1,0,0,0,0,0,,,,,,,,,,,,,,,,,,,,,,5957.0,,,,,1448.4,,,,1.00113,1.00113,288.42,,,22.1320,,0.0,,0.3690,22.0000,10.5,10.5,10.5,10.5,10.5,10.5,,,,,,,,,,,,,3.658,0.300,3.671,4.043,3.661,,,,,,,,4.009,0.0,0.0,0.0,0.0,0.0,19.219,13.281,,0.0,0.7730,37.435,31.180,31.180,37.435,3.060,0.000,,,,,0.99964,,64,,,,,,232.57,,,,,,,232.57,,,,681.7,,,,,,,,,,,1326.7,,,,,,0.461,100.000,,,,,,2634.38,,2636.56,2683.67,,,232.62,132.94,,,,,,,,,,,,,0.461,0.000,64,2,2,,,,,,,,216,0,,,,,,,,,41.269,,123.34,123.28,,,,
430.406,,0,0,0,256,0,0,0,0,0,0,0,0,1,0,0,0,0,0,,,,,,,,,,,,,,,,,,,,,,5942.5,,,,,1448.4,,,,1.00113,1.00113,288.19,,,22.1040,,0.0,,0.3725,22.0000,10.5,10.5,10.5,10.5,10.5,10.5,,,,,,,,,,,,,3.656,0.300,3.671,4.043,3.656,,,,,,,,4.005,0.0,0.0,0.0,0.0,0.0,19.094,13.297,,0.0,0.7705,37.415,31.070,31.070,37.415,3.825,0.000,,,,,1.00003,,64,,,,,,232.34,,,,,,,232.34,,,,681.7,,,,,,,,,,,1318.5,,,,,,0.461,100.000,,,,,,2632.19,,2627.11,2683.91,,,232.62,132.80,,,,,,,,,,,,,0.461,0.000,64,2,2,,,,,,,,216,0,,,,,,,,,40.494,,123.34,123.28,,,,
430.420,,0,0,0,256,0,0,0,0,0,0,0,0,1,0,0,0,0,0,,,,,,,,,,,,,,,,,,,,,,5955.5,,,,,1443.9,,,,1.00113,1.00113,287.58,,,22.0940,,0.0,,0.3735,22.0000,10.5,10.5,10.5,10.5,10.5,10.5,,,,,,,,,,,,,3.656,0.300,3.671,4.043,3.656,,,,,,,,3.996,0.0,0.0,0.0,0.0,0.0,19.047,13.328,,0.0,0.7771,37.310,31.075,31.075,37.310,3.060,0.000,,,,,0.99912,,64,,,,,,232.10,,,,,,,232.10,,,,683.1,,,,,,,,,,,1322.1,,,,,,0.461,100.000,,,,,,2630.86,,2634.45,2683.98,,,231.42,132.56,,,,,,,,,,,,,0.461,0.000,64,2,2,,,,,,,,216,0,,,,,,,,,41.240,,123.28,122.98,,,,
430.431,,0,0,0,256,0,0,0,0,0,0,0,0,1,0,0,0,0,0,,,,,,,,,,,,,,,,,,,,,,5963.0,,,,,1443.9,,,,1.00113,1.00113,287.67,,,22.1880,,0.0,,0.3615,22.0000,10.5,10.5,10.5,10.5,10.5,10.5,,,,,,,,,,,,,3.641,0.300,3.641,3.998,3.644,,,,,,,,3.997,0.0,0.0,0.0,0.0,0.0,18.969,13.375,,0.0,0.7737,37.360,31.080,31.080,37.360,3.825,0.000,,,,,1.00013,,64,,,,,,231.91,,,,,,,231.91,,,,683.1,,,,,,,,,,,1320.9,,,,,,0.461,100.000,,,,,,2628.98,,2627.11,2683.36,,,231.42,132.61,,,,,,,,,,,,,0.461,0.000,64,2,2,,,,,,,,216,0,,,,,,,,,40.369,,123.28,122.98,,,,
430.443,,0,0,0,256,0,0,0,0,0,0,0,0,1,0,0,0,0,0,,,,,,,,,,,,,,,,,,,,,,5973.5,,,,,1446.8,,,,1.00113,1.00113,287.72,,,22.1500,,0.0,,0.3655,22.0000,10.5,10.5,10.5,10.5,10.5,10.5,,,,,,,,,,,,,3.641,0.300,3.641,3.998,3.644,,,,,,,,3.988,0.0,0.0,0.0,0.0,0.0,18.969,13.406,,0.0,0.7764,37.360,31.055,31.055,37.360,3.060,0.000,,,,,0.99915,,64,,,,,,232.01,,,,,,,232.01,,,,683.0,,,,,,,,,,,1326.4,,,,,,0.461,100.000,,,,,,2628.52,,2635.55,2681.80,,,232.05,132.56,,,,,,,,,,,,,0.461,0.000,64,2,2,,,,,,,,216,0,,,,,,,,,41.185,,123.70,123.51,,,,
430.457,10.5,0,0,0,256,0,0,0,0,0,0,0,0,1,0,0,0,0,0,993.0,992.7,999.6,10.1,0.0,0.0,0.03,1,0,0.996,0.996,-0.3,-0.3,4.250,-0.01,1000.0,1000.0,1000.0,1059.3,1000.0,959.64,5998.5,54.060,502.3,0.0,10.1,1454.9,0.03032,0.00,0.00,1.00113,1.00113,285.61,3,47.0,22.1120,-0.1040,0.0,59.8,0.3705,22.0000,10.5,10.5,10.5,10.5,11.3,10.5,10.5,2.3,0.00,0.00021,0,0,0,1,98,98,98,98,3.637,0.300,3.641,3.998,3.637,992.7,1000.0,1000.0,992.7,1000.0,0.0,18.74,3.523,0.0,0.0,0.0,0.0,0.0,19.000,13.531,0.0,0.0,0.7761,37.365,30.800,30.800,37.365,3.070,0.000,0.7813,0.7813,0.0000,1057.9,0.99793,0.103993,64,40.650,1059.3,0.0,1000.0,1000.0,232.41,237.61,606.7,0.99942,1535.98,400.01,0.99939,232.41,400.01,237.59,237.59,682.7,-200.0,68.3,63.21,63.219,1956.2,656.4,750.0,856.3,397.30,0.0,1337.3,60.477,0.0,0,993.0,993.0,0.414,100.000,922.97,0,2.1930,0.547,1012.97,2628.91,90.00,2634.45,2683.98,2683.91,107.30,231.77,116.91,349.50,390.75,100.0,0,27.74,31.5,94.5,66.0,37,0,89.73,23.3,0.414,0.000,64,2,2,992.7,1058.8,992.7,993.0,1000.0,1059.1,606.8,216,0,60.672,60.672,1000.0,2000.0,61.343,99.167,100.000,60.587,41.214,12.7,123.84,124.15,122.20,122.98,0.0,1.14
430.467,,0,0,0,256,0,0,0,0,0,0,0,0,1,0,0,0,0,0,,,,,,,,,,,,,,,,,,,,,,6009.0,,,,,1454.9,,,,1.00113,1.00113,285.94,,,22.0560,,0.0,,0.3770,22.0000,10.5,10.5,11.3,11.3,11.3,11.3,,,,,,,,,,,,,3.958,0.300,3.641,3.998,3.961,,,,,,,,3.534,0.0,0.0,0.0,0.0,0.0,19.016,13.609,,0.0,0.7722,37.180,30.875,30.875,37.180,4.610,0.000,,,,,0.99866,,64,,,,,,232.17,,,,,,,232.17,,,,682.7,,,,,,,,,,,1331.8,,,,,,0.414,100.000,,,,,,2626.72,,2622.89,2682.27,,,231.77,117.28,,,,,,,,,,,,,0.414,0.000,64,2,2,,,,,,,,216,0,,,,,,,,,40.434,,123.84,124.15,,,,
430.477,,0,0,0,256,0,0,0,0,0,0,0,0,1,0,0,0,0,0,,,,,,,,,,,,,,,,,,,,,,6018.0,,,,,1458.3,,,,1.00113,1.00113,285.89,,,21.9800,,0.0,,0.3870,22.0000,11.3,11.3,11.3,11.3,11.3,11.3,,,,,,,,,,,,,3.958,0.300,3.641,3.998,3.961,,,,,,,,3.545,0.0,0.0,0.0,0.0,0.0,19.094,13.656,,0.0,0.7756,37.255,30.815,30.815,37.255,3.840,0.000,,,,,0.99765,,64,,,,,,232.03,,,,,,,232.03,,,,682.6,,,,,,,,,,,1333.8,,,,,,0.414,100.000,,,,,,2624.38,,2630.23,2678.75,,,231.77,117.52,,,,,,,,,,,,,0.414,0.000,64,2,2,,,,,,,,216,0,,,,,,,,,41.789,,123.87,123.84,,,,
430.487,,0,0,0,256,0,0,0,0,0,0,0,0,1,0,0,0,0,0,,,,,,,,,,,,,,,,,,,,,,6029.0,,,,,1458.3,,,,1.00113,1.00113,286.13,,,22.0380,,0.0,,0.3790,22.0000,11.3,11.3,11.3,11.3,11.3,11.3,,,,,,,,,,,,,3.950,0.300,3.641,3.998,3.954,,,,,,,,3.556,0.0,0.0,0.0,0.0,0.0,19.078,13.703,,0.0,0.7732,37.195,30.700,30.700,37.195,3.840,0.000,,,,,0.99796,,64,,,,,,231.80,,,,,,,231.80,,,,682.6,,,,,,,,,,,1333.1,,,,,,0.414,100.000,,,,,,2621.95,,2619.77,2679.84,,,231.77,117.89,,,,,,,,,,,,,0.414,0.000,64,2,2,,,,,,,,216,0,,,,,,,,,41.095,,123.87,123.84,,,,
430.497,,0,0,0,256,0,0,0,0,0,0,0,0,1,0,0,0,0,0,,,,,,,,,,,,,,,,,,,,,,6035.0,,,,,1462.3,,,,1.00113,1.00113,286.08,,,21.9520,,0.0,,0.3905,22.0000,11.3,11.3,11.3,11.3,11.3,11.3,,,,,,,,,,,,,3.950,0.300,3.641,3.998,3.954,,,,,,,,3.558,0.0,0.0,0.0,0.0,0.0,19.125,13.719,,0.0,0.7803,37.080,30.735,30.735,37.080,3.840,0.000,,,,,0.99738,,64,,,,,,231.89,,,,,,,231.89,,,,682.1,,,,,,,,,,,1338.5,,,,,,0.414,100.000,,,,,,2620.55,,2625.00,2676.02,,,232.03,117.84,,,,,,,,,,,,,0.414,0.000,64,2,2,,,,,,,,216,0,,,,,,,,,41.034,,124.59,124.38,,,,
430.507,,0,0,0,256,0,0,0,0,0,0,0,0,1,0,0,0,0,0,,,,,,,,,,,,,,,,,,,,,,6030.5,,,,,1462.3,,,,1.00113,1.00113,285.61,,,21.8480,,0.0,,0.4035,22.0000,11.3,11.3,11.3,11.3,11.3,11.3,,,,,,,,,,,,,3.948,0.300,3.641,3.998,3.952,,,,,,,,3.547,0.0,0.0,0.0,0.0,0.0,19.125,13.750,,0.0,0.7783,37.115,30.840,30.840,37.115,4.630,0.000,,,,,0.99826,,64,,,,,,231.61,,,,,,,231.61,,,,682.1,,,,,,,,,,,1331.5,,,,,,0.414,100.000,,,,,,2617.81,,2612.34,2684.14,,,232.03,117.47,,,,,,,,,,,,,0.414,0.000,64,2,2,,,,,,,,216,0,,,,,,,,,40.920,,124.59,124.38,,,,
430.520,,0,0,0,256,0,0,0,0,0,0,0,0,1,0,0,0,0,0,,,,,,,,,,,,,,,,,,,,,,6036.5,,,,,1461.1,,,,1.00113,1.00113,285.89,,,21.8760,,0.0,,0.4005,22.0000,11.3,11.3,11.3,11.3,11.3,11.3,,,,,,,,,,,,,3.948,0.300,3.641,3.998,3.952,,,,,,,,3.560,0.0,0.0,0.0,0.0,0.0,19.172,13.750,,0.0,0.7834,37.220,31.115,31.115,37.220,4.630,0.000,,,,,0.99793,,64,,,,,,231.49,,,,,,,231.49,,,,681.5,,,,,,,,,,,1336.3,,,,,,0.414,100.000,,,,,,2615.39,,2617.66,2682.42,,,231.09,117.84,,,,,,,,,,,,,0.414,0.000,64,2,2,,,,,,,,216,0,,,,,,,,,41.745,,124.76,125.08,,,,
430.531,,0,0,0,256,0,0,0,0,0,0,0,0,1,0,0,0,0,0,,,,,,,,,,,,,,,,,,,,,,6029.0,,,,,1461.1,,,,1.00113,1.00113,286.50,,,21.8100,,0.0,,0.4085,22.0000,11.3,11.3,11.3,11.3,11.3,11.3,,,,,,,,,,,,,3.966,0.300,3.966,3.549,3.967,,,,,,,,3.566,0.0,0.0,0.0,0.0,0.0,19.234,13.844,,0.0,0.7808,37.495,31.055,31.055,37.350,5.400,0.000,,,,,0.99869,,64,,,,,,231.89,,,,,,,231.89,,,,681.5,,,,,,,,,,,1329.9,,,,,,0.414,100.000,,,,,,2612.89,,2612.34,2683.13,,,231.09,118.03,,,,,,,,,,,,,0.414,0.000,64,2,2,,,,,,,,216,0,,,,,,,,,41.849,,124.76,125.08,,,,
430.541,,0,0,0,256,0,0,0,0,0,0,0,0,1,0,0,0,0,0,,,,,,,,,,,,,,,,,,,,,,6029.0,,,,,1461.4,,,,1.00113,1.00113,286.64,,,21.7540,,0.0,,0.4160,22.0000,11.3,11.3,11.3,11.3,11.3,11.3,,,,,,,,,,,,,3.966,0.300,3.966,3.549,3.967,,,,,,,,3.568,0.0,0.0,0.0,0.0,0.0,19.359,13.906,,0.0,0.7869,37.435,31.080,31.080,37.435,4.630,0.000,,,,,0.99836,,64,,,,,,231.94,,,,,,,231.94,,,,680.4,,,,,,,,,,,1341.5,,,,,,0.414,100.000,,,,,,2613.36,,2620.78,2676.80,,,231.75,118.17,,,,,,,,,,,,,0.414,0.000,64,2,2,,,,,,,,216,0,,,,,,,,,42.749,,125.13,124.80,,,,
430.557,10.5,0,0,0,256,0,0,0,0,0,0,0,0,1,0,0,0,0,0,992.9,992.7,999.7,10.1,0.0,0.0,0.03,1,0,0.996,0.996,-0.2,-0.2,4.281,0.04,1000.0,1000.0,1000.0,1059.4,1000.0,958.65,6047.0,54.060,504.4,0.0,10.1,1462.5,0.03019,0.00,0.00,1.00113,1.00113,287.20,3,47.0,21.8280,-0.1120,0.0,62.2,0.4080,22.0000,11.3,11.3,11.3,11.3,11.3,11.3,10.5,2.3,0.00,0.00470,0,0,0,1,98,98,98,98,3.981,0.300,3.966,3.549,3.982,992.7,1000.0,1000.0,992.7,1000.0,0.0,18.74,3.583,0.0,0.0,0.0,0.0,0.0,19.578,14.016,0.0,0.0,0.7854,37.245,30.750,30.750,37.245,3.860,0.000,0.7813,0.7813,0.0000,1154.2,0.99872,0.104177,64,41.215,1059.4,0.0,1000.0,1000.0,232.17,237.98,606.8,0.99942,1535.98,400.01,0.99939,232.17,400.01,237.96,237.96,679.7,-200.0,67.3,63.13,63.135,1963.2,655.3,750.0,855.2,396.95,0.0,1349.5,60.515,0.0,0,992.9,992.9,0.414,100.000,922.97,0,2.1902,0.551,1012.97,2612.03,90.00,2618.67,2684.06,2683.98,96.19,231.87,118.50,353.25,390.75,100.0,0,27.74,31.5,94.5,66.0,37,0,89.73,23.3,0.414,0.000,64,2,2,992.7,1058.8,992.7,992.9,1000.0,1059.0,606.0,216,0,60.689,60.634,1000.0,2000.0,61.470,99.167,100.000,60.516,42.090,12.6,125.41,125.50,123.56,123.34,0.0,1.09
430.568,,0,0,0,256,0,0,0,0,0,0,0,0,1,0,0,0,0,0,,,,,,,,,,,,,,,,,,,,,,6068.5,,,,,1462.5,,,,1.00113,1.00113,287.30,,,21.7340,,0.0,,0.4200,22.0000,11.3,11.3,11.3,11.3,11.3,11.3,,,,,,,,,,,,,3.980,0.300,3.966,3.549,3.983,,,,,,,,3.579,0.0,0.0,0.0,0.0,0.0,19.625,13.984,,0.0,0.7815,37.130,31.080,31.080,37.130,5.400,0.000,,,,,0.99933,,64,,,,,,232.31,,,,,,,232.31,,,,679.7,,,,,,,,,,,1341.5,,,,,,0.414,100.000,,,,,,2609.45,,2610.23,2685.63,,,231.87,118.36,,,,,,,,,,,,,0.414,0.000,64,2,2,,,,,,,,216,0,,,,,,,,,41.104,,125.41,125.50,,,,
430.577,,0,0,0,256,0,0,0,0,0,0,0,0,1,0,0,0,0,0,,,,,,,,,,,,,,,,,,,,,,6079.0,,,,,1473.8,,,,1.00113,1.00113,287.48,,,21.7920,,0.0,,0.4135,22.0000,11.3,11.3,11.3,11.3,11.3,11.3,,,,,,,,,,,,,3.980,0.300,3.966,3.549,3.983,,,,,,,,3.600,0.0,0.0,0.0,0.0,0.0,19.734,13.984,,0.0,0.7876,37.460,31.135,31.135,37.280,4.630,0.000,,,,,0.99887,,64,,,,,,232.41,,,,,,,232.41,,,,679.9,,,,,,,,,,,1356.2,,,,,,0.414,100.000,,,,,,2610.31,,2617.66,2680.47,,,232.41,118.59,,,,,,,,,,,,,0.414,0.000,64,2,2,,,,,,,,216,0,,,,,,,,,42.529,,125.50,125.64,,,,
430.588,,0,0,0,256,0,0,0,0,0,0,0,0,1,0,0,0,0,0,,,,,,,,,,,,,,,,,,,,,,6087.0,,,,,1473.8,,,,1.00131,1.00131,286.69,,,21.8100,,0.0,,0.4110,22.0000,11.3,11.3,11.3,11.3,11.3,11.3,,,,,,,,,,,,,3.985,0.300,3.966,3.549,3.986,,,,,,,,3.593,0.0,0.0,0.0,0.0,0.0,19.734,13.953,,0.0,0.7859,37.515,30.955,30.955,37.410,4.630,0.000,,,,,0.99982,,64,,,,,,231.33,,,,,,,231.33,,,,679.9,,,,,,,,,,,1348.8,,,,,,0.414,100.000,,,,,,2608.28,,2612.34,2687.19,,,232.41,118.36,,,,,,,,,,,,,0.414,0.000,64,2,2,,,,,,,,216,0,,,,,,,,,41.910,,125.50,125.64,,,,
430.597,,0,0,0,256,0,0,0,0,0,0,0,0,1,0,0,0,0,0,,,,,,,,,,,,,,,,,,,,,,6093.0,,,,,1472.3,,,,1.00131,1.00131,286.36,,,21.8660,,0.0,,0.4045,22.0000,11.3,11.3,11.3,11.3,11.3,11.3,,,,,,,,,,,,,3.985,0.300,3.966,3.549,3.986,,,,,,,,3.579,0.0,0.0,0.0,0.0,0.0,19.828,13.953,,0.0,0.7913,37.335,31.190,31.190,37.335,4.630,0.000,,,,,0.99970,,64,,,,,,231.42,,,,,,,231.42,,,,680.7,,,,,,,,,,,1354.0,,,,,,0.414,100.000,,,,,,2609.14,,2618.67,2688.05,,,231.75,117.94,,,,,,,,,,,,,0.414,0.000,64,2,2,,,,,,,,216,0,,,,,,,,,42.040,,125.73,125.64,,,,
430.607,,0,0,0,256,0,0,0,0,0,0,0,0,1,0,0,0,0,0,,,,,,,,,,,,,,,,,,,,,,6121.0,,,,,1472.3,,,,1.00131,1.00131,285.84,,,21.8940,,0.0,,0.4010,22.0000,11.3,11.3,11.3,11.3,11.3,11.3,,,,,,,,,,,,,3.974,0.300,3.966,3.549,3.974,,,,,,,,3.579,0.0,0.0,0.0,0.0,0.0,19.891,14.016,,0.0,0.7822,37.570,31.670,31.670,37.475,5.455,0.000,,,,,1.00074,,64,,,,,,230.65,,,,,,,230.65,,,,680.7,,,,,,,,,,,1350.3,,,,,,0.414,100.000,,,,,,2606.80,,2608.13,2684.06,,,231.75,117.94,,,,,,,,,,,,,0.414,0.000,64,2,2,,,,,,,,216,0,,,,,,,,,41.965,,125.73,125.64,,,,
430.619,,0,0,0,256,0,0,0,0,0,0,0,0,1,0,0,0,0,0,,,,,,,,,,,,,,,,,,,,,,6119.5,,,,,1476.1,,,,1.00131,1.00131,285.75,,,21.8200,,0.0,,0.4110,22.0000,11.3,11.3,11.3,11.3,11.3,11.3,,,,,,,,,,,,,3.974,0.300,3.966,3.549,3.974,,,,,,,,3.586,0.0,0.0,0.0,0.0,0.0,19.984,14.047,,0.0,0.7842,38.050,31.525,31.525,37.635,4.675,0.000,,,,,0.99961,,64,,,,,,230.67,,,,,,,230.67,,,,682.7,,,,,,,,,,,1353.8,,,,,,0.414,100.000,,,,,,2607.03,,2615.55,2687.42,,,230.86,117.98,,,,,,,,,,,,,0.414,0.000,64,2,2,,,,,,,,216,0,,,,,,,,,42.929,,126.26,126.45,,,,
430.630,,0,0,0,256,0,0,0,0,0,0,0,0,1,0,0,0,0,0,,,,,,,,,,,,,,,,,,,,,,6122.5,,,,,1476.1,,,,1.00131,1.00131,284.86,,,21.7340,,0.0,,0.4220,22.0000,11.3,11.3,11.3,11.3,11.3,11.3,,,,,,,,,,,,,3.952,0.300,3.952,3.583,3.952,,,,,,,,3.574,0.0,0.0,0.0,0.0,0.0,20.000,14.094,,0.0,0.7786,37.905,31.650,31.650,37.775,6.235,0.000,,,,,0.99991,,64,,,,,,229.90,,,,,,,229.90,,,,682.7,,,,,,,,,,,1349.7,,,,,,0.414,100.000,,,,,,2604.14,,2605.00,2690.00,,,230.86,117.61,,,,,,,,,,,,,0.414,0.000,64,2,2,,,,,,,,216,0,,,,,,,,,42.310,,126.26,126.45,,,,
430.641,,0,0,0,256,0,0,0,0,0,0,0,0,1,0,0,0,0,0,,,,,,,,,,,,,,,,,,,,,,6118.0,,,,,1471.6,,,,1.00131,1.00131,284.34,,,21.8200,,0.0,,0.4120,22.0000,11.3,11.3,11.3,11.3,11.3,11.3,,,,,,,,,,,,,3.952,0.300,3.952,3.583,3.952,,,,,,,,3.553,0.0,0.0,0.0,0.0,0.0,20.063,14.109,,0.0,0.7822,38.030,31.740,31.740,37.960,5.455,0.000,,,,,0.99915,,64,,,,,,229.92,,,,,,,229.92,,,,685.4,,,,,,,,,,,1348.7,,,,,,0.414,100.000,,,,,,2604.30,,2610.23,2692.50,,,229.99,117.14,,,,,,,,,,,,,0.414,0.000,64,2,2,,,,,,,,216,0,,,,,,,,,44.009,,126.45,126.49,,,,
430.651,11.3,0,0,0,256,0,0,0,0,0,0,0,0,1,0,0,0,0,0,992.3,992.2,999.8,10.1,0.0,0.0,0.03,1,0,0.996,0.996,-0.1,-0.1,4.187,0.00,1000.0,1000.0,1000.0,1058.4,1000.0,958.84,6121.0,54.060,503.3,0.0,10.1,1471.6,0.03023,0.00,0.00,1.00131,1.00131,285.00,3,47.0,21.7540,0.1720,0.0,62.8,0.4205,22.0000,11.3,11.3,11.3,11.3,11.3,11.3,11.3,2.3,0.00,0.00021,0,0,0,1,98,98,98,98,3.961,0.300,3.952,3.583,3.963,992.2,1000.0,1000.0,992.2,1000.0,0.0,18.74,3.566,0.0,0.0,0.0,0.0,0.0,20.016,14.141,0.0,0.0,0.7764,38.120,31.830,31.830,38.120,6.235,0.000,0.7813,0.7813,0.0000,1163.5,0.99964,0.104772,64,42.090,1058.4,0.0,1000.0,1000.0,230.06,239.84,606.5,0.99942,1535.98,400.01,0.99939,230.06,400.01,239.81,239.81,685.4,-200.0,70.3,64.03,64.038,1974.0,667.2,750.0,867.1,395.59,0.0,1346.8,60.593,0.0,0,992.3,992.3,0.414,100.000,922.97,0,2.1876,0.555,1012.97,2602.34,90.00,2603.91,2689.30,2684.06,96.09,229.99,117.56,353.25,390.75,100.0,0,27.74,31.5,94.5,66.0,37,0,89.73,23.3,0.414,0.000,64,2,2,992.2,1058.7,992.2,992.3,1000.0,1058.8,606.4,216,0,60.654,60.654,1000.0,2000.0,61.739,99.118,100.000,60.567,43.414,12.6,126.45,126.49,125.27,125.55,0.0,0.19
430.657,,0,0,0,256,0,0,0,0,0,0,0,0,1,0,0,0,0,0,,,,,,,,,,,,,,,,,,,,,,6126.0,,,,,1470.9,,,,1.00131,1.00131,285.05,,,21.7160,,0.0,,0.4260,22.0000,11.3,11.3,11.3,11.3,11.3,11.3,,,,,,,,,,,,,3.961,0.300,3.952,3.583,3.963,,,,,,,,3.555,0.0,0.0,0.0,0.0,0.0,20.000,14.125,,0.0,0.7808,38.210,31.875,31.875,38.210,5.480,0.000,,,,,0.99881,,64,,,,,,230.16,,,,,,,230.16,,,,686.2,,,,,,,,,,,1354.4,,,,,,0.414,100.000,,,,,,2603.20,,2614.45,2684.14,,,231.00,117.70,,,,,,,,,,,,,0.414,0.000,64,2,2,,,,,,,,216,0,,,,,,,,,44.354,,126.45,126.21,,,,
430.667,,0,0,0,256,0,0,0,0,0,0,0,0,1,0,0,0,0,0,,,,,,,,,,,,,,,,,,,,,,6129.0,,,,,1470.9,,,,1.00131,1.00131,284.81,,,21.8000,,0.0,,0.4160,22.0000,11.3,11.3,11.3,11.3,11.3,11.3,,,,,,,,,,,,,3.957,0.300,3.952,3.583,3.956,,,,,,,,3.550,0.0,0.0,0.0,0.0,0.0,19.875,14.125,,0.0,0.7769,38.255,31.685,31.685,38.255,6.265,0.000,,,,,0.99936,,64,,,,,,229.92,,,,,,,229.92,,,,686.2,,,,,,,,,,,1348.9,,,,,,0.414,100.000,,,,,,2602.42,,2601.80,2685.63,,,231.00,117.56,,,,,,,,,,,,,0.414,0.000,64,2,2,,,,,,,,216,0,,,,,,,,,43.689,,126.45,126.21,,,,
430.677,,0,0,0,256,0,0,0,0,0,0,0,0,1,0,0,0,0,0,,,,,,,,,,,,,,,,,,,,,,6141.5,,,,,1473.1,,,,1.00131,1.00131,284.48,,,21.6880,,0.0,,0.4305,22.0000,11.3,11.3,11.3,11.3,11.3,11.3,,,,,,,,,,,,,3.957,0.300,3.952,3.583,3.945,,,,,,,,3.551,0.0,0.0,0.0,0.0,0.0,19.813,13.922,,0.0,0.7817,38.065,31.745,31.745,38.065,5.480,0.000,,,,,0.99869,,64,,,,,,229.66,,,,,,,229.66,,,,685.8,,,,,,,,,,,1357.1,,,,,,0.414,100.000,,,,,,2603.59,,2609.22,2685.39,,,230.86,117.52,,,,,,,,,,,,,0.414,0.000,64,2,2,,,,,,,,216,0,,,,,,,,,44.519,,127.12,127.12,,,,
430.687,,0,0,0,256,0,0,0,0,0,0,0,0,1,0,0,0,0,0,,,,,,,,,,,,,,,,,,,,,,6144.5,,,,,1473.1,,,,1.00131,1.00131,284.30,,,21.7540,,0.0,,0.4225,22.0000,11.3,11.3,11.3,11.3,11.3,11.3,,,,,,,,,,,,,3.945,0.300,3.952,3.583,3.945,,,,,,,,3.550,0.0,0.0,0.0,0.0,0.0,19.734,14.266,,0.0,0.7808,38.125,31.730,31.730,38.125,6.265,0.000,,,,,0.99936,,64,,,,,,229.38,,,,,,,229.38,,,,685.8,,,,,,,,,,,1345.4,,,,,,0.414,100.000,,,,,,2601.02,,2601.80,2688.67,,,230.86,117.47,,,,,,,,,,,,,0.414,0.000,64,2,2,,,,,,,,216,0,,,,,,,,,43.544,,127.12,127.12,,,,
430.698,,0,0,0,256,0,0,0,0,0,0,0,0,1,0,0,0,0,0,,,,,,,,,,,,,,,,,,,,,,6157.0,,,,,1469.3,,,,1.00131,1.00131,284.34,,,21.7340,,0.0,,0.4255,22.0000,11.3,11.3,11.3,11.3,11.3,11.3,,,,,,,,,,,,,3.945,0.300,3.952,3.583,3.947,,,,,,,,3.554,0.0,0.0,0.0,0.0,0.0,19.750,14.125,,0.0,0.7854,38.110,31.855,31.855,38.110,6.265,0.000,,,,,0.99924,,64,,,,,,229.27,,,,,,,229.27,,,,685.4,,,,,,,,,,,1352.6,,,,,,0.414,100.000,,,,,,2601.80,,2607.11,2690.31,,,229.90,117.56,,,,,,,,,,,,,0.414,0.000,64,2,2,,,,,,,,216,0,,,,,,,,,44.389,,127.02,127.02,,,,
430.707,,0,0,0,256,0,0,0,0,0,0,0,0,1,0,0,0,0,0,,,,,,,,,,,,,,,,,,,,,,6154.0,,,,,1469.3,,,,1.00131,1.00131,283.69,,,21.7540,,0.0,,0.4235,22.0000,11.3,11.3,11.3,11.3,11.3,11.3,,,,,,,,,,,,,3.948,0.300,3.952,3.583,3.947,,,,,,,,3.536,0.0,0.0,0.0,0.0,0.0,19.516,14.484,,0.0,0.7813,38.235,32.220,32.220,38.235,6.265,0.000,,,,,0.99988,,64,,,,,,229.10,,,,,,,229.10,,,,685.4,,,,,,,,,,,1349.1,,,,,,0.414,100.000,,,,,,2600.31,,2602.89,2683.91,,,229.90,116.95,,,,,,,,,,,,,0.414,0.000,64,2,2,,,,,,,,216,0,,,,,,,,,44.374,,127.02,127.02,,,,
430.720,,0,0,0,256,0,0,0,0,0,0,0,0,1,0,0,0,0,0,,,,,,,,,,,,,,,,,,,,,,6166.5,,,,,1471.8,,,,1.00131,1.00131,283.83,,,21.8660,,0.0,,0.4095,22.0000,11.3,11.3,11.3,11.3,11.3,11.3,,,,,,,,,,,,,3.948,0.300,3.952,3.583,3.944,,,,,,,,3.548,0.0,0.0,0.0,0.0,0.0,19.453,14.297,,0.0,0.7854,38.600,31.975,31.975,38.425,5.480,0.000,,,,,0.99939,,64,,,,,,229.01,,,,,,,229.01,,,,686.6,,,,,,,,,,,1357.7,,,,,,0.414,100.000,,,,,,2602.03,,2606.02,2685.31,,,229.62,117.23,,,,,,,,,,,,,0.414,0.000,64,2,2,,,,,,,,216,0,,,,,,,,,44.499,,127.17,126.98,,,,
430.731,,0,0,0,256,0,0,0,0,0,0,0,0,1,0,0,0,0,0,,,,,,,,,,,,,,,,,,,,,,6173.0,,,,,1471.8,,,,1.00131,1.00131,283.88,,,21.7920,,0.0,,0.4195,22.0000,11.3,11.3,11.3,11.3,11.3,11.3,,,,,,,,,,,,,3.945,0.300,3.943,3.550,3.944,,,,,,,,3.548,0.0,0.0,0.0,0.0,0.0,19.172,14.594,,0.0,0.7834,38.355,32.030,32.030,38.355,6.265,0.000,,,,,0.99997,,64,,,,,,228.87,,,,,,,228.87,,,,686.6,,,,,,,,,,,1351.9,,,,,,0.414,100.000,,,,,,2600.63,,2600.78,2686.80,,,229.62,117.23,,,,,,,,,,,,,0.414,0.000,64,2,2,,,,,,,,216,0,,,,,,,,,43.904,,127.17,126.98,,,,
430.743,,0,0,0,256,0,0,0,0,0,0,0,0,1,0,0,0,0,0,,,,,,,,,,,,,,,,,,,,,,6176.0,,,,,1476.5,,,,1.00131,1.00131,283.83,,,21.7640,,0.0,,0.4235,22.0000,11.3,11.3,11.3,11.3,11.3,11.3,,,,,,,,,,,,,3.945,0.300,3.943,3.550,3.943,,,,,,,,3.551,0.0,0.0,0.0,0.0,0.0,19.094,14.406,,0.0,0.7837,38.410,32.085,32.085,38.410,5.480,0.000,,,,,0.99976,,64,,,,,,228.80,,,,,,,228.80,,,,688.1,,,,,,,,,,,1358.0,,,,,,0.414,100.000,,,,,,2601.41,,2605.00,2688.05,,,229.50,117.33,,,,,,,,,,,,,0.414,0.000,64,2,2,,,,,,,,216,0,,,,,,,,,44.620,,127.74,127.95,,,,
430.758,11.3,0,0,0,256,0,0,0,0,0,0,0,0,1,0,0,0,0,0,992.2,992.2,999.9,10.1,0.0,0.0,0.03,1,0,0.996,0.996,0.0,0.0,4.062,-0.03,1000.0,1000.0,1000.0,1057.3,1000.0,959.24,6187.5,54.060,504.4,0.0,10.1,1474.8,0.03002,0.00,0.00,1.00131,1.00131,283.64,3,47.0,21.7340,0.2840,0.0,62.8,0.4280,22.0000,11.3,11.3,11.3,11.3,11.3,11.3,11.3,2.3,0.00,0.00021,0,0,0,1,98,98,98,98,3.941,0.300,3.943,3.550,3.940,992.2,1000.0,1000.0,992.2,1000.0,0.0,18.74,3.545,0.0,0.0,0.0,0.0,0.0,18.813,14.516,0.0,0.0,0.7844,38.515,32.300,32.300,38.515,6.300,0.000,0.7813,0.7813,0.0000,1169.3,0.99945,0.104332,64,44.355,1057.3,0.0,1000.0,1000.0,228.54,238.62,604.0,0.99942,1535.98,400.01,0.99939,228.54,400.01,238.59,238.59,687.4,-200.0,63.8,62.66,62.660,1989.4,648.7,750.0,848.6,397.70,0.0,1354.9,60.538,0.0,0,992.2,992.2,0.414,100.000,922.97,0,2.1873,0.559,1012.97,2598.59,90.00,2601.80,2683.98,2684.14,95.30,229.20,117.28,356.25,390.75,99.2,0,27.95,31.5,94.5,66.0,37,0,89.73,23.3,0.414,0.000,64,2,2,992.2,1057.2,992.2,992.2,1000.0,1057.2,603.8,216,0,60.403,60.403,1000.0,2000.0,61.934,99.118,100.000,60.318,45.514,12.6,127.95,128.05,126.41,126.92,0.0,0.75
430.769,,0,0,0,256,0,0,0,0,0,0,0,0,1,0,0,0,0,0,,,,,,,,,,,,,,,,,,,,,,6195.5,,,,,1474.8,,,,1.00131,1.00131,282.70,,,21.7920,,0.0,,0.4215,22.0000,11.3,11.3,11.3,11.3,11.3,11.3,,,,,,,,,,,,,3.934,0.300,3.943,3.550,3.940,,,,,,,,3.534,0.0,0.0,0.0,0.0,0.0,18.609,14.813,,0.0,0.7827,38.680,32.085,32.085,38.680,6.300,0.000,,,,,0.99997,,64,,,,,,227.67,,,,,,,227.67,,,,687.4,,,,,,,,,,,1349.6,,,,,,0.414,100.000,,,,,,2596.33,,2601.80,2688.13,,,229.20,116.91,,,,,,,,,,,,,0.414,0.000,64,2,2,,,,,,,,216,0,,,,,,,,,44.814,,127.95,128.05,,,,
430.777,,0,0,0,256,0,0,0,0,0,0,0,0,1,0,0,0,0,0,,,,,,,,,,,,,,,,,,,,,,6197.0,,,,,1478.1,,,,1.00131,1.00131,282.47,,,21.8100,,0.0,,0.4195,22.0000,11.3,11.3,11.3,11.3,11.3,11.3,,,,,,,,,,,,,3.934,0.300,3.943,3.550,3.926,,,,,,,,3.539,0.0,0.0,0.0,0.0,0.0,18.688,14.656,,0.0,0.7847,38.465,32.245,32.245,38.465,6.300,0.000,,,,,0.99976,,64,,,,,,227.60,,,,,,,227.60,,,,686.1,,,,,,,,,,,1350.5,,,,,,0.414,100.000,,,,,,2595.63,,2601.80,2690.78,,,228.35,116.77,,,,,,,,,,,,,0.414,0.000,64,2,2,,,,,,,,216,0,,,,,,,,,44.980,,128.54,128.49,,,,
430.788,,0,0,0,256,0,0,0,0,0,0,0,0,1,0,0,0,0,0,,,,,,,,,,,,,,,,,,,,,,6205.0,,,,,1478.1,,,,1.00131,1.00131,282.19,,,21.7640,,0.0,,0.4255,22.0000,11.3,11.3,11.3,11.3,11.3,11.3,,,,,,,,,,,,,3.928,0.300,3.943,3.550,3.926,,,,,,,,3.537,0.0,0.0,0.0,0.0,0.0,18.547,14.969,,0.0,0.7864,38.625,32.345,32.345,38.625,7.085,0.000,,,,,1.00006,,64,,,,,,227.20,,,,,,,227.20,,,,686.1,,,,,,,,,,,1352.5,,,,,,0.414,100.000,,,,,,2594.92,,2602.89,2689.61,,,228.35,116.72,,,,,,,,,,,,,0.414,0.000,64,2,2,,,,,,,,216,0,,,,,,,,,44.765,,128.54,128.49,,,,
430.797,,0,0,0,256,0,0,0,0,0,0,0,0,1,0,0,0,0,0,,,,,,,,,,,,,,,,,,,,,,6221.0,,,,,1474.2,,,,1.00131,1.00131,282.38,,,21.8580,,0.0,,0.4140,22.0000,11.3,11.3,11.3,11.3,11.3,11.3,,,,,,,,,,,,,3.928,0.300,3.943,3.550,3.922,,,,,,,,3.548,0.0,0.0,0.0,0.0,0.0,18.609,14.719,,0.0,0.7881,38.725,32.300,32.300,38.725,6.300,0.000,,,,,1.00037,,64,,,,,,227.30,,,,,,,227.30,,,,686.5,,,,,,,,,,,1358.8,,,,,,0.414,100.000,,,,,,2595.86,,2601.80,2694.06,,,228.00,116.81,,,,,,,,,,,,,0.414,0.000,64,2,2,,,,,,,,216,0,,,,,,,,,45.709,,128.64,128.78,,,,
430.807,,0,0,0,256,0,0,0,0,0,0,0,0,1,0,0,0,0,0,,,,,,,,,,,,,,,,,,,,,,6237.0,,,,,1474.2,,,,1.00131,1.00131,281.58,,,21.8860,,0.0,,0.4105,22.0000,11.3,11.3,11.3,11.3,11.3,11.3,,,,,,,,,,,,,3.950,0.300,3.943,3.550,3.922,,,,,,,,3.502,0.0,0.0,0.0,0.0,0.0,18.469,14.969,,0.0,0.7869,38.680,32.840,32.840,38.680,6.335,0.000,,,,,1.00077,,64,,,,,,226.64,,,,,,,226.64,,,,686.5,,,,,,,,,,,1358.4,,,,,,0.410,100.000,,,,,,2595.47,,2606.02,2684.06,,,228.00,115.31,,,,,,,,,,,,,0.410,0.000,64,2,2,,,,,,,,216,0,,,,,,,,,45.024,,128.64,128.78,,,,
430.823,,0,0,0,256,0,0,0,0,0,0,0,0,1,0,0,0,0,0,,,,,,,,,,,,,,,,,,,,,,6258.5,,,,,1480.0,,,,1.00131,1.00131,281.11,,,21.8860,,0.0,,0.4110,22.0000,11.3,11.3,12.0,12.0,11.3,12.0,,,,,,,,,,,,,3.921,0.300,3.943,3.550,3.927,,,,,,,,3.495,0.0,0.0,0.0,0.0,0.0,18.531,14.703,,0.0,0.7861,39.220,32.440,32.440,38.880,5.540,0.000,,,,,1.00080,,64,,,,,,226.24,,,,,,,226.24,,,,686.0,,,,,,,,,,,1363.2,,,,,,0.410,100.000,,,,,,2595.16,,2597.58,2688.67,,,227.86,115.08,,,,,,,,,,,,,0.410,0.000,64,2,2,,,,,,,,216,0,,,,,,,,,45.015,,128.58,128.68,,,,
430.840,11.3,0,0,0,256,0,0,0,0,0,0,0,0,1,0,0,0,0,0,992.0,992.0,999.9,10.1,0.0,0.0,0.03,1,0,0.996,0.996,0.0,0.0,4.218,-0.02,1000.0,1000.0,1000.0,1056.5,1000.0,962.05,6268.0,54.060,505.0,0.0,10.1,1483.7,0.02994,0.00,0.00,1.00131,1.00131,280.69,3,47.0,21.9240,0.2660,0.0,62.5,0.4065,22.0000,12.0,12.0,12.0,12.0,12.0,12.0,11.3,2.3,0.00,0.00000,0,0,0,1,98,98,98,98,3.914,0.300,3.921,3.492,3.918,992.0,1000.0,1000.0,992.0,1000.0,0.0,18.74,3.492,0.0,0.0,0.0,0.0,0.0,18.547,14.766,0.0,0.0,0.7861,39.005,32.810,32.810,39.005,6.335,0.000,0.7813,0.7813,0.0000,1173.8,1.00089,0.103851,64,45.515,1056.5,0.0,1000.0,1000.0,226.29,237.40,598.5,0.99942,1535.98,400.01,0.99939,226.29,400.01,237.38,237.38,684.9,-200.0,62.6,62.57,62.576,1996.3,647.2,750.0,847.1,401.29,0.0,1361.3,60.230,0.0,0,992.0,992.0,0.410,100.000,922.97,0,2.1858,0.563,1012.97,2594.69,90.00,2599.69,2689.77,2683.98,94.59,227.81,114.66,356.25,390.75,99.6,0,27.95,31.5,94.5,66.0,37,0,89.73,23.3,0.410,0.000,64,2,2,992.0,1056.4,992.0,992.0,1000.0,1056.4,598.3,216,0,59.857,59.857,1000.0,2000.0,61.702,99.098,100.000,59.767,45.154,12.6,129.13,128.88,127.70,127.99,0.0,0.31
430.848,,0,0,0,256,0,0,0,0,0,0,0,0,1,0,0,0,0,0,,,,,,,,,,,,,,,,,,,,,,6263.0,,,,,1483.7,,,,1.00131,1.00131,281.11,,,21.9700,,0.0,,0.4010,22.0000,12.0,12.0,12.0,12.0,12.0,12.0,,,,,,,,,,,,,3.914,0.300,3.921,3.492,3.918,,,,,,,,3.504,0.0,0.0,0.0,0.0,0.0,18.656,14.813,,0.0,0.7888,39.190,32.670,32.670,39.190,6.335,0.000,,,,,1.00101,,64,,,,,,226.31,,,,,,,226.31,,,,684.9,,,,,,,,,,,1362.5,,,,,,0.410,100.000,,,,,,2595.00,,2605.00,2691.64,,,227.81,115.03,,,,,,,,,,,,,0.410,0.000,64,2,2,,,,,,,,216,0,,,,,,,,,45.340,,129.13,128.88,,,,
430.857,,0,0,0,256,0,0,0,0,0,0,0,0,1,0,0,0,0,0,,,,,,,,,,,,,,,,,,,,,,6286.0,,,,,1484.0,,,,1.00131,1.00131,281.48,,,21.9700,,0.0,,0.4010,22.0000,12.0,12.0,12.0,12.0,12.0,12.0,,,,,,,,,,,,,3.918,0.300,3.921,3.492,3.918,,,,,,,,3.519,0.0,0.0,0.0,0.0,0.0,18.688,14.859,,0.0,0.7900,39.050,33.115,33.115,39.050,6.365,0.000,,,,,1.00162,,64,,,,,,226.27,,,,,,,226.27,,,,684.8,,,,,,,,,,,1363.7,,,,,,0.410,100.000,,,,,,2595.55,,2601.80,2684.06,,,227.44,115.31,,,,,,,,,,,,,0.410,0.000,64,2,2,,,,,,,,216,0,,,,,,,,,45.525,,129.53,129.78,,,,
430.868,,0,0,0,256,0,0,0,0,0,0,0,0,1,0,0,0,0,0,,,,,,,,,,,,,,,,,,,,,,6291.0,,,,,1484.0,,,,1.00131,1.00131,281.25,,,22.0280,,0.0,,0.3940,22.0000,12.0,12.0,12.0,12.0,12.0,12.0,,,,,,,,,,,,,3.918,0.300,3.921,3.492,3.918,,,,,,,,3.516,0.0,0.0,0.0,0.0,0.0,18.828,14.875,,0.0,0.7930,39.495,32.800,32.800,39.255,5.570,0.000,,,,,1.00208,,64,,,,,,226.01,,,,,,,226.01,,,,684.8,,,,,,,,,,,1362.7,,,,,,0.410,100.000,,,,,,2596.72,,2608.13,2690.78,,,227.44,115.22,,,,,,,,,,,,,0.410,0.000,64,2,2,,,,,,,,216,0,,,,,,,,,45.415,,129.53,129.78,,,,
430.877,,0,0,0,256,0,0,0,0,0,0,0,0,1,0,0,0,0,0,,,,,,,,,,,,,,,,,,,,,,6281.5,,,,,1486.9,,,,1.00131,1.00131,281.53,,,21.9240,,0.0,,0.4070,22.0000,12.0,12.0,12.0,12.0,12.0,12.0,,,,,,,,,,,,,3.912,0.300,3.921,3.492,3.918,,,,,,,,3.523,0.0,0.0,0.0,0.0,0.0,18.875,14.859,,0.0,0.7913,39.180,33.080,33.080,39.180,6.365,0.000,,,,,1.00272,,64,,,,,,226.01,,,,,,,226.01,,,,682.8,,,,,,,,,,,1361.2,,,,,,0.410,100.000,,,,,,2596.56,,2602.89,2688.83,,,227.30,115.36,,,,,,,,,,,,,0.410,0.000,64,2,2,,,,,,,,216,0,,,,,,,,,44.824,,129.42,129.38,,,,
430.887,,0,0,0,256,0,0,0,0,0,0,0,0,1,0,0,0,0,0,,,,,,,,,,,,,,,,,,,,,,6284.5,,,,,1486.9,,,,1.00131,1.00131,281.91,,,21.9420,,0.0,,0.4045,22.0000,12.0,12.0,12.0,12.0,12.0,12.0,,,,,,,,,,,,,3.912,0.300,3.921,3.492,3.918,,,,,,,,3.529,0.0,0.0,0.0,0.0,0.0,18.984,14.813,,0.0,0.7927,39.460,33.000,33.000,39.385,6.365,0.000,,,,,1.00287,,64,,,,,,226.22,,,,,,,226.22,,,,682.8,,,,,,,,,,,1366.6,,,,,,0.410,100.000,,,,,,2597.97,,2606.02,2689.30,,,227.30,115.50,,,,,,,,,,,,,0.410,0.000,64,2,2,,,,,,,,216,0,,,,,,,,,45.544,,129.42,129.38,,,,
430.897,,0,0,0,256,0,0,0,0,0,0,0,0,1,0,0,0,0,0,,,,,,,,,,,,,,,,,,,,,,6302.5,,,,,1488.2,,,,1.00131,1.00131,281.58,,,21.9420,,0.0,,0.4045,22.0000,12.0,12.0,12.0,12.0,12.0,12.0,,,,,,,,,,,,,3.925,0.300,3.921,3.492,3.919,,,,,,,,3.534,0.0,0.0,0.0,0.0,0.0,19.031,14.781,,0.0,0.7886,39.380,33.015,33.015,39.380,6.365,0.000,,,,,1.00345,,64,,,,,,225.94,,,,,,,225.94,,,,681.9,,,,,,,,,,,1366.1,,,,,,0.410,100.000,,,,,,2598.20,,2602.89,2688.98,,,227.06,115.36,,,,,,,,,,,,,0.410,0.000,64,2,2,,,,,,,,216,0,,,,,,,,,45.749,,130.33,130.08,,,,
430.907,,0,0,0,256,0,0,0,0,0,0,0,0,1,0,0,0,0,0,,,,,,,,,,,,,,,,,,,,,,6307.5,,,,,1488.2,,,,1.00131,1.00131,281.67,,,21.8100,,0.0,,0.4215,22.0000,12.0,12.0,12.0,12.0,12.0,12.0,,,,,,,,,,,,,3.925,0.300,3.921,3.492,3.919,,,,,,,,3.535,0.0,0.0,0.0,0.0,0.0,19.172,14.750,,0.0,0.7920,39.395,33.230,33.230,39.395,5.600,0.000,,,,,1.00314,,64,,,,,,226.13,,,,,,,226.13,,,,681.9,,,,,,,,,,,1373.7,,,,,,0.410,100.000,,,,,,2600.16,,2609.22,2683.98,,,227.06,115.41,,,,,,,,,,,,,0.410,0.000,64,2,2,,,,,,,,216,0,,,,,,,,,45.744,,130.33,130.08,,,,
430.921,,0,0,0,256,0,0,0,0,0,0,0,0,1,0,0,0,0,0,,,,,,,,,,,,,,,,,,,,,,6314.5,,,,,1493.4,,,,1.00131,1.00131,281.20,,,21.9140,,0.0,,0.4085,22.0000,12.0,12.0,12.0,12.0,12.0,12.0,,,,,,,,,,,,,3.934,0.300,3.921,3.492,3.919,,,,,,,,3.537,0.0,0.0,0.0,0.0,0.0,19.266,14.766,,0.0,0.7910,39.610,33.020,33.020,39.580,6.400,0.000,,,,,1.00394,,64,,,,,,225.49,,,,,,,225.49,,,,681.4,,,,,,,,,,,1367.2,,,,,,0.410,100.000,,,,,,2599.22,,2599.69,2687.34,,,226.41,115.22,,,,,,,,,,,,,0.410,0.000,64,2,2,,,,,,,,216,0,,,,,,,,,44.994,,130.44,130.59,,,,
430.930,,0,0,0,256,0,0,0,0,0,0,0,0,1,0,0,0,0,0,,,,,,,,,,,,,,,,,,,,,,6322.5,,,,,1493.4,,,,1.00131,1.00131,281.39,,,21.8860,,0.0,,0.4125,22.0000,12.0,12.0,12.0,12.0,12.0,12.0,,,,,,,,,,,,,3.934,0.300,3.919,3.539,3.919,,,,,,,,3.539,0.0,0.0,0.0,0.0,0.0,19.438,14.797,,0.0,0.7954,39.400,33.160,33.160,39.400,6.400,0.000,,,,,1.00406,,64,,,,,,225.61,,,,,,,225.61,,,,681.4,,,,,,,,,,,1370.4,,,,,,0.410,100.000,,,,,,2600.55,,2606.02,2689.30,,,226.41,115.31,,,,,,,,,,,,,0.410,0.000,64,2,2,,,,,,,,216,0,,,,,,,,,45.979,,130.44,130.59,,,,
430.944,,0,0,0,256,0,0,0,0,0,0,0,0,1,0,0,0,0,0,,,,,,,,,,,,,,,,,,,,,,6317.5,,,,,1490.3,,,,1.00131,1.00131,281.30,,,21.9320,,0.0,,0.4070,22.0000,12.0,12.0,12.0,12.0,12.0,12.0,,,,,,,,,,,,,3.925,0.300,3.919,3.539,3.934,,,,,,,,3.542,0.0,0.0,0.0,0.0,0.0,19.531,15.094,,0.0,0.7925,39.540,33.245,33.245,39.540,7.200,0.000,,,,,1.00507,,64,,,,,,225.33,,,,,,,225.33,,,,680.5,,,,,,,,,,,1360.6,,,,,,0.410,100.000,,,,,,2598.44,,2598.67,2688.83,,,225.89,115.27,,,,,,,,,,,,,0.410,0.000,64,2,2,,,,,,,,216,0,,,,,,,,,45.799,,130.28,130.13,,,,
430.958,12.0,0,0,0,256,0,0,0,0,0,0,0,0,1,0,0,0,0,0,992.2,992.2,999.9,10.0,0.0,0.0,0.03,1,0,0.996,0.996,0.0,0.0,4.000,0.03,1000.0,1000.0,1000.0,1055.8,1000.0,963.55,6327.5,54.072,503.6,0.0,10.0,1493.7,0.02998,0.00,0.00,1.00131,1.00131,280.92,3,47.0,21.9320,0.0300,0.0,61.8,0.4075,22.0000,12.0,12.0,12.0,12.0,12.0,12.0,12.0,2.3,0.00,0.00015,0,0,0,1,98,98,98,98,3.928,0.300,3.919,3.539,3.928,992.2,1000.0,1000.0,992.2,1000.0,0.0,18.74,3.542,0.0,0.0,0.0,0.0,0.0,19.672,15.094,0.0,0.0,0.7888,39.605,33.435,33.435,39.605,7.235,0.000,0.7813,0.7813,0.0000,1186.3,1.00595,0.103270,64,45.340,1055.8,0.0,1000.0,1000.0,224.74,236.20,598.5,0.99942,1535.98,400.01,0.99939,224.74,400.01,236.18,236.18,680.2,-200.0,65.1,63.20,63.205,2004.5,656.4,750.0,856.3,403.59,0.0,1362.2,59.985,0.0,0,992.2,992.2,0.410,100.000,922.97,0,2.1844,0.566,1012.97,2596.64,90.00,2605.00,2684.06,2691.64,92.81,225.56,115.13,357.75,390.75,99.6,0,28.05,31.5,94.5,65.3,37,0,89.73,23.3,0.410,0.000,64,2,2,992.2,1055.1,992.2,992.2,1000.0,1055.1,598.8,216,0,59.853,59.853,1000.0,2000.0,61.423,99.118,100.000,59.818,46.024,12.6,131.05,131.25,129.42,129.57,0.0,0.98
430.968,,0,0,0,256,0,0,0,0,0,0,0,0,1,0,0,0,0,0,,,,,,,,,,,,,,,,,,,,,,6334.5,,,,,1493.7,,,,1.00131,1.00131,280.83,,,22.0080,,0.0,,0.3980,22.0000,12.8,12.8,12.8,12.0,12.0,12.8,,,,,,,,,,,,,3.928,0.300,3.919,3.539,3.912,,,,,,,,3.539,0.0,0.0,0.0,0.0,0.0,19.797,14.797,,0.0,0.7930,39.815,33.250,33.250,39.815,5.625,0.000,,,,,1.00537,,64,,,,,,224.79,,,,,,,224.79,,,,680.2,,,,,,,,,,,1367.4,,,,,,0.410,100.000,,,,,,2596.64,,2602.89,2688.44,,,225.56,115.03,,,,,,,,,,,,,0.410,0.000,64,2,2,,,,,,,,216,0,,,,,,,,,46.840,,131.05,131.25,,,,
430.978,,0,0,0,256,0,0,0,0,0,0,0,0,1,0,0,0,0,0,,,,,,,,,,,,,,,,,,,,,,6349.5,,,,,1492.6,,,,1.00131,1.00131,280.55,,,21.9040,,0.0,,0.4110,22.0000,12.8,12.8,12.8,12.8,12.8,12.8,,,,,,,,,,,,,3.912,0.300,3.919,3.539,3.912,,,,,,,,3.545,0.0,0.0,0.0,0.0,0.0,19.766,15.063,,0.0,0.7905,39.630,33.440,33.440,39.630,7.235,0.000,,,,,1.00629,,64,,,,,,224.37,,,,,,,224.37,,,,679.5,,,,,,,,,,,1364.7,,,,,,0.410,100.000,,,,,,2595.78,,2603.91,2688.36,,,225.09,114.98,,,,,,,,,,,,,0.410,0.000,64,2,2,,,,,,,,216,0,,,,,,,,,45.439,,130.84,130.89,,,,
430.987,,0,0,0,256,0,0,0,0,0,0,0,0,1,0,0,0,0,0,,,,,,,,,,,,,,,,,,,,,,6371.5,,,,,1492.6,,,,1.00131,1.00131,280.55,,,21.9320,,0.0,,0.4075,22.0000,12.8,12.8,12.8,12.8,12.8,12.8,,,,,,,,,,,,,3.912,0.300,3.919,3.539,3.908,,,,,,,,3.545,0.0,0.0,0.0,0.0,0.0,19.891,14.797,,0.0,0.7937,39.820,33.435,33.435,39.820,6.430,0.000,,,,,1.00619,,64,,,,,,224.37,,,,,,,224.37,,,,679.5,,,,,,,,,,,1372.0,,,,,,0.410,100.000,,,,,,2595.78,,2603.91,2690.86,,,225.09,114.98,,,,,,,,,,,,,0.410,0.000,64,2,2,,,,,,,,215,0,,,,,,,,,46.864,,130.84,130.89,,,,
430.997,,0,0,0,256,0,0,0,0,0,0,0,0,1,0,0,0,0,0,,,,,,,,,,,,,,,,,,,,,,6368.0,,,,,1493.2,,,,1.00131,1.00131,280.45,,,21.8280,,0.0,,0.4210,22.0000,12.8,12.8,12.8,12.8,12.8,12.8,,,,,,,,,,,,,3.904,0.300,3.919,3.539,3.908,,,,,,,,3.550,0.0,0.0,0.0,0.0,0.0,19.844,15.078,,0.0,0.7891,39.815,33.545,33.545,39.815,7.235,0.000,,,,,1.00708,,64,,,,,,224.06,,,,,,,224.06,,,,679.9,,,,,,,,,,,1365.1,,,,,,0.410,100.000,,,,,,2595.78,,2603.91,2696.09,,,224.51,114.94,,,,,,,,,,,,,0.410,0.000,64,2,2,,,,,,,,215,0,,,,,,,,,46.249,,131.29,130.95,,,,
431.007,,0,0,0,256,0,0,0,0,0,0,0,0,1,0,0,0,0,0,,,,,,,,,,,,,,,,,,,,,,6385.0,,,,,1493.2,,,,1.00131,1.00131,280.27,,,21.9040,,0.0,,0.4115,22.0000,12.8,12.8,12.8,12.8,12.8,12.8,,,,,,,,,,,,,3.909,0.300,3.919,3.539,3.914,,,,,,,,3.550,0.0,0.0,0.0,0.0,0.0,19.984,14.844,,0.0,0.7876,39.925,34.025,34.025,39.925,7.270,0.000,,,,,1.00680,,64,,,,,,223.88,,,,,,,223.88,,,,679.9,,,,,,,,,,,1373.5,,,,,,0.410,100.000,,,,,,2595.78,,2593.36,2683.91,,,224.51,114.94,,,,,,,,,,,,,0.410,0.000,64,2,2,,,,,,,,215,0,,,,,,,,,47.049,,131.29,130.95,,,,
431.021,,0,0,0,256,0,0,0,0,0,0,0,0,1,0,0,0,0,0,,,,,,,,,,,,,,,,,,,,,,6374.5,,,,,1495.6,,,,1.00131,1.00131,280.27,,,21.9620,,0.0,,0.4040,22.0000,12.8,12.8,12.8,12.8,12.8,12.8,,,,,,,,,,,,,3.909,0.300,3.919,3.539,3.914,,,,,,,,3.552,0.0,0.0,0.0,0.0,0.0,19.922,15.141,,0.0,0.7842,40.405,33.480,33.480,40.180,6.460,0.000,,,,,1.00677,,64,,,,,,223.85,,,,,,,223.85,,,,679.4,,,,,,,,,,,1369.5,,,,,,0.410,100.000,,,,,,2595.39,,2601.80,2685.31,,,223.64,114.94,,,,,,,,,,,,,0.410,0.000,64,2,2,,,,,,,,215,0,,,,,,,,,47.194,,131.86,132.13,,,,
431.030,,0,0,0,256,0,0,0,0,0,0,0,0,1,0,0,0,0,0,,,,,,,,,,,,,,,,,,,,,,6393.5,,,,,1495.6,,,,1.00131,1.00131,280.13,,,21.8660,,0.0,,0.4165,22.0000,12.8,12.8,12.8,12.8,12.8,12.8,,,,,,,,,,,,,3.908,0.300,3.908,3.550,3.909,,,,,,,,3.550,0.0,0.0,0.0,0.0,0.0,20.016,14.859,,0.0,0.7859,39.860,33.545,33.545,39.860,6.460,0.000,,,,,1.00644,,64,,,,,,223.78,,,,,,,223.78,,,,679.4,,,,,,,,,,,1374.0,,,,,,0.410,100.000,,,,,,2595.63,,2597.58,2685.00,,,223.64,114.89,,,,,,,,,,,,,0.410,0.000,64,2,2,,,,,,,,215,0,,,,,,,,,46.639,,131.86,132.13,,,,
431.044,,0,0,0,256,0,0,0,0,0,0,0,0,1,0,0,0,0,0,,,,,,,,,,,,,,,,,,,,,,6402.0,,,,,1496.8,,,,1.00131,1.00131,279.94,,,21.9900,,0.0,,0.4010,22.0000,12.8,12.8,12.8,12.8,12.8,12.8,,,,,,,,,,,,,3.908,0.300,3.908,3.550,3.909,,,,,,,,3.551,0.0,0.0,0.0,0.0,0.0,20.078,14.859,,0.0,0.7859,39.925,33.525,33.525,39.925,6.460,0.000,,,,,1.00677,,64,,,,,,223.59,,,,,,,223.59,,,,679.8,,,,,,,,,,,1372.5,,,,,,0.410,100.000,,,,,,2595.94,,2600.78,2687.50,,,223.88,114.80,,,,,,,,,,,,,0.410,0.000,64,2,2,,,,,,,,215,0,,,,,,,,,46.320,,131.77,132.13,,,,
431.057,12.0,0,0,0,256,0,0,0,0,0,0,0,0,1,0,0,0,0,0,992.2,992.2,999.9,10.0,0.0,0.0,0.03,1,0,0.996,0.996,0.0,0.0,4.093,0.03,1000.0,1000.0,1000.0,1054.5,1000.0,962.36,6415.5,54.180,504.2,0.0,10.0,1497.7,0.03015,0.00,0.00,1.00131,1.00131,279.80,3,47.0,22.0080,0.0680,0.0,61.8,0.3995,22.0000,12.8,12.8,12.8,12.8,12.8,12.8,12.0,2.3,0.00,0.00021,0,0,0,1,98,98,98,98,3.912,0.300,3.908,3.550,3.913,992.2,1000.0,1000.0,992.2,1000.0,0.0,18.74,3.550,0.0,0.0,0.0,0.0,0.0,19.969,14.828,0.0,0.0,0.7871,40.020,33.930,33.930,40.020,6.460,0.000,0.7813,0.7813,0.0000,1201.7,1.00677,0.102619,64,46.025,1054.5,0.0,1000.0,1000.0,223.45,234.07,597.2,0.99942,1535.98,400.01,0.99939,223.45,400.01,234.05,234.05,680.5,-200.0,69.8,64.57,64.580,2031.8,674.5,750.0,874.4,406.60,0.0,1375.1,59.721,0.0,0,992.2,992.2,0.410,100.000,922.97,0,2.1848,0.570,1012.97,2596.41,90.00,2603.91,2683.98,2684.06,92.16,223.76,114.75,357.75,390.75,99.2,0,28.14,31.5,94.5,65.3,37,0,89.33,23.3,0.410,0.000,64,2,2,992.2,1054.2,992.2,992.2,1000.0,1054.2,597.6,215,0,59.724,59.401,1000.0,2000.0,61.288,99.118,100.000,59.699,47.174,12.6,132.34,132.07,130.69,130.28,0.0,1.33
431.067,,0,0,0,256,0,0,0,0,0,0,0,0,1,0,0,0,0,0,,,,,,,,,,,,,,,,,,,,,,6426.0,,,,,1497.7,,,,1.00131,1.00131,279.52,,,21.9620,,0.0,,0.4050,22.0000,12.8,12.8,12.8,12.8,12.8,12.8,,,,,,,,,,,,,3.912,0.300,3.908,3.550,3.912,,,,,,,,3.546,0.0,0.0,0.0,0.0,0.0,19.906,14.875,,0.0,0.7844,40.310,33.755,33.755,40.245,6.460,0.000,,,,,1.00720,,64,,,,,,223.20,,,,,,,223.20,,,,680.5,,,,,,,,,,,1376.0,,,,,,0.410,100.000,,,,,,2595.70,,2597.58,2685.94,,,223.76,114.61,,,,,,,,,,,,,0.410,0.000,64,2,2,,,,,,,,215,0,,,,,,,,,46.480,,132.34,132.07,,,,
431.077,,0,0,0,256,0,0,0,0,0,0,0,0,1,0,0,0,0,0,,,,,,,,,,,,,,,,,,,,,,6426.0,,,,,1500.7,,,,1.00131,1.00131,279.75,,,21.9420,,0.0,,0.4075,22.0000,12.8,12.8,12.8,12.8,12.8,12.8,,,,,,,,,,,,,3.912,0.300,3.908,3.550,3.912,,,,,,,,3.544,0.0,0.0,0.0,0.0,0.0,19.906,14.938,,0.0,0.7869,40.135,33.845,33.845,40.135,6.460,0.000,,,,,1.00696,,64,,,,,,223.38,,,,,,,223.38,,,,679.9,,,,,,,,,,,1381.0,,,,,,0.410,100.000,,,,,,2597.58,,2603.91,2686.88,,,223.38,114.70,,,,,,,,,,,,,0.410,0.000,64,2,2,,,,,,,,215,0,,,,,,,,,46.704,,132.64,132.97,,,,
431.087,,0,0,0,256,0,0,0,0,0,0,0,0,1,0,0,0,0,0,,,,,,,,,,,,,,,,,,,,,,6422.5,,,,,1500.7,,,,1.00131,1.00131,279.84,,,21.9240,,0.0,,0.4100,22.0000,12.8,12.8,12.8,12.8,12.8,12.8,,,,,,,,,,,,,3.900,0.300,3.908,3.550,3.900,,,,,,,,3.545,0.0,0.0,0.0,0.0,0.0,19.781,14.953,,0.0,0.7817,40.225,33.885,33.885,40.225,7.270,0.000,,,,,1.00732,,64,,,,,,223.41,,,,,,,223.41,,,,679.9,,,,,,,,,,,1376.6,,,,,,0.410,100.000,,,,,,2596.64,,2596.56,2686.02,,,223.38,114.75,,,,,,,,,,,,,0.410,0.000,64,2,2,,,,,,,,215,0,,,,,,,,,46.594,,132.64,132.97,,,,
431.099,,0,0,0,256,0,0,0,0,0,0,0,0,1,0,0,0,0,0,,,,,,,,,,,,,,,,,,,,,,6433.0,,,,,1501.4,,,,1.00131,1.00131,279.89,,,22.0180,,0.0,,0.3980,22.0000,12.8,12.8,12.8,12.8,12.8,12.8,,,,,,,,,,,,,3.900,0.300,3.908,3.550,3.906,,,,,,,,3.552,0.0,0.0,0.0,0.0,0.0,19.766,14.719,,0.0,0.7847,40.265,33.845,33.845,40.265,6.460,0.000,,,,,1.00674,,64,,,,,,223.57,,,,,,,223.57,,,,679.9,,,,,,,,,,,1382.4,,,,,,0.410,100.000,,,,,,2598.59,,2600.78,2685.94,,,224.16,114.80,,,,,,,,,,,,,0.410,0.000,64,2,2,,,,,,,,215,0,,,,,,,,,47.495,,132.49,132.55,,,,
431.107,,0,0,0,256,0,0,0,0,0,0,0,0,1,0,0,0,0,0,,,,,,,,,,,,,,,,,,,,,,6446.5,,,,,1501.4,,,,1.00131,1.00131,279.89,,,21.9620,,0.0,,0.4050,22.0000,12.8,12.8,12.8,12.8,12.8,12.8,,,,,,,,,,,,,3.907,0.300,3.908,3.550,3.906,,,,,,,,3.552,0.0,0.0,0.0,0.0,0.0,19.563,15.000,,0.0,0.7810,40.225,34.040,34.040,40.225,6.495,0.000,,,,,1.00711,,64,,,,,,223.50,,,,,,,223.50,,,,679.9,,,,,,,,,,,1380.6,,,,,,0.410,100.000,,,,,,2597.89,,2597.58,2683.98,,,224.16,114.80,,,,,,,,,,,,,0.410,0.000,64,2,2,,,,,,,,215,0,,,,,,,,,46.724,,132.49,132.55,,,,
431.120,,0,0,0,256,0,0,0,0,0,0,0,0,1,0,0,0,0,0,,,,,,,,,,,,,,,,,,,,,,6457.0,,,,,1509.1,,,,1.00131,1.00131,280.50,,,21.9620,,0.0,,0.4050,22.0000,12.8,12.8,12.8,12.8,12.8,12.8,,,,,,,,,,,,,3.907,0.300,3.908,3.550,3.909,,,,,,,,3.559,0.0,0.0,0.0,0.0,0.0,19.563,14.766,,0.0,0.7842,40.420,33.950,33.950,40.420,6.495,0.000,,,,,1.00665,,64,,,,,,224.04,,,,,,,224.04,,,,680.6,,,,,,,,,,,1388.3,,,,,,0.410,100.000,,,,,,2598.83,,2601.80,2680.94,,,224.67,115.03,,,,,,,,,,,,,0.410,0.000,64,2,2,,,,,,,,215,0,,,,,,,,,46.719,,133.34,133.02,,,,
431.131,,0,0,0,256,0,0,0,0,0,0,0,0,1,0,0,0,0,0,,,,,,,,,,,,,,,,,,,,,,6446.5,,,,,1509.1,,,,1.00131,1.00131,280.64,,,22.0080,,0.0,,0.3995,22.0000,12.8,12.8,12.8,12.8,12.8,12.8,,,,,,,,,,,,,3.909,0.300,3.905,3.559,3.909,,,,,,,,3.560,0.0,0.0,0.0,0.0,0.0,19.359,15.063,,0.0,0.7815,40.330,33.805,33.805,40.330,6.495,0.000,,,,,1.00705,,64,,,,,,224.13,,,,,,,224.13,,,,680.6,,,,,,,,,,,1382.2,,,,,,0.410,100.000,,,,,,2597.42,,2606.02,2679.61,,,224.67,115.08,,,,,,,,,,,,,0.410,0.000,64,2,2,,,,,,,,215,0,,,,,,,,,46.915,,133.34,133.02,,,,
431.148,12.8,0,0,0,256,0,0,0,0,0,0,0,0,1,0,0,0,0,0,992.2,992.2,999.9,10.0,0.0,0.0,0.03,1,0,0.996,0.996,0.0,0.0,4.218,0.00,1000.0,1000.0,1000.0,1053.6,1000.0,963.34,6446.5,54.180,505.5,0.0,10.0,1514.8,0.03019,0.00,0.00,1.00131,1.00131,280.64,3,47.0,22.0460,-0.0080,0.0,61.3,0.3950,22.0000,12.8,12.8,12.8,12.8,12.8,12.8,12.8,2.3,0.00,0.00021,0,0,0,1,98,98,98,98,3.911,0.300,3.905,3.559,3.911,992.2,1000.0,1000.0,992.2,1000.0,0.0,18.74,3.555,0.0,0.0,0.0,0.0,0.0,19.219,15.219,0.0,0.0,0.7830,40.125,33.640,33.640,40.125,5.680,0.000,0.7813,0.7813,0.0000,1207.7,1.00732,0.102171,64,47.175,1053.6,0.0,1000.0,1000.0,224.02,232.50,594.7,0.99942,1535.98,400.01,0.99939,224.02,400.01,232.48,232.48,680.0,-200.0,69.5,64.67,64.671,2040.0,675.7,750.0,875.6,409.49,0.0,1386.3,59.479,0.0,0,992.2,992.2,0.410,100.000,922.97,0,2.1849,0.574,1012.97,2596.41,90.00,2606.02,2678.36,2683.98,91.64,225.21,115.08,359.25,390.75,99.6,0,28.14,31.5,94.5,65.3,37,0,89.33,23.3,0.410,0.000,64,2,2,992.2,1053.2,992.2,992.2,1000.0,1053.2,594.7,215,0,59.477,59.477,1000.0,2000.0,61.076,99.118,100.000,59.409,45.865,12.6,133.34,133.61,132.28,132.71,0.0,0.70
431.158,,0,0,0,256,0,0,0,0,0,0,0,0,1,0,0,0,0,0,,,,,,,,,,,,,,,,,,,,,,6464.0,,,,,1511.8,,,,1.00131,1.00131,280.55,,,21.9320,,0.0,,0.4095,22.0000,12.8,12.8,12.8,12.8,12.8,12.8,,,,,,,,,,,,,3.879,0.300,3.905,3.559,3.877,,,,,,,,3.592,0.0,0.0,0.0,0.0,0.0,19.281,15.031,,0.0,0.7856,40.020,33.830,33.830,40.020,5.710,0.000,,,,,1.00702,,64,,,,,,224.02,,,,,,,224.02,,,,680.0,,,,,,,,,,,1390.8,,,,,,0.414,100.000,,,,,,2596.33,,2600.78,2684.06,,,225.02,116.11,,,,,,,,,,,,,0.414,0.000,64,2,2,,,,,,,,215,0,,,,,,,,,45.804,,133.44,133.28,,,,
431.168,,0,0,0,256,0,0,0,0,0,0,0,0,1,0,0,0,0,0,,,,,,,,,,,,,,,,,,,,,,6469.0,,,,,1511.8,,,,1.00131,1.00131,280.78,,,22.0940,,0.0,,0.3885,22.0000,12.8,12.8,12.8,12.8,12.8,12.8,,,,,,,,,,,,,3.879,0.300,3.905,3.559,3.877,,,,,,,,3.596,0.0,0.0,0.0,0.0,0.0,19.281,15.047,,0.0,0.7844,40.210,34.095,34.095,40.210,5.710,0.000,,,,,1.00735,,64,,,,,,224.11,,,,,,,224.11,,,,680.0,,,,,,,,,,,1394.7,,,,,,0.414,100.000,,,,,,2597.11,,2606.02,2682.81,,,225.02,116.25,,,,,,,,,,,,,0.414,0.000,64,2,2,,,,,,,,215,0,,,,,,,,,45.729,,133.44,133.28,,,,
431.177,,0,0,0,256,0,0,0,0,0,0,0,0,1,0,0,0,0,0,,,,,,,,,,,,,,,,,,,,,,6492.0,,,,,1521.6,,,,1.00131,1.00131,280.92,,,22.0280,,0.0,,0.3970,22.0000,12.8,12.8,12.8,12.8,12.8,12.8,,,,,,,,,,,,,3.879,0.300,3.905,3.559,3.880,,,,,,,,3.596,0.0,0.0,0.0,0.0,0.0,19.156,15.094,,0.0,0.7837,40.475,34.040,34.040,40.415,6.525,0.000,,,,,1.00726,,64,,,,,,224.30,,,,,,,224.30,,,,680.1,,,,,,,,,,,1395.4,,,,,,0.414,100.000,,,,,,2597.58,,2600.78,2682.03,,,225.47,116.25,,,,,,,,,,,,,0.414,0.000,64,2,2,,,,,,,,215,0,,,,,,,,,45.920,,134.14,134.25,,,,
431.187,,0,0,0,256,0,0,0,0,0,0,0,0,1,0,0,0,0,0,,,,,,,,,,,,,,,,,,,,,,6511.5,,,,,1521.6,,,,1.00131,1.00131,281.16,,,22.1700,,0.0,,0.3790,22.0000,12.8,12.8,12.8,12.8,12.8,12.8,,,,,,,,,,,,,3.879,0.300,3.905,3.559,3.880,,,,,,,,3.601,0.0,0.0,0.0,0.0,0.0,19.156,15.125,,0.0,0.7837,40.420,34.005,34.005,40.420,5.710,0.000,,,,,1.00720,,64,,,,,,224.53,,,,,,,224.53,,,,680.1,,,,,,,,,,,1400.7,,,,,,0.414,100.000,,,,,,2597.66,,2607.11,2678.36,,,225.47,116.39,,,,,,,,,,,,,0.414,0.000,64,2,2,,,,,,,,216,0,,,,,,,,,46.939,,134.14,134.25,,,,
431.197,,0,0,0,256,0,0,0,0,0,0,0,0,1,0,0,0,0,0,,,,,,,,,,,,,,,,,,,,,,6522.0,,,,,1532.1,,,,1.00131,1.00131,281.02,,,22.0000,,0.0,,0.4005,22.0000,12.8,13.5,13.5,13.5,13.5,13.5,,,,,,,,,,,,,3.873,0.300,3.905,3.559,3.881,,,,,,,,3.598,0.0,0.0,0.0,0.0,0.0,19.063,15.203,,0.0,0.7842,40.385,33.830,33.830,40.385,5.710,0.000,,,,,1.00726,,64,,,,,,224.77,,,,,,,224.77,,,,679.3,,,,,,,,,,,1402.6,,,,,,0.414,100.000,,,,,,2596.72,,2599.69,2678.13,,,225.35,116.48,,,,,,,,,,,,,0.414,0.000,64,2,2,,,,,,,,216,0,,,,,,,,,46.129,,134.03,134.41,,,,
431.207,,0,0,0,256,0,0,0,0,0,0,0,0,1,0,0,0,0,0,,,,,,,,,,,,,,,,,,,,,,6522.0,,,,,1532.1,,,,1.00131,1.00131,281.63,,,22.1700,,0.0,,0.3785,22.0000,13.5,13.5,13.5,13.5,13.5,13.5,,,,,,,,,,,,,3.873,0.300,3.905,3.559,3.881,,,,,,,,3.571,0.0,0.0,0.0,0.0,0.0,19.063,15.219,,0.0,0.7864,40.210,34.085,34.085,40.210,5.765,0.000,,,,,1.00726,,64,,,,,,224.93,,,,,,,224.93,,,,679.3,,,,,,,,,,,1410.4,,,,,,0.410,100.000,,,,,,2598.36,,2606.02,2684.06,,,225.35,115.45,,,,,,,,,,,,,0.410,0.000,64,2,2,,,,,,,,216,0,,,,,,,,,46.094,,134.03,134.41,,,,
431.219,,0,0,0,256,0,0,0,0,0,0,0,0,1,0,0,0,0,0,,,,,,,,,,,,,,,,,,,,,,6532.5,,,,,1537.2,,,,1.00131,1.00131,279.05,,,22.0000,,0.0,,0.4000,22.0000,13.5,13.5,13.5,13.5,13.5,13.5,,,,,,,,,,,,,4.239,0.300,3.905,3.559,4.237,,,,,,,,3.056,0.0,0.0,0.0,0.0,0.0,19.031,15.297,,0.0,0.7830,40.465,34.375,34.375,40.425,6.590,0.000,,,,,1.00760,,64,,,,,,224.88,,,,,,,224.88,,,,679.0,,,,,,,,,,,1406.5,,,,,,0.359,100.000,,,,,,2596.48,,2596.56,2683.20,,,225.54,98.44,,,,,,,,,,,,,0.359,0.000,64,2,2,,,,,,,,216,0,,,,,,,,,45.975,,134.52,134.19,,,,
431.231,,0,0,0,256,0,0,0,0,0,0,0,0,1,0,0,0,0,0,,,,,,,,,,,,,,,,,,,,,,6543.5,,,,,1537.2,,,,1.00131,1.00131,281.67,,,22.1040,,0.0,,0.3870,22.0000,13.5,13.5,13.5,13.5,13.5,13.5,,,,,,,,,,,,,4.239,0.300,4.237,3.077,4.263,,,,,,,,3.105,0.0,0.0,0.0,0.0,0.0,19.172,15.125,,0.0,0.7842,40.755,34.335,34.335,40.670,5.765,0.000,,,,,1.00723,,64,,,,,,226.24,,,,,,,226.24,,,,679.0,,,,,,,,,,,1413.3,,,,,,0.359,100.000,,,,,,2597.89,,2601.80,2682.42,,,225.54,100.03,,,,,,,,,,,,,0.359,0.000,64,2,2,,,,,,,,216,0,,,,,,,,,47.014,,134.52,134.19,,,,
431.247,12.8,0,0,0,256,0,0,0,0,0,0,0,0,1,0,0,0,0,0,992.0,992.0,999.9,10.0,0.0,0.0,0.03,1,0,0.996,0.996,0.0,0.0,4.250,-0.03,1000.0,1000.0,1000.0,1052.8,1000.0,962.85,6559.5,54.180,506.9,0.0,10.0,1548.3,0.03015,0.00,0.00,1.00131,1.00131,281.77,3,47.0,22.0080,-0.0460,0.0,61.2,0.3990,22.0000,13.5,13.5,13.5,13.5,13.5,13.5,12.8,2.3,0.00,0.00021,0,0,0,1,98,98,98,98,4.263,0.300,4.237,3.077,4.269,992.0,1000.0,1000.0,992.0,1000.0,0.0,18.74,3.112,0.0,0.0,0.0,0.0,0.0,19.188,15.234,0.0,0.0,0.7805,40.680,33.675,33.675,40.680,4.940,0.000,0.7813,0.7813,0.0000,1217.3,1.00610,0.102029,64,45.865,1052.8,0.0,1000.0,1000.0,226.34,232.27,595.7,0.99942,1535.98,400.01,0.99939,226.34,400.01,232.24,232.24,679.6,-200.0,70.0,64.94,64.943,2066.2,679.3,750.0,879.2,401.21,0.0,1424.3,59.782,0.0,0,992.0,992.0,0.359,100.000,922.97,0,2.1851,0.578,1012.97,2596.95,90.00,2601.80,2668.28,2678.36,91.88,226.29,100.22,359.25,390.75,99.6,0,28.26,31.5,94.5,65.3,37,0,89.33,23.3,0.359,0.000,64,2,2,992.0,1052.3,992.0,992.0,1000.0,1052.3,596.2,216,0,59.573,59.573,1000.0,2000.0,61.009,99.098,100.000,59.558,47.304,12.7,135.11,135.37,133.23,133.44,0.0,0.28
431.257,,0,0,0,256,0,0,0,0,0,0,0,0,1,0,0,0,0,0,,,,,,,,,,,,,,,,,,,,,,6554.0,,,,,1548.8,,,,1.00131,1.00131,281.77,,,21.9700,,0.0,,0.4035,22.0000,13.5,13.5,13.5,13.5,13.5,13.5,,,,,,,,,,,,,4.268,0.300,4.237,3.077,4.269,,,,,,,,3.108,0.0,0.0,0.0,0.0,0.0,19.063,15.531,,0.0,0.7786,40.055,33.550,33.550,40.055,5.765,0.000,,,,,1.00656,,64,,,,,,226.24,,,,,,,226.24,,,,679.3,,,,,,,,,,,1415.3,,,,,,0.359,100.000,,,,,,2595.16,,2608.13,2683.98,,,226.45,100.22,,,,,,,,,,,,,0.359,0.000,64,2,2,,,,,,,,216,0,,,,,,,,,45.619,,135.11,135.00,,,,
431.267,,0,0,0,256,0,0,0,0,0,0,0,0,1,0,0,0,0,0,,,,,,,,,,,,,,,,,,,,,,6566.5,,,,,1548.8,,,,1.00131,1.00131,282.05,,,22.1220,,0.0,,0.3840,22.0000,13.5,13.5,13.5,13.5,13.5,13.5,,,,,,,,,,,,,4.279,0.300,4.237,3.077,4.281,,,,,,,,3.123,0.0,0.0,0.0,0.0,0.0,19.156,15.266,,0.0,0.7830,39.930,34.320,34.320,39.930,6.590,0.000,,,,,1.00610,,64,,,,,,226.08,,,,,,,226.08,,,,679.3,,,,,,,,,,,1427.0,,,,,,0.359,100.000,,,,,,2594.53,,2598.67,2684.77,,,226.45,100.69,,,,,,,,,,,,,0.359,0.000,64,2,2,,,,,,,,216,0,,,,,,,,,45.819,,135.11,135.00,,,,
431.277,,0,0,0,256,0,0,0,0,0,0,0,0,1,0,0,0,0,0,,,,,,,,,,,,,,,,,,,,,,6559.5,,,,,1552.8,,,,1.00131,1.00131,282.05,,,22.1780,,0.0,,0.3770,22.0000,13.5,13.5,13.5,13.5,13.5,13.5,,,,,,,,,,,,,4.279,0.300,4.237,3.077,4.281,,,,,,,,3.119,0.0,0.0,0.0,0.0,0.0,19.063,15.578,,0.0,0.7788,40.700,34.355,34.355,40.175,5.765,0.000,,,,,1.00674,,64,,,,,,226.10,,,,,,,226.10,,,,679.0,,,,,,,,,,,1425.5,,,,,,0.359,100.000,,,,,,2594.69,,2605.00,2683.52,,,226.57,100.55,,,,,,,,,,,,,0.359,0.000,64,2,2,,,,,,,,216,0,,,,,,,,,46.520,,135.87,135.81,,,,
431.287,,0,0,0,256,0,0,0,0,0,0,0,0,1,0,0,0,0,0,,,,,,,,,,,,,,,,,,,,,,6583.0,,,,,1552.8,,,,1.00131,1.00131,281.72,,,22.1600,,0.0,,0.3790,22.0000,13.5,13.5,13.5,13.5,13.5,13.5,,,,,,,,,,,,,4.266,0.300,4.237,3.077,4.268,,,,,,,,3.111,0.0,0.0,0.0,0.0,0.0,19.078,15.625,,0.0,0.7817,40.735,34.295,34.295,40.390,6.590,0.000,,,,,1.00598,,64,,,,,,226.15,,,,,,,226.15,,,,679.0,,,,,,,,,,,1426.1,,,,,,0.359,100.000,,,,,,2594.61,,2594.45,2684.30,,,226.57,100.31,,,,,,,,,,,,,0.359,0.000,64,2,2,,,,,,,,216,0,,,,,,,,,45.940,,135.87,135.81,,,,
431.298,,0,0,0,256,0,0,0,0,0,0,0,0,1,0,0,0,0,0,,,,,,,,,,,,,,,,,,,,,,6583.0,,,,,1554.8,,,,1.00131,1.00131,282.05,,,22.1220,,0.0,,0.3835,22.0000,13.5,13.5,13.5,13.5,13.5,13.5,,,,,,,,,,,,,4.266,0.300,4.237,3.077,4.268,,,,,,,,3.123,0.0,0.0,0.0,0.0,0.0,19.250,15.672,,0.0,0.7834,40.675,34.335,34.335,40.635,6.590,0.000,,,,,1.00638,,64,,,,,,226.01,,,,,,,226.01,,,,679.0,,,,,,,,,,,1426.1,,,,,,0.359,100.000,,,,,,2594.06,,2599.69,2682.27,,,226.15,100.69,,,,,,,,,,,,,0.359,0.000,64,2,2,,,,,,,,216,0,,,,,,,,,46.979,,135.93,136.04,,,,
431.306,,0,0,0,256,0,0,0,0,0,0,0,0,1,0,0,0,0,0,,,,,,,,,,,,,,,,,,,,,,6579.0,,,,,1554.8,,,,1.00131,1.00131,281.53,,,22.2740,,0.0,,0.3635,22.0000,13.5,13.5,13.5,13.5,13.5,13.5,,,,,,,,,,,,,4.256,0.300,4.237,3.077,4.257,,,,,,,,3.112,0.0,0.0,0.0,0.0,0.0,19.297,15.734,,0.0,0.7803,40.715,34.150,34.150,40.715,7.450,0.000,,,,,1.00665,,64,,,,,,225.75,,,,,,,225.75,,,,679.0,,,,,,,,,,,1419.0,,,,,,0.359,100.000,,,,,,2591.80,,2591.33,2684.06,,,226.15,100.36,,,,,,,,,,,,,0.359,0.000,64,2,2,,,,,,,,216,0,,,,,,,,,47.224,,135.93,136.04,,,,
431.321,,0,0,0,256,0,0,0,0,0,0,0,0,1,0,0,0,0,0,,,,,,,,,,,,,,,,,,,,,,6581.0,,,,,1553.4,,,,1.00131,1.00131,281.72,,,22.1120,,0.0,,0.3840,22.0000,13.5,13.5,13.5,13.5,13.5,13.5,,,,,,,,,,,,,4.256,0.300,4.237,3.077,4.257,,,,,,,,3.119,0.0,0.0,0.0,0.0,0.0,19.453,15.750,,0.0,0.7798,40.530,34.240,34.240,40.530,6.620,0.000,,,,,1.00613,,64,,,,,,225.77,,,,,,,225.77,,,,678.9,,,,,,,,,,,1425.4,,,,,,0.359,100.000,,,,,,2592.11,,2596.56,2683.52,,,225.70,100.55,,,,,,,,,,,,,0.359,0.000,64,2,2,,,,,,,,216,0,,,,,,,,,48.164,,135.71,135.71,,,,
431.331,,0,0,0,256,0,0,0,0,0,0,0,0,1,0,0,0,0,0,,,,,,,,,,,,,,,,,,,,,,6583.0,,,,,1553.4,,,,1.00131,1.00131,280.97,,,22.1780,,0.0,,0.3750,22.0000,13.5,13.5,13.5,13.5,13.5,13.5,,,,,,,,,,,,,4.241,0.300,4.243,3.119,4.243,,,,,,,,3.105,0.0,0.0,0.0,0.0,0.0,19.422,16.016,,0.0,0.7749,40.620,34.210,34.210,40.620,7.450,0.000,,,,,1.00595,,64,,,,,,225.54,,,,,,,225.54,,,,678.9,,,,,,,,,,,1417.8,,,,,,0.359,100.000,,,,,,2589.69,,2590.23,2682.73,,,225.70,100.13,,,,,,,,,,,,,0.359,0.000,64,2,2,,,,,,,,216,0,,,,,,,,,47.150,,135.71,135.71,,,,
431.344,,0,0,0,256,0,0,0,0,0,0,0,0,1,0,0,0,0,0,,,,,,,,,,,,,,,,,,,,,,6602.5,,,,,1555.9,,,,1.00131,1.00131,281.63,,,22.0740,,0.0,,0.3880,22.0000,13.5,13.5,13.5,13.5,13.5,13.5,,,,,,,,,,,,,4.241,0.300,4.243,3.119,4.247,,,,,,,,3.121,0.0,0.0,0.0,0.0,0.0,19.531,15.672,,0.0,0.7759,40.590,34.175,34.175,40.590,6.620,0.000,,,,,1.00494,,64,,,,,,225.77,,,,,,,225.77,,,,678.4,,,,,,,,,,,1429.3,,,,,,0.359,100.000,,,,,,2590.00,,2593.36,2679.53,,,226.76,100.64,,,,,,,,,,,,,0.359,0.000,64,2,2,,,,,,,,216,0,,,,,,,,,48.070,,136.64,136.70,,,,
431.357,13.5,0,0,0,256,0,0,0,0,0,0,0,0,1,0,0,0,0,0,992.4,992.4,999.9,10.0,0.0,0.0,0.03,1,0,0.996,0.996,0.0,0.0,4.125,0.00,1000.0,1000.0,1000.0,1052.2,1000.0,962.85,6622.5,54.180,506.0,0.0,10.0,1560.7,0.03023,0.00,0.00,1.00131,1.00131,281.34,3,47.0,21.9900,-0.0080,0.0,64.2,0.3985,22.0000,13.5,13.5,13.5,13.5,13.5,13.5,13.5,2.3,0.00,0.00021,0,0,0,1,98,98,98,98,4.245,0.300,4.243,3.119,4.253,992.4,1000.0,1000.0,992.4,1000.0,0.0,18.74,3.119,0.0,0.0,0.0,0.0,0.0,19.672,15.688,0.0,0.0,0.7749,40.400,33.875,33.875,40.400,6.650,0.000,0.7813,0.7813,0.0000,1358.2,1.00363,0.102152,64,47.305,1052.2,0.0,1000.0,1000.0,226.05,233.74,600.6,0.99942,1535.98,400.01,0.99939,226.05,400.01,233.72,233.72,679.3,-200.0,70.4,65.17,65.179,2101.9,682.4,750.0,882.3,377.46,0.0,1439.0,60.056,0.0,0,992.4,992.4,0.359,100.000,922.97,0,2.1843,0.582,1012.97,2590.16,90.00,2593.36,2683.91,2668.28,81.33,226.83,100.45,360.75,390.75,99.6,0,28.44,31.5,94.5,65.3,37,0,89.33,22.5,0.359,0.000,64,2,2,992.4,1051.7,992.4,992.4,1000.0,1051.7,600.0,216,0,60.066,60.066,1000.0,2000.0,61.363,99.138,100.000,59.938,48.004,12.6,136.26,136.44,134.73,134.67,0.0,1.08
431.368,,0,0,0,256,0,0,0,0,0,0,0,0,1,0,0,0,0,0,,,,,,,,,,,,,,,,,,,,,,6621.0,,,,,1560.7,,,,1.00131,1.00131,281.58,,,22.1880,,0.0,,0.3735,22.0000,13.5,13.5,13.5,13.5,13.5,13.5,,,,,,,,,,,,,4.253,0.300,4.243,3.119,4.253,,,,,,,,3.129,0.0,0.0,0.0,0.0,0.0,19.609,15.984,,0.0,0.7766,40.255,34.150,34.150,40.255,6.650,0.000,,,,,1.00397,,64,,,,,,225.89,,,,,,,225.89,,,,679.3,,,,,,,,,,,1436.4,,,,,,0.359,100.000,,,,,,2589.92,,2594.45,2681.09,,,226.83,100.73,,,,,,,,,,,,,0.359,0.000,64,2,2,,,,,,,,216,0,,,,,,,,,47.049,,136.26,136.44,,,,
431.377,,0,0,0,256,0,0,0,0,0,0,0,0,1,0,0,0,0,0,,,,,,,,,,,,,,,,,,,,,,6635.5,,,,,1569.7,,,,1.00131,1.00131,281.81,,,21.9620,,0.0,,0.4015,22.0000,13.5,13.5,13.5,13.5,13.5,13.5,,,,,,,,,,,,,4.245,0.300,4.243,3.119,4.252,,,,,,,,3.130,0.0,0.0,0.0,0.0,0.0,19.797,15.719,,0.0,0.7800,40.530,34.010,34.010,40.505,6.650,0.000,,,,,1.00394,,64,,,,,,225.94,,,,,,,225.94,,,,679.4,,,,,,,,,,,1440.5,,,,,,0.359,100.000,,,,,,2589.38,,2586.02,2681.88,,,226.85,100.92,,,,,,,,,,,,,0.359,0.000,64,2,2,,,,,,,,216,0,,,,,,,,,46.904,,137.28,137.04,,,,
431.388,,0,0,0,256,0,0,0,0,0,0,0,0,1,0,0,0,0,0,,,,,,,,,,,,,,,,,,,,,,6633.5,,,,,1569.7,,,,1.00144,1.00144,282.19,,,22.0660,,0.0,,0.3885,22.0000,13.5,13.5,13.5,13.5,13.5,13.5,,,,,,,,,,,,,4.245,0.300,4.243,3.119,4.252,,,,,,,,3.133,0.0,0.0,0.0,0.0,0.0,19.938,15.734,,0.0,0.7798,40.390,34.050,34.050,40.390,6.650,0.000,,,,,1.00427,,64,,,,,,226.08,,,,,,,226.08,,,,679.4,,,,,,,,,,,1435.7,,,,,,0.359,100.000,,,,,,2588.83,,2597.58,2681.02,,,226.85,101.02,,,,,,,,,,,,,0.359,0.000,64,2,2,,,,,,,,216,0,,,,,,,,,47.154,,137.28,137.04,,,,
431.397,,0,0,0,256,0,0,0,0,0,0,0,0,1,0,0,0,0,0,,,,,,,,,,,,,,,,,,,,,,6637.5,,,,,1568.5,,,,1.00144,1.00144,281.44,,,21.8660,,0.0,,0.4135,22.0000,13.5,13.5,13.5,13.5,13.5,13.5,,,,,,,,,,,,,4.262,0.300,4.243,3.119,4.247,,,,,,,,3.117,0.0,0.0,0.0,0.0,0.0,19.875,15.703,,0.0,0.7793,40.430,34.005,34.005,40.430,7.480,0.000,,,,,1.00415,,64,,,,,,225.96,,,,,,,225.96,,,,679.2,,,,,,,,,,,1435.3,,,,,,0.359,100.000,,,,,,2587.66,,2586.02,2681.56,,,226.95,100.50,,,,,,,,,,,,,0.359,0.000,64,2,2,,,,,,,,216,0,,,,,,,,,47.040,,137.21,137.58,,,,
431.407,,0,0,0,256,0,0,0,0,0,0,0,0,1,0,0,0,0,0,,,,,,,,,,,,,,,,,,,,,,6641.0,,,,,1568.5,,,,1.00144,1.00144,281.72,,,21.9900,,0.0,,0.3980,22.0000,13.5,13.5,13.5,13.5,13.5,13.5,,,,,,,,,,,,,4.262,0.300,4.243,3.119,4.247,,,,,,,,3.126,0.0,0.0,0.0,0.0,0.0,19.984,15.703,,0.0,0.7795,40.385,33.990,33.990,40.385,6.650,0.000,,,,,1.00394,,64,,,,,,226.05,,,,,,,226.05,,,,679.2,,,,,,,,,,,1441.2,,,,,,0.359,100.000,,,,,,2587.66,,2593.36,2684.06,,,226.95,100.78,,,,,,,,,,,,,0.359,0.000,64,2,2,,,,,,,,216,0,,,,,,,,,47.910,,137.21,137.58,,,,
431.421,,0,0,0,256,0,0,0,0,0,0,0,0,1,0,0,0,0,0,,,,,,,,,,,,,,,,,,,,,,6652.0,,,,,1571.3,,,,1.00144,1.00144,281.91,,,21.8940,,0.0,,0.4105,22.0000,13.5,13.5,13.5,13.5,13.5,13.5,,,,,,,,,,,,,4.274,0.300,4.243,3.119,4.265,,,,,,,,3.129,0.0,0.0,0.0,0.0,0.0,19.922,15.672,,0.0,0.7776,40.370,34.115,34.115,40.370,7.480,0.000,,,,,1.00388,,64,,,,,,226.05,,,,,,,226.05,,,,678.9,,,,,,,,,,,1440.5,,,,,,0.359,100.000,,,,,,2587.19,,2586.02,2683.91,,,226.20,100.88,,,,,,,,,,,,,0.359,0.000,64,2,2,,,,,,,,216,0,,,,,,,,,47.034,,136.99,137.21,,,,
431.431,,0,0,0,256,0,0,0,0,0,0,0,0,1,0,0,0,0,0,,,,,,,,,,,,,,,,,,,,,,6667.0,,,,,1571.3,,,,1.00144,1.00144,282.52,,,21.9240,,0.0,,0.4070,22.0000,13.5,13.5,13.5,13.5,13.5,13.5,,,,,,,,,,,,,4.274,0.300,4.265,3.131,4.280,,,,,,,,3.136,0.0,0.0,0.0,0.0,0.0,20.078,15.406,,0.0,0.7837,40.495,34.105,34.105,40.495,6.650,0.000,,,,,1.00342,,64,,,,,,226.55,,,,,,,226.55,,,,678.9,,,,,,,,,,,1446.6,,,,,,0.359,100.000,,,,,,2588.44,,2594.45,2683.59,,,226.20,101.11,,,,,,,,,,,,,0.359,0.000,64,2,2,,,,,,,,216,0,,,,,,,,,47.849,,136.99,137.21,,,,
431.441,,0,0,0,256,0,0,0,0,0,0,0,0,1,0,0,0,0,0,,,,,,,,,,,,,,,,,,,,,,6674.5,,,,,1579.6,,,,1.00144,1.00144,282.38,,,21.9700,,0.0,,0.4010,22.0000,13.5,13.5,13.5,13.5,13.5,13.5,,,,,,,,,,,,,4.282,0.300,4.265,3.131,4.280,,,,,,,,3.134,0.0,0.0,0.0,0.0,0.0,19.984,15.734,,0.0,0.7817,40.485,34.090,34.090,40.485,7.480,0.000,,,,,1.00421,,64,,,,,,226.27,,,,,,,226.27,,,,678.8,,,,,,,,,,,1441.3,,,,,,0.359,100.000,,,,,,2585.70,,2585.00,2679.45,,,227.11,101.06,,,,,,,,,,,,,0.359,0.000,64,2,2,,,,,,,,216,0,,,,,,,,,47.144,,138.06,138.00,,,,
431.451,,0,0,0,256,0,0,0,0,0,0,0,0,1,0,0,0,0,0,,,,,,,,,,,,,,,,,,,,,,6685.5,,,,,1579.6,,,,1.00144,1.00144,283.31,,,22.1600,,0.0,,0.3770,22.0000,13.5,13.5,13.5,13.5,13.5,13.5,,,,,,,,,,,,,4.282,0.300,4.265,3.131,4.297,,,,,,,,3.147,0.0,0.0,0.0,0.0,0.0,20.141,15.438,,0.0,0.7847,40.470,33.880,33.880,40.470,6.650,0.000,,,,,1.00394,,64,,,,,,226.90,,,,,,,226.90,,,,678.8,,,,,,,,,,,1454.7,,,,,,0.359,100.000,,,,,,2586.09,,2591.33,2678.36,,,227.11,101.48,,,,,,,,,,,,,0.359,0.000,64,2,2,,,,,,,,216,0,,,,,,,,,47.965,,138.06,138.00,,,,
431.458,13.5,0,0,0,256,0,0,0,0,0,0,0,0,1,0,0,0,0,0,992.2,992.2,999.9,10.0,0.0,0.0,0.03,1,0,0.996,0.996,0.0,0.0,4.312,0.01,1000.0,1000.0,1000.0,1051.1,1000.0,963.55,6670.5,54.180,504.2,0.0,10.0,1581.2,0.03023,0.00,0.00,1.00144,1.00144,282.56,3,47.0,22.2160,0.0100,0.0,63.9,0.3700,22.0000,13.5,13.5,13.5,13.5,13.5,13.5,13.5,2.3,0.00,0.00021,0,0,0,1,98,98,98,98,4.289,0.300,4.265,3.131,4.297,992.2,1000.0,1000.0,992.2,1000.0,0.0,18.74,3.128,0.0,0.0,0.0,0.0,0.0,20.000,15.750,0.0,0.0,0.7808,40.260,33.730,33.730,40.260,7.550,0.000,0.7813,0.7813,0.0000,1366.3,1.00440,0.101969,64,48.005,1051.1,0.0,1000.0,1000.0,226.62,236.06,600.5,0.99942,1535.98,400.01,0.99939,226.62,400.01,236.04,236.04,678.4,-200.0,70.7,65.43,65.437,2119.7,685.8,750.0,885.7,365.16,0.0,1441.5,60.193,0.0,0,992.2,992.2,0.359,100.000,922.97,0,2.1843,0.586,1012.97,2583.91,90.00,2594.45,2684.14,2683.91,81.19,226.52,100.88,360.75,390.75,99.2,0,28.54,31.5,94.5,65.3,37,0,89.33,22.5,0.359,0.000,64,2,2,992.2,1050.7,992.2,992.2,1000.0,1050.7,599.6,216,0,60.056,60.056,1000.0,2000.0,61.733,99.118,100.000,59.898,47.119,12.6,137.84,138.17,136.44,136.82,0.0,0.56
431.468,,0,0,0,256,0,0,0,0,0,0,0,0,1,0,0,0,0,0,,,,,,,,,,,,,,,,,,,,,,6678.0,,,,,1581.2,,,,1.00144,1.00144,282.14,,,22.2260,,0.0,,0.3680,22.0000,13.5,13.5,13.5,13.5,13.5,13.5,,,,,,,,,,,,,4.255,0.300,4.265,3.131,4.263,,,,,,,,3.128,0.0,0.0,0.0,0.0,0.0,20.125,15.438,,0.0,0.7817,40.110,34.020,34.020,40.110,7.550,0.000,,,,,1.00382,,64,,,,,,226.22,,,,,,,226.22,,,,678.4,,,,,,,,,,,1456.5,,,,,,0.359,100.000,,,,,,2583.91,,2589.22,2684.61,,,226.52,100.88,,,,,,,,,,,,,0.359,0.000,64,2,2,,,,,,,,216,0,,,,,,,,,47.809,,137.84,138.17,,,,
431.478,,0,0,0,256,0,0,0,0,0,0,0,0,1,0,0,0,0,0,,,,,,,,,,,,,,,,,,,,,,6700.5,,,,,1581.4,,,,1.00144,1.00144,283.27,,,22.1040,,0.0,,0.3830,22.0000,13.5,13.5,13.5,13.5,13.5,13.5,,,,,,,,,,,,,4.255,0.300,4.265,3.131,4.263,,,,,,,,3.150,0.0,0.0,0.0,0.0,0.0,20.250,15.484,,0.0,0.7776,40.400,34.040,34.040,40.400,6.710,0.000,,,,,1.00394,,64,,,,,,226.76,,,,,,,226.76,,,,678.5,,,,,,,,,,,1455.2,,,,,,0.359,100.000,,,,,,2584.77,,2595.47,2684.45,,,226.59,101.58,,,,,,,,,,,,,0.359,0.000,64,2,2,,,,,,,,216,0,,,,,,,,,47.659,,137.88,137.90,,,,
431.487,,0,0,0,256,0,0,0,0,0,0,0,0,1,0,0,0,0,0,,,,,,,,,,,,,,,,,,,,,,6700.5,,,,,1581.4,,,,1.00144,1.00144,282.98,,,21.9900,,0.0,,0.3970,22.0000,13.5,13.5,13.5,13.5,13.5,13.5,,,,,,,,,,,,,4.261,0.300,4.265,3.131,4.262,,,,,,,,3.146,0.0,0.0,0.0,0.0,0.0,20.188,15.500,,0.0,0.7769,40.420,34.035,34.035,40.420,7.550,0.000,,,,,1.00327,,64,,,,,,226.71,,,,,,,226.71,,,,678.5,,,,,,,,,,,1455.3,,,,,,0.359,100.000,,,,,,2584.14,,2589.22,2683.44,,,226.59,101.44,,,,,,,,,,,,,0.359,0.000,64,2,2,,,,,,,,216,0,,,,,,,,,47.110,,137.88,137.90,,,,
431.497,,0,0,0,256,0,0,0,0,0,0,0,0,1,0,0,0,0,0,,,,,,,,,,,,,,,,,,,,,,6711.5,,,,,1588.9,,,,1.00144,1.00144,283.08,,,22.0280,,0.0,,0.3925,22.0000,13.5,13.5,13.5,13.5,13.5,13.5,,,,,,,,,,,,,4.261,0.300,4.265,3.131,4.262,,,,,,,,3.147,0.0,0.0,0.0,0.0,0.0,20.219,15.563,,0.0,0.7771,40.415,33.985,33.985,40.415,7.550,0.000,,,,,1.00293,,64,,,,,,226.83,,,,,,,226.83,,,,678.1,,,,,,,,,,,1465.7,,,,,,0.359,100.000,,,,,,2585.70,,2593.36,2683.13,,,226.90,101.48,,,,,,,,,,,,,0.359,0.000,64,2,2,,,,,,,,216,0,,,,,,,,,47.969,,138.92,138.71,,,,
431.507,,0,0,0,256,0,0,0,0,0,0,0,0,1,0,0,0,0,0,,,,,,,,,,,,,,,,,,,,,,6721.0,,,,,1588.9,,,,1.00144,1.00144,282.84,,,21.8660,,0.0,,0.4130,22.0000,13.5,13.5,13.5,13.5,13.5,13.5,,,,,,,,,,,,,4.285,0.300,4.265,3.131,4.285,,,,,,,,3.144,0.0,0.0,0.0,0.0,0.0,20.188,15.641,,0.0,0.7761,40.365,33.895,33.895,40.365,7.550,0.000,,,,,1.00278,,64,,,,,,226.69,,,,,,,226.69,,,,678.1,,,,,,,,,,,1462.5,,,,,,0.359,100.000,,,,,,2585.00,,2585.00,2684.14,,,226.90,101.39,,,,,,,,,,,,,0.359,0.000,64,2,2,,,,,,,,216,0,,,,,,,,,47.965,,138.92,138.71,,,,
431.521,,0,0,0,256,0,0,0,0,0,0,0,0,1,0,0,0,0,0,,,,,,,,,,,,,,,,,,,,,,6740.0,,,,,1594.8,,,,1.00144,1.00144,282.80,,,21.9800,,0.0,,0.3990,22.0000,13.5,13.5,13.5,13.5,13.5,13.5,,,,,,,,,,,,,4.285,0.300,4.265,3.131,4.295,,,,,,,,3.144,0.0,0.0,0.0,0.0,0.0,20.297,15.391,,0.0,0.7761,40.275,33.950,33.950,40.275,6.710,0.000,,,,,1.00238,,64,,,,,,226.66,,,,,,,226.66,,,,676.9,,,,,,,,,,,1466.2,,,,,,0.359,100.000,,,,,,2586.02,,2592.34,2684.69,,,227.84,101.39,,,,,,,,,,,,,0.359,0.000,64,2,2,,,,,,,,216,0,,,,,,,,,47.914,,138.55,138.96,,,,
431.533,,0,0,0,256,0,0,0,0,0,0,0,0,1,0,0,0,0,0,,,,,,,,,,,,,,,,,,,,,,6732.5,,,,,1594.8,,,,1.00144,1.00144,283.50,,,21.8660,,0.0,,0.4130,22.0000,13.5,13.5,13.5,13.5,13.5,13.5,,,,,,,,,,,,,4.294,0.300,4.294,3.144,4.295,,,,,,,,3.151,0.0,0.0,0.0,0.0,0.0,20.094,15.719,,0.0,0.7727,40.330,33.975,33.975,40.330,1.485,0.000,,,,,1.00211,,64,,,,,,227.32,,,,,,,227.32,,,,676.9,,,,,,,,,,,1462.5,,,,,,0.359,100.000,,,,,,2585.00,,2590.23,2684.53,,,227.84,101.63,,,,,,,,,,,,,0.359,0.000,64,2,2,,,,,,,,216,0,,,,,,,,,46.985,,138.55,138.96,,,,
431.548,13.5,0,0,0,256,0,0,0,0,0,0,0,0,1,0,0,0,0,0,991.9,991.9,1000.0,10.0,0.0,0.0,0.03,1,0,0.996,0.996,0.0,0.0,4.281,-0.02,1000.0,1000.0,1000.0,1050.9,1000.0,966.46,6751.5,54.180,505.2,0.0,10.0,1600.5,0.03019,0.00,0.00,1.00144,1.00144,282.84,3,47.0,21.9140,-0.2260,0.0,63.3,0.4075,22.0000,13.5,13.5,13.5,13.5,13.5,13.5,13.5,2.3,0.00,0.00000,0,0,0,1,98,98,98,98,4.294,0.300,4.294,3.144,4.302,991.9,1000.0,1000.0,991.9,1000.0,0.0,18.74,3.151,0.0,0.0,0.0,0.0,0.0,20.031,15.797,0.0,0.0,0.7761,40.350,33.815,33.815,40.350,1.100,0.000,0.7813,0.7813,0.0000,1380.5,1.00208,0.101699,64,47.810,1050.9,0.0,1000.0,1000.0,226.66,237.05,598.8,0.99942,1535.98,400.01,0.99939,226.66,400.01,237.02,237.02,676.7,-200.0,71.6,65.76,65.764,2160.2,690.1,750.0,890.1,352.66,0.0,1469.4,60.124,0.0,0,991.9,991.9,0.359,100.000,923.01,0,2.1826,0.590,1013.01,2583.83,90.00,2595.47,2681.88,2684.61,81.28,227.88,101.48,361.50,390.75,99.6,0,28.65,32.3,94.5,65.3,37,0,89.33,22.5,0.359,0.000,64,2,2,991.9,1049.8,991.9,991.9,1000.0,1049.8,597.8,216,0,59.882,59.882,1000.0,2000.0,61.981,99.088,100.000,59.718,41.640,12.6,139.61,139.42,137.84,138.14,0.0,0.03
431.557,,0,0,0,256,0,0,0,0,0,0,0,0,1,0,0,0,0,0,,,,,,,,,,,,,,,,,,,,,,6762.5,,,,,1605.6,,,,1.00144,1.00144,282.23,,,21.8860,,0.0,,0.4110,22.0000,13.5,13.5,13.5,13.5,13.5,13.5,,,,,,,,,,,,,4.276,0.300,4.294,3.144,4.293,,,,,,,,3.150,0.0,0.0,0.0,0.0,0.0,19.922,15.797,,0.0,0.7781,40.195,33.725,33.725,40.195,1.285,0.000,,,,,1.00138,,64,,,,,,226.36,,,,,,,226.36,,,,676.4,,,,,,,,,,,1470.6,,,,,,0.359,100.000,,,,,,2582.50,,2586.02,2684.14,,,228.21,101.30,,,,,,,,,,,,,0.359,0.000,64,2,2,,,,,,,,216,0,,,,,,,,,41.449,,139.80,139.61,,,,
431.568,,0,0,0,256,0,0,0,0,0,0,0,0,1,0,0,0,0,0,,,,,,,,,,,,,,,,,,,,,,6768.5,,,,,1605.6,,,,1.00144,1.00144,282.14,,,22.0080,,0.0,,0.3960,22.0000,13.5,13.5,13.5,13.5,13.5,13.5,,,,,,,,,,,,,4.276,0.300,4.294,3.144,4.293,,,,,,,,3.148,0.0,0.0,0.0,0.0,0.0,19.938,15.813,,0.0,0.7761,40.105,33.840,33.840,40.105,1.285,0.000,,,,,1.00141,,64,,,,,,226.29,,,,,,,226.29,,,,676.4,,,,,,,,,,,1466.7,,,,,,0.359,100.000,,,,,,2581.64,,2589.22,2683.75,,,228.21,101.25,,,,,,,,,,,,,0.359,0.000,64,2,2,,,,,,,,216,0,,,,,,,,,41.480,,139.80,139.61,,,,
431.578,,0,0,0,256,0,0,0,0,0,0,0,0,1,0,0,0,0,0,,,,,,,,,,,,,,,,,,,,,,6762.5,,,,,1602.2,,,,1.00144,1.00144,281.58,,,21.9700,,0.0,,0.4005,22.0000,13.5,13.5,13.5,13.5,13.5,13.5,,,,,,,,,,,,,4.264,0.300,4.294,3.144,4.272,,,,,,,,3.143,0.0,0.0,0.0,0.0,0.0,19.891,15.828,,0.0,0.7739,40.220,33.820,33.820,40.220,1.485,0.000,,,,,1.00089,,64,,,,,,226.03,,,,,,,226.03,,,,675.4,,,,,,,,,,,1463.8,,,,,,0.359,100.000,,,,,,2579.14,,2579.69,2683.28,,,226.88,101.06,,,,,,,,,,,,,0.359,0.000,64,2,2,,,,,,,,216,0,,,,,,,,,41.389,,139.80,139.63,,,,
431.587,,0,0,0,256,0,0,0,0,0,0,0,0,1,0,0,0,0,0,,,,,,,,,,,,,,,,,,,,,,6774.0,,,,,1602.2,,,,1.00144,1.00144,281.67,,,22.0940,,0.0,,0.3850,22.0000,13.5,13.5,13.5,13.5,13.5,13.5,,,,,,,,,,,,,4.264,0.300,4.294,3.144,4.272,,,,,,,,3.144,0.0,0.0,0.0,0.0,0.0,20.000,15.922,,0.0,0.7730,40.200,33.795,33.795,40.200,1.285,0.000,,,,,1.00037,,64,,,,,,226.17,,,,,,,226.17,,,,675.4,,,,,,,,,,,1472.0,,,,,,0.359,100.000,,,,,,2580.39,,2588.13,2683.20,,,226.88,101.11,,,,,,,,,,,,,0.359,0.000,64,2,2,,,,,,,,216,0,,,,,,,,,41.704,,139.80,139.63,,,,
431.597,,0,0,0,256,0,0,0,0,0,0,0,0,1,0,0,0,0,0,,,,,,,,,,,,,,,,,,,,,,6774.0,,,,,1603.2,,,,1.00144,1.00144,281.20,,,21.8760,,0.0,,0.4130,22.0000,13.5,13.5,13.5,13.5,13.5,13.5,,,,,,,,,,,,,4.241,0.300,4.294,3.144,4.259,,,,,,,,3.138,0.0,0.0,0.0,0.0,0.0,19.859,16.234,,0.0,0.7690,40.175,33.790,33.790,40.175,1.485,0.000,,,,,0.99985,,64,,,,,,225.94,,,,,,,225.94,,,,674.6,,,,,,,,,,,1463.1,,,,,,0.359,100.000,,,,,,2578.20,,2576.56,2683.83,,,226.64,100.92,,,,,,,,,,,,,0.359,0.000,64,2,2,,,,,,,,216,0,,,,,,,,,41.484,,140.25,140.04,,,,
431.607,,0,0,0,256,0,0,0,0,0,0,0,0,1,0,0,0,0,0,,,,,,,,,,,,,,,,,,,,,,6776.0,,,,,1603.2,,,,1.00144,1.00144,280.97,,,21.9520,,0.0,,0.4035,22.0000,13.5,13.5,13.5,13.5,13.5,13.5,,,,,,,,,,,,,4.241,0.300,4.294,3.144,4.236,,,,,,,,3.136,0.0,0.0,0.0,0.0,0.0,20.063,15.922,,0.0,0.7710,40.170,33.790,33.790,40.170,1.285,0.000,,,,,0.99887,,64,,,,,,226.03,,,,,,,226.03,,,,674.6,,,,,,,,,,,1470.4,,,,,,0.359,100.000,,,,,,2579.22,,2583.91,2684.06,,,226.64,100.83,,,,,,,,,,,,,0.359,0.000,64,2,2,,,,,,,,216,0,,,,,,,,,41.660,,140.25,140.04,,,,
431.620,,0,0,0,256,0,0,0,0,0,0,0,0,1,0,0,0,0,0,,,,,,,,,,,,,,,,,,,,,,6772.0,,,,,1598.8,,,,1.00144,1.00144,281.11,,,21.7920,,0.0,,0.4240,22.0000,13.5,13.5,13.5,13.5,13.5,13.5,,,,,,,,,,,,,4.225,0.300,4.294,3.144,4.236,,,,,,,,3.143,0.0,0.0,0.0,0.0,0.0,19.875,16.203,,0.0,0.7695,40.170,33.800,33.800,40.170,1.485,0.000,,,,,0.99875,,64,,,,,,225.96,,,,,,,225.96,,,,673.5,,,,,,,,,,,1460.8,,,,,,0.359,100.000,,,,,,2578.75,,2587.11,2684.84,,,225.45,100.92,,,,,,,,,,,,,0.359,0.000,64,2,2,,,,,,,,216,0,,,,,,,,,41.454,,140.46,140.55,,,,
431.631,,0,0,0,256,0,0,0,0,0,0,0,0,1,0,0,0,0,0,,,,,,,,,,,,,,,,,,,,,,6793.5,,,,,1598.8,,,,1.00144,1.00144,280.83,,,21.7260,,0.0,,0.4325,22.0000,13.5,13.5,13.5,13.5,13.5,13.5,,,,,,,,,,,,,4.247,0.300,4.225,3.141,4.252,,,,,,,,3.140,0.0,0.0,0.0,0.0,0.0,19.875,16.188,,0.0,0.7751,40.180,33.840,33.840,40.180,1.285,0.000,,,,,0.99808,,64,,,,,,225.87,,,,,,,225.87,,,,673.5,,,,,,,,,,,1480.0,,,,,,0.359,100.000,,,,,,2579.92,,2582.89,2684.77,,,225.45,100.83,,,,,,,,,,,,,0.359,0.000,64,2,2,,,,,,,,216,0,,,,,,,,,41.655,,140.46,140.55,,,,
431.643,,0,0,0,256,0,0,0,0,0,0,0,0,1,0,0,0,0,0,,,,,,,,,,,,,,,,,,,,,,6805.0,,,,,1602.8,,,,1.00144,1.00144,280.97,,,21.7440,,0.0,,0.4310,22.0000,13.5,13.5,13.5,13.5,13.5,13.5,,,,,,,,,,,,,4.247,0.300,4.225,3.141,4.252,,,,,,,,3.145,0.0,0.0,0.0,0.0,0.0,19.969,16.203,,0.0,0.7751,40.220,33.840,33.840,40.220,1.285,0.000,,,,,0.99857,,64,,,,,,225.87,,,,,,,225.87,,,,673.3,,,,,,,,,,,1473.1,,,,,,0.359,100.000,,,,,,2579.69,,2592.34,2681.88,,,226.01,100.88,,,,,,,,,,,,,0.359,0.000,64,2,2,,,,,,,,216,0,,,,,,,,,41.464,,140.90,140.71,,,,
431.657,13.5,0,0,0,256,0,0,0,0,0,0,0,0,1,0,0,0,0,0,992.6,992.6,1000.0,10.0,0.0,0.0,0.03,1,0,0.996,0.996,0.0,0.0,4.187,0.02,1000.0,1000.0,1000.0,1051.1,1000.0,968.05,6828.0,52.044,503.3,0.0,10.0,1608.4,0.03023,0.00,0.00,1.00144,1.00144,280.92,3,47.0,21.8940,0.0860,0.0,63.9,0.4125,22.0000,13.5,13.5,13.5,13.5,13.5,13.5,13.5,2.3,0.00,0.00015,0,0,0,1,98,98,98,98,4.270,0.300,4.225,3.141,4.271,992.6,1000.0,1000.0,992.6,1000.0,0.0,18.74,3.144,0.0,0.0,0.0,0.0,0.0,20.188,16.234,0.0,0.0,0.7769,40.070,33.635,33.635,40.070,1.285,0.000,0.7813,0.7813,0.0000,1396.6,0.99845,0.101736,64,41.640,1051.1,0.0,1000.0,1000.0,225.84,237.14,599.0,0.99942,1535.98,400.01,0.99939,225.84,400.01,237.12,237.12,672.7,-200.0,73.3,66.18,66.190,2172.5,695.7,750.0,895.7,351.33,0.0,1482.7,60.289,0.0,0,992.6,992.6,0.359,100.000,923.01,0,2.1836,0.594,1013.01,2579.77,90.00,2590.23,2683.98,2681.88,81.42,226.20,100.83,361.50,390.75,99.6,0,28.65,32.3,94.5,64.5,37,0,89.33,22.5,0.359,0.000,64,2,2,992.6,1049.8,992.6,992.6,1000.0,1049.8,600.2,216,0,59.906,59.906,1000.0,2000.0,61.923,99.158,100.000,59.958,41.504,12.5,141.20,141.01,139.57,139.38,0.0,0.08
431.667,,0,0,0,256,0,0,0,0,0,0,0,0,1,0,0,0,0,0,,,,,,,,,,,,,,,,,,,,,,6834.0,,,,,1608.4,,,,1.00144,1.00144,280.64,,,21.8380,,0.0,,0.4195,22.0000,13.5,13.5,13.5,13.5,13.5,13.5,,,,,,,,,,,,,4.262,0.300,4.225,3.141,4.264,,,,,,,,3.143,0.0,0.0,0.0,0.0,0.0,20.234,16.516,,0.0,0.7769,40.015,33.715,33.715,40.015,1.485,0.000,,,,,0.99830,,64,,,,,,225.68,,,,,,,225.68,,,,672.7,,,,,,,,,,,1474.0,,,,,,0.359,100.000,,,,,,2577.27,,2576.56,2683.91,,,226.20,100.78,,,,,,,,,,,,,0.359,0.000,64,2,2,,,,,,,,216,0,,,,,,,,,41.354,,141.20,141.01,,,,
431.677,,0,0,0,256,0,0,0,0,0,0,0,0,1,0,0,0,0,0,,,,,,,,,,,,,,,,,,,,,,6847.5,,,,,1611.6,,,,1.00144,1.00144,280.27,,,22.0000,,0.0,,0.3995,22.0000,13.5,13.5,13.5,13.5,13.5,13.5,,,,,,,,,,,,,4.262,0.300,4.225,3.141,4.251,,,,,,,,3.141,0.0,0.0,0.0,0.0,0.0,20.406,16.141,,0.0,0.7808,40.095,33.715,33.715,40.095,1.285,0.000,,,,,0.99811,,64,,,,,,225.33,,,,,,,225.33,,,,672.0,,,,,,,,,,,1484.7,,,,,,0.359,100.000,,,,,,2578.36,,2585.00,2683.83,,,225.98,100.73,,,,,,,,,,,,,0.359,0.000,64,2,2,,,,,,,,216,0,,,,,,,,,41.499,,140.67,140.99,,,,
431.688,,0,0,0,256,0,0,0,0,0,0,0,0,1,0,0,0,0,0,,,,,,,,,,,,,,,,,,,,,,6847.5,,,,,1611.6,,,,1.00144,1.00144,281.06,,,21.9140,,0.0,,0.4105,22.0000,13.5,13.5,13.5,13.5,13.5,13.5,,,,,,,,,,,,,4.254,0.300,4.225,3.141,4.251,,,,,,,,3.150,0.0,0.0,0.0,0.0,0.0,20.234,16.375,,0.0,0.7800,40.095,33.710,33.710,40.095,1.285,0.000,,,,,0.99857,,64,,,,,,225.82,,,,,,,225.82,,,,672.0,,,,,,,,,,,1477.0,,,,,,0.359,100.000,,,,,,2577.89,,2583.91,2685.31,,,225.98,101.02,,,,,,,,,,,,,0.359,0.000,64,2,2,,,,,,,,216,0,,,,,,,,,41.379,,140.67,140.99,,,,
431.698,,0,0,0,256,0,0,0,0,0,0,0,0,1,0,0,0,0,0,,,,,,,,,,,,,,,,,,,,,,6857.5,,,,,1618.6,,,,1.00144,1.00144,280.50,,,21.8280,,0.0,,0.4215,22.0000,13.5,13.5,13.5,13.5,13.5,13.5,,,,,,,,,,,,,4.248,0.300,4.225,3.141,4.256,,,,,,,,3.147,0.0,0.0,0.0,0.0,0.0,20.328,15.969,,0.0,0.7800,40.090,33.785,33.785,40.090,1.485,0.000,,,,,0.99848,,64,,,,,,225.42,,,,,,,225.42,,,,671.6,,,,,,,,,,,1486.8,,,,,,0.359,100.000,,,,,,2577.11,,2580.78,2685.39,,,226.52,100.78,,,,,,,,,,,,,0.359,0.000,64,2,2,,,,,,,,216,0,,,,,,,,,41.379,,141.93,141.66,,,,
431.706,,0,0,0,256,0,0,0,0,0,0,0,0,1,0,0,0,0,0,,,,,,,,,,,,,,,,,,,,,,6855.5,,,,,1618.6,,,,1.00144,1.00144,280.36,,,21.8380,,0.0,,0.4205,22.0000,13.5,13.5,13.5,13.5,13.5,13.5,,,,,,,,,,,,,4.248,0.300,4.225,3.141,4.256,,,,,,,,3.145,0.0,0.0,0.0,0.0,0.0,20.344,15.984,,0.0,0.7742,40.165,33.675,33.675,40.165,1.485,0.000,,,,,0.99845,,64,,,,,,225.33,,,,,,,225.33,,,,671.6,,,,,,,,,,,1480.3,,,,,,0.359,100.000,,,,,,2576.17,,2583.91,2684.06,,,226.52,100.73,,,,,,,,,,,,,0.359,0.000,64,2,2,,,,,,,,216,0,,,,,,,,,41.574,,141.93,141.66,,,,
431.720,,0,0,0,256,0,0,0,0,0,0,0,0,1,0,0,0,0,0,,,,,,,,,,,,,,,,,,,,,,6873.0,,,,,1622.5,,,,1.00144,1.00144,280.59,,,21.8200,,0.0,,0.4235,22.0000,13.5,13.5,13.5,13.5,13.5,13.5,,,,,,,,,,,,,4.257,0.300,4.225,3.141,4.260,,,,,,,,3.148,0.0,0.0,0.0,0.0,0.0,20.313,15.984,,0.0,0.7751,40.055,33.610,33.610,40.055,1.485,0.000,,,,,0.99747,,64,,,,,,225.73,,,,,,,225.73,,,,670.5,,,,,,,,,,,1482.8,,,,,,0.359,100.000,,,,,,2574.30,,2579.69,2684.77,,,226.83,100.83,,,,,,,,,,,,,0.359,0.000,64,2,2,,,,,,,,216,0,,,,,,,,,41.649,,141.93,142.02,,,,
431.733,,0,0,0,256,0,0,0,0,0,0,0,0,1,0,0,0,0,0,,,,,,,,,,,,,,,,,,,,,,6877.0,,,,,1622.5,,,,1.00144,1.00144,280.73,,,21.9700,,0.0,,0.4045,22.0000,13.5,13.5,13.5,13.5,13.5,13.5,,,,,,,,,,,,,4.257,0.300,4.257,3.148,4.259,,,,,,,,3.150,0.0,0.0,0.0,0.0,0.0,20.359,16.078,,0.0,0.7737,39.990,33.645,33.645,39.990,1.485,0.000,,,,,0.99732,,64,,,,,,225.89,,,,,,,225.89,,,,670.5,,,,,,,,,,,1487.0,,,,,,0.359,100.000,,,,,,2572.81,,2578.67,2684.30,,,226.83,100.88,,,,,,,,,,,,,0.359,0.000,64,2,2,,,,,,,,216,0,,,,,,,,,41.539,,141.93,142.02,,,,
431.747,13.5,0,0,0,256,0,0,0,0,0,0,0,0,1,0,0,0,0,0,992.7,992.7,1000.0,10.0,0.0,0.0,0.03,1,0,0.996,0.996,0.0,0.0,4.250,0.02,1000.0,1000.0,1000.0,1049.2,1000.0,970.14,6879.0,52.044,505.2,0.0,10.0,1624.2,0.03036,0.00,0.00,1.00144,1.00144,280.13,3,47.0,21.8000,0.1060,0.0,63.6,0.4265,22.0000,13.5,13.5,13.5,13.5,13.5,13.5,13.5,2.3,0.00,0.00015,0,0,0,1,98,98,98,98,4.240,0.300,4.257,3.148,4.235,992.7,1000.0,1000.0,992.7,1000.0,0.0,18.74,3.147,0.0,0.0,0.0,0.0,0.0,20.469,15.984,0.0,0.0,0.7751,40.000,33.485,33.485,40.000,1.285,0.000,0.7813,0.7813,0.0000,1402.6,0.99668,0.101804,64,41.505,1049.2,0.0,1000.0,1000.0,225.61,237.49,598.1,0.99942,1535.98,400.01,0.99939,225.61,400.01,237.47,237.47,669.9,-200.0,77.3,67.12,67.130,2181.6,708.1,750.0,908.1,350.20,0.0,1492.0,59.950,0.0,0,992.7,992.7,0.359,100.000,923.01,0,2.1829,0.598,1013.01,2572.58,90.00,2581.80,2681.80,2683.98,81.14,226.45,100.64,361.50,390.75,100.0,0,28.75,32.3,94.5,64.5,37,0,90.04,22.5,0.359,0.000,64,2,2,992.7,1048.7,992.7,992.7,1000.0,1048.7,598.0,216,0,59.816,59.816,1000.0,2000.0,61.920,99.167,100.000,59.738,41.904,12.5,142.32,142.09,140.88,140.50,0.0,0.83
431.758,,0,0,0,256,0,0,0,0,0,0,0,0,1,0,0,0,0,0,,,,,,,,,,,,,,,,,,,,,,6871.0,,,,,1620.4,,,,1.00144,1.00144,279.70,,,21.7820,,0.0,,0.4290,22.0000,13.5,13.5,13.5,13.5,13.5,13.5,,,,,,,,,,,,,4.228,0.300,4.257,3.148,4.235,,,,,,,,3.142,0.0,0.0,0.0,0.0,0.0,20.219,16.250,,0.0,0.7791,39.865,33.435,33.435,39.865,1.285,0.000,,,,,0.99665,,64,,,,,,225.19,,,,,,,225.19,,,,669.4,,,,,,,,,,,1485.3,,,,,,0.359,100.000,,,,,,2572.03,,2582.89,2684.14,,,225.47,100.50,,,,,,,,,,,,,0.359,0.000,64,2,2,,,,,,,,216,0,,,,,,,,,41.284,,142.74,142.69,,,,
431.768,,0,0,0,256,0,0,0,0,0,0,0,0,1,0,0,0,0,0,,,,,,,,,,,,,,,,,,,,,,6891.0,,,,,1620.4,,,,1.00144,1.00144,279.98,,,21.5740,,0.0,,0.4560,22.0000,13.5,13.5,13.5,13.5,13.5,13.5,,,,,,,,,,,,,4.248,0.300,4.257,3.148,4.258,,,,,,,,3.145,0.0,0.0,0.0,0.0,0.0,20.344,15.891,,0.0,0.7742,39.815,33.555,33.555,39.815,1.485,0.000,,,,,0.99704,,64,,,,,,225.40,,,,,,,225.40,,,,669.4,,,,,,,,,,,1495.3,,,,,,0.359,100.000,,,,,,2572.19,,2576.56,2684.69,,,225.47,100.59,,,,,,,,,,,,,0.359,0.000,64,2,2,,,,,,,,216,0,,,,,,,,,41.150,,142.74,142.69,,,,
431.778,,0,0,0,256,0,0,0,0,0,0,0,0,1,0,0,0,0,0,,,,,,,,,,,,,,,,,,,,,,6900.5,,,,,1622.3,,,,1.00144,1.00144,280.69,,,21.8200,,0.0,,0.4255,22.0000,13.5,13.5,13.5,13.5,13.5,13.5,,,,,,,,,,,,,4.248,0.300,4.257,3.148,4.258,,,,,,,,3.157,0.0,0.0,0.0,0.0,0.0,20.281,15.953,,0.0,0.7756,39.935,33.585,33.585,39.935,1.485,0.000,,,,,0.99619,,64,,,,,,226.03,,,,,,,226.03,,,,668.9,,,,,,,,,,,1494.4,,,,,,0.359,100.000,,,,,,2572.73,,2580.78,2684.69,,,225.56,100.83,,,,,,,,,,,,,0.359,0.000,64,2,2,,,,,,,,216,0,,,,,,,,,41.299,,142.26,142.42,,,,
431.787,,0,0,0,256,0,0,0,0,0,0,0,0,1,0,0,0,0,0,,,,,,,,,,,,,,,,,,,,,,6898.5,,,,,1622.3,,,,1.00144,1.00144,280.22,,,21.7160,,0.0,,0.4395,22.0000,13.5,13.5,13.5,13.5,13.5,13.5,,,,,,,,,,,,,4.286,0.300,4.257,3.148,4.288,,,,,,,,3.152,0.0,0.0,0.0,0.0,0.0,20.172,15.953,,0.0,0.7766,39.965,33.585,33.585,39.965,1.880,0.000,,,,,0.99616,,64,,,,,,225.59,,,,,,,225.59,,,,668.9,,,,,,,,,,,1491.8,,,,,,0.359,100.000,,,,,,2569.77,,2570.23,2685.16,,,225.56,100.69,,,,,,,,,,,,,0.359,0.000,64,2,2,,,,,,,,217,0,,,,,,,,,41.420,,142.26,142.42,,,,
431.797,,0,0,0,256,0,0,0,0,0,0,0,0,1,0,0,0,0,0,,,,,,,,,,,,,,,,,,,,,,6922.5,,,,,1626.9,,,,1.00144,1.00144,280.36,,,21.7640,,0.0,,0.4335,22.0000,13.5,13.5,13.5,13.5,13.5,13.5,,,,,,,,,,,,,4.286,0.300,4.257,3.148,4.288,,,,,,,,3.154,0.0,0.0,0.0,0.0,0.0,20.125,16.047,,0.0,0.7761,39.965,33.610,33.610,39.965,1.485,0.000,,,,,0.99616,,64,,,,,,225.73,,,,,,,225.73,,,,668.2,,,,,,,,,,,1502.1,,,,,,0.359,100.000,,,,,,2571.09,,2577.58,2684.30,,,225.63,100.73,,,,,,,,,,,,,0.359,0.000,64,2,2,,,,,,,,217,0,,,,,,,,,41.844,,143.22,143.01,,,,
431.807,,0,0,0,256,0,0,0,0,0,0,0,0,1,0,0,0,0,0,,,,,,,,,,,,,,,,,,,,,,6918.5,,,,,1626.9,,,,1.00144,1.00144,279.94,,,21.7640,,0.0,,0.4340,22.0000,13.5,13.5,13.5,13.5,13.5,13.5,,,,,,,,,,,,,4.262,0.300,4.257,3.148,4.266,,,,,,,,3.149,0.0,0.0,0.0,0.0,0.0,19.875,16.375,,0.0,0.7786,39.990,33.475,33.475,39.990,1.880,0.000,,,,,0.99592,,64,,,,,,225.42,,,,,,,225.42,,,,668.2,,,,,,,,,,,1489.5,,,,,,0.359,100.000,,,,,,2568.20,,2568.13,2684.14,,,225.63,100.59,,,,,,,,,,,,,0.359,0.000,64,2,2,,,,,,,,217,0,,,,,,,,,41.449,,143.22,143.01,,,,
431.823,,0,0,0,256,0,0,0,0,0,0,0,0,1,0,0,0,0,0,,,,,,,,,,,,,,,,,,,,,,6932.5,,,,,1630.3,,,,1.00144,1.00144,279.84,,,21.7820,,0.0,,0.4320,22.0000,13.5,13.5,13.5,13.5,13.5,13.5,,,,,,,,,,,,,4.262,0.300,4.257,3.148,4.254,,,,,,,,3.148,0.0,0.0,0.0,0.0,0.0,20.000,16.031,,0.0,0.7749,39.855,33.465,33.465,39.855,1.485,0.000,,,,,0.99613,,64,,,,,,225.30,,,,,,,225.30,,,,667.0,,,,,,,,,,,1497.5,,,,,,0.359,100.000,,,,,,2568.52,,2574.45,2684.14,,,226.01,100.55,,,,,,,,,,,,,0.359,0.000,64,2,2,,,,,,,,217,0,,,,,,,,,41.869,,142.91,143.18,,,,
431.840,13.5,0,0,0,256,0,0,0,0,0,0,0,0,1,0,0,0,0,0,992.2,992.2,1000.0,10.0,0.0,0.0,0.03,1,0,0.996,0.996,0.0,0.0,4.156,0.00,1000.0,1000.0,1000.0,1047.9,1000.0,972.46,6956.5,52.044,508.2,0.0,10.0,1638.3,0.03044,0.00,0.00,1.00144,1.00144,279.56,3,47.0,21.9040,0.2000,0.0,63.6,0.4175,22.0000,13.5,13.5,13.5,13.5,13.5,13.5,13.5,2.3,0.00,0.00000,0,0,0,1,98,98,98,98,4.227,0.300,4.242,3.139,4.229,992.2,1000.0,1000.0,992.2,1000.0,0.0,18.74,3.149,0.0,0.0,0.0,0.0,0.0,19.641,16.281,0.0,0.0,0.7690,39.845,33.475,33.475,39.845,1.880,0.000,0.7813,0.7813,0.0000,1408.1,0.99509,0.101878,64,41.905,1047.9,0.0,1000.0,1000.0,225.38,237.38,594.7,0.99942,1535.98,400.01,0.99939,225.38,400.01,237.35,237.35,666.4,-200.0,80.1,67.79,67.798,2197.7,716.9,750.0,916.9,350.98,0.0,1499.9,59.865,0.0,0,992.2,992.2,0.359,100.000,923.01,0,2.1816,0.602,1013.01,2566.02,90.00,2568.13,2682.27,2681.80,81.05,225.96,100.45,361.50,390.75,100.0,0,28.96,32.3,94.5,64.5,37,0,90.04,22.5,0.359,0.000,64,2,2,992.2,1047.3,992.2,992.2,1000.0,1047.3,595.0,217,0,59.477,59.477,1000.0,2000.0,61.794,99.118,100.000,59.438,41.330,12.6,143.56,143.50,142.57,142.64,0.0,0.80
431.848,,0,0,0,256,0,0,0,0,0,0,0,0,1,0,0,0,0,0,,,,,,,,,,,,,,,,,,,,,,6961.0,,,,,1638.3,,,,1.00144,1.00144,278.72,,,21.9800,,0.0,,0.4080,22.0000,13.5,13.5,13.5,13.5,13.5,13.5,,,,,,,,,,,,,4.227,0.300,4.242,3.139,4.229,,,,,,,,3.141,0.0,0.0,0.0,0.0,0.0,19.625,16.328,,0.0,0.7730,39.855,33.365,33.365,39.855,1.485,0.000,,,,,0.99399,,64,,,,,,224.93,,,,,,,224.93,,,,666.4,,,,,,,,,,,1505.1,,,,,,0.359,100.000,,,,,,2566.09,,2573.36,2682.42,,,225.96,100.17,,,,,,,,,,,,,0.359,0.000,64,2,2,,,,,,,,217,0,,,,,,,,,41.724,,143.56,143.50,,,,
431.858,,0,0,0,256,0,0,0,0,0,0,0,0,1,0,0,0,0,0,,,,,,,,,,,,,,,,,,,,,,6959.0,,,,,1638.9,,,,1.00144,1.00144,278.53,,,21.9700,,0.0,,0.4090,22.0000,13.5,13.5,13.5,13.5,13.5,13.5,,,,,,,,,,,,,4.216,0.300,4.242,3.139,4.218,,,,,,,,3.142,0.0,0.0,0.0,0.0,0.0,19.609,16.297,,0.0,0.7722,39.745,33.270,33.270,39.745,1.880,0.000,,,,,0.99418,,64,,,,,,224.65,,,,,,,224.65,,,,666.0,,,,,,,,,,,1497.6,,,,,,0.359,100.000,,,,,,2563.36,,2562.81,2684.06,,,225.52,100.08,,,,,,,,,,,,,0.359,0.000,64,2,2,,,,,,,,217,0,,,,,,,,,41.339,,144.22,144.05,,,,
431.868,,0,0,0,256,0,0,0,0,0,0,0,0,1,0,0,0,0,0,,,,,,,,,,,,,,,,,,,,,,6973.0,,,,,1638.9,,,,1.00144,1.00144,278.44,,,21.8200,,0.0,,0.4285,22.0000,13.5,13.5,13.5,13.5,13.5,13.5,,,,,,,,,,,,,4.216,0.300,4.242,3.139,4.210,,,,,,,,3.141,0.0,0.0,0.0,0.0,0.0,19.766,15.969,,0.0,0.7693,39.650,33.355,33.355,39.650,1.880,0.000,,,,,0.99375,,64,,,,,,224.67,,,,,,,224.67,,,,666.0,,,,,,,,,,,1501.5,,,,,,0.359,100.000,,,,,,2563.05,,2569.14,2683.44,,,225.52,100.03,,,,,,,,,,,,,0.359,0.000,64,2,2,,,,,,,,217,0,,,,,,,,,41.624,,144.22,144.05,,,,
431.878,,0,0,0,256,0,0,0,0,0,0,0,0,1,0,0,0,0,0,,,,,,,,,,,,,,,,,,,,,,6952.5,,,,,1637.4,,,,1.00144,1.00144,278.81,,,22.0080,,0.0,,0.4050,22.0000,13.5,13.5,13.5,13.5,13.5,13.5,,,,,,,,,,,,,4.206,0.300,4.242,3.139,4.210,,,,,,,,3.145,0.0,0.0,0.0,0.0,0.0,19.594,16.266,,0.0,0.7705,39.735,33.320,33.320,39.735,2.325,0.000,,,,,0.99296,,64,,,,,,225.16,,,,,,,225.16,,,,664.9,,,,,,,,,,,1495.6,,,,,,0.359,100.000,,,,,,2562.19,,2569.14,2683.83,,,225.23,100.17,,,,,,,,,,,,,0.359,0.000,64,2,2,,,,,,,,217,0,,,,,,,,,41.530,,143.67,143.88,,,,
431.887,,0,0,0,256,0,0,0,0,0,0,0,0,1,0,0,0,0,0,,,,,,,,,,,,,,,,,,,,,,6971.0,,,,,1637.4,,,,1.00144,1.00144,278.81,,,21.9040,,0.0,,0.4180,22.0000,13.5,13.5,13.5,13.5,13.5,13.5,,,,,,,,,,,,,4.206,0.300,4.242,3.139,4.231,,,,,,,,3.145,0.0,0.0,0.0,0.0,0.0,19.734,15.922,,0.0,0.7683,39.700,33.345,33.345,39.700,1.880,0.000,,,,,0.99281,,64,,,,,,225.23,,,,,,,225.23,,,,664.9,,,,,,,,,,,1508.9,,,,,,0.359,100.000,,,,,,2562.89,,2567.03,2683.98,,,225.23,100.17,,,,,,,,,,,,,0.359,0.000,64,2,2,,,,,,,,217,0,,,,,,,,,42.059,,143.67,143.88,,,,
431.898,,0,0,0,256,0,0,0,0,0,0,0,0,1,0,0,0,0,0,,,,,,,,,,,,,,,,,,,,,,6961.0,,,,,1635.7,,,,1.00144,1.00144,277.73,,,21.9240,,0.0,,0.4155,22.0000,13.5,13.5,13.5,13.5,13.5,13.5,,,,,,,,,,,,,4.218,0.300,4.242,3.139,4.231,,,,,,,,3.136,0.0,0.0,0.0,0.0,0.0,19.750,16.031,,0.0,0.7727,39.725,33.350,33.350,39.725,1.880,0.000,,,,,0.99204,,64,,,,,,224.53,,,,,,,224.53,,,,664.0,,,,,,,,,,,1499.5,,,,,,0.359,100.000,,,,,,2561.02,,2566.02,2683.67,,,224.70,99.75,,,,,,,,,,,,,0.359,0.000,64,2,2,,,,,,,,217,0,,,,,,,,,41.579,,144.66,144.43,,,,
431.907,,0,0,0,256,0,0,0,0,0,0,0,0,1,0,0,0,0,0,,,,,,,,,,,,,,,,,,,,,,6973.0,,,,,1635.7,,,,1.00144,1.00144,278.30,,,22.0380,,0.0,,0.4010,22.0000,13.5,13.5,13.5,13.5,13.5,13.5,,,,,,,,,,,,,4.215,0.300,4.242,3.139,4.221,,,,,,,,3.143,0.0,0.0,0.0,0.0,0.0,19.688,16.016,,0.0,0.7727,39.730,33.310,33.310,39.730,2.325,0.000,,,,,0.99229,,64,,,,,,224.95,,,,,,,224.95,,,,664.0,,,,,,,,,,,1497.7,,,,,,0.359,100.000,,,,,,2559.30,,2560.70,2683.98,,,224.70,99.98,,,,,,,,,,,,,0.359,0.000,64,2,2,,,,,,,,217,0,,,,,,,,,41.605,,144.66,144.43,,,,
431.921,,0,0,0,256,0,0,0,0,0,0,0,0,1,0,0,0,0,0,,,,,,,,,,,,,,,,,,,,,,6985.0,,,,,1636.9,,,,1.00144,1.00144,278.06,,,21.9040,,0.0,,0.4185,22.0000,13.5,13.5,13.5,13.5,13.5,13.5,,,,,,,,,,,,,4.215,0.300,4.242,3.139,4.221,,,,,,,,3.140,0.0,0.0,0.0,0.0,0.0,19.688,16.094,,0.0,0.7744,39.690,33.325,33.325,39.690,1.880,0.000,,,,,0.99192,,64,,,,,,224.79,,,,,,,224.79,,,,663.9,,,,,,,,,,,1510.5,,,,,,0.359,100.000,,,,,,2559.38,,2566.02,2684.38,,,224.72,99.89,,,,,,,,,,,,,0.359,0.000,64,2,2,,,,,,,,217,0,,,,,,,,,42.055,,144.83,144.66,,,,
431.931,,0,0,0,256,0,0,0,0,0,0,0,0,1,0,0,0,0,0,,,,,,,,,,,,,,,,,,,,,,6985.0,,,,,1636.9,,,,1.00144,1.00144,277.92,,,21.8760,,0.0,,0.4220,22.0000,13.5,13.5,13.5,13.5,13.5,13.5,,,,,,,,,,,,,4.196,0.300,4.198,3.140,4.198,,,,,,,,3.139,0.0,0.0,0.0,0.0,0.0,19.656,16.109,,0.0,0.7751,39.705,33.345,33.345,39.705,2.325,0.000,,,,,0.99186,,64,,,,,,224.70,,,,,,,224.70,,,,663.9,,,,,,,,,,,1503.7,,,,,,0.359,100.000,,,,,,2558.20,,2562.81,2684.38,,,224.72,99.84,,,,,,,,,,,,,0.359,0.000,64,2,2,,,,,,,,217,0,,,,,,,,,41.570,,144.83,144.66,,,,
431.945,,0,0,0,256,0,0,0,0,0,0,0,0,1,0,0,0,0,0,,,,,,,,,,,,,,,,,,,,,,7007.5,,,,,1640.8,,,,1.00144,1.00144,277.83,,,21.8940,,0.0,,0.4195,22.0000,13.5,13.5,14.3,14.3,13.5,14.3,,,,,,,,,,,,,4.196,0.300,4.198,3.140,4.209,,,,,,,,3.138,0.0,0.0,0.0,0.0,0.0,19.859,15.828,,0.0,0.7708,39.725,33.345,33.345,39.725,1.880,0.000,,,,,0.99171,,64,,,,,,224.72,,,,,,,224.72,,,,663.8,,,,,,,,,,,1511.3,,,,,,0.359,100.000,,,,,,2558.44,,2566.02,2682.11,,,225.87,99.80,,,,,,,,,,,,,0.359,0.000,64,2,2,,,,,,,,217,0,,,,,,,,,42.029,,144.83,144.83,,,,
431.959,13.5,0,0,0,256,0,0,0,0,0,0,0,0,1,0,0,0,0,0,992.7,992.7,1000.0,10.0,0.0,0.0,0.03,1,0,0.996,0.996,0.0,0.0,4.156,0.00,1000.0,1000.0,1000.0,1047.8,1000.0,974.64,7026.0,52.044,509.6,0.0,10.0,1653.1,0.03052,0.00,0.00,1.00144,1.00144,277.27,3,47.0,21.8860,0.0200,0.0,62.9,0.4215,22.0000,14.3,13.5,13.5,14.3,14.3,14.3,13.5,2.3,0.00,0.00009,0,0,0,1,98,98,98,98,4.214,0.300,4.198,3.140,4.229,992.7,1000.0,1000.0,992.7,1000.0,0.0,18.74,3.131,0.0,0.0,0.0,0.0,0.0,19.672,16.141,0.0,0.0,0.7722,39.605,33.240,33.240,39.605,1.880,0.000,0.7813,0.7813,0.0000,1417.4,0.99085,0.101937,64,41.725,1047.8,0.0,1000.0,1000.0,224.44,237.54,593.9,0.99942,1535.98,400.01,0.99939,224.44,400.01,237.52,237.52,663.0,-200.0,83.6,68.68,68.687,2206.6,728.6,750.0,928.6,351.72,0.0,1518.1,59.700,0.0,0,992.7,992.7,0.359,100.000,923.01,0,2.1809,0.605,1013.01,2556.41,90.00,2558.59,2684.06,2682.42,80.81,225.94,99.61,361.50,390.75,100.0,0,29.05,32.3,94.5,64.5,37,0,90.04,22.5,0.359,0.000,64,2,2,992.7,1047.4,992.7,992.7,1000.0,1047.4,594.9,217,0,59.390,59.390,1000.0,2000.0,61.748,99.167,100.000,59.428,41.605,12.6,145.50,145.27,143.93,144.11,0.0,0.98
431.968,,0,0,0,256,0,0,0,0,0,0,0,0,1,0,0,0,0,0,,,,,,,,,,,,,,,,,,,,,,7026.0,,,,,1653.1,,,,1.00144,1.00144,277.22,,,21.9420,,0.0,,0.4145,22.0000,14.3,14.3,13.5,14.3,14.3,14.3,,,,,,,,,,,,,4.214,0.300,4.198,3.140,4.229,,,,,,,,3.129,0.0,0.0,0.0,0.0,0.0,19.688,16.203,,0.0,0.7754,39.620,33.285,33.285,39.620,2.325,0.000,,,,,0.99030,,64,,,,,,224.48,,,,,,,224.48,,,,663.0,,,,,,,,,,,1509.7,,,,,,0.359,100.000,,,,,,2556.09,,2564.92,2683.67,,,225.94,99.56,,,,,,,,,,,,,0.359,0.000,64,2,2,,,,,,,,217,0,,,,,,,,,41.484,,145.50,145.27,,,,
431.978,,0,0,0,256,0,0,0,0,0,0,0,0,1,0,0,0,0,0,,,,,,,,,,,,,,,,,,,,,,7030.0,,,,,1648.1,,,,1.00144,1.00144,276.84,,,21.8280,,0.0,,0.4295,22.0000,14.3,14.3,14.3,14.3,14.3,14.3,,,,,,,,,,,,,4.191,0.300,4.198,3.140,4.215,,,,,,,,3.132,0.0,0.0,0.0,0.0,0.0,19.625,16.156,,0.0,0.7732,39.665,33.265,33.265,39.665,2.325,0.000,,,,,0.99049,,64,,,,,,224.23,,,,,,,224.23,,,,662.9,,,,,,,,,,,1512.4,,,,,,0.359,100.000,,,,,,2554.38,,2555.47,2683.59,,,225.12,99.47,,,,,,,,,,,,,0.359,0.000,64,2,2,,,,,,,,217,0,,,,,,,,,41.945,,144.99,145.27,,,,
431.988,,0,0,0,256,0,0,0,0,0,0,0,0,1,0,0,0,0,0,,,,,,,,,,,,,,,,,,,,,,7046.5,,,,,1648.1,,,,1.00144,1.00144,276.89,,,22.0000,,0.0,,0.4080,22.0000,14.3,14.3,14.3,14.3,14.3,14.3,,,,,,,,,,,,,4.191,0.300,4.198,3.140,4.187,,,,,,,,3.132,0.0,0.0,0.0,0.0,0.0,19.672,15.875,,0.0,0.7737,39.645,33.260,33.260,39.645,2.325,0.000,,,,,0.98994,,64,,,,,,224.37,,,,,,,224.37,,,,662.9,,,,,,,,,,,1517.8,,,,,,0.359,100.000,,,,,,2555.31,,2557.58,2683.52,,,225.12,99.47,,,,,,,,,,,,,0.359,0.000,64,2,2,,,,,,,,217,0,,,,,,,,,41.989,,144.99,145.27,,,,
431.997,,0,0,0,256,0,0,0,0,0,0,0,0,1,0,0,0,0,0,,,,,,,,,,,,,,,,,,,,,,7042.5,,,,,1652.0,,,,1.00144,1.00144,277.13,,,21.9140,,0.0,,0.4185,22.0000,14.3,14.3,14.3,14.3,14.3,14.3,,,,,,,,,,,,,4.186,0.300,4.198,3.140,4.187,,,,,,,,3.133,0.0,0.0,0.0,0.0,0.0,19.578,16.266,,0.0,0.7754,39.640,33.255,33.255,39.640,2.820,0.000,,,,,0.98972,,64,,,,,,224.60,,,,,,,224.60,,,,662.8,,,,,,,,,,,1504.8,,,,,,0.359,100.000,,,,,,2553.28,,2557.58,2683.59,,,224.65,99.52,,,,,,,,,,,,,0.359,0.000,64,2,2,,,,,,,,217,0,,,,,,,,,41.969,,145.89,145.78,,,,
432.007,,0,0,0,256,0,0,0,0,0,0,0,0,1,0,0,0,0,0,,,,,,,,,,,,,,,,,,,,,,7067.5,,,,,1652.0,,,,1.00144,1.00144,277.27,,,22.0280,,0.0,,0.4045,22.0000,14.3,14.3,14.3,14.3,14.3,14.3,,,,,,,,,,,,,4.186,0.300,4.198,3.140,4.192,,,,,,,,3.136,0.0,0.0,0.0,0.0,0.0,19.797,16.031,,0.0,0.7693,39.635,33.260,33.260,39.635,2.325,0.000,,,,,0.98979,,64,,,,,,224.63,,,,,,,224.63,,,,662.8,,,,,,,,,,,1523.6,,,,,,0.359,100.000,,,,,,2553.59,,2558.59,2684.06,,,224.65,99.61,,,,,,,,,,,,,0.359,0.000,64,2,2,,,,,,,,217,0,,,,,,,,,42.459,,145.89,145.78,,,,
432.021,,0,0,0,256,0,0,0,0,0,0,0,0,1,0,0,0,0,0,,,,,,,,,,,,,,,,,,,,,,7078.0,,,,,1655.3,,,,1.00144,1.00144,276.47,,,22.1040,,0.0,,0.3950,22.0000,14.3,14.3,14.3,14.3,14.3,14.3,,,,,,,,,,,,,4.178,0.300,4.198,3.140,4.192,,,,,,,,3.127,0.0,0.0,0.0,0.0,0.0,19.766,16.141,,0.0,0.7717,39.640,33.285,33.285,39.640,2.325,0.000,,,,,0.98875,,64,,,,,,224.23,,,,,,,224.23,,,,662.3,,,,,,,,,,,1518.5,,,,,,0.359,100.000,,,,,,2551.88,,2559.69,2683.98,,,224.20,99.33,,,,,,,,,,,,,0.359,0.000,64,2,2,,,,,,,,217,0,,,,,,,,,41.959,,145.72,145.84,,,,
432.031,,0,0,0,256,0,0,0,0,0,0,0,0,1,0,0,0,0,0,,,,,,,,,,,,,,,,,,,,,,7065.5,,,,,1655.3,,,,1.00144,1.00144,276.38,,,22.0000,,0.0,,0.4080,22.0000,14.3,14.3,14.3,14.3,14.3,14.3,,,,,,,,,,,,,4.172,0.300,4.174,3.127,4.174,,,,,,,,3.127,0.0,0.0,0.0,0.0,0.0,19.719,16.125,,0.0,0.7712,39.665,33.280,33.280,39.665,2.325,0.000,,,,,0.98854,,64,,,,,,224.16,,,,,,,224.16,,,,662.3,,,,,,,,,,,1517.4,,,,,,0.359,100.000,,,,,,2551.09,,2555.47,2683.91,,,224.20,99.33,,,,,,,,,,,,,0.359,0.000,64,2,2,,,,,,,,217,0,,,,,,,,,41.965,,145.72,145.84,,,,
432.044,,0,0,0,256,0,0,0,0,0,0,0,0,1,0,0,0,0,0,,,,,,,,,,,,,,,,,,,,,,7078.0,,,,,1654.9,,,,1.00144,1.00144,276.09,,,21.8380,,0.0,,0.4280,22.0000,14.3,14.3,14.3,14.3,14.3,14.3,,,,,,,,,,,,,4.172,0.300,4.174,3.127,4.175,,,,,,,,3.123,0.0,0.0,0.0,0.0,0.0,19.672,16.234,,0.0,0.7725,39.660,33.275,33.275,39.660,2.325,0.000,,,,,0.98805,,64,,,,,,224.16,,,,,,,224.16,,,,661.6,,,,,,,,,,,1524.8,,,,,,0.359,100.000,,,,,,2549.92,,2551.25,2681.80,,,224.20,99.19,,,,,,,,,,,,,0.359,0.000,64,2,2,,,,,,,,217,0,,,,,,,,,41.989,,146.34,146.29,,,,
432.057,14.3,0,0,0,256,0,0,0,0,0,0,0,0,1,0,0,0,0,0,992.2,992.2,1000.0,10.0,0.0,0.0,0.03,1,0,0.996,0.996,0.0,0.0,4.156,0.00,1000.0,1000.0,1000.0,1046.8,1000.0,976.05,7094.5,52.044,509.8,0.0,10.0,1654.7,0.03061,0.00,0.00,1.00144,1.00144,275.44,3,47.0,21.8660,0.1140,0.0,62.9,0.4250,22.0000,14.3,14.3,14.3,14.3,14.3,14.3,14.3,2.3,0.00,0.00000,0,0,0,1,98,98,98,98,4.173,0.300,4.174,3.127,4.181,992.2,1000.0,1000.0,992.2,1000.0,0.0,18.74,3.115,0.0,0.0,0.0,0.0,0.0,19.688,16.266,0.0,0.0,0.7693,39.545,33.165,33.165,39.545,2.325,0.000,0.7813,0.7813,0.0000,1423.4,0.98765,0.101987,64,41.605,1046.8,0.0,1000.0,1000.0,223.71,237.80,594.5,0.99942,1535.98,400.01,0.99939,223.71,400.01,237.77,237.77,661.4,-200.0,87.0,69.63,69.637,2219.3,741.1,750.0,941.1,351.09,0.0,1520.2,59.674,0.0,0,992.2,992.2,0.359,100.000,923.01,0,2.1796,0.609,1013.01,2546.48,90.00,2558.59,2684.06,2684.06,80.63,224.74,98.95,361.50,390.75,100.0,0,29.15,32.3,94.5,64.5,37,0,90.04,22.5,0.359,0.000,64,2,2,992.2,1046.3,992.2,992.2,1000.0,1046.3,595.8,217,0,59.457,59.102,1000.0,2000.0,61.758,99.118,100.000,59.518,42.474,12.6,146.97,146.73,145.05,144.77,0.0,0.95
432.068,,0,0,0,256,0,0,0,0,0,0,0,0,1,0,0,0,0,0,,,,,,,,,,,,,,,,,,,,,,7090.5,,,,,1654.7,,,,1.00144,1.00144,274.41,,,21.7920,,0.0,,0.4350,22.0000,14.3,14.3,14.3,14.3,14.3,14.3,,,,,,,,,,,,,4.167,0.300,4.174,3.127,4.181,,,,,,,,3.103,0.0,0.0,0.0,0.0,0.0,19.547,16.594,,0.0,0.7732,39.545,33.285,33.285,39.545,2.325,0.000,,,,,0.98683,,64,,,,,,223.03,,,,,,,223.03,,,,661.4,,,,,,,,,,,1519.1,,,,,,0.359,100.000,,,,,,2545.39,,2558.59,2683.13,,,224.74,98.58,,,,,,,,,,,,,0.359,0.000,64,2,2,,,,,,,,217,0,,,,,,,,,41.869,,146.97,146.73,,,,
432.078,,0,0,0,256,0,0,0,0,0,0,0,0,1,0,0,0,0,0,,,,,,,,,,,,,,,,,,,,,,7090.5,,,,,1659.3,,,,1.00144,1.00144,275.16,,,21.8480,,0.0,,0.4285,22.0000,14.3,14.3,14.3,14.3,14.3,14.3,,,,,,,,,,,,,4.177,0.300,4.174,3.127,4.178,,,,,,,,3.113,0.0,0.0,0.0,0.0,0.0,19.594,16.594,,0.0,0.7715,39.665,33.235,33.235,39.665,2.820,0.000,,,,,0.98707,,64,,,,,,223.48,,,,,,,223.48,,,,661.0,,,,,,,,,,,1517.1,,,,,,0.359,100.000,,,,,,2545.23,,2550.23,2683.75,,,224.63,98.86,,,,,,,,,,,,,0.359,0.000,64,2,2,,,,,,,,217,0,,,,,,,,,41.869,,146.40,146.50,,,,
432.088,,0,0,0,256,0,0,0,0,0,0,0,0,1,0,0,0,0,0,,,,,,,,,,,,,,,,,,,,,,7103.0,,,,,1659.3,,,,1.00144,1.00144,274.41,,,21.7920,,0.0,,0.4360,22.0000,14.3,14.3,14.3,14.3,14.3,14.3,,,,,,,,,,,,,4.177,0.300,4.174,3.127,4.178,,,,,,,,3.103,0.0,0.0,0.0,0.0,0.0,19.656,16.672,,0.0,0.7759,39.615,33.270,33.270,39.615,2.820,0.000,,,,,0.98643,,64,,,,,,223.01,,,,,,,223.01,,,,661.0,,,,,,,,,,,1523.3,,,,,,0.359,100.000,,,,,,2545.16,,2553.36,2683.75,,,224.63,98.58,,,,,,,,,,,,,0.359,0.000,64,2,2,,,,,,,,217,0,,,,,,,,,42.484,,146.40,146.50,,,,
432.098,,0,0,0,256,0,0,0,0,0,0,0,0,1,0,0,0,0,0,,,,,,,,,,,,,,,,,,,,,,7105.0,,,,,1655.7,,,,1.00144,1.00144,274.17,,,21.7060,,0.0,,0.4470,22.0000,14.3,14.3,14.3,14.3,14.3,14.3,,,,,,,,,,,,,4.166,0.300,4.174,3.127,4.165,,,,,,,,3.101,0.0,0.0,0.0,0.0,0.0,19.688,16.641,,0.0,0.7764,39.650,33.270,33.270,39.650,2.820,0.000,,,,,0.98680,,64,,,,,,222.77,,,,,,,222.77,,,,660.5,,,,,,,,,,,1519.0,,,,,,0.359,100.000,,,,,,2543.13,,2547.03,2683.75,,,223.64,98.48,,,,,,,,,,,,,0.359,0.000,64,2,2,,,,,,,,217,0,,,,,,,,,42.435,,147.43,147.20,,,,
432.107,,0,0,0,256,0,0,0,0,0,0,0,0,1,0,0,0,0,0,,,,,,,,,,,,,,,,,,,,,,7128.0,,,,,1655.7,,,,1.00144,1.00144,274.27,,,21.9700,,0.0,,0.4140,22.0000,14.3,14.3,14.3,14.3,14.3,14.3,,,,,,,,,,,,,4.166,0.300,4.174,3.127,4.163,,,,,,,,3.102,0.0,0.0,0.0,0.0,0.0,19.828,16.297,,0.0,0.7759,39.650,33.270,33.270,39.650,2.820,0.000,,,,,0.98661,,64,,,,,,222.84,,,,,,,222.84,,,,660.5,,,,,,,,,,,1524.4,,,,,,0.359,100.000,,,,,,2543.83,,2549.14,2684.06,,,223.64,98.53,,,,,,,,,,,,,0.359,0.000,64,2,2,,,,,,,,217,0,,,,,,,,,42.470,,147.43,147.20,,,,
432.121,,0,0,0,256,0,0,0,0,0,0,0,0,1,0,0,0,0,0,,,,,,,,,,,,,,,,,,,,,,7120.0,,,,,1656.9,,,,1.00144,1.00144,273.84,,,21.8380,,0.0,,0.4305,22.0000,14.3,14.3,14.3,14.3,14.3,14.3,,,,,,,,,,,,,4.162,0.300,4.174,3.127,4.163,,,,,,,,3.102,0.0,0.0,0.0,0.0,0.0,19.672,16.594,,0.0,0.7793,39.650,33.285,33.285,39.650,3.360,0.000,,,,,0.98643,,64,,,,,,222.61,,,,,,,222.61,,,,660.6,,,,,,,,,,,1517.5,,,,,,0.359,100.000,,,,,,2541.09,,2543.91,2684.06,,,223.05,98.39,,,,,,,,,,,,,0.359,0.000,64,2,2,,,,,,,,217,0,,,,,,,,,42.470,,147.03,147.14,,,,
432.131,,0,0,0,256,0,0,0,0,0,0,0,0,1,0,0,0,0,0,,,,,,,,,,,,,,,,,,,,,,7134.5,,,,,1656.9,,,,1.00144,1.00144,274.27,,,21.8280,,0.0,,0.4325,22.0000,14.3,14.3,14.3,14.3,14.3,14.3,,,,,,,,,,,,,4.147,0.300,4.153,3.111,4.152,,,,,,,,3.109,0.0,0.0,0.0,0.0,0.0,19.703,16.563,,0.0,0.7744,39.665,33.285,33.285,39.665,3.360,0.000,,,,,0.98671,,64,,,,,,222.80,,,,,,,222.80,,,,660.6,,,,,,,,,,,1515.1,,,,,,0.359,100.000,,,,,,2538.05,,2541.80,2683.91,,,223.05,98.58,,,,,,,,,,,,,0.359,0.000,64,2,2,,,,,,,,217,0,,,,,,,,,43.010,,147.03,147.14,,,,
432.144,,0,0,0,256,0,0,0,0,0,0,0,0,1,0,0,0,0,0,,,,,,,,,,,,,,,,,,,,,,7153.5,,,,,1657.0,,,,1.00144,1.00144,273.61,,,22.0460,,0.0,,0.4050,22.0000,14.3,14.3,14.3,14.3,14.3,14.3,,,,,,,,,,,,,4.147,0.300,4.153,3.111,4.152,,,,,,,,3.095,0.0,0.0,0.0,0.0,0.0,19.781,16.641,,0.0,0.7744,39.665,33.275,33.275,39.665,2.820,0.000,,,,,0.98600,,64,,,,,,222.49,,,,,,,222.49,,,,660.2,,,,,,,,,,,1528.0,,,,,,0.359,100.000,,,,,,2537.19,,2546.02,2681.80,,,222.61,98.30,,,,,,,,,,,,,0.359,0.000,64,2,2,,,,,,,,217,0,,,,,,,,,43.024,,147.65,147.78,,,,
432.158,14.3,0,0,0,256,0,0,0,0,0,0,0,0,1,0,0,0,0,0,992.1,992.1,1000.0,10.0,0.0,0.0,0.06,1,0,0.996,0.996,0.0,0.0,4.031,0.00,1000.0,1000.0,1000.0,1045.5,1000.0,977.76,7164.5,52.044,507.7,0.0,10.0,1659.4,0.03065,0.00,0.00,1.00144,1.00144,273.23,3,47.0,22.1600,0.1340,0.0,62.8,0.3905,22.0000,14.3,14.3,14.3,14.3,14.3,14.3,14.3,2.3,0.00,0.00009,0,0,0,1,98,98,98,98,4.150,0.300,4.153,3.111,4.118,992.1,1000.0,1000.0,992.1,1000.0,0.0,18.74,3.092,0.0,0.0,0.0,0.0,0.0,20.047,16.297,0.0,0.0,0.7737,39.545,33.170,33.170,39.545,3.360,0.000,0.7813,0.7813,0.0000,1428.0,0.98539,0.102084,64,42.475,1045.5,0.0,1000.0,1000.0,222.33,238.13,592.2,0.99942,1535.98,400.01,0.99939,222.33,400.01,238.10,238.10,659.8,-200.0,88.6,70.18,70.183,2225.8,748.3,750.0,948.3,349.53,0.0,1528.8,59.424,0.0,0,992.1,992.1,0.359,100.000,923.01,0,2.1786,0.613,1013.01,2536.33,90.00,2540.70,2684.14,2684.06,80.34,222.87,98.20,361.50,390.75,100.0,0,29.24,32.3,94.5,64.5,37,0,90.04,22.5,0.359,0.000,64,2,2,992.1,1045.5,992.1,992.1,1000.0,1045.5,592.3,217,0,59.226,59.226,1000.0,2000.0,61.748,99.107,100.000,59.169,43.015,12.6,148.29,148.07,146.46,146.29,0.0,0.95
432.168,,0,0,0,256,0,0,0,0,0,0,0,0,1,0,0,0,0,0,,,,,,,,,,,,,,,,,,,,,,7147.5,,,,,1659.4,,,,1.00144,1.00144,273.66,,,22.1780,,0.0,,0.3875,22.0000,14.3,14.3,14.3,14.3,14.3,14.3,,,,,,,,,,,,,4.117,0.300,4.153,3.111,4.118,,,,,,,,3.095,0.0,0.0,0.0,0.0,0.0,19.906,16.578,,0.0,0.7754,39.550,33.290,33.290,39.550,3.360,0.000,,,,,0.98515,,64,,,,,,222.75,,,,,,,222.75,,,,659.8,,,,,,,,,,,1515.9,,,,,,0.359,100.000,,,,,,2534.77,,2542.81,2684.14,,,222.87,98.30,,,,,,,,,,,,,0.359,0.000,64,2,2,,,,,,,,217,0,,,,,,,,,42.905,,148.29,148.07,,,,
432.178,,0,0,0,256,0,0,0,0,0,0,0,0,1,0,0,0,0,0,,,,,,,,,,,,,,,,,,,,,,7147.5,,,,,1665.8,,,,1.00144,1.00144,273.05,,,22.1500,,0.0,,0.3905,22.0000,14.3,14.3,14.3,14.3,14.3,14.3,,,,,,,,,,,,,4.108,0.300,4.153,3.111,4.118,,,,,,,,3.093,0.0,0.0,0.0,0.0,0.0,19.906,16.500,,0.0,0.7717,39.670,33.290,33.290,39.670,3.360,0.000,,,,,0.98521,,64,,,,,,222.23,,,,,,,222.23,,,,659.3,,,,,,,,,,,1530.7,,,,,,0.359,100.000,,,,,,2533.59,,2539.69,2684.14,,,223.66,98.11,,,,,,,,,,,,,0.359,0.000,64,2,2,,,,,,,,217,0,,,,,,,,,42.909,,147.83,148.00,,,,
432.188,,0,0,0,256,0,0,0,0,0,0,0,0,1,0,0,0,0,0,,,,,,,,,,,,,,,,,,,,,,7168.5,,,,,1665.8,,,,1.00144,1.00144,272.81,,,22.1880,,0.0,,0.3860,22.0000,14.3,14.3,14.3,14.3,14.3,14.3,,,,,,,,,,,,,4.108,0.300,4.153,3.111,4.118,,,,,,,,3.090,0.0,0.0,0.0,0.0,0.0,19.984,16.547,,0.0,0.7725,39.670,33.290,33.290,39.670,3.360,0.000,,,,,0.98436,,64,,,,,,222.19,,,,,,,222.19,,,,659.3,,,,,,,,,,,1521.9,,,,,,0.359,100.000,,,,,,2532.34,,2539.69,2684.14,,,223.66,98.02,,,,,,,,,,,,,0.359,0.000,64,2,2,,,,,,,,217,0,,,,,,,,,43.030,,147.83,148.00,,,,
432.198,,0,0,0,256,0,0,0,0,0,0,0,0,1,0,0,0,0,0,,,,,,,,,,,,,,,,,,,,,,7164.5,,,,,1663.9,,,,1.00144,1.00144,272.34,,,22.3400,,0.0,,0.3660,22.0000,14.3,14.3,14.3,14.3,14.3,14.3,,,,,,,,,,,,,4.102,0.300,4.153,3.111,4.104,,,,,,,,3.086,0.0,0.0,0.0,0.0,0.0,20.031,16.484,,0.0,0.7686,39.670,33.290,33.290,39.670,3.945,0.000,,,,,0.98423,,64,,,,,,221.81,,,,,,,221.81,,,,659.1,,,,,,,,,,,1521.7,,,,,,0.359,100.000,,,,,,2529.14,,2528.05,2683.98,,,222.56,97.88,,,,,,,,,,,,,0.359,0.000,64,2,2,,,,,,,,217,0,,,,,,,,,43.030,,148.77,148.53,,,,
432.208,,0,0,0,256,0,0,0,0,0,0,0,0,1,0,0,0,0,0,,,,,,,,,,,,,,,,,,,,,,7179.5,,,,,1663.9,,,,1.00144,1.00144,272.25,,,22.3300,,0.0,,0.3665,22.0000,14.3,14.3,14.3,14.3,14.3,14.3,,,,,,,,,,,,,4.102,0.300,4.153,3.111,4.097,,,,,,,,3.085,0.0,0.0,0.0,0.0,0.0,20.281,16.156,,0.0,0.7681,39.670,33.280,33.280,39.670,3.360,0.000,,,,,0.98320,,64,,,,,,221.98,,,,,,,221.98,,,,659.1,,,,,,,,,,,1530.2,,,,,,0.359,100.000,,,,,,2529.61,,2537.58,2684.06,,,222.56,97.83,,,,,,,,,,,,,0.359,0.000,64,2,2,,,,,,,,217,0,,,,,,,,,43.614,,148.77,148.53,,,,
432.221,,0,0,0,256,0,0,0,0,0,0,0,0,1,0,0,0,0,0,,,,,,,,,,,,,,,,,,,,,,7175.0,,,,,1662.7,,,,1.00144,1.00144,272.58,,,22.1120,,0.0,,0.3940,22.0000,14.3,14.3,14.3,14.3,14.3,14.3,,,,,,,,,,,,,4.096,0.300,4.153,3.111,4.097,,,,,,,,3.089,0.0,0.0,0.0,0.0,0.0,20.141,16.453,,0.0,0.7732,39.660,33.285,33.285,39.660,3.945,0.000,,,,,0.98283,,64,,,,,,222.33,,,,,,,222.33,,,,658.7,,,,,,,,,,,1521.5,,,,,,0.359,100.000,,,,,,2528.20,,2534.38,2684.06,,,222.52,97.97,,,,,,,,,,,,,0.359,0.000,64,2,2,,,,,,,,217,0,,,,,,,,,43.030,,148.23,148.36,,,,
432.231,,0,0,0,256,0,0,0,0,0,0,0,0,1,0,0,0,0,0,,,,,,,,,,,,,,,,,,,,,,7186.0,,,,,1662.7,,,,1.00144,1.00144,272.20,,,22.2060,,0.0,,0.3815,22.0000,14.3,14.3,14.3,14.3,14.3,14.3,,,,,,,,,,,,,4.089,0.300,4.096,3.090,4.097,,,,,,,,3.085,0.0,0.0,0.0,0.0,0.0,20.344,16.141,,0.0,0.7742,39.665,33.285,33.285,39.665,3.945,0.000,,,,,0.98305,,64,,,,,,221.93,,,,,,,221.93,,,,658.7,,,,,,,,,,,1535.3,,,,,,0.359,100.000,,,,,,2527.19,,2530.16,2683.91,,,222.52,97.83,,,,,,,,,,,,,0.359,0.000,64,2,2,,,,,,,,217,0,,,,,,,,,43.604,,148.23,148.36,,,,
432.244,,0,0,0,256,0,0,0,0,0,0,0,0,1,0,0,0,0,0,,,,,,,,,,,,,,,,,,,,,,7207.5,,,,,1662.6,,,,1.00144,1.00144,272.67,,,22.2360,,0.0,,0.3775,22.0000,14.3,14.3,14.3,14.3,14.3,14.3,,,,,,,,,,,,,4.089,0.300,4.096,3.090,4.097,,,,,,,,3.090,0.0,0.0,0.0,0.0,0.0,20.313,16.219,,0.0,0.7786,39.665,33.275,33.275,39.665,3.945,0.000,,,,,0.98298,,64,,,,,,222.30,,,,,,,222.30,,,,659.0,,,,,,,,,,,1526.9,,,,,,0.359,100.000,,,,,,2525.39,,2533.36,2682.34,,,221.98,98.02,,,,,,,,,,,,,0.359,0.000,64,2,2,,,,,,,,217,0,,,,,,,,,43.610,,149.06,149.12,,,,
432.257,14.3,0,0,0,256,0,0,0,0,0,0,0,0,1,0,0,0,0,0,992.1,992.1,1000.0,10.0,0.0,0.0,0.03,1,0,0.996,0.996,0.0,0.0,4.062,-0.01,1000.0,1000.0,1000.0,1045.3,1000.0,977.64,7220.5,52.044,510.9,0.0,10.0,1671.8,0.03065,0.00,0.00,1.00144,1.00144,272.67,3,47.0,22.0460,-0.1600,0.0,61.8,0.4005,22.0000,14.3,14.3,14.3,14.3,14.3,14.3,14.3,2.3,0.00,0.00009,0,0,0,1,98,98,98,98,4.102,0.300,4.096,3.090,4.110,992.1,1000.0,1000.0,992.1,1000.0,0.0,18.74,3.085,0.0,0.0,0.0,0.0,0.0,20.422,15.781,0.0,0.0,0.7734,39.575,33.185,33.185,39.575,3.360,0.000,0.7813,0.7813,0.0000,1430.2,0.98256,0.102166,64,43.015,1045.3,0.0,1000.0,1000.0,222.35,238.48,589.6,0.99942,1535.98,400.01,0.99939,222.35,400.01,238.45,238.45,659.2,-200.0,90.2,70.74,70.746,2227.2,755.7,750.0,955.7,349.02,0.0,1543.0,59.077,0.0,0,992.1,992.1,0.359,100.000,923.01,0,2.1761,0.617,1013.01,2525.47,90.00,2532.27,2684.14,2684.14,79.88,223.24,97.97,361.50,390.75,100.0,0,29.45,32.3,94.5,64.5,37,0,90.04,22.5,0.359,0.000,64,2,2,992.1,1045.2,992.1,992.1,1000.0,1045.2,589.8,217,0,58.969,58.969,1000.0,2000.0,61.801,99.107,100.000,58.919,43.599,12.6,149.29,149.29,147.83,147.78,0.0,0.75
432.268,,0,0,0,256,0,0,0,0,0,0,0,0,1,0,0,0,0,0,,,,,,,,,,,,,,,,,,,,,,7205.5,,,,,1671.8,,,,1.00144,1.00144,272.95,,,22.0280,,0.0,,0.4030,22.0000,14.3,14.3,14.3,14.3,14.3,14.3,,,,,,,,,,,,,4.108,0.300,4.096,3.090,4.110,,,,,,,,3.088,0.0,0.0,0.0,0.0,0.0,20.266,16.094,,0.0,0.7756,39.565,33.290,33.290,39.565,4.575,0.000,,,,,0.98222,,64,,,,,,222.68,,,,,,,222.68,,,,659.2,,,,,,,,,,,1527.0,,,,,,0.359,100.000,,,,,,2523.59,,2528.05,2684.38,,,223.24,98.06,,,,,,,,,,,,,0.359,0.000,64,2,2,,,,,,,,217,0,,,,,,,,,42.934,,149.29,149.29,,,,
432.278,,0,0,0,256,0,0,0,0,0,0,0,0,1,0,0,0,0,0,,,,,,,,,,,,,,,,,,,,,,7225.0,,,,,1682.3,,,,1.00144,1.00144,272.20,,,21.9420,,0.0,,0.4135,22.0000,14.3,14.3,14.3,14.3,14.3,14.3,,,,,,,,,,,,,4.111,0.300,4.096,3.090,4.121,,,,,,,,3.079,0.0,0.0,0.0,0.0,0.0,20.406,15.781,,0.0,0.7715,39.670,33.300,33.300,39.670,3.945,0.000,,,,,0.98234,,64,,,,,,222.12,,,,,,,222.12,,,,659.4,,,,,,,,,,,1545.3,,,,,,0.359,100.000,,,,,,2522.97,,2525.94,2684.22,,,223.34,97.78,,,,,,,,,,,,,0.359,0.000,64,2,2,,,,,,,,217,0,,,,,,,,,44.139,,149.23,149.46,,,,
432.288,,0,0,0,256,0,0,0,0,0,0,0,0,1,0,0,0,0,0,,,,,,,,,,,,,,,,,,,,,,7242.0,,,,,1682.3,,,,1.00144,1.00144,272.39,,,21.7540,,0.0,,0.4375,22.0000,14.3,14.3,14.3,14.3,14.3,14.3,,,,,,,,,,,,,4.111,0.300,4.096,3.090,4.121,,,,,,,,3.082,0.0,0.0,0.0,0.0,0.0,20.234,15.922,,0.0,0.7727,39.680,33.295,33.295,39.680,3.945,0.000,,,,,0.98146,,64,,,,,,222.42,,,,,,,222.42,,,,659.4,,,,,,,,,,,1533.7,,,,,,0.359,100.000,,,,,,2520.86,,2533.36,2684.22,,,223.34,97.88,,,,,,,,,,,,,0.359,0.000,64,2,2,,,,,,,,217,0,,,,,,,,,43.614,,149.23,149.46,,,,
432.299,,0,0,0,256,0,0,0,0,0,0,0,0,1,0,0,0,0,0,,,,,,,,,,,,,,,,,,,,,,7227.0,,,,,1682.8,,,,1.00144,1.00144,271.78,,,21.8280,,0.0,,0.4290,22.0000,14.3,14.3,14.3,14.3,14.3,14.3,,,,,,,,,,,,,4.138,0.300,4.096,3.090,4.111,,,,,,,,3.076,0.0,0.0,0.0,0.0,0.0,20.063,15.859,,0.0,0.7700,39.675,33.295,33.295,39.675,3.945,0.000,,,,,0.98140,,64,,,,,,222.00,,,,,,,222.00,,,,659.9,,,,,,,,,,,1536.6,,,,,,0.359,100.000,,,,,,2517.97,,2522.81,2684.06,,,223.24,97.69,,,,,,,,,,,,,0.359,0.000,64,2,2,,,,,,,,217,0,,,,,,,,,43.625,,150.18,149.82,,,,
432.307,,0,0,0,256,0,0,0,0,0,0,0,0,1,0,0,0,0,0,,,,,,,,,,,,,,,,,,,,,,7238.0,,,,,1682.8,,,,1.00144,1.00144,271.69,,,21.8940,,0.0,,0.4210,22.0000,14.3,14.3,14.3,14.3,14.3,14.3,,,,,,,,,,,,,4.138,0.300,4.096,3.090,4.133,,,,,,,,3.073,0.0,0.0,0.0,0.0,0.0,19.938,15.594,,0.0,0.7693,39.675,33.285,33.285,39.675,3.945,0.000,,,,,0.98061,,64,,,,,,222.12,,,,,,,222.12,,,,659.9,,,,,,,,,,,1546.2,,,,,,0.359,100.000,,,,,,2519.30,,2525.94,2684.14,,,223.24,97.59,,,,,,,,,,,,,0.359,0.000,64,2,2,,,,,,,,217,0,,,,,,,,,43.619,,150.18,149.82,,,,
432.322,,0,0,0,256,0,0,0,0,0,0,0,0,1,0,0,0,0,0,,,,,,,,,,,,,,,,,,,,,,7231.5,,,,,1676.3,,,,1.00144,1.00144,272.11,,,21.9700,,0.0,,0.4115,22.0000,14.3,14.3,14.3,14.3,14.3,14.3,,,,,,,,,,,,,4.130,0.300,4.096,3.090,4.133,,,,,,,,3.075,0.0,0.0,0.0,0.0,0.0,19.469,15.906,,0.0,0.7705,39.665,33.290,33.290,39.665,4.575,0.000,,,,,0.98024,,64,,,,,,222.52,,,,,,,222.52,,,,659.3,,,,,,,,,,,1536.7,,,,,,0.359,100.000,,,,,,2519.22,,2531.25,2684.14,,,222.61,97.78,,,,,,,,,,,,,0.359,0.000,64,2,2,,,,,,,,217,0,,,,,,,,,43.619,,149.46,149.77,,,,
432.332,,0,0,0,256,0,0,0,0,0,0,0,0,1,0,0,0,0,0,,,,,,,,,,,,,,,,,,,,,,7233.5,,,,,1676.3,,,,1.00144,1.00144,271.73,,,21.9620,,0.0,,0.4125,22.0000,14.3,14.3,14.3,14.3,14.3,14.3,,,,,,,,,,,,,4.117,0.300,4.122,3.074,4.121,,,,,,,,3.071,0.0,0.0,0.0,0.0,0.0,19.219,15.922,,0.0,0.7695,39.670,33.290,33.290,39.670,4.575,0.000,,,,,0.97987,,64,,,,,,222.28,,,,,,,222.28,,,,659.3,,,,,,,,,,,1536.8,,,,,,0.359,100.000,,,,,,2517.66,,2521.80,2684.06,,,222.61,97.69,,,,,,,,,,,,,0.359,0.000,64,2,2,,,,,,,,217,0,,,,,,,,,44.240,,149.46,149.77,,,,
432.346,,0,0,0,256,0,0,0,0,0,0,0,0,1,0,0,0,0,0,,,,,,,,,,,,,,,,,,,,,,7253.0,,,,,1676.0,,,,1.00144,1.00144,271.31,,,21.9620,,0.0,,0.4125,22.0000,14.3,14.3,14.3,14.3,14.3,14.3,,,,,,,,,,,,,4.117,0.300,4.122,3.074,4.121,,,,,,,,3.069,0.0,0.0,0.0,0.0,0.0,18.938,16.063,,0.0,0.7734,39.670,33.285,33.285,39.670,3.945,0.000,,,,,0.97948,,64,,,,,,222.05,,,,,,,222.05,,,,659.8,,,,,,,,,,,1546.2,,,,,,0.359,100.000,,,,,,2517.66,,2525.94,2682.81,,,222.14,97.50,,,,,,,,,,,,,0.359,0.000,64,2,2,,,,,,,,217,0,,,,,,,,,44.244,,150.36,150.30,,,,
432.358,14.3,0,0,0,256,0,0,0,0,0,0,0,0,1,0,0,0,0,0,992.1,992.1,1000.0,10.0,0.0,0.0,0.03,1,0,0.996,0.996,0.0,0.0,4.031,0.00,1000.0,1000.0,1000.0,1045.1,1000.0,978.04,7275.0,52.044,513.6,0.0,10.0,1680.6,0.03065,0.00,0.00,1.00144,1.00144,270.94,3,47.0,21.9320,-0.0460,0.0,62.0,0.4170,22.0000,14.3,14.3,14.3,14.3,14.3,14.3,14.3,2.3,0.00,0.00009,0,0,0,1,98,98,98,98,4.103,0.300,4.122,3.074,4.106,992.1,1000.0,1000.0,992.1,1000.0,0.0,18.74,3.061,0.0,0.0,0.0,0.0,0.0,18.625,15.750,0.0,0.0,0.7690,39.600,33.220,33.220,39.600,4.575,0.000,0.7813,0.7813,0.0000,1438.6,0.97899,0.102239,64,43.600,1045.1,0.0,1000.0,1000.0,221.77,238.78,589.3,0.99942,1535.98,400.01,0.99939,221.77,400.01,238.76,238.76,659.9,-200.0,90.8,71.10,71.101,2238.2,760.4,750.0,960.4,347.89,0.0,1547.9,59.139,0.0,0,992.1,992.1,0.359,100.000,923.01,0,2.1747,0.621,1013.01,2516.88,90.00,2519.69,2683.98,2684.14,79.88,222.45,97.36,361.50,390.75,100.0,0,29.55,32.3,94.5,63.8,37,0,90.04,22.5,0.359,0.000,64,2,2,992.1,1045.1,992.1,992.1,1000.0,1045.1,589.5,217,0,58.931,58.931,1000.0,2000.0,61.839,99.107,100.000,58.888,44.240,12.6,150.43,150.43,149.00,149.23,0.0,0.35
432.369,,0,0,0,256,0,0,0,0,0,0,0,0,1,0,0,0,0,0,,,,,,,,,,,,,,,,,,,,,,7266.5,,,,,1680.6,,,,1.00144,1.00144,270.23,,,21.9320,,0.0,,0.4170,22.0000,14.3,14.3,14.3,14.3,14.3,14.3,,,,,,,,,,,,,4.100,0.300,4.122,3.074,4.106,,,,,,,,3.052,0.0,0.0,0.0,0.0,0.0,18.203,16.063,,0.0,0.7705,39.600,33.280,33.280,39.600,4.575,0.000,,,,,0.97826,,64,,,,,,221.44,,,,,,,221.44,,,,659.9,,,,,,,,,,,1544.4,,,,,,0.359,100.000,,,,,,2514.77,,2522.81,2683.36,,,222.45,97.08,,,,,,,,,,,,,0.359,0.000,64,2,2,,,,,,,,217,0,,,,,,,,,44.174,,150.43,150.43,,,,
432.378,,0,0,0,256,0,0,0,0,0,0,0,0,1,0,0,0,0,0,,,,,,,,,,,,,,,,,,,,,,7279.5,,,,,1687.0,,,,1.00144,1.00144,270.75,,,21.9320,,0.0,,0.4170,22.0000,14.3,14.3,14.3,14.3,14.3,14.3,,,,,,,,,,,,,4.104,0.300,4.122,3.074,4.106,,,,,,,,3.058,0.0,0.0,0.0,0.0,0.0,18.031,16.031,,0.0,0.7678,39.660,33.250,33.250,39.660,4.575,0.000,,,,,0.97817,,64,,,,,,221.86,,,,,,,221.86,,,,659.6,,,,,,,,,,,1547.5,,,,,,0.359,100.000,,,,,,2514.14,,2514.38,2683.28,,,222.80,97.27,,,,,,,,,,,,,0.359,0.000,64,2,2,,,,,,,,217,0,,,,,,,,,44.174,,150.60,150.79,,,,
432.388,,0,0,0,256,0,0,0,0,0,0,0,0,1,0,0,0,0,0,,,,,,,,,,,,,,,,,,,,,,7297.5,,,,,1687.0,,,,1.00144,1.00144,269.67,,,21.9620,,0.0,,0.4130,22.0000,14.3,14.3,14.3,14.3,14.3,14.3,,,,,,,,,,,,,4.104,0.300,4.122,3.074,4.106,,,,,,,,3.044,0.0,0.0,0.0,0.0,0.0,17.875,16.156,,0.0,0.7717,39.630,33.245,33.245,39.630,4.575,0.000,,,,,0.97725,,64,,,,,,221.18,,,,,,,221.18,,,,659.6,,,,,,,,,,,1553.0,,,,,,0.359,100.000,,,,,,2514.53,,2521.80,2683.20,,,222.80,96.84,,,,,,,,,,,,,0.359,0.000,64,2,2,,,,,,,,217,0,,,,,,,,,44.234,,150.60,150.79,,,,
432.398,,0,0,0,256,0,0,0,0,0,0,0,0,1,0,0,0,0,0,,,,,,,,,,,,,,,,,,,,,,7301.5,,,,,1686.1,,,,1.00144,1.00144,269.63,,,21.9620,,0.0,,0.4130,22.0000,14.3,14.3,14.3,14.3,14.3,14.3,,,,,,,,,,,,,4.082,0.300,4.122,3.074,4.087,,,,,,,,3.046,0.0,0.0,0.0,0.0,0.0,17.781,16.141,,0.0,0.7710,39.625,33.240,33.240,39.625,4.575,0.000,,,,,0.97746,,64,,,,,,220.99,,,,,,,220.99,,,,660.0,,,,,,,,,,,1543.2,,,,,,0.359,100.000,,,,,,2512.97,,2518.59,2682.34,,,221.51,96.89,,,,,,,,,,,,,0.359,0.000,64,2,2,,,,,,,,217,0,,,,,,,,,44.205,,151.27,151.08,,,,
432.407,,0,0,0,256,0,0,0,0,0,0,0,0,1,0,0,0,0,0,,,,,,,,,,,,,,,,,,,,,,7324.0,,,,,1686.1,,,,1.00144,1.00144,269.34,,,22.1040,,0.0,,0.3955,22.0000,14.3,14.3,14.3,14.3,14.3,14.3,,,,,,,,,,,,,4.082,0.300,4.122,3.074,4.074,,,,,,,,3.043,0.0,0.0,0.0,0.0,0.0,17.922,15.859,,0.0,0.7705,39.620,33.195,33.195,39.620,4.575,0.000,,,,,0.97688,,64,,,,,,220.88,,,,,,,220.88,,,,660.0,,,,,,,,,,,1552.2,,,,,,0.359,100.000,,,,,,2513.75,,2521.80,2683.98,,,221.51,96.80,,,,,,,,,,,,,0.359,0.000,64,2,2,,,,,,,,217,0,,,,,,,,,44.199,,151.27,151.08,,,,
432.421,,0,0,0,256,0,0,0,0,0,0,0,0,1,0,0,0,0,0,,,,,,,,,,,,,,,,,,,,,,7313.0,,,,,1686.1,,,,1.00144,1.00144,269.02,,,22.0380,,0.0,,0.4035,22.0000,14.3,14.3,14.3,14.3,14.3,14.3,,,,,,,,,,,,,4.071,0.300,4.122,3.074,4.074,,,,,,,,3.039,0.0,0.0,0.0,0.0,0.0,17.719,16.219,,0.0,0.7737,39.575,33.280,33.280,39.575,4.575,0.000,,,,,0.97658,,64,,,,,,220.76,,,,,,,220.76,,,,659.8,,,,,,,,,,,1553.7,,,,,,0.359,100.000,,,,,,2513.20,,2521.80,2684.14,,,221.46,96.66,,,,,,,,,,,,,0.359,0.000,64,2,2,,,,,,,,217,0,,,,,,,,,44.194,,150.79,151.08,,,,
432.431,,0,0,0,256,0,0,0,0,0,0,0,0,1,0,0,0,0,0,,,,,,,,,,,,,,,,,,,,,,7319.5,,,,,1686.1,,,,1.00144,1.00144,269.58,,,22.1220,,0.0,,0.3925,22.0000,14.3,14.3,14.3,14.3,14.3,14.3,,,,,,,,,,,,,4.065,0.300,4.069,3.046,4.069,,,,,,,,3.044,0.0,0.0,0.0,0.0,0.0,17.688,16.141,,0.0,0.7700,39.660,33.290,33.290,39.660,4.575,0.000,,,,,0.97658,,64,,,,,,221.23,,,,,,,221.23,,,,659.8,,,,,,,,,,,1549.9,,,,,,0.359,100.000,,,,,,2512.73,,2517.58,2683.98,,,221.46,96.84,,,,,,,,,,,,,0.359,0.000,64,2,2,,,,,,,,217,0,,,,,,,,,44.150,,150.79,151.08,,,,
432.444,,0,0,0,256,0,0,0,0,0,0,0,0,1,0,0,0,0,0,,,,,,,,,,,,,,,,,,,,,,7326.0,,,,,1683.6,,,,1.00144,1.00144,268.78,,,22.2740,,0.0,,0.3730,22.0000,14.3,14.3,14.3,14.3,14.3,14.3,,,,,,,,,,,,,4.065,0.300,4.069,3.046,4.069,,,,,,,,3.036,0.0,0.0,0.0,0.0,0.0,17.703,16.234,,0.0,0.7730,39.670,33.280,33.280,39.670,4.575,0.000,,,,,0.97591,,64,,,,,,220.69,,,,,,,220.69,,,,659.4,,,,,,,,,,,1550.7,,,,,,0.359,100.000,,,,,,2511.88,,2521.80,2682.66,,,221.34,96.56,,,,,,,,,,,,,0.359,0.000,64,2,2,,,,,,,,217,0,,,,,,,,,44.234,,151.44,151.38,,,,
432.458,14.3,0,0,0,256,0,0,0,0,0,0,0,0,1,0,0,0,0,0,992.1,992.1,1000.0,10.0,0.0,0.0,0.03,1,0,0.996,0.996,0.0,0.0,3.937,-0.01,1000.0,1000.0,1000.0,1045.0,1000.0,978.55,7337.5,50.180,512.8,0.0,10.0,1684.0,0.03061,0.00,0.00,1.00144,1.00144,267.75,3,47.0,22.2740,0.0680,0.0,62.1,0.3720,22.0000,14.3,14.3,14.3,14.3,14.3,14.3,14.3,2.3,0.00,0.00009,0,0,0,1,98,98,98,98,4.024,0.300,4.069,3.046,4.037,992.1,1000.0,1000.0,992.1,1000.0,0.0,18.74,3.025,0.0,0.0,0.0,0.0,0.0,17.875,16.141,0.0,0.0,0.7705,39.590,33.225,33.225,39.590,4.575,0.000,0.7813,0.7813,0.0000,1440.2,0.97548,0.102303,64,44.240,1045.0,0.0,1000.0,1000.0,219.98,238.95,588.7,0.99942,1535.98,400.01,0.99939,219.98,400.01,238.92,238.92,659.3,-200.0,90.1,71.17,71.170,2244.2,761.3,750.0,961.3,346.80,0.0,1555.6,58.994,0.0,0,992.1,992.1,0.359,100.000,923.01,0,2.1738,0.625,1013.01,2510.70,90.00,2515.47,2684.06,2683.98,79.69,221.30,96.23,361.50,390.75,100.0,0,29.55,32.3,94.5,63.8,37,0,90.04,22.5,0.359,0.000,64,2,2,992.1,1045.0,992.1,992.1,1000.0,1045.0,589.0,217,0,58.878,58.878,1000.0,2000.0,61.890,99.107,100.000,58.839,44.910,12.6,151.44,151.58,150.18,150.36,0.0,0.32
432.468,,0,0,0,256,0,0,0,0,0,0,0,0,1,0,0,0,0,0,,,,,,,,,,,,,,,,,,,,,,7330.5,,,,,1684.0,,,,1.00144,1.00144,267.66,,,22.1400,,0.0,,0.3890,22.0000,14.3,14.3,14.3,14.3,14.3,14.3,,,,,,,,,,,,,4.024,0.300,4.069,3.046,4.037,,,,,,,,3.023,0.0,0.0,0.0,0.0,0.0,18.047,16.234,,0.0,0.7715,39.605,33.285,33.285,39.605,4.575,0.000,,,,,0.97499,,64,,,,,,220.01,,,,,,,220.01,,,,659.3,,,,,,,,,,,1550.5,,,,,,0.359,100.000,,,,,,2510.86,,2520.70,2683.44,,,221.30,96.19,,,,,,,,,,,,,0.359,0.000,64,2,2,,,,,,,,217,0,,,,,,,,,44.164,,151.44,151.58,,,,
432.478,,0,0,0,256,0,0,0,0,0,0,0,0,1,0,0,0,0,0,,,,,,,,,,,,,,,,,,,,,,7333.0,,,,,1693.7,,,,1.00144,1.00144,268.17,,,22.1120,,0.0,,0.3920,22.0000,14.3,14.3,14.3,14.3,14.3,14.3,,,,,,,,,,,,,4.050,0.300,4.069,3.046,4.052,,,,,,,,3.030,0.0,0.0,0.0,0.0,0.0,18.219,16.188,,0.0,0.7683,39.665,33.250,33.250,39.665,5.250,0.000,,,,,0.97466,,64,,,,,,220.50,,,,,,,220.50,,,,659.0,,,,,,,,,,,1553.0,,,,,,0.359,100.000,,,,,,2509.22,,2509.14,2684.22,,,221.70,96.38,,,,,,,,,,,,,0.359,0.000,64,2,2,,,,,,,,217,0,,,,,,,,,44.179,,151.58,151.76,,,,
432.488,,0,0,0,256,0,0,0,0,0,0,0,0,1,0,0,0,0,0,,,,,,,,,,,,,,,,,,,,,,7357.5,,,,,1693.7,,,,1.00144,1.00144,268.64,,,22.1880,,0.0,,0.3825,22.0000,14.3,14.3,14.3,14.3,14.3,14.3,,,,,,,,,,,,,4.050,0.300,4.069,3.046,4.051,,,,,,,,3.034,0.0,0.0,0.0,0.0,0.0,18.375,16.281,,0.0,0.7705,39.630,33.295,33.295,39.630,4.575,0.000,,,,,0.97399,,64,,,,,,221.06,,,,,,,221.06,,,,659.0,,,,,,,,,,,1564.7,,,,,,0.359,100.000,,,,,,2511.80,,2516.48,2683.44,,,221.70,96.52,,,,,,,,,,,,,0.359,0.000,64,2,2,,,,,,,,217,0,,,,,,,,,44.914,,151.58,151.76,,,,
432.498,,0,0,0,256,0,0,0,0,0,0,0,0,1,0,0,0,0,0,,,,,,,,,,,,,,,,,,,,,,7344.0,,,,,1697.3,,,,1.00144,1.00144,268.22,,,22.1780,,0.0,,0.3830,22.0000,14.3,14.3,14.3,14.3,14.3,14.3,,,,,,,,,,,,,4.051,0.300,4.069,3.046,4.051,,,,,,,,3.029,0.0,0.0,0.0,0.0,0.0,18.344,16.516,,0.0,0.7712,39.675,33.250,33.250,39.675,5.250,0.000,,,,,0.97374,,64,,,,,,220.78,,,,,,,220.78,,,,658.9,,,,,,,,,,,1553.1,,,,,,0.359,100.000,,,,,,2511.17,,2516.48,2683.44,,,221.51,96.38,,,,,,,,,,,,,0.359,0.000,64,2,2,,,,,,,,217,0,,,,,,,,,44.205,,152.43,152.33,,,,
432.507,,0,0,0,256,0,0,0,0,0,0,0,0,1,0,0,0,0,0,,,,,,,,,,,,,,,,,,,,,,7360.0,,,,,1697.3,,,,1.00144,1.00144,267.80,,,22.0280,,0.0,,0.4020,22.0000,14.3,14.3,14.3,14.3,14.3,14.3,,,,,,,,,,,,,4.032,0.300,4.069,3.046,4.039,,,,,,,,3.023,0.0,0.0,0.0,0.0,0.0,18.672,16.094,,0.0,0.7720,39.630,33.250,33.250,39.630,5.250,0.000,,,,,0.97359,,64,,,,,,220.43,,,,,,,220.43,,,,658.9,,,,,,,,,,,1561.5,,,,,,0.359,100.000,,,,,,2510.78,,2507.03,2684.14,,,221.51,96.19,,,,,,,,,,,,,0.359,0.000,64,2,2,,,,,,,,217,0,,,,,,,,,44.925,,152.43,152.33,,,,
432.521,,0,0,0,256,0,0,0,0,0,0,0,0,1,0,0,0,0,0,,,,,,,,,,,,,,,,,,,,,,7382.5,,,,,1693.0,,,,1.00144,1.00144,268.64,,,22.0740,,0.0,,0.3955,22.0000,14.3,14.3,14.3,14.3,14.3,14.3,,,,,,,,,,,,,4.032,0.300,4.069,3.046,4.039,,,,,,,,3.033,0.0,0.0,0.0,0.0,0.0,18.828,16.141,,0.0,0.7759,39.630,33.290,33.290,39.630,4.575,0.000,,,,,0.97325,,64,,,,,,221.18,,,,,,,221.18,,,,659.0,,,,,,,,,,,1557.5,,,,,,0.359,100.000,,,,,,2510.08,,2516.48,2684.30,,,220.03,96.52,,,,,,,,,,,,,0.359,0.000,64,2,2,,,,,,,,217,0,,,,,,,,,44.879,,152.25,152.43,,,,
432.531,,0,0,0,256,0,0,0,0,0,0,0,0,1,0,0,0,0,0,,,,,,,,,,,,,,,,,,,,,,7366.5,,,,,1693.0,,,,1.00144,1.00144,268.45,,,22.3100,,0.0,,0.3655,22.0000,14.3,14.3,14.3,14.3,14.3,14.3,,,,,,,,,,,,,4.055,0.300,4.058,3.033,4.058,,,,,,,,3.032,0.0,0.0,0.0,0.0,0.0,19.047,16.109,,0.0,0.7747,39.670,33.300,33.300,39.670,5.250,0.000,,,,,0.97356,,64,,,,,,220.97,,,,,,,220.97,,,,659.0,,,,,,,,,,,1556.4,,,,,,0.359,100.000,,,,,,2506.33,,2509.14,2684.14,,,220.03,96.47,,,,,,,,,,,,,0.359,0.000,64,2,2,,,,,,,,217,0,,,,,,,,,44.205,,152.25,152.43,,,,
432.542,,0,0,0,256,0,0,0,0,0,0,0,0,1,0,0,0,0,0,,,,,,,,,,,,,,,,,,,,,,7389.5,,,,,1698.8,,,,1.00144,1.00144,268.41,,,22.2060,,0.0,,0.3780,22.0000,14.3,14.3,14.3,14.3,14.3,14.3,,,,,,,,,,,,,4.055,0.300,4.058,3.033,4.034,,,,,,,,3.030,0.0,0.0,0.0,0.0,0.0,19.453,15.734,,0.0,0.7754,39.680,33.290,33.290,39.680,4.575,0.000,,,,,0.97310,,64,,,,,,221.06,,,,,,,221.06,,,,659.4,,,,,,,,,,,1568.4,,,,,,0.359,100.000,,,,,,2507.34,,2516.48,2682.73,,,221.86,96.42,,,,,,,,,,,,,0.359,0.000,64,2,2,,,,,,,,217,0,,,,,,,,,44.919,,153.16,152.86,,,,
432.557,14.3,0,0,0,256,0,0,0,0,0,0,0,0,1,0,0,0,0,0,992.1,992.1,1000.0,10.0,0.0,0.0,0.03,1,0,0.996,0.996,0.0,0.0,3.750,0.00,1000.0,1000.0,1000.0,1044.9,1000.0,979.14,7396.0,50.180,515.8,0.0,10.0,1711.4,0.03061,0.00,0.00,1.00144,1.00144,269.11,3,47.0,22.1880,-0.2740,0.0,60.9,0.3800,22.0000,14.3,14.3,14.3,14.3,14.3,14.3,14.3,2.3,0.00,0.00009,0,0,0,1,98,98,98,98,4.066,0.300,4.058,3.033,4.065,992.1,1000.0,1000.0,992.1,1000.0,0.0,18.74,3.039,0.0,0.0,0.0,0.0,0.0,19.500,15.922,0.0,0.0,0.7712,39.595,33.175,33.175,39.595,4.575,0.000,0.7813,0.7813,0.0000,1440.7,0.97264,0.102368,64,44.910,1044.9,0.0,1000.0,1000.0,221.67,239.23,586.6,0.99942,1535.98,400.01,0.99939,221.67,400.01,239.20,239.20,658.8,-200.0,90.7,71.51,71.520,2243.3,765.9,750.0,965.9,345.59,0.0,1575.1,58.788,0.0,0,992.1,992.1,0.359,100.000,923.01,0,2.1698,0.629,1013.01,2506.17,90.00,2512.27,2684.14,2684.06,79.03,222.94,96.66,361.50,390.75,100.0,0,29.64,32.3,94.5,63.8,37,0,90.04,22.5,0.359,0.000,64,2,2,992.1,1044.9,992.1,992.1,1000.0,1044.9,586.6,217,0,58.661,58.661,1000.0,2000.0,61.942,99.107,100.000,58.598,44.244,12.5,152.61,152.73,151.64,151.81,0.0,0.43
432.568,,0,0,0,256,0,0,0,0,0,0,0,0,1,0,0,0,0,0,,,,,,,,,,,,,,,,,,,,,,7405.5,,,,,1711.4,,,,1.00144,1.00144,268.45,,,22.3400,,0.0,,0.3605,22.0000,14.3,14.3,14.3,14.3,14.3,14.3,,,,,,,,,,,,,4.066,0.300,4.058,3.033,4.065,,,,,,,,3.031,0.0,0.0,0.0,0.0,0.0,19.625,16.000,,0.0,0.7727,39.555,33.290,33.290,39.555,4.575,0.000,,,,,0.97203,,64,,,,,,221.37,,,,,,,221.37,,,,658.8,,,,,,,,,,,1577.8,,,,,,0.359,100.000,,,,,,2507.03,,2516.48,2684.30,,,222.94,96.42,,,,,,,,,,,,,0.359,0.000,64,2,2,,,,,,,,217,0,,,,,,,,,44.170,,152.61,152.73,,,,
432.577,,0,0,0,256,0,0,0,0,0,0,0,0,1,0,0,0,0,0,,,,,,,,,,,,,,,,,,,,,,7394.0,,,,,1711.6,,,,1.00144,1.00144,268.45,,,22.2360,,0.0,,0.3730,22.0000,14.3,14.3,14.3,14.3,14.3,14.3,,,,,,,,,,,,,4.036,0.300,4.058,3.033,4.058,,,,,,,,3.030,0.0,0.0,0.0,0.0,0.0,19.578,16.266,,0.0,0.7693,39.670,33.300,33.300,39.670,5.250,0.000,,,,,0.97182,,64,,,,,,221.34,,,,,,,221.34,,,,658.6,,,,,,,,,,,1567.7,,,,,,0.359,100.000,,,,,,2506.02,,2512.27,2683.67,,,222.33,96.42,,,,,,,,,,,,,0.359,0.000,64,2,2,,,,,,,,217,0,,,,,,,,,44.130,,153.49,153.24,,,,
432.588,,0,0,0,256,0,0,0,0,0,0,0,0,1,0,0,0,0,0,,,,,,,,,,,,,,,,,,,,,,7419.0,,,,,1711.6,,,,1.00144,1.00144,268.13,,,21.9240,,0.0,,0.4120,22.0000,14.3,14.3,14.3,14.3,14.3,14.3,,,,,,,,,,,,,4.036,0.300,4.058,3.033,4.030,,,,,,,,3.028,0.0,0.0,0.0,0.0,0.0,19.922,15.922,,0.0,0.7708,39.680,33.265,33.265,39.680,4.575,0.000,,,,,0.97118,,64,,,,,,221.27,,,,,,,221.27,,,,658.6,,,,,,,,,,,1574.6,,,,,,0.359,100.000,,,,,,2506.25,,2515.47,2684.30,,,222.33,96.33,,,,,,,,,,,,,0.359,0.000,64,2,2,,,,,,,,217,0,,,,,,,,,44.919,,153.49,153.24,,,,
432.597,,0,0,0,256,0,0,0,0,0,0,0,0,1,0,0,0,0,0,,,,,,,,,,,,,,,,,,,,,,7398.5,,,,,1706.2,,,,1.00144,1.00144,267.52,,,22.0380,,0.0,,0.3975,22.0000,14.3,14.3,14.3,14.3,14.3,14.3,,,,,,,,,,,,,4.023,0.300,4.058,3.033,4.030,,,,,,,,3.022,0.0,0.0,0.0,0.0,0.0,20.047,16.031,,0.0,0.7710,39.645,33.300,33.300,39.645,4.575,0.000,,,,,0.97088,,64,,,,,,220.76,,,,,,,220.76,,,,658.8,,,,,,,,,,,1567.6,,,,,,0.359,100.000,,,,,,2504.30,,2515.47,2683.59,,,221.39,96.14,,,,,,,,,,,,,0.359,0.000,64,2,2,,,,,,,,217,0,,,,,,,,,44.254,,153.73,153.50,,,,
432.608,,0,0,0,256,0,0,0,0,0,0,0,0,1,0,0,0,0,0,,,,,,,,,,,,,,,,,,,,,,7412.0,,,,,1706.2,,,,1.00144,1.00144,267.75,,,22.0380,,0.0,,0.3975,22.0000,14.3,14.3,14.3,14.3,14.3,14.3,,,,,,,,,,,,,4.062,0.300,4.058,3.033,4.063,,,,,,,,3.025,0.0,0.0,0.0,0.0,0.0,20.141,15.984,,0.0,0.7661,39.680,33.260,33.260,39.680,5.250,0.000,,,,,0.97042,,64,,,,,,221.02,,,,,,,221.02,,,,658.8,,,,,,,,,,,1571.5,,,,,,0.359,100.000,,,,,,2503.52,,2505.94,2684.22,,,221.39,96.23,,,,,,,,,,,,,0.359,0.000,64,2,2,,,,,,,,217,0,,,,,,,,,44.220,,153.73,153.50,,,,
432.621,,0,0,0,256,0,0,0,0,0,0,0,0,1,0,0,0,0,0,,,,,,,,,,,,,,,,,,,,,,7433.0,,,,,1709.1,,,,1.00144,1.00144,267.80,,,22.1120,,0.0,,0.3885,22.0000,14.3,14.3,14.3,14.3,14.3,14.3,,,,,,,,,,,,,4.062,0.300,4.058,3.033,4.045,,,,,,,,3.025,0.0,0.0,0.0,0.0,0.0,20.219,16.063,,0.0,0.7683,39.640,33.295,33.295,39.640,5.250,0.000,,,,,0.96950,,64,,,,,,221.30,,,,,,,221.30,,,,658.1,,,,,,,,,,,1582.8,,,,,,0.359,100.000,,,,,,2505.55,,2513.36,2683.52,,,221.23,96.23,,,,,,,,,,,,,0.359,0.000,64,2,2,,,,,,,,217,0,,,,,,,,,44.930,,153.66,153.86,,,,
432.631,,0,0,0,256,0,0,0,0,0,0,0,0,1,0,0,0,0,0,,,,,,,,,,,,,,,,,,,,,,7435.0,,,,,1709.1,,,,1.00144,1.00144,267.52,,,22.1780,,0.0,,0.3795,22.0000,14.3,14.3,14.3,14.3,14.3,14.3,,,,,,,,,,,,,4.043,0.300,4.043,3.022,4.045,,,,,,,,3.022,0.0,0.0,0.0,0.0,0.0,20.047,16.313,,0.0,0.7693,39.675,33.255,33.255,39.675,5.250,0.000,,,,,0.96917,,64,,,,,,221.16,,,,,,,221.16,,,,658.1,,,,,,,,,,,1573.4,,,,,,0.359,100.000,,,,,,2504.45,,2517.58,2683.59,,,221.23,96.14,,,,,,,,,,,,,0.359,0.000,64,2,2,,,,,,,,217,0,,,,,,,,,44.890,,153.66,153.86,,,,
432.643,,0,0,0,256,0,0,0,0,0,0,0,0,1,0,0,0,0,0,,,,,,,,,,,,,,,,,,,,,,7446.5,,,,,1715.2,,,,1.00144,1.00144,266.91,,,21.9900,,0.0,,0.4030,22.0000,14.3,14.3,14.3,14.3,14.3,14.3,,,,,,,,,,,,,4.018,0.300,4.043,3.022,4.027,,,,,,,,3.019,0.0,0.0,0.0,0.0,0.0,20.266,15.953,,0.0,0.7705,39.635,33.260,33.260,39.635,5.250,0.000,,,,,0.96902,,64,,,,,,220.69,,,,,,,220.69,,,,658.3,,,,,,,,,,,1581.3,,,,,,0.359,100.000,,,,,,2503.52,,2504.92,2682.42,,,222.45,95.91,,,,,,,,,,,,,0.359,0.000,64,2,2,,,,,,,,217,0,,,,,,,,,44.925,,154.23,154.11,,,,
432.658,14.3,0,0,0,256,0,0,0,0,0,0,0,0,1,0,0,0,0,0,992.2,992.2,1000.0,10.0,0.0,0.0,0.03,1,0,0.996,0.996,0.0,0.0,3.812,0.00,1000.0,1000.0,1000.0,1045.0,1000.0,979.75,7446.5,50.180,515.2,0.0,10.0,1723.6,0.03061,0.00,0.00,1.00144,1.00144,267.42,3,47.0,22.1980,-0.1880,0.0,61.1,0.3765,22.0000,14.3,14.3,14.3,14.3,14.3,14.3,14.3,2.3,0.00,0.00009,0,0,0,1,98,98,98,98,4.034,0.300,4.043,3.022,4.027,992.2,1000.0,1000.0,992.2,1000.0,0.0,18.74,3.020,0.0,0.0,0.0,0.0,0.0,20.375,16.328,0.0,0.0,0.7690,39.580,33.215,33.215,39.580,5.250,0.000,0.7813,0.7813,0.0000,1454.6,0.96889,0.102427,64,44.245,1045.0,0.0,1000.0,1000.0,221.13,239.53,588.4,0.99942,1535.98,400.01,0.99939,221.13,400.01,239.51,239.51,658.8,-200.0,91.2,71.86,71.861,2256.2,770.4,750.0,970.4,344.80,0.0,1576.1,59.076,0.0,0,992.2,992.2,0.359,100.000,923.01,0,2.1676,0.633,1013.01,2501.88,90.00,2507.03,2684.14,2684.14,79.64,221.93,96.09,361.50,390.75,100.0,0,29.76,33.0,94.5,63.8,37,0,90.04,22.5,0.359,0.000,64,2,2,992.2,1044.9,992.2,992.2,1000.0,1044.9,587.2,217,0,58.849,58.849,1000.0,2000.0,61.974,99.118,100.000,58.659,44.890,12.6,153.94,154.29,152.79,153.29,0.0,0.74
432.668,,0,0,0,256,0,0,0,0,0,0,0,0,1,0,0,0,0,0,,,,,,,,,,,,,,,,,,,,,,7465.0,,,,,1723.6,,,,1.00144,1.00144,266.95,,,22.1220,,0.0,,0.3855,22.0000,14.3,14.3,14.3,14.3,14.3,14.3,,,,,,,,,,,,,4.034,0.300,4.043,3.022,4.025,,,,,,,,3.016,0.0,0.0,0.0,0.0,0.0,20.594,15.984,,0.0,0.7676,39.595,33.290,33.290,39.595,5.250,0.000,,,,,0.96776,,64,,,,,,220.97,,,,,,,220.97,,,,658.8,,,,,,,,,,,1583.0,,,,,,0.359,100.000,,,,,,2502.73,,2512.27,2684.22,,,221.93,95.95,,,,,,,,,,,,,0.359,0.000,64,2,2,,,,,,,,217,0,,,,,,,,,44.829,,153.94,154.29,,,,
432.678,,0,0,0,256,0,0,0,0,0,0,0,0,1,0,0,0,0,0,,,,,,,,,,,,,,,,,,,,,,7451.5,,,,,1714.6,,,,1.00144,1.00144,266.06,,,22.0660,,0.0,,0.3925,22.0000,14.3,14.3,14.3,14.3,14.3,14.3,,,,,,,,,,,,,4.017,0.300,4.043,3.022,4.025,,,,,,,,3.004,0.0,0.0,0.0,0.0,0.0,20.391,16.250,,0.0,0.7654,39.670,33.295,33.295,39.670,5.250,0.000,,,,,0.96728,,64,,,,,,220.43,,,,,,,220.43,,,,658.0,,,,,,,,,,,1576.0,,,,,,0.359,100.000,,,,,,2501.02,,2513.36,2684.30,,,221.37,95.58,,,,,,,,,,,,,0.359,0.000,64,2,2,,,,,,,,217,0,,,,,,,,,44.844,,154.92,154.57,,,,
432.687,,0,0,0,256,0,0,0,0,0,0,0,0,1,0,0,0,0,0,,,,,,,,,,,,,,,,,,,,,,7470.0,,,,,1714.6,,,,1.00144,1.00144,266.48,,,22.2060,,0.0,,0.3745,22.0000,14.3,14.3,14.3,14.3,14.3,14.3,,,,,,,,,,,,,4.019,0.300,4.043,3.022,4.020,,,,,,,,3.009,0.0,0.0,0.0,0.0,0.0,20.375,16.125,,0.0,0.7627,39.675,33.300,33.300,39.675,5.250,0.000,,,,,0.96633,,64,,,,,,220.92,,,,,,,220.92,,,,658.0,,,,,,,,,,,1583.4,,,,,,0.359,100.000,,,,,,2500.94,,2504.92,2684.14,,,221.37,95.77,,,,,,,,,,,,,0.359,0.000,64,2,2,,,,,,,,217,0,,,,,,,,,44.919,,154.92,154.57,,,,
432.698,,0,0,0,256,0,0,0,0,0,0,0,0,1,0,0,0,0,0,,,,,,,,,,,,,,,,,,,,,,7481.5,,,,,1715.7,,,,1.00144,1.00144,266.25,,,22.2920,,0.0,,0.3635,22.0000,14.3,14.3,14.3,14.3,14.3,14.3,,,,,,,,,,,,,4.019,0.300,4.043,3.022,4.009,,,,,,,,3.006,0.0,0.0,0.0,0.0,0.0,20.234,16.234,,0.0,0.7678,39.680,33.290,33.290,39.680,5.250,0.000,,,,,0.96514,,64,,,,,,221.04,,,,,,,221.04,,,,658.2,,,,,,,,,,,1592.7,,,,,,0.359,100.000,,,,,,2503.52,,2508.05,2684.14,,,220.48,95.67,,,,,,,,,,,,,0.359,0.000,64,2,2,,,,,,,,217,0,,,,,,,,,44.925,,154.40,154.45,,,,
432.707,,0,0,0,256,0,0,0,0,0,0,0,0,1,0,0,0,0,0,,,,,,,,,,,,,,,,,,,,,,7477.0,,,,,1715.7,,,,1.00144,1.00144,266.16,,,22.0940,,0.0,,0.3880,22.0000,14.3,14.3,14.3,14.3,14.3,14.3,,,,,,,,,,,,,4.008,0.300,4.043,3.022,4.009,,,,,,,,3.006,0.0,0.0,0.0,0.0,0.0,19.938,16.484,,0.0,0.7693,39.670,33.290,33.290,39.670,5.250,0.000,,,,,0.96542,,64,,,,,,220.83,,,,,,,220.83,,,,658.2,,,,,,,,,,,1577.1,,,,,,0.359,100.000,,,,,,2501.33,,2504.92,2683.98,,,220.48,95.67,,,,,,,,,,,,,0.359,0.000,64,2,2,,,,,,,,217,0,,,,,,,,,44.930,,154.40,154.45,,,,
432.721,,0,0,0,256,0,0,0,0,0,0,0,0,1,0,0,0,0,0,,,,,,,,,,,,,,,,,,,,,,7481.5,,,,,1718.8,,,,1.00144,1.00144,265.17,,,22.2160,,0.0,,0.3725,22.0000,14.3,14.3,14.3,14.3,14.3,14.3,,,,,,,,,,,,,4.000,0.300,4.043,3.022,4.012,,,,,,,,2.994,0.0,0.0,0.0,0.0,0.0,19.953,16.125,,0.0,0.7693,39.670,33.280,33.280,39.670,5.250,0.000,,,,,0.96505,,64,,,,,,220.13,,,,,,,220.13,,,,657.9,,,,,,,,,,,1585.3,,,,,,0.359,100.000,,,,,,2500.39,,2503.83,2683.83,,,221.23,95.25,,,,,,,,,,,,,0.359,0.000,64,2,2,,,,,,,,217,0,,,,,,,,,44.919,,155.13,155.08,,,,
432.731,,0,0,0,256,0,0,0,0,0,0,0,0,1,0,0,0,0,0,,,,,,,,,,,,,,,,,,,,,,7509.5,,,,,1718.8,,,,1.00144,1.00144,265.78,,,22.0740,,0.0,,0.3900,22.0000,14.3,14.3,14.3,14.3,14.3,14.3,,,,,,,,,,,,,4.000,0.300,4.000,2.992,4.012,,,,,,,,2.999,0.0,0.0,0.0,0.0,0.0,19.750,16.234,,0.0,0.7710,39.660,33.275,33.275,39.660,5.250,0.000,,,,,0.96478,,64,,,,,,220.69,,,,,,,220.69,,,,657.9,,,,,,,,,,,1578.3,,,,,,0.359,100.000,,,,,,2499.06,,2511.25,2683.91,,,221.23,95.44,,,,,,,,,,,,,0.359,0.000,64,2,2,,,,,,,,217,0,,,,,,,,,44.919,,155.13,155.08,,,,
432.744,,0,0,0,256,0,0,0,0,0,0,0,0,1,0,0,0,0,0,,,,,,,,,,,,,,,,,,,,,,7500.0,,,,,1729.1,,,,1.00144,1.00144,265.17,,,22.1320,,0.0,,0.3825,22.0000,14.3,14.3,14.3,14.3,14.3,14.3,,,,,,,,,,,,,4.014,0.300,4.000,2.992,4.010,,,,,,,,2.994,0.0,0.0,0.0,0.0,0.0,19.641,16.125,,0.0,0.7661,39.655,33.275,33.275,39.655,5.975,0.000,,,,,0.96453,,64,,,,,,220.27,,,,,,,220.27,,,,657.5,,,,,,,,,,,1582.1,,,,,,0.359,100.000,,,,,,2495.94,,2503.83,2682.58,,,221.51,95.25,,,,,,,,,,,,,0.359,0.000,64,2,2,,,,,,,,217,0,,,,,,,,,44.910,,155.06,155.02,,,,
432.758,14.3,0,0,0,256,0,0,0,0,0,0,0,0,1,0,0,0,0,0,992.1,992.1,1000.0,10.0,0.0,0.0,0.03,1,0,0.996,0.996,0.0,0.0,3.750,-0.01,1000.0,1000.0,1000.0,1044.9,1000.0,980.36,7507.5,50.180,514.7,0.0,10.0,1727.1,0.03061,0.00,0.00,1.00144,1.00144,264.89,3,47.0,22.3400,-0.1980,0.0,60.8,0.3550,22.0000,14.3,14.3,14.3,14.3,14.3,14.3,14.3,2.3,0.00,0.00009,0,0,0,1,98,98,98,98,4.007,0.300,4.000,2.992,4.005,992.1,1000.0,1000.0,992.1,1000.0,0.0,18.74,2.988,0.0,0.0,0.0,0.0,0.0,19.172,16.063,0.0,0.0,0.7705,39.585,33.170,33.170,39.585,5.250,0.000,0.7813,0.7813,0.0000,1455.1,0.96325,0.102473,64,44.890,1044.9,0.0,1000.0,1000.0,220.29,239.70,587.6,0.99942,1535.98,400.01,0.99939,220.29,400.01,239.67,239.67,657.2,-200.0,91.2,72.08,72.089,2276.2,773.4,750.0,973.4,344.14,0.0,1585.4,58.897,0.0,0,992.1,992.1,0.359,100.000,923.01,0,2.1663,0.637,1013.01,2494.53,90.00,2503.83,2683.98,2684.14,79.45,220.85,95.11,361.50,390.75,100.0,0,29.94,33.0,94.5,63.8,37,0,90.04,22.5,0.359,0.000,64,2,2,992.1,1044.9,992.1,992.1,1000.0,1044.9,586.6,217,0,58.769,58.769,1000.0,2000.0,62.015,99.107,100.000,58.598,44.904,12.6,155.37,155.61,154.29,154.68,0.0,0.74
432.769,,0,0,0,256,0,0,0,0,0,0,0,0,1,0,0,0,0,0,,,,,,,,,,,,,,,,,,,,,,7526.0,,,,,1727.1,,,,1.00144,1.00144,265.36,,,22.1780,,0.0,,0.3750,22.0000,14.3,14.3,14.3,14.3,14.3,14.3,,,,,,,,,,,,,3.990,0.300,4.000,2.992,3.991,,,,,,,,2.995,0.0,0.0,0.0,0.0,0.0,18.938,15.922,,0.0,0.7700,39.550,33.280,33.280,39.550,5.975,0.000,,,,,0.96322,,64,,,,,,220.66,,,,,,,220.66,,,,657.2,,,,,,,,,,,1587.4,,,,,,0.359,100.000,,,,,,2492.89,,2500.70,2683.91,,,220.85,95.30,,,,,,,,,,,,,0.359,0.000,64,2,2,,,,,,,,217,0,,,,,,,,,44.835,,155.37,155.61,,,,
432.779,,0,0,0,256,0,0,0,0,0,0,0,0,1,0,0,0,0,0,,,,,,,,,,,,,,,,,,,,,,7540.5,,,,,1725.4,,,,1.00144,1.00144,264.84,,,22.3100,,0.0,,0.3575,22.0000,14.3,14.3,14.3,14.3,14.3,14.3,,,,,,,,,,,,,3.990,0.300,4.000,2.992,3.988,,,,,,,,2.988,0.0,0.0,0.0,0.0,0.0,18.641,16.016,,0.0,0.7715,39.660,33.275,33.275,39.660,6.640,0.000,,,,,0.96264,,64,,,,,,220.36,,,,,,,220.36,,,,657.2,,,,,,,,,,,1593.5,,,,,,0.359,100.000,,,,,,2492.11,,2501.72,2683.83,,,220.97,95.11,,,,,,,,,,,,,0.359,0.000,64,2,2,,,,,,,,217,0,,,,,,,,,45.525,,155.94,155.84,,,,
432.788,,0,0,0,256,0,0,0,0,0,0,0,0,1,0,0,0,0,0,,,,,,,,,,,,,,,,,,,,,,7523.5,,,,,1725.4,,,,1.00144,1.00144,264.33,,,22.3960,,0.0,,0.3465,22.0000,14.3,14.3,14.3,14.3,14.3,14.3,,,,,,,,,,,,,3.987,0.300,4.000,2.992,3.988,,,,,,,,2.984,0.0,0.0,0.0,0.0,0.0,18.266,16.250,,0.0,0.7693,39.655,33.275,33.275,39.655,6.640,0.000,,,,,0.96240,,64,,,,,,220.03,,,,,,,220.03,,,,657.2,,,,,,,,,,,1588.8,,,,,,0.359,100.000,,,,,,2491.88,,2497.50,2683.83,,,220.97,94.97,,,,,,,,,,,,,0.359,0.000,64,2,2,,,,,,,,217,0,,,,,,,,,46.300,,155.94,155.84,,,,
432.798,,0,0,0,256,0,0,0,0,0,0,0,0,1,0,0,0,0,0,,,,,,,,,,,,,,,,,,,,,,7542.5,,,,,1725.9,,,,1.00144,1.00144,263.77,,,22.5180,,0.0,,0.3300,22.0000,14.3,14.3,14.3,14.3,14.3,14.3,,,,,,,,,,,,,3.965,0.300,4.000,2.992,3.975,,,,,,,,2.978,0.0,0.0,0.0,0.0,0.0,18.297,15.906,,0.0,0.7668,39.655,33.275,33.275,39.655,6.640,0.000,,,,,0.96188,,64,,,,,,219.68,,,,,,,219.68,,,,656.6,,,,,,,,,,,1599.4,,,,,,0.359,100.000,,,,,,2492.66,,2496.48,2683.75,,,220.66,94.78,,,,,,,,,,,,,0.359,0.000,64,2,2,,,,,,,,217,0,,,,,,,,,46.294,,155.65,155.94,,,,
432.808,,0,0,0,256,0,0,0,0,0,0,0,0,1,0,0,0,0,0,,,,,,,,,,,,,,,,,,,,,,7552.0,,,,,1725.9,,,,1.00144,1.00144,264.14,,,22.5280,,0.0,,0.3280,22.0000,14.3,14.3,14.3,14.3,14.3,14.3,,,,,,,,,,,,,3.965,0.300,4.000,2.992,3.975,,,,,,,,2.981,0.0,0.0,0.0,0.0,0.0,18.109,16.031,,0.0,0.7686,39.655,33.270,33.270,39.655,6.640,0.000,,,,,0.96090,,64,,,,,,220.27,,,,,,,220.27,,,,656.6,,,,,,,,,,,1591.3,,,,,,0.359,100.000,,,,,,2493.59,,2505.94,2684.14,,,220.66,94.88,,,,,,,,,,,,,0.359,0.000,64,2,2,,,,,,,,217,0,,,,,,,,,46.294,,155.65,155.94,,,,
432.824,,0,0,0,256,0,0,0,0,0,0,0,0,1,0,0,0,0,0,,,,,,,,,,,,,,,,,,,,,,7540.5,,,,,1735.2,,,,1.00144,1.00144,263.91,,,22.2820,,0.0,,0.3580,22.0000,14.3,14.3,14.3,14.3,14.3,14.3,,,,,,,,,,,,,3.966,0.300,4.000,2.992,3.972,,,,,,,,2.984,0.0,0.0,0.0,0.0,0.0,17.969,16.250,,0.0,0.7666,39.650,33.290,33.290,39.650,6.640,0.000,,,,,0.96081,,64,,,,,,219.98,,,,,,,219.98,,,,656.8,,,,,,,,,,,1582.3,,,,,,0.359,100.000,,,,,,2491.02,,2496.48,2685.08,,,221.23,94.83,,,,,,,,,,,,,0.359,0.000,64,2,2,,,,,,,,217,0,,,,,,,,,46.294,,156.58,156.35,,,,
432.841,,0,0,0,256,0,0,0,0,0,0,0,0,1,0,0,0,0,0,,,,,,,,,,,,,,,,,,,,,,7538.0,,,,,1723.9,,,,1.00144,1.00144,262.83,,,22.3480,,0.0,,0.3490,22.0000,14.3,14.3,14.3,14.3,14.3,14.3,,,,,,,,,,,,,3.948,0.300,3.966,2.979,3.956,,,,,,,,2.971,0.0,0.0,0.0,0.0,0.0,17.766,16.109,,0.0,0.7678,39.720,33.300,33.300,39.720,6.640,0.000,,,,,0.95996,,64,,,,,,219.26,,,,,,,219.26,,,,656.9,,,,,,,,,,,1586.4,,,,,,0.359,100.000,,,,,,2490.08,,2496.48,2683.44,,,219.52,94.41,,,,,,,,,,,,,0.359,0.000,64,2,2,,,,,,,,217,0,,,,,,,,,46.309,,156.08,156.24,,,,
432.849,14.3,0,0,0,256,0,0,0,0,0,0,0,0,1,0,0,0,0,0,992.1,992.1,1000.0,10.0,0.0,0.0,0.03,1,0,0.996,0.996,0.0,0.0,3.687,-0.01,1000.0,1000.0,1000.0,1044.9,1000.0,980.94,7550.0,50.180,517.1,0.0,10.0,1723.9,0.03061,0.00,0.00,1.00144,1.00144,262.88,3,47.0,22.3020,-0.3400,0.0,60.1,0.3540,22.0000,14.3,14.3,14.3,14.3,14.3,14.3,14.3,2.3,0.00,0.00009,0,0,0,1,98,98,98,98,3.968,0.300,3.966,2.979,3.972,992.1,1000.0,1000.0,992.1,1000.0,0.0,18.74,2.971,0.0,0.0,0.0,0.0,0.0,17.797,16.016,0.0,0.0,0.7681,39.680,33.250,33.250,39.680,7.495,0.000,0.7813,0.7813,0.0000,1453.7,0.95919,0.102528,64,44.905,1044.9,0.0,1000.0,1000.0,219.54,239.95,586.0,0.99942,1535.98,400.01,0.99939,219.54,400.01,239.93,239.93,656.9,-200.0,92.8,72.66,72.665,2273.5,781.0,750.0,981.0,342.62,0.0,1594.1,58.707,0.0,0,992.1,992.1,0.359,100.000,923.01,0,2.1622,0.641,1013.01,2490.70,90.00,2493.28,2682.89,2683.98,79.13,219.52,94.41,361.50,390.75,100.0,0,30.15,33.0,94.5,63.8,37,0,90.04,22.5,0.359,0.000,64,2,2,992.1,1044.9,992.1,992.1,1000.0,1044.9,586.1,217,0,58.608,58.608,1000.0,2000.0,62.051,99.107,100.000,58.550,46.359,12.6,156.08,156.24,155.55,155.44,0.0,0.35
432.858,,0,0,0,256,0,0,0,0,0,0,0,0,1,0,0,0,0,0,,,,,,,,,,,,,,,,,,,,,,7564.0,,,,,1727.6,,,,1.00144,1.00144,263.44,,,22.4160,,0.0,,0.3390,22.0000,14.3,14.3,14.3,14.3,14.3,14.3,,,,,,,,,,,,,3.968,0.300,3.966,2.979,3.961,,,,,,,,2.978,0.0,0.0,0.0,0.0,0.0,17.797,15.688,,0.0,0.7732,39.630,33.225,33.225,39.630,6.640,0.000,,,,,0.95858,,64,,,,,,220.08,,,,,,,220.08,,,,657.1,,,,,,,,,,,1606.2,,,,,,0.359,100.000,,,,,,2493.83,,2500.70,2683.98,,,219.80,94.64,,,,,,,,,,,,,0.359,0.000,64,2,2,,,,,,,,217,0,,,,,,,,,47.174,,156.77,156.71,,,,
432.868,,0,0,0,256,0,0,0,0,0,0,0,0,1,0,0,0,0,0,,,,,,,,,,,,,,,,,,,,,,7564.0,,,,,1727.6,,,,1.00144,1.00144,263.86,,,22.4520,,0.0,,0.3335,22.0000,14.3,14.3,14.3,14.3,14.3,14.3,,,,,,,,,,,,,3.958,0.300,3.966,2.979,3.961,,,,,,,,2.982,0.0,0.0,0.0,0.0,0.0,17.656,15.953,,0.0,0.7720,39.605,33.280,33.280,39.605,6.640,0.000,,,,,0.95898,,64,,,,,,220.31,,,,,,,220.31,,,,657.1,,,,,,,,,,,1586.8,,,,,,0.359,100.000,,,,,,2491.09,,2503.83,2684.22,,,219.80,94.78,,,,,,,,,,,,,0.359,0.000,64,2,2,,,,,,,,217,0,,,,,,,,,46.269,,156.77,156.71,,,,
432.878,,0,0,0,256,0,0,0,0,0,0,0,0,1,0,0,0,0,0,,,,,,,,,,,,,,,,,,,,,,7571.0,,,,,1739.2,,,,1.00144,1.00144,262.78,,,22.3100,,0.0,,0.3505,22.0000,14.3,14.3,14.3,14.3,14.3,14.3,,,,,,,,,,,,,3.953,0.300,3.966,2.979,3.964,,,,,,,,2.967,0.0,0.0,0.0,0.0,0.0,17.891,15.625,,0.0,0.7720,39.660,33.295,33.295,39.660,6.640,0.000,,,,,0.95840,,64,,,,,,219.59,,,,,,,219.59,,,,656.9,,,,,,,,,,,1598.7,,,,,,0.359,100.000,,,,,,2489.14,,2497.50,2684.14,,,221.58,94.41,,,,,,,,,,,,,0.359,0.000,64,2,2,,,,,,,,217,0,,,,,,,,,46.245,,156.65,156.66,,,,
432.888,,0,0,0,256,0,0,0,0,0,0,0,0,1,0,0,0,0,0,,,,,,,,,,,,,,,,,,,,,,7578.5,,,,,1739.2,,,,1.00144,1.00144,262.97,,,22.4060,,0.0,,0.3375,22.0000,14.3,14.3,14.3,14.3,14.3,14.3,,,,,,,,,,,,,3.953,0.300,3.966,2.979,3.964,,,,,,,,2.968,0.0,0.0,0.0,0.0,0.0,17.938,15.766,,0.0,0.7717,39.675,33.290,33.290,39.675,6.640,0.000,,,,,0.95822,,64,,,,,,219.77,,,,,,,219.77,,,,656.9,,,,,,,,,,,1607.2,,,,,,0.359,100.000,,,,,,2490.94,,2499.61,2684.06,,,221.58,94.45,,,,,,,,,,,,,0.359,0.000,64,2,2,,,,,,,,217,0,,,,,,,,,46.300,,156.65,156.66,,,,
432.898,,0,0,0,256,0,0,0,0,0,0,0,0,1,0,0,0,0,0,,,,,,,,,,,,,,,,,,,,,,7564.0,,,,,1741.7,,,,1.00144,1.00144,263.25,,,22.4440,,0.0,,0.3325,22.0000,14.3,14.3,14.3,14.3,14.3,14.3,,,,,,,,,,,,,3.962,0.300,3.966,2.979,3.965,,,,,,,,2.971,0.0,0.0,0.0,0.0,0.0,18.031,16.031,,0.0,0.7681,39.670,33.285,33.285,39.670,7.495,0.000,,,,,0.95776,,64,,,,,,220.24,,,,,,,220.24,,,,657.4,,,,,,,,,,,1595.8,,,,,,0.359,100.000,,,,,,2489.77,,2491.17,2684.14,,,221.06,94.55,,,,,,,,,,,,,0.359,0.000,64,2,2,,,,,,,,217,0,,,,,,,,,46.314,,157.06,157.23,,,,
432.907,,0,0,0,256,0,0,0,0,0,0,0,0,1,0,0,0,0,0,,,,,,,,,,,,,,,,,,,,,,7566.5,,,,,1741.7,,,,1.00144,1.00144,263.06,,,22.3300,,0.0,,0.3455,22.0000,14.3,14.3,14.3,14.3,14.3,14.3,,,,,,,,,,,,,3.962,0.300,3.966,2.979,3.956,,,,,,,,2.970,0.0,0.0,0.0,0.0,0.0,18.313,15.719,,0.0,0.7698,39.665,33.290,33.290,39.665,6.640,0.000,,,,,0.95703,,64,,,,,,220.24,,,,,,,220.24,,,,657.4,,,,,,,,,,,1602.3,,,,,,0.359,100.000,,,,,,2491.64,,2496.48,2684.14,,,221.06,94.50,,,,,,,,,,,,,0.359,0.000,64,2,2,,,,,,,,217,0,,,,,,,,,47.165,,157.06,157.23,,,,
432.921,,0,0,0,256,0,0,0,0,0,0,0,0,1,0,0,0,0,0,,,,,,,,,,,,,,,,,,,,,,7528.5,,,,,1729.4,,,,1.00144,1.00144,262.50,,,22.3200,,0.0,,0.3465,22.0000,14.3,14.3,14.3,14.3,14.3,14.3,,,,,,,,,,,,,3.949,0.300,3.966,2.979,3.956,,,,,,,,2.963,0.0,0.0,0.0,0.0,0.0,18.406,15.875,,0.0,0.7708,39.670,33.290,33.290,39.670,6.640,0.000,,,,,0.95669,,64,,,,,,219.75,,,,,,,219.75,,,,657.6,,,,,,,,,,,1586.9,,,,,,0.359,100.000,,,,,,2489.92,,2501.72,2684.53,,,220.38,94.31,,,,,,,,,,,,,0.359,0.000,64,2,2,,,,,,,,217,0,,,,,,,,,46.304,,157.51,157.26,,,,
432.931,,0,0,0,256,0,0,0,0,0,0,0,0,1,0,0,0,0,0,,,,,,,,,,,,,,,,,,,,,,7509.5,,,,,1729.4,,,,1.00144,1.00144,262.78,,,22.2260,,0.0,,0.3575,22.0000,14.3,14.3,14.3,14.3,14.3,14.3,,,,,,,,,,,,,3.958,0.300,3.960,2.971,3.959,,,,,,,,2.966,0.0,0.0,0.0,0.0,0.0,18.563,15.828,,0.0,0.7688,39.670,33.310,33.310,39.670,6.640,0.000,,,,,0.95633,,64,,,,,,220.05,,,,,,,220.05,,,,657.6,,,,,,,,,,,1586.1,,,,,,0.359,100.000,,,,,,2488.59,,2499.61,2684.30,,,220.38,94.41,,,,,,,,,,,,,0.359,0.000,64,2,2,,,,,,,,217,0,,,,,,,,,46.309,,157.51,157.26,,,,
432.944,,0,0,0,256,0,0,0,0,0,0,0,0,1,0,0,0,0,0,,,,,,,,,,,,,,,,,,,,,,7505.0,,,,,1720.6,,,,1.00144,1.00144,262.92,,,22.1980,,0.0,,0.3605,22.0000,14.3,14.3,14.3,14.3,14.3,14.3,,,,,,,,,,,,,3.958,0.300,3.960,2.971,3.953,,,,,,,,2.967,0.0,0.0,0.0,0.0,0.0,18.891,15.531,,0.0,0.7722,39.690,33.300,33.300,39.690,5.835,0.000,,,,,0.95584,,64,,,,,,220.31,,,,,,,220.31,,,,657.5,,,,,,,,,,,1591.7,,,,,,0.359,100.000,,,,,,2491.02,,2503.83,2684.77,,,221.79,94.45,,,,,,,,,,,,,0.359,0.000,64,2,2,,,,,,,,217,0,,,,,,,,,46.309,,157.30,157.53,,,,
432.959,14.3,0,0,0,256,0,0,0,0,0,0,0,0,1,0,0,0,0,0,992.1,992.1,1000.0,10.0,0.0,0.0,0.03,1,0,0.996,0.996,0.0,0.0,3.687,-0.02,1000.0,1000.0,1000.0,1061.7,1000.0,981.55,7488.5,50.180,517.9,0.0,10.0,1726.8,0.03065,0.00,0.00,1.00144,1.00144,263.81,4,47.0,22.2920,-0.4160,0.0,59.6,0.3480,22.0000,14.3,14.3,14.3,14.3,14.3,14.3,14.3,2.3,0.00,0.00009,0,0,0,1,98,98,98,98,3.967,0.300,3.960,2.971,3.968,992.1,1000.0,1000.0,992.1,1000.0,0.0,18.74,2.978,0.0,0.0,0.0,0.0,0.0,18.891,15.703,0.0,0.0,0.7720,39.705,33.360,33.360,39.705,6.640,0.000,0.7813,0.7813,0.0000,1456.8,0.95526,0.102565,64,47.175,1061.7,0.0,1000.0,1000.0,221.16,240.19,585.2,0.99942,1535.98,400.01,0.99939,221.16,400.01,240.16,240.16,658.1,-200.0,92.9,72.91,72.916,2269.2,784.3,750.0,984.3,341.52,0.0,1589.6,58.516,0.0,0,992.1,992.1,0.359,100.000,923.01,0,2.1591,0.645,1013.01,2493.05,90.00,2502.81,2684.14,2683.98,79.08,222.30,94.78,361.50,390.75,100.0,0,30.25,33.0,94.5,63.8,37,0,90.04,22.5,0.359,0.000,64,2,2,992.1,1042.9,992.1,992.1,1000.0,1042.9,585.6,217,0,58.527,58.527,1000.0,2000.0,62.111,99.107,100.000,58.499,46.320,12.6,157.65,157.51,156.83,156.58,0.0,0.19
432.968,,0,0,0,256,0,0,0,0,0,0,0,0,1,0,0,0,0,0,,,,,,,,,,,,,,,,,,,,,,7498.0,,,,,1726.8,,,,1.00144,1.00144,263.20,,,22.3680,,0.0,,0.3375,22.0000,14.3,14.3,14.3,14.3,14.3,14.3,,,,,,,,,,,,,3.967,0.300,3.960,2.971,3.968,,,,,,,,2.971,0.0,0.0,0.0,0.0,0.0,18.969,15.844,,0.0,0.7769,39.740,33.290,33.290,39.740,5.835,0.000,,,,,0.95505,,64,,,,,,220.78,,,,,,,220.78,,,,658.1,,,,,,,,,,,1596.2,,,,,,0.359,100.000,,,,,,2494.92,,2505.94,2683.59,,,222.30,94.55,,,,,,,,,,,,,0.359,0.000,64,2,2,,,,,,,,217,0,,,,,,,,,46.344,,157.65,157.51,,,,
432.977,,0,0,0,256,0,0,0,0,0,0,0,0,1,0,0,0,0,0,,,,,,,,,,,,,,,,,,,,,,7453.5,,,,,1727.2,,,,1.00144,1.00144,263.67,,,22.4820,,0.0,,0.3220,22.0000,14.3,14.3,14.3,14.3,14.3,14.3,,,,,,,,,,,,,3.967,0.300,3.960,2.971,3.966,,,,,,,,2.977,0.0,0.0,0.0,0.0,0.0,19.109,16.141,,0.0,0.7734,39.670,33.260,33.260,39.670,6.640,0.000,,,,,0.95550,,64,,,,,,220.99,,,,,,,220.99,,,,658.6,,,,,,,,,,,1575.6,,,,,,0.359,100.000,,,,,,2493.75,,2502.81,2683.83,,,222.19,94.73,,,,,,,,,,,,,0.359,0.000,64,2,2,,,,,,,,217,0,,,,,,,,,45.575,,156.88,157.17,,,,
432.988,,0,0,0,4,0,0,1,0,0,0,0,0,0,0,0,0,0,0,,,,,,,,,,,,,,,,,,,,,,7421.5,,,,,1727.2,,,,1.00144,1.00144,263.63,,,22.2920,,0.0,,0.3455,22.0000,14.3,14.3,14.3,14.3,14.3,14.3,,,,,,,,,,,,,3.967,0.300,3.960,2.971,3.964,,,,,,,,2.975,0.0,0.0,0.0,0.0,0.0,19.453,15.828,,0.0,0.7756,39.640,33.275,33.275,39.640,5.835,0.000,,,,,0.95480,,64,,,,,,221.09,,,,,,,221.09,,,,658.6,,,,,,,,,,,1581.2,,,,,,0.359,100.000,,,,,,2497.27,,2507.03,2684.38,,,222.19,94.69,,,,,,,,,,,,,0.359,0.000,64,2,2,,,,,,,,217,0,,,,,,,,,46.309,,156.88,157.17,,,,
432.997,,0,0,0,4,0,0,1,0,0,0,0,0,0,0,0,0,0,0,,,,,,,,,,,,,,,,,,,,,,7348.5,,,,,1698.7,,,,1.00144,1.00144,263.11,,,22.4440,,0.0,,0.3255,22.0000,9.0,9.0,14.3,9.0,9.0,9.0,,,,,,,,,,,,,3.953,0.300,3.960,2.971,3.964,,,,,,,,2.965,0.0,0.0,0.0,0.0,0.0,19.344,16.094,,0.0,0.7759,39.655,33.300,33.300,39.655,5.835,0.000,,,,,0.95492,,64,,,,,,220.69,,,,,,,220.69,,,,658.9,,,,,,,,,,,1564.8,,,,,,0.359,100.000,,,,,,2498.44,,2509.14,2684.61,,,221.25,94.50,,,,,,,,,,,,,0.359,0.000,64,2,2,,,,,,,,217,0,,,,,,,,,45.474,,157.83,157.51,,,,
433.007,,0,0,0,4,0,0,1,0,0,0,0,0,0,0,0,0,0,0,,,,,,,,,,,,,,,,,,,,,,7164.5,,,,,1698.7,,,,1.00144,1.00144,214.55,,,22.0080,,0.0,,0.3800,22.0000,9.0,9.0,9.0,9.0,9.0,9.0,,,,,,,,,,,,,3.241,0.300,3.960,2.971,3.241,,,,,,,,2.418,0.0,0.0,0.0,0.0,0.0,19.297,15.828,,0.0,0.7756,39.680,33.315,33.315,39.680,5.835,0.000,,,,,0.99942,,64,,,,,,221.32,,,,,,,221.32,,,,658.9,,,,,,,,,,,1524.6,,,,,,0.359,100.000,,,,,,2500.78,,2513.36,2684.06,,,221.25,77.06,,,,,,,,,,,,,0.359,0.000,64,2,2,,,,,,,,217,0,,,,,,,,,45.490,,157.83,157.51,,,,
433.020,,0,0,0,4,0,0,1,0,0,0,0,0,0,0,0,0,0,0,,,,,,,,,,,,,,,,,,,,,,6861.5,,,,,1603.3,,,,1.00144,1.00144,215.30,,,20.7800,,0.0,,0.5360,22.0000,9.0,9.0,9.0,9.0,9.0,9.0,,,,,,,,,,,,,3.241,0.300,3.960,2.971,3.241,,,,,,,,2.408,0.0,0.0,0.0,0.0,0.0,19.078,15.813,,0.0,0.7778,39.695,33.285,25.635,39.695,5.085,0.000,,,,,0.99942,,64,,,,,,222.07,,,,,,,222.07,,,,675.1,,,,,,,,,,,1494.9,,,,,,0.359,100.000,,,,,,2512.97,,2521.80,2685.47,,,222.21,77.34,,,,,,,,,,,,,0.359,0.000,64,2,2,,,,,,,,217,0,,,,,,,,,45.514,,159.15,158.73,,,,
433.031,,0,0,0,4,0,0,1,0,0,0,0,0,0,0,0,0,0,0,,,,,,,,,,,,,,,,,,,,,,6532.5,,,,,1603.3,,,,1.00144,1.00144,214.55,,,20.6200,,0.0,,0.5590,22.0000,9.0,9.0,9.0,9.0,9.0,9.0,,,,,,,,,,,,,3.273,0.300,3.960,2.971,3.269,,,,,,,,2.399,0.0,0.0,0.0,0.0,0.0,18.828,15.594,,0.0,0.7803,32.015,33.360,24.360,32.015,5.085,0.000,,,,,0.99942,,64,,,,,,221.37,,,,,,,221.37,,,,675.1,,,,,,,,,,,1430.6,,,,,,0.359,100.000,,,,,,2518.28,,2522.81,2689.38,,,222.21,77.06,,,,,,,,,,,,,0.359,0.000,64,2,2,,,,,,,,217,0,,,,,,,,,44.780,,159.15,158.73,,,,
433.044,,0,0,0,4,0,0,1,0,0,0,0,0,0,0,0,0,0,0,,,,,,,,,,,,,,,,,,,,,,6210.0,,,,,1474.4,,,,1.00144,1.00144,231.66,,,20.5060,,0.0,,0.5755,22.0000,9.0,9.0,9.0,9.0,9.0,9.0,,,,,,,,,,,,,3.273,0.300,3.960,2.971,3.112,,,,,,,,3.234,0.0,0.0,0.0,0.0,0.0,18.516,15.141,,0.0,0.8154,30.740,33.570,24.570,30.740,4.385,0.000,,,,,0.99942,,64,,,,,,222.38,,,,,,,222.38,,,,697.3,,,,,,,,,,,1359.0,,,,,,0.410,100.000,,,,,,2523.59,,2528.05,2698.91,,,223.05,104.63,,,,,,,,,,,,,0.410,0.000,64,2,2,,,,,,,,217,0,,,,,,,,,37.099,,158.91,158.91,,,,
433.057,14.3,0,0,0,4,0,0,1,0,0,0,0,0,0,0,0,0,0,0,992.1,992.1,1000.0,10.0,0.0,0.0,0.03,1,0,0.996,0.996,0.0,0.0,3.531,-0.01,1000.0,1000.0,1000.0,1059.8,1000.0,982.14,5838.0,50.180,517.4,0.0,10.0,1359.8,0.03061,0.00,0.00,1.00144,1.00144,237.19,4,47.0,21.7640,-0.2920,0.0,59.8,0.4220,22.0000,8.3,8.3,8.3,9.8,9.0,8.3,14.3,2.3,0.00,0.00009,0,0,0,1,98,98,98,98,3.109,0.300,3.960,2.971,3.112,992.1,1000.0,1000.0,992.1,1000.0,0.0,18.74,3.466,0.0,0.0,0.0,0.0,0.0,18.000,15.172,0.0,0.0,1.0056,31.050,31.770,22.770,31.050,5.835,0.000,0.7813,0.7813,0.0000,1443.6,0.99942,0.102578,64,46.320,1059.8,0.0,1000.0,1000.0,223.80,240.07,587.6,0.99942,1535.98,400.01,0.99939,223.80,400.01,240.05,240.05,700.2,-200.0,91.9,72.92,72.925,2250.5,784.4,750.0,984.4,342.27,0.0,1225.2,58.965,0.0,0,992.1,992.1,0.457,100.000,923.01,0,2.1617,0.648,1013.01,2509.61,90.00,2512.27,2684.06,2684.14,79.45,224.77,119.63,361.50,390.75,100.0,0,30.46,33.0,94.5,63.0,37,0,90.04,22.5,0.457,0.000,64,2,2,992.1,1042.6,992.1,992.1,1000.0,1042.6,585.9,217,0,58.765,58.765,1000.0,2000.0,62.135,99.107,100.000,58.530,37.544,12.5,159.03,158.79,157.45,157.36,0.0,0.35
433.068,,0,0,0,4,0,0,1,0,0,0,0,0,0,0,0,0,0,0,,,,,,,,,,,,,,,,,,,,,,5650.0,,,,,1359.8,,,,1.00144,1.00144,223.41,,,21.9700,,0.0,,0.3960,22.0000,8.3,8.3,9.0,8.3,8.3,8.3,,,,,,,,,,,,,2.797,0.300,3.960,2.971,2.808,,,,,,,,3.230,0.0,0.0,0.0,0.0,0.0,17.688,14.859,,0.0,1.4280,28.315,31.530,22.530,28.315,7.495,0.000,,,,,0.99942,,64,,,,,,213.38,,,,,,,213.38,,,,700.2,,,,,,,,,,,1129.6,,,,,,0.457,100.000,,,,,,2482.89,,2477.50,2708.05,,,224.77,111.52,,,,,,,,,,,,,0.457,0.000,64,2,2,,,,,,,,217,0,,,,,,,,,36.884,,159.03,158.79,,,,
433.077,,0,0,0,256,0,0,0,0,0,0,0,0,1,0,0,0,0,0,,,,,,,,,,,,,,,,,,,,,,5513.5,,,,,1245.0,,,,1.00144,1.00144,219.89,,,22.7360,,0.0,,0.2990,22.0000,7.5,7.5,7.5,8.3,7.5,7.5,,,,,,,,,,,,,2.797,0.300,3.960,2.971,2.808,,,,,,,,3.106,0.0,0.0,0.0,0.0,0.0,17.594,14.797,,0.0,1.9578,27.690,32.330,23.330,27.690,12.525,0.000,,,,,0.99942,,64,,,,,,211.43,,,,,,,211.43,,,,693.9,,,,,,,,,,,1057.9,,,,,,0.457,100.000,,,,,,2463.98,,2458.52,2681.25,,,212.81,108.89,,,,,,,,,,,,,0.457,0.000,64,2,2,,,,,,,,217,0,,,,,,,,,35.809,,158.85,158.91,,,,
433.087,,0,0,0,4096,0,0,0,0,0,0,0,0,0,0,0,0,1,0,,,,,,,,,,,,,,,,,,,,,,5431.5,,,,,1245.0,,,,1.00144,1.00144,215.72,,,22.9160,,0.0,,0.2745,22.0000,7.5,7.5,7.5,5.3,5.3,5.3,,,,,,,,,,,,,2.702,0.300,3.960,2.971,2.712,,,,,,,,2.926,0.0,0.0,0.0,0.0,0.0,17.391,14.609,,0.0,3.4771,28.460,31.435,22.435,28.460,13.685,0.000,,,,,0.99942,,64,,,,,,215.20,,,,,,,215.20,,,,693.9,,,,,,,,,,,1069.5,,,,,,0.457,100.000,,,,,,2443.83,,2431.17,2675.94,,,212.81,102.61,,,,,,,,,,,,,0.457,0.000,64,2,2,,,,,,,,217,0,,,,,,,,,40.215,,158.85,158.91,,,,
433.098,,0,0,0,4096,0,0,0,0,0,0,0,0,0,0,0,0,1,0,,,,,,,,,,,,,,,,,,,,,,5373.0,,,,,1217.6,,,,1.00144,1.00144,214.08,,,22.9060,,0.0,,0.2740,22.0000,7.5,7.5,7.5,5.3,7.5,7.5,,,,,,,,,,,,,2.702,0.300,3.960,2.971,2.712,,,,,,,,2.862,0.0,0.0,0.0,0.0,0.0,17.172,14.000,,0.0,3.4104,27.565,31.260,26.460,27.565,13.685,0.000,,,,,0.99942,,64,,,,,,216.42,,,,,,,216.42,,,,694.1,,,,,,,,,,,1077.2,,,,,,0.457,100.000,,,,,,2409.45,,2412.19,2651.09,,,217.27,100.55,,,,,,,,,,,,,0.457,0.000,64,2,2,,,,,,,,217,0,,,,,,,,,42.145,,159.51,159.33,,,,
433.107,,0,0,0,256,0,0,0,0,0,0,0,0,1,0,0,0,0,0,,,,,,,,,,,,,,,,,,,,,,5385.0,,,,,1217.6,,,,1.00144,1.00144,212.67,,,23.0100,,0.0,,0.2590,22.0000,7.5,7.5,7.5,7.5,7.5,7.5,,,,,,,,,,,,,2.684,0.300,3.960,2.971,2.688,,,,,,,,2.844,0.0,0.0,0.0,0.0,0.0,17.078,13.266,,0.0,2.6736,31.590,31.885,31.885,31.590,12.525,0.000,,,,,0.99942,,64,,,,,,214.92,,,,,,,214.92,,,,694.1,,,,,,,,,,,1050.9,,,,,,0.457,100.000,,,,,,2394.38,,2397.42,2684.06,,,217.27,99.94,,,,,,,,,,,,,0.457,0.000,64,2,2,,,,,,,,217,0,,,,,,,,,41.249,,159.51,159.33,,,,
433.120,,0,0,0,256,0,0,0,0,0,0,0,0,1,0,0,0,0,0,,,,,,,,,,,,,,,,,,,,,,5410.5,,,,,1190.8,,,,1.00144,1.00144,241.45,,,22.8960,,0.0,,0.2715,22.0000,8.3,8.3,7.5,8.3,8.3,8.3,,,,,,,,,,,,,2.684,0.300,3.960,2.971,2.688,,,,,,,,3.222,0.0,0.0,0.0,0.0,0.0,16.859,12.875,,0.0,2.0286,37.015,32.865,32.865,37.015,17.470,0.000,,,,,1.12890,,64,,,,,,215.23,,,,,,,215.23,,,,695.0,,,,,,,,,,,1124.5,,,,,,0.457,100.000,,,,,,2397.50,,2399.53,2675.55,,,215.16,113.58,,,,,,,,,,,,,0.457,0.000,64,2,2,,,,,,,,217,0,,,,,,,,,44.115,,158.85,158.97,,,,
433.131,,0,0,0,256,0,0,0,0,0,0,0,0,1,0,0,0,0,0,,,,,,,,,,,,,,,,,,,,,,5437.5,,,,,1190.8,,,,1.00144,1.00144,235.69,,,22.8120,,0.0,,0.2805,22.0000,8.3,8.3,8.3,8.3,8.3,8.3,,,,,,,,,,,,,2.684,0.300,2.684,3.168,2.956,,,,,,,,3.141,0.0,0.0,0.0,0.0,0.0,16.828,11.750,,0.0,1.5801,37.995,32.615,32.615,37.995,16.155,0.000,,,,,1.10517,,64,,,,,,214.95,,,,,,,214.95,,,,695.0,,,,,,,,,,,1111.2,,,,,,0.457,100.000,,,,,,2392.03,,2396.41,2667.34,,,215.16,110.72,,,,,,,,,,,,,0.457,0.000,64,2,2,,,,,,,,217,0,,,,,,,,,54.485,,158.85,158.97,,,,
433.144,,0,0,0,256,0,0,0,0,0,0,0,0,1,0,0,0,0,0,,,,,,,,,,,,,,,,,,,,,,5531.5,,,,,1214.8,,,,1.00144,1.00144,304.69,,,22.7280,,0.0,,0.2895,22.0000,9.0,8.3,8.3,8.3,9.0,9.0,,,,,,,,,,,,,2.877,0.300,2.684,3.168,2.956,,,,,,,,4.039,0.0,0.0,0.0,0.0,0.0,16.703,11.469,,0.0,1.3064,37.775,32.370,32.370,37.775,14.895,0.000,,,,,1.09202,,64,,,,,,218.53,,,,,,,218.53,,,,693.0,,,,,,,,,,,1143.1,,,,,,0.457,100.000,,,,,,2397.27,,2400.63,2669.30,,,215.44,142.83,,,,,,,,,,,,,0.457,0.000,64,2,2,,,,,,,,217,0,,,,,,,,,54.149,,158.79,158.91,,,,
433.157,8.3,0,0,0,256,0,0,0,0,0,0,0,0,1,0,0,0,0,0,988.3,988.3,540.6,10.0,0.0,0.0,0.03,1,0,0.996,0.996,0.0,0.0,2.968,-0.03,1000.0,1000.0,1000.0,1035.2,540.6,921.25,5613.0,47.656,510.6,0.0,10.0,1282.3,0.02927,0.00,0.00,1.00144,1.00144,292.78,4,47.0,22.5280,0.2360,0.0,53.2,0.3125,22.0000,8.3,8.3,8.3,8.3,8.3,8.3,27.0,8.3,0.00,0.03797,0,0,0,1,98,98,98,98,3.642,0.300,2.684,3.168,3.691,988.3,1000.0,540.6,988.3,1000.0,0.0,18.74,3.930,0.0,0.0,0.0,0.0,0.0,16.797,10.594,0.0,0.0,1.0483,37.835,32.040,32.040,37.835,14.895,0.000,0.7813,1.0000,0.0000,782.6,1.04963,0.105528,64,37.545,1035.2,0.0,1000.0,1000.0,218.27,242.67,565.3,0.99942,1535.98,400.01,0.99939,218.27,400.01,242.65,242.65,691.7,-200.0,49.8,54.68,54.686,951.8,676.0,750.0,876.0,407.50,0.0,1178.5,57.968,0.0,0,988.3,988.3,0.457,100.000,923.01,0,2.1239,0.648,1013.01,2391.02,90.00,2395.31,2684.14,2684.06,116.20,218.39,137.81,361.50,390.75,100.0,0,30.55,33.0,94.5,63.8,37,0,90.04,22.5,0.457,0.000,64,2,2,988.3,540.6,988.3,988.3,1000.0,1049.7,569.9,217,0,56.537,33.922,1000.0,2000.0,60.408,98.727,100.000,56.931,53.854,12.9,158.51,158.37,158.55,158.67,0.0,0.60
433.169,,0,0,0,256,0,0,0,0,0,0,0,0,1,0,0,0,0,0,,,,,,,,,,,,,,,,,,,,,,5601.0,,,,,1282.3,,,,1.00144,1.00144,287.48,,,22.3860,,0.0,,0.3295,22.0000,8.3,8.3,8.3,8.3,8.3,8.3,,,,,,,,,,,,,3.642,0.300,2.684,3.168,3.572,,,,,,,,3.858,0.0,0.0,0.0,0.0,0.0,16.906,9.781,,0.0,1.0066,37.445,32.895,32.895,37.445,17.470,0.000,,,,,1.04270,,64,,,,,,215.79,,,,,,,215.79,,,,691.7,,,,,,,,,,,1173.9,,,,,,0.457,100.000,,,,,,2392.50,,2396.41,2682.89,,,218.39,135.28,,,,,,,,,,,,,0.457,0.000,64,2,2,,,,,,,,217,0,,,,,,,,,52.730,,158.51,158.37,,,,
433.178,,0,0,0,256,0,0,0,0,0,0,0,0,1,0,0,0,0,0,,,,,,,,,,,,,,,,,,,,,,5575.0,,,,,1270.9,,,,1.00144,1.00144,284.06,,,22.4620,,0.0,,0.3190,22.0000,9.0,8.3,9.0,9.0,9.0,9.0,,,,,,,,,,,,,3.557,0.300,2.684,3.168,3.572,,,,,,,,3.789,0.0,0.0,0.0,0.0,0.0,16.906,9.672,,0.0,0.9661,38.210,32.855,32.855,38.210,17.470,0.000,,,,,1.03981,,64,,,,,,215.46,,,,,,,215.46,,,,691.2,,,,,,,,,,,1145.5,,,,,,0.457,100.000,,,,,,2389.30,,2396.41,2710.00,,,216.26,132.66,,,,,,,,,,,,,0.457,0.000,64,2,2,,,,,,,,217,0,,,,,,,,,54.915,,160.00,159.57,,,,
433.188,,0,0,0,256,0,0,0,0,0,0,0,0,1,0,0,0,0,0,,,,,,,,,,,,,,,,,,,,,,5546.5,,,,,1270.9,,,,1.00113,1.00113,283.69,,,22.3960,,0.0,,0.3265,22.0000,9.0,9.0,9.0,9.0,9.0,9.0,,,,,,,,,,,,,3.557,0.300,2.684,3.168,3.572,,,,,,,,3.793,0.0,0.0,0.0,0.0,0.0,16.938,9.219,,0.0,0.9065,38.100,33.760,33.760,38.100,20.800,0.000,,,,,1.03566,,64,,,,,,215.77,,,,,,,215.77,,,,691.2,,,,,,,,,,,1148.9,,,,,,0.457,100.000,,,,,,2390.39,,2398.52,2710.78,,,216.26,132.80,,,,,,,,,,,,,0.457,0.000,64,2,2,,,,,,,,210,0,,,,,,,,,55.679,,160.00,159.57,,,,
433.198,,0,0,0,256,0,0,0,0,0,0,0,0,1,0,0,0,0,0,,,,,,,,,,,,,,,,,,,,,,5487.0,,,,,1254.4,,,,1.00113,1.00113,283.27,,,22.3400,,0.0,,0.3330,22.0000,9.0,9.0,9.0,9.0,9.0,9.0,,,,,,,,,,,,,3.561,0.300,2.684,3.168,3.565,,,,,,,,3.720,0.0,0.0,0.0,0.0,0.0,16.938,8.828,,0.0,0.8479,38.930,33.785,33.785,38.930,20.800,0.000,,,,,1.04462,,64,,,,,,216.56,,,,,,,216.56,,,,688.9,,,,,,,,,,,1141.3,,,,,,0.457,100.000,,,,,,2390.39,,2402.73,2708.59,,,216.84,130.50,,,,,,,,,,,,,0.457,0.000,64,2,2,,,,,,,,210,0,,,,,,,,,58.899,,160.37,159.81,,,,
433.207,,0,0,0,256,0,0,0,0,0,0,0,0,1,0,0,0,0,0,,,,,,,,,,,,,,,,,,,,,,5474.5,,,,,1254.4,,,,1.00113,1.00113,280.27,,,22.2360,,0.0,,0.3455,22.0000,7.5,7.5,9.0,9.0,8.3,7.5,,,,,,,,,,,,,3.561,0.300,2.684,3.168,3.565,,,,,,,,3.658,0.0,0.0,0.0,0.0,0.0,17.016,8.531,,0.0,0.7991,38.915,34.120,34.120,38.915,18.835,0.000,,,,,1.03499,,64,,,,,,217.59,,,,,,,217.59,,,,688.9,,,,,,,,,,,1147.1,,,,,,0.457,100.000,,,,,,2392.97,,2411.17,2684.14,,,216.84,128.30,,,,,,,,,,,,,0.457,0.000,64,2,2,,,,,,,,210,0,,,,,,,,,59.729,,160.37,159.81,,,,
433.221,,0,0,0,256,0,0,0,0,0,0,0,0,1,0,0,0,0,0,,,,,,,,,,,,,,,,,,,,,,5457.0,,,,,1249.2,,,,1.00113,1.00113,278.81,,,22.3580,,0.0,,0.3295,22.0000,7.5,7.5,7.5,7.5,7.5,7.5,,,,,,,,,,,,,3.566,0.300,2.684,3.168,3.568,,,,,,,,3.638,0.0,0.0,0.0,0.0,0.0,17.125,8.313,,0.0,0.7703,39.250,33.310,33.310,39.250,17.470,0.000,,,,,1.03066,,64,,,,,,217.69,,,,,,,217.69,,,,687.4,,,,,,,,,,,1140.7,,,,,,0.457,100.000,,,,,,2393.83,,2403.75,2679.22,,,219.45,127.45,,,,,,,,,,,,,0.457,0.000,64,2,2,,,,,,,,210,0,,,,,,,,,57.750,,159.87,160.00,,,,
433.230,,0,0,0,256,0,0,0,0,0,0,0,0,1,0,0,0,0,0,,,,,,,,,,,,,,,,,,,,,,5458.5,,,,,1249.2,,,,1.00113,1.00113,279.84,,,22.3100,,0.0,,0.3345,22.0000,7.5,7.5,7.5,7.5,7.5,7.5,,,,,,,,,,,,,3.566,0.300,3.566,3.699,3.568,,,,,,,,3.666,0.0,0.0,0.0,0.0,0.0,17.266,8.125,,0.0,0.7563,38.440,33.155,33.155,38.440,14.895,0.000,,,,,1.02724,,64,,,,,,218.53,,,,,,,218.53,,,,687.4,,,,,,,,,,,1154.2,,,,,,0.457,100.000,,,,,,2397.42,,2415.39,2676.17,,,219.45,128.44,,,,,,,,,,,,,0.457,0.000,64,2,2,,,,,,,,210,0,,,,,,,,,56.720,,159.87,160.00,,,,
433.241,,0,0,0,256,0,0,0,0,0,0,0,0,1,0,0,0,0,0,,,,,,,,,,,,,,,,,,,,,,5477.0,,,,,1251.5,,,,1.00113,1.00113,278.67,,,22.2160,,0.0,,0.3465,22.0000,7.5,7.5,7.5,7.5,7.5,7.5,,,,,,,,,,,,,3.564,0.300,3.566,3.699,3.561,,,,,,,,3.647,0.0,0.0,0.0,0.0,0.0,17.500,7.688,,0.0,0.7471,38.285,33.050,33.050,38.285,14.895,0.000,,,,,1.02626,,64,,,,,,218.58,,,,,,,218.58,,,,687.3,,,,,,,,,,,1153.5,,,,,,0.457,100.000,,,,,,2400.70,,2410.08,2679.45,,,220.08,127.41,,,,,,,,,,,,,0.457,0.000,64,2,2,,,,,,,,210,0,,,,,,,,,53.334,,160.30,159.94,,,,
433.251,8.3,0,0,0,256,0,0,0,0,0,0,0,0,1,0,0,0,0,0,993.6,993.6,1000.0,10.0,0.0,0.0,0.06,1,0,0.996,0.996,0.0,0.0,3.218,0.01,1000.0,1000.0,1000.0,1065.3,1000.0,968.55,5502.0,47.656,492.8,0.0,10.0,1251.5,0.02902,0.00,0.00,1.00113,1.00113,280.59,4,47.0,22.2920,-0.5280,0.0,58.7,0.3360,22.0000,8.3,8.3,7.5,7.5,7.5,8.3,8.3,2.3,0.00,0.03825,0,0,0,1,98,98,98,98,3.564,0.300,3.566,3.699,3.561,993.6,1000.0,1000.0,993.6,1000.0,0.0,18.74,3.710,0.0,0.0,0.0,0.0,0.0,17.594,7.984,0.0,0.0,0.7515,38.185,33.160,33.160,38.185,13.685,0.000,0.7813,0.7813,0.0000,991.9,1.02254,0.104887,64,53.855,1065.3,0.0,1000.0,1000.0,218.95,249.14,574.8,0.99942,1535.98,400.01,0.99939,218.95,400.01,249.12,249.12,687.3,-200.0,58.3,66.33,66.333,1884.2,697.6,750.0,897.6,306.60,0.0,1166.0,56.650,0.0,0,993.6,993.6,0.457,100.000,928.63,0,1.9799,0.648,1013.01,2404.14,84.38,2422.73,2680.47,2684.14,103.08,220.08,129.61,361.50,390.75,96.5,0,30.65,33.8,94.5,63.0,37,0,90.74,22.5,0.457,0.000,64,2,2,993.6,1064.0,993.6,993.6,1000.0,1064.0,571.2,210,0,57.477,57.611,1000.0,2000.0,61.124,99.257,100.000,57.060,53.180,12.7,160.30,159.94,158.79,158.97,0.0,0.88
433.257,,0,0,0,256,0,0,0,0,0,0,0,0,1,0,0,0,0,0,,,,,,,,,,,,,,,,,,,,,,5540.5,,,,,1268.0,,,,1.00113,1.00113,278.77,,,22.1980,,0.0,,0.3475,22.0000,8.3,8.3,8.3,8.3,7.5,8.3,,,,,,,,,,,,,3.564,0.300,3.566,3.699,3.556,,,,,,,,3.660,0.0,0.0,0.0,0.0,0.0,17.813,7.547,,0.0,0.7488,38.390,33.095,33.095,38.390,13.685,0.000,,,,,1.02288,,64,,,,,,219.07,,,,,,,219.07,,,,688.3,,,,,,,,,,,1178.2,,,,,,0.457,100.000,,,,,,2409.30,,2421.72,2683.98,,,220.55,127.69,,,,,,,,,,,,,0.457,0.000,64,2,2,,,,,,,,210,0,,,,,,,,,51.869,,159.75,160.06,,,,
433.268,,0,0,0,256,0,0,0,0,0,0,0,0,1,0,0,0,0,0,,,,,,,,,,,,,,,,,,,,,,5590.5,,,,,1268.0,,,,1.00113,1.00113,277.13,,,22.2360,,0.0,,0.3425,22.0000,8.3,8.3,8.3,8.3,8.3,8.3,,,,,,,,,,,,,3.555,0.300,3.566,3.699,3.556,,,,,,,,3.632,0.0,0.0,0.0,0.0,0.0,17.859,7.766,,0.0,0.7544,38.415,33.210,33.210,38.415,14.895,0.000,,,,,1.02202,,64,,,,,,218.32,,,,,,,218.32,,,,688.3,,,,,,,,,,,1179.0,,,,,,0.457,100.000,,,,,,2412.11,,2426.95,2683.98,,,220.55,126.70,,,,,,,,,,,,,0.457,0.000,64,2,2,,,,,,,,210,0,,,,,,,,,52.074,,159.75,160.06,,,,
433.278,,0,0,0,256,0,0,0,0,0,0,0,0,1,0,0,0,0,0,,,,,,,,,,,,,,,,,,,,,,5621.0,,,,,1278.6,,,,1.00113,1.00113,277.41,,,22.1700,,0.0,,0.3500,22.0000,8.3,8.3,8.3,8.3,8.3,8.3,,,,,,,,,,,,,3.555,0.300,3.566,3.699,3.540,,,,,,,,3.640,0.0,0.0,0.0,0.0,0.0,18.031,7.359,,0.0,0.7512,38.640,33.210,33.210,38.640,14.895,0.000,,,,,1.02154,,64,,,,,,218.51,,,,,,,218.51,,,,689.7,,,,,,,,,,,1184.0,,,,,,0.457,100.000,,,,,,2414.06,,2423.75,2688.98,,,219.87,126.84,,,,,,,,,,,,,0.457,0.000,64,2,2,,,,,,,,210,0,,,,,,,,,53.310,,160.37,160.17,,,,
433.287,,0,0,0,256,0,0,0,0,0,0,0,0,1,0,0,0,0,0,,,,,,,,,,,,,,,,,,,,,,5610.5,,,,,1278.6,,,,1.00113,1.00113,277.92,,,22.2920,,0.0,,0.3345,22.0000,8.3,8.3,8.3,8.3,8.3,8.3,,,,,,,,,,,,,3.536,0.300,3.566,3.699,3.540,,,,,,,,3.661,0.0,0.0,0.0,0.0,0.0,18.078,7.672,,0.0,0.7537,38.615,33.380,33.380,38.615,14.895,0.000,,,,,1.02007,,64,,,,,,218.48,,,,,,,218.48,,,,689.7,,,,,,,,,,,1179.6,,,,,,0.457,100.000,,,,,,2414.84,,2423.75,2687.42,,,219.87,127.59,,,,,,,,,,,,,0.457,0.000,64,2,2,,,,,,,,210,0,,,,,,,,,53.534,,160.37,160.17,,,,
433.299,,0,0,0,256,0,0,0,0,0,0,0,0,1,0,0,0,0,0,,,,,,,,,,,,,,,,,,,,,,5572.5,,,,,1280.0,,,,1.00113,1.00113,277.55,,,22.1880,,0.0,,0.3470,22.0000,8.3,8.3,8.3,8.3,8.3,8.3,,,,,,,,,,,,,3.536,0.300,3.566,3.699,3.546,,,,,,,,3.634,0.0,0.0,0.0,0.0,0.0,18.266,7.453,,0.0,0.7507,38.730,33.325,33.325,38.730,13.685,0.000,,,,,1.01952,,64,,,,,,218.91,,,,,,,218.91,,,,689.6,,,,,,,,,,,1183.2,,,,,,0.457,100.000,,,,,,2420.55,,2431.17,2691.33,,,219.82,126.80,,,,,,,,,,,,,0.457,0.000,64,2,2,,,,,,,,210,0,,,,,,,,,53.510,,160.37,160.11,,,,
433.307,,0,0,0,256,0,0,0,0,0,0,0,0,1,0,0,0,0,0,,,,,,,,,,,,,,,,,,,,,,5555.5,,,,,1280.0,,,,1.00113,1.00113,277.50,,,22.1500,,0.0,,0.3515,22.0000,8.3,8.3,8.3,8.3,8.3,8.3,,,,,,,,,,,,,3.543,0.300,3.566,3.699,3.546,,,,,,,,3.634,0.0,0.0,0.0,0.0,0.0,18.391,7.563,,0.0,0.7522,38.590,33.240,33.240,38.590,13.685,0.000,,,,,1.01775,,64,,,,,,219.26,,,,,,,219.26,,,,689.6,,,,,,,,,,,1176.8,,,,,,0.457,100.000,,,,,,2423.52,,2436.41,2684.14,,,219.82,126.80,,,,,,,,,,,,,0.457,0.000,64,2,2,,,,,,,,210,0,,,,,,,,,52.414,,160.37,160.11,,,,
433.321,,0,0,0,256,0,0,0,0,0,0,0,0,1,0,0,0,0,0,,,,,,,,,,,,,,,,,,,,,,5549.5,,,,,1275.6,,,,1.00113,1.00113,278.48,,,22.1320,,0.0,,0.3535,22.0000,8.3,8.3,8.3,8.3,8.3,8.3,,,,,,,,,,,,,3.543,0.300,3.566,3.699,3.546,,,,,,,,3.649,0.0,0.0,0.0,0.0,0.0,18.563,7.781,,0.0,0.7495,38.490,33.000,33.000,38.490,12.525,0.000,,,,,1.01711,,64,,,,,,219.94,,,,,,,219.94,,,,690.0,,,,,,,,,,,1186.5,,,,,,0.457,100.000,,,,,,2430.16,,2443.83,2685.70,,,220.62,127.27,,,,,,,,,,,,,0.457,0.000,64,2,2,,,,,,,,210,0,,,,,,,,,52.274,,160.98,160.98,,,,
433.332,,0,0,0,256,0,0,0,0,0,0,0,0,1,0,0,0,0,0,,,,,,,,,,,,,,,,,,,,,,5529.0,,,,,1275.6,,,,1.00113,1.00113,279.56,,,22.2060,,0.0,,0.3435,22.0000,8.3,8.3,8.3,8.3,8.3,8.3,,,,,,,,,,,,,3.564,0.300,3.563,3.647,3.563,,,,,,,,3.676,0.0,0.0,0.0,0.0,0.0,18.688,7.969,,0.0,0.7522,38.200,33.055,33.055,38.200,12.525,0.000,,,,,1.01516,,64,,,,,,220.45,,,,,,,220.45,,,,690.0,,,,,,,,,,,1178.8,,,,,,0.457,100.000,,,,,,2436.17,,2448.05,2687.81,,,220.62,128.25,,,,,,,,,,,,,0.457,0.000,64,2,2,,,,,,,,210,0,,,,,,,,,51.015,,160.98,160.98,,,,
433.348,8.3,0,0,0,256,0,0,0,0,0,0,0,0,1,0,0,0,0,0,992.5,992.5,1000.0,10.0,0.0,0.0,0.03,1,0,0.996,0.996,0.0,0.0,2.500,0.00,1000.0,1000.0,1000.0,1062.0,1000.0,975.34,5536.5,47.656,490.4,0.0,10.0,1276.4,0.02923,0.00,0.00,1.00113,1.00113,279.75,4,47.0,22.0660,-0.1980,0.0,58.7,0.3605,22.0000,10.5,10.5,10.5,10.5,10.5,10.5,8.3,2.3,0.00,0.01308,0,0,0,1,98,98,98,98,3.577,0.300,3.563,3.647,3.579,992.5,1000.0,1000.0,992.5,1000.0,0.0,18.74,3.674,0.0,0.0,0.0,0.0,0.0,18.875,8.328,0.0,0.0,0.7537,38.345,33.280,33.280,38.345,11.415,0.000,0.7813,0.7813,0.0000,954.5,1.01403,0.104117,64,51.870,1062.0,0.0,1000.0,1000.0,221.16,247.01,578.2,0.99942,1535.98,400.01,0.99939,221.16,400.01,246.98,246.98,690.8,-200.0,61.7,65.89,65.897,1760.6,708.9,750.0,908.9,310.63,0.0,1182.4,57.510,0.0,0,992.5,992.5,0.457,100.000,927.77,0,1.9651,0.652,1013.01,2445.00,85.23,2456.48,2694.14,2683.98,100.08,221.67,127.97,342.00,390.75,98.0,0,30.65,33.8,94.5,63.0,37,0,90.74,22.5,0.457,0.000,64,2,2,992.5,1061.4,992.5,992.5,1000.0,1061.4,575.8,210,0,57.829,57.703,1000.0,2000.0,61.562,99.147,100.000,57.520,49.649,12.7,160.66,160.80,160.17,160.37,0.0,0.73
433.357,,0,0,0,256,0,0,0,0,0,0,0,0,1,0,0,0,0,0,,,,,,,,,,,,,,,,,,,,,,5543.0,,,,,1284.6,,,,1.00113,1.00113,279.84,,,22.2060,,0.0,,0.3430,22.0000,10.5,10.5,10.5,10.5,10.5,10.5,,,,,,,,,,,,,3.577,0.300,3.563,3.647,3.579,,,,,,,,3.672,0.0,0.0,0.0,0.0,0.0,18.938,8.516,,0.0,0.7571,38.515,33.460,33.460,38.515,10.360,0.000,,,,,1.01303,,64,,,,,,221.51,,,,,,,221.51,,,,691.5,,,,,,,,,,,1193.6,,,,,,0.457,100.000,,,,,,2450.31,,2471.17,2684.06,,,222.87,127.88,,,,,,,,,,,,,0.457,0.000,64,2,2,,,,,,,,210,0,,,,,,,,,49.759,,160.86,161.10,,,,
433.368,,0,0,0,256,0,0,0,0,0,0,0,0,1,0,0,0,0,0,,,,,,,,,,,,,,,,,,,,,,5580.5,,,,,1284.6,,,,1.00113,1.00113,280.03,,,22.1600,,0.0,,0.3485,22.0000,10.5,10.5,10.5,10.5,10.5,10.5,,,,,,,,,,,,,3.595,0.300,3.563,3.647,3.606,,,,,,,,3.675,0.0,0.0,0.0,0.0,0.0,19.031,8.359,,0.0,0.7537,38.780,33.125,33.125,38.780,9.355,0.000,,,,,1.01233,,64,,,,,,221.81,,,,,,,221.81,,,,691.5,,,,,,,,,,,1206.8,,,,,,0.457,100.000,,,,,,2458.59,,2470.16,2684.77,,,222.87,127.97,,,,,,,,,,,,,0.457,0.000,64,2,2,,,,,,,,210,0,,,,,,,,,48.874,,160.86,161.10,,,,
433.378,,0,0,0,256,0,0,0,0,0,0,0,0,1,0,0,0,0,0,,,,,,,,,,,,,,,,,,,,,,5600.0,,,,,1295.6,,,,1.00113,1.00113,280.78,,,22.1120,,0.0,,0.3545,22.0000,10.5,10.5,10.5,10.5,10.5,10.5,,,,,,,,,,,,,3.595,0.300,3.563,3.647,3.606,,,,,,,,3.686,0.0,0.0,0.0,0.0,0.0,18.984,8.844,,0.0,0.7549,38.505,33.150,33.150,38.505,8.400,0.000,,,,,1.01086,,64,,,,,,222.49,,,,,,,222.49,,,,693.0,,,,,,,,,,,1215.8,,,,,,0.457,100.000,,,,,,2465.23,,2482.81,2685.63,,,222.98,128.30,,,,,,,,,,,,,0.457,0.000,64,2,2,,,,,,,,210,0,,,,,,,,,48.134,,161.23,161.10,,,,
433.387,,0,0,0,256,0,0,0,0,0,0,0,0,1,0,0,0,0,0,,,,,,,,,,,,,,,,,,,,,,5603.5,,,,,1295.6,,,,1.00113,1.00113,281.11,,,22.1120,,0.0,,0.3540,22.0000,10.5,10.5,10.5,10.5,10.5,10.5,,,,,,,,,,,,,3.595,0.300,3.563,3.647,3.595,,,,,,,,3.690,0.0,0.0,0.0,0.0,0.0,19.031,8.734,,0.0,0.7507,38.535,33.175,33.175,38.535,8.400,0.000,,,,,1.01019,,64,,,,,,222.91,,,,,,,222.91,,,,693.0,,,,,,,,,,,1210.8,,,,,,0.457,100.000,,,,,,2470.08,,2481.72,2685.39,,,222.98,128.44,,,,,,,,,,,,,0.457,0.000,64,2,2,,,,,,,,216,0,,,,,,,,,46.904,,161.23,161.10,,,,
433.397,,0,0,0,256,0,0,0,0,0,0,0,0,1,0,0,0,0,0,,,,,,,,,,,,,,,,,,,,,,5590.5,,,,,1304.3,,,,1.00113,1.00113,281.06,,,22.1980,,0.0,,0.3425,22.0000,10.5,10.5,10.5,10.5,10.5,10.5,,,,,,,,,,,,,3.588,0.300,3.563,3.647,3.595,,,,,,,,3.691,0.0,0.0,0.0,0.0,0.0,19.000,9.219,,0.0,0.7563,38.535,33.170,33.170,38.535,8.400,0.000,,,,,1.00790,,64,,,,,,223.22,,,,,,,223.22,,,,693.4,,,,,,,,,,,1201.5,,,,,,0.457,100.000,,,,,,2476.25,,2487.03,2687.66,,,223.50,128.39,,,,,,,,,,,,,0.457,0.000,64,2,2,,,,,,,,216,0,,,,,,,,,46.935,,161.10,161.29,,,,
433.407,,0,0,0,256,0,0,0,0,0,0,0,0,1,0,0,0,0,0,,,,,,,,,,,,,,,,,,,,,,5594.5,,,,,1304.3,,,,1.00113,1.00113,283.69,,,22.1040,,0.0,,0.3545,22.0000,10.5,10.5,10.5,10.5,10.5,10.5,,,,,,,,,,,,,3.588,0.300,3.563,3.647,3.608,,,,,,,,3.758,0.0,0.0,0.0,0.0,0.0,19.078,9.188,,0.0,0.7515,38.535,33.030,33.030,38.535,7.495,0.000,,,,,1.00802,,64,,,,,,223.64,,,,,,,223.64,,,,693.4,,,,,,,,,,,1210.6,,,,,,0.457,100.000,,,,,,2480.16,,2491.17,2684.06,,,223.50,130.73,,,,,,,,,,,,,0.457,0.000,64,2,2,,,,,,,,216,0,,,,,,,,,46.935,,161.10,161.29,,,,
433.421,,0,0,0,256,0,0,0,0,0,0,0,0,1,0,0,0,0,0,,,,,,,,,,,,,,,,,,,,,,5590.5,,,,,1309.2,,,,1.00113,1.00113,281.63,,,22.1040,,0.0,,0.3545,22.0000,10.5,10.5,10.5,10.5,10.5,10.5,,,,,,,,,,,,,3.600,0.300,3.563,3.647,3.608,,,,,,,,3.710,0.0,0.0,0.0,0.0,0.0,19.000,9.688,,0.0,0.7532,38.385,32.910,32.910,38.385,7.495,0.000,,,,,1.00616,,64,,,,,,223.64,,,,,,,223.64,,,,694.0,,,,,,,,,,,1206.4,,,,,,0.457,100.000,,,,,,2481.41,,2492.27,2685.23,,,224.46,128.86,,,,,,,,,,,,,0.457,0.000,64,2,2,,,,,,,,216,0,,,,,,,,,46.030,,161.85,161.59,,,,
433.440,10.5,0,0,0,256,0,0,0,0,0,0,0,0,1,0,0,0,0,0,991.8,991.8,1000.0,10.0,0.0,0.0,0.03,1,0,0.996,0.996,0.0,0.0,2.343,-0.01,1000.0,1000.0,1000.0,1059.3,1000.0,977.05,5562.0,47.656,492.5,0.0,10.0,1306.1,0.02927,0.00,0.00,1.00113,1.00113,281.39,4,47.0,22.2260,-0.0660,0.0,59.1,0.3380,22.0000,10.5,10.5,10.5,10.5,10.5,10.5,10.5,2.3,0.00,0.00921,0,0,0,1,98,98,98,98,3.603,0.300,3.600,3.705,3.602,991.8,1000.0,1000.0,991.8,1000.0,0.0,18.74,3.698,0.0,0.0,0.0,0.0,0.0,18.906,10.047,0.0,0.0,0.7568,38.235,33.085,33.085,38.235,6.640,0.000,0.7813,0.7813,0.0000,958.3,1.00436,0.103842,64,49.650,1059.3,0.0,1000.0,1000.0,224.18,246.23,587.5,0.99942,1535.98,400.01,0.99939,224.18,400.01,246.21,246.21,694.8,-200.0,59.2,65.60,65.604,1769.3,703.5,750.0,903.5,321.84,0.0,1209.0,57.967,0.0,0,991.8,991.8,0.457,100.000,926.60,0,1.9933,0.656,1013.01,2494.45,86.41,2508.05,2693.28,2694.14,101.06,225.21,128.53,342.00,390.75,99.6,0,30.65,33.0,94.5,63.0,37,0,90.74,22.5,0.457,0.000,64,2,2,991.8,1060.0,991.8,991.8,1000.0,1060.0,583.3,216,0,58.752,58.926,1000.0,2000.0,61.813,99.077,100.000,58.269,44.879,12.7,161.48,161.59,160.74,161.16,0.0,0.44
433.447,,0,0,0,256,0,0,0,0,0,0,0,0,1,0,0,0,0,0,,,,,,,,,,,,,,,,,,,,,,5557.0,,,,,1306.1,,,,1.00113,1.00113,281.91,,,22.1780,,0.0,,0.3440,22.0000,10.5,10.5,10.5,10.5,10.5,10.5,,,,,,,,,,,,,3.603,0.300,3.600,3.705,3.602,,,,,,,,3.707,0.0,0.0,0.0,0.0,0.0,18.844,10.172,,0.0,0.7539,38.355,33.215,33.215,38.355,5.835,0.000,,,,,1.00397,,64,,,,,,224.63,,,,,,,224.63,,,,694.8,,,,,,,,,,,1215.6,,,,,,0.457,100.000,,,,,,2501.80,,2514.38,2698.52,,,225.21,128.81,,,,,,,,,,,,,0.457,0.000,64,2,2,,,,,,,,216,0,,,,,,,,,44.875,,161.48,161.59,,,,
433.457,,0,0,0,256,0,0,0,0,0,0,0,0,1,0,0,0,0,0,,,,,,,,,,,,,,,,,,,,,,5575.0,,,,,1307.7,,,,1.00113,1.00113,281.95,,,22.1500,,0.0,,0.3470,22.0000,10.5,10.5,10.5,10.5,10.5,10.5,,,,,,,,,,,,,3.606,0.300,3.600,3.705,3.613,,,,,,,,3.707,0.0,0.0,0.0,0.0,0.0,18.734,10.313,,0.0,0.7549,38.490,33.535,33.535,38.490,6.640,0.000,,,,,1.00211,,64,,,,,,225.05,,,,,,,225.05,,,,695.0,,,,,,,,,,,1207.1,,,,,,0.457,100.000,,,,,,2507.03,,2519.69,2684.06,,,225.91,128.86,,,,,,,,,,,,,0.457,0.000,64,2,2,,,,,,,,216,0,,,,,,,,,44.189,,162.29,162.03,,,,
433.468,,0,0,0,256,0,0,0,0,0,0,0,0,1,0,0,0,0,0,,,,,,,,,,,,,,,,,,,,,,5585.5,,,,,1307.7,,,,1.00113,1.00113,282.47,,,22.0660,,0.0,,0.3575,22.0000,9.8,9.8,9.8,10.5,9.8,9.8,,,,,,,,,,,,,3.606,0.300,3.600,3.705,3.613,,,,,,,,3.712,0.0,0.0,0.0,0.0,0.0,18.641,10.375,,0.0,0.7542,38.875,33.055,33.055,38.875,4.385,0.000,,,,,1.00147,,64,,,,,,225.63,,,,,,,225.63,,,,695.0,,,,,,,,,,,1222.8,,,,,,0.457,100.000,,,,,,2512.73,,2529.14,2684.45,,,225.91,129.05,,,,,,,,,,,,,0.457,0.000,64,2,2,,,,,,,,216,0,,,,,,,,,45.129,,162.29,162.03,,,,
433.477,,0,0,0,256,0,0,0,0,0,0,0,0,1,0,0,0,0,0,,,,,,,,,,,,,,,,,,,,,,5613.0,,,,,1321.9,,,,1.00113,1.00113,282.47,,,22.2260,,0.0,,0.3370,22.0000,9.8,9.8,9.8,9.8,9.8,9.8,,,,,,,,,,,,,3.625,0.300,3.600,3.705,3.611,,,,,,,,3.721,0.0,0.0,0.0,0.0,0.0,18.578,10.484,,0.0,0.7556,38.465,33.065,33.065,38.465,4.385,0.000,,,,,1.00034,,64,,,,,,225.73,,,,,,,225.73,,,,695.9,,,,,,,,,,,1221.2,,,,,,0.457,100.000,,,,,,2514.84,,2528.05,2685.16,,,227.16,129.05,,,,,,,,,,,,,0.457,0.000,64,2,2,,,,,,,,216,0,,,,,,,,,43.259,,161.59,161.92,,,,
433.487,,0,0,0,256,0,0,0,0,0,0,0,0,1,0,0,0,0,0,,,,,,,,,,,,,,,,,,,,,,5646.0,,,,,1321.9,,,,1.00113,1.00113,282.80,,,22.1320,,0.0,,0.3485,22.0000,9.8,9.8,9.8,9.8,9.8,9.8,,,,,,,,,,,,,3.625,0.300,3.600,3.705,3.611,,,,,,,,3.726,0.0,0.0,0.0,0.0,0.0,18.563,10.609,,0.0,0.7588,38.520,33.090,33.090,38.520,3.735,0.000,,,,,0.99930,,64,,,,,,226.31,,,,,,,226.31,,,,695.9,,,,,,,,,,,1243.0,,,,,,0.457,100.000,,,,,,2524.14,,2541.80,2684.61,,,227.16,129.23,,,,,,,,,,,,,0.457,0.000,64,2,2,,,,,,,,216,0,,,,,,,,,42.850,,161.59,161.92,,,,
433.497,,0,0,0,256,0,0,0,0,0,0,0,0,1,0,0,0,0,0,,,,,,,,,,,,,,,,,,,,,,5639.5,,,,,1336.0,,,,1.00113,1.00113,283.27,,,22.0840,,0.0,,0.3545,22.0000,9.8,9.8,9.8,9.8,9.8,9.8,,,,,,,,,,,,,3.626,0.300,3.600,3.705,3.625,,,,,,,,3.735,0.0,0.0,0.0,0.0,0.0,18.563,10.766,,0.0,0.7578,38.565,33.075,33.075,38.565,3.735,0.000,,,,,0.99915,,64,,,,,,226.62,,,,,,,226.62,,,,695.6,,,,,,,,,,,1235.8,,,,,,0.457,100.000,,,,,,2527.11,,2536.48,2687.66,,,228.23,129.42,,,,,,,,,,,,,0.457,0.000,64,2,2,,,,,,,,216,0,,,,,,,,,42.255,,162.54,162.23,,,,
433.506,,0,0,0,256,0,0,0,0,0,0,0,0,1,0,0,0,0,0,,,,,,,,,,,,,,,,,,,,,,5632.5,,,,,1336.0,,,,1.00113,1.00113,283.83,,,22.1120,,0.0,,0.3510,22.0000,9.8,9.8,9.8,9.8,9.8,9.8,,,,,,,,,,,,,3.626,0.300,3.600,3.705,3.625,,,,,,,,3.743,0.0,0.0,0.0,0.0,0.0,18.500,10.813,,0.0,0.7625,38.535,32.785,32.785,38.535,3.135,0.000,,,,,0.99811,,64,,,,,,227.30,,,,,,,227.30,,,,695.6,,,,,,,,,,,1247.9,,,,,,0.457,100.000,,,,,,2533.44,,2549.14,2684.14,,,228.23,129.70,,,,,,,,,,,,,0.457,0.000,64,2,2,,,,,,,,216,0,,,,,,,,,42.299,,162.54,162.23,,,,
433.520,,0,0,0,256,0,0,0,0,0,0,0,0,1,0,0,0,0,0,,,,,,,,,,,,,,,,,,,,,,5623.5,,,,,1341.4,,,,1.00113,1.00113,283.17,,,22.1700,,0.0,,0.3430,22.0000,9.8,9.8,9.8,9.8,9.8,9.8,,,,,,,,,,,,,3.625,0.300,3.600,3.705,3.636,,,,,,,,3.740,0.0,0.0,0.0,0.0,0.0,18.500,10.656,,0.0,0.7617,38.265,32.665,32.665,38.265,3.135,0.000,,,,,0.99805,,64,,,,,,226.83,,,,,,,226.83,,,,696.3,,,,,,,,,,,1242.1,,,,,,0.457,100.000,,,,,,2537.58,,2547.03,2689.38,,,229.01,129.42,,,,,,,,,,,,,0.457,0.000,64,2,2,,,,,,,,216,0,,,,,,,,,41.669,,162.48,162.23,,,,
433.531,,0,0,0,256,0,0,0,0,0,0,0,0,1,0,0,0,0,0,,,,,,,,,,,,,,,,,,,,,,5607.5,,,,,1341.4,,,,1.00113,1.00113,283.64,,,22.1880,,0.0,,0.3405,22.0000,9.8,9.8,9.8,9.8,9.8,9.8,,,,,,,,,,,,,3.625,0.300,3.625,3.740,3.636,,,,,,,,3.746,0.0,0.0,0.0,0.0,0.0,18.344,10.938,,0.0,0.7649,38.060,32.840,32.840,38.060,3.135,0.000,,,,,0.99717,,64,,,,,,227.39,,,,,,,227.39,,,,696.3,,,,,,,,,,,1240.0,,,,,,0.457,100.000,,,,,,2542.81,,2556.56,2692.97,,,229.01,129.61,,,,,,,,,,,,,0.457,0.000,64,2,2,,,,,,,,216,0,,,,,,,,,41.399,,162.48,162.23,,,,
433.543,,0,0,0,256,0,0,0,0,0,0,0,0,1,0,0,0,0,0,,,,,,,,,,,,,,,,,,,,,,5598.5,,,,,1334.4,,,,1.00113,1.00113,283.64,,,22.0180,,0.0,,0.3615,22.0000,9.8,9.8,9.8,9.8,9.8,9.8,,,,,,,,,,,,,3.625,0.300,3.625,3.740,3.626,,,,,,,,3.749,0.0,0.0,0.0,0.0,0.0,18.313,10.703,,0.0,0.7617,38.215,32.960,32.960,38.215,3.135,0.000,,,,,0.99720,,64,,,,,,227.39,,,,,,,227.39,,,,696.3,,,,,,,,,,,1230.9,,,,,,0.457,100.000,,,,,,2546.88,,2556.56,2698.52,,,228.59,129.61,,,,,,,,,,,,,0.457,0.000,64,2,2,,,,,,,,216,0,,,,,,,,,41.194,,163.05,162.80,,,,
433.557,10.5,0,0,0,256,0,0,0,0,0,0,0,0,1,0,0,0,0,0,991.5,991.5,1000.0,10.0,0.0,0.0,0.03,1,0,0.996,0.996,0.0,0.0,2.531,-0.01,1000.0,1000.0,1000.0,1059.5,1000.0,973.35,5585.5,47.656,490.9,0.0,10.0,1329.1,0.02932,0.00,0.00,1.00113,1.00113,284.16,4,47.0,22.0560,-0.1780,0.0,59.0,0.3570,22.0000,9.8,9.8,9.8,9.8,9.8,9.8,10.5,2.3,0.00,0.00018,0,0,0,1,98,98,98,98,3.617,0.300,3.625,3.740,3.646,991.5,1000.0,1000.0,991.5,1000.0,0.0,18.74,3.753,0.0,0.0,0.0,0.0,0.0,18.172,10.734,0.0,0.0,0.7629,38.485,33.545,33.545,38.485,3.135,0.000,0.7813,0.7813,0.0000,970.3,0.99576,0.103797,64,44.875,1059.5,0.0,1000.0,1000.0,228.09,244.78,594.9,0.99942,1535.98,400.01,0.99939,228.09,400.01,244.76,244.76,695.4,-200.0,55.2,65.26,65.265,1792.6,695.2,750.0,895.2,337.73,0.0,1230.5,59.064,0.0,0,991.5,991.5,0.457,100.000,923.01,0,2.0533,0.660,1013.01,2555.78,90.00,2569.14,2683.98,2698.52,102.66,229.69,129.84,343.50,390.75,99.2,0,30.74,33.0,94.5,63.0,37,0,90.74,22.5,0.457,0.000,64,2,2,991.5,1060.1,991.5,991.5,1000.0,1060.1,594.3,216,0,59.499,59.499,1000.0,2000.0,62.164,99.048,100.000,59.369,41.464,12.7,163.11,162.99,161.48,161.97,0.0,0.38
433.568,,0,0,0,256,0,0,0,0,0,0,0,0,1,0,0,0,0,0,,,,,,,,,,,,,,,,,,,,,,5606.5,,,,,1329.1,,,,1.00113,1.00113,284.20,,,22.0740,,0.0,,0.3545,22.0000,9.8,9.8,9.8,9.8,9.8,9.8,,,,,,,,,,,,,3.646,0.300,3.625,3.740,3.646,,,,,,,,3.753,0.0,0.0,0.0,0.0,0.0,18.078,11.016,,0.0,0.7686,38.940,32.945,32.945,38.940,2.095,0.000,,,,,0.99476,,64,,,,,,228.30,,,,,,,228.30,,,,695.4,,,,,,,,,,,1235.3,,,,,,0.457,100.000,,,,,,2557.58,,2572.34,2683.98,,,229.69,129.84,,,,,,,,,,,,,0.457,0.000,64,2,2,,,,,,,,216,0,,,,,,,,,41.620,,163.11,162.99,,,,
433.577,,0,0,0,256,0,0,0,0,0,0,0,0,1,0,0,0,0,0,,,,,,,,,,,,,,,,,,,,,,5631.5,,,,,1340.3,,,,1.00113,1.00113,285.23,,,22.1120,,0.0,,0.3495,22.0000,9.8,9.8,9.8,9.8,9.8,9.8,,,,,,,,,,,,,3.646,0.300,3.625,3.740,3.659,,,,,,,,3.780,0.0,0.0,0.0,0.0,0.0,18.188,10.828,,0.0,0.7695,38.380,32.945,32.945,38.380,1.650,0.000,,,,,0.99506,,64,,,,,,229.15,,,,,,,229.15,,,,696.0,,,,,,,,,,,1246.9,,,,,,0.457,100.000,,,,,,2563.83,,2576.56,2681.72,,,230.86,130.31,,,,,,,,,,,,,0.457,0.000,64,2,2,,,,,,,,216,0,,,,,,,,,41.034,,162.80,162.92,,,,
433.587,,0,0,0,256,0,0,0,0,0,0,0,0,1,0,0,0,0,0,,,,,,,,,,,,,,,,,,,,,,5648.5,,,,,1340.3,,,,1.00113,1.00113,285.47,,,22.1600,,0.0,,0.3435,22.0000,9.8,9.8,9.8,9.8,9.8,9.8,,,,,,,,,,,,,3.660,0.300,3.625,3.740,3.659,,,,,,,,3.784,0.0,0.0,0.0,0.0,0.0,18.219,11.141,,0.0,0.7705,38.445,32.870,32.870,38.445,1.650,0.000,,,,,0.99488,,64,,,,,,229.41,,,,,,,229.41,,,,696.0,,,,,,,,,,,1251.0,,,,,,0.457,100.000,,,,,,2566.09,,2576.56,2681.41,,,230.86,130.45,,,,,,,,,,,,,0.457,0.000,64,2,2,,,,,,,,216,0,,,,,,,,,40.030,,162.80,162.92,,,,
433.597,,0,0,0,256,0,0,0,0,0,0,0,0,1,0,0,0,0,0,,,,,,,,,,,,,,,,,,,,,,5664.5,,,,,1354.1,,,,1.00113,1.00113,285.94,,,22.1880,,0.0,,0.3395,22.0000,9.8,9.8,9.8,9.8,9.8,9.8,,,,,,,,,,,,,3.660,0.300,3.625,3.740,3.659,,,,,,,,3.792,0.0,0.0,0.0,0.0,0.0,18.266,11.156,,0.0,0.7688,38.410,32.860,32.860,38.410,1.450,0.000,,,,,0.99473,,64,,,,,,229.57,,,,,,,229.57,,,,696.6,,,,,,,,,,,1257.5,,,,,,0.457,100.000,,,,,,2570.39,,2585.00,2683.83,,,231.14,130.64,,,,,,,,,,,,,0.457,0.000,64,2,2,,,,,,,,216,0,,,,,,,,,40.094,,163.11,162.99,,,,
433.607,,0,0,0,256,0,0,0,0,0,0,0,0,1,0,0,0,0,0,,,,,,,,,,,,,,,,,,,,,,5670.0,,,,,1354.1,,,,1.00113,1.00113,285.61,,,22.1700,,0.0,,0.3410,22.0000,9.8,9.8,9.8,9.8,9.8,9.8,,,,,,,,,,,,,3.653,0.300,3.625,3.740,3.654,,,,,,,,3.788,0.0,0.0,0.0,0.0,0.0,18.219,11.094,,0.0,0.7705,38.415,32.530,32.530,38.415,1.650,0.000,,,,,0.99372,,64,,,,,,229.57,,,,,,,229.57,,,,696.6,,,,,,,,,,,1254.3,,,,,,0.457,100.000,,,,,,2572.97,,2582.89,2684.06,,,231.14,130.50,,,,,,,,,,,,,0.457,0.000,64,2,2,,,,,,,,216,0,,,,,,,,,39.859,,163.11,162.99,,,,
433.620,,0,0,0,256,0,0,0,0,0,0,0,0,1,0,0,0,0,0,,,,,,,,,,,,,,,,,,,,,,5663.0,,,,,1360.4,,,,1.00113,1.00113,286.31,,,22.0380,,0.0,,0.3575,22.0000,9.8,9.8,9.8,9.8,9.8,9.8,,,,,,,,,,,,,3.653,0.300,3.625,3.740,3.654,,,,,,,,3.799,0.0,0.0,0.0,0.0,0.0,18.219,11.031,,0.0,0.7744,38.065,32.540,32.540,38.065,1.445,0.000,,,,,0.99366,,64,,,,,,230.20,,,,,,,230.20,,,,696.3,,,,,,,,,,,1266.8,,,,,,0.457,100.000,,,,,,2578.98,,2592.34,2686.64,,,230.67,130.83,,,,,,,,,,,,,0.457,0.000,64,2,2,,,,,,,,216,0,,,,,,,,,40.064,,162.86,163.05,,,,
433.631,,0,0,0,256,0,0,0,0,0,0,0,0,1,0,0,0,0,0,,,,,,,,,,,,,,,,,,,,,,5659.0,,,,,1360.4,,,,1.00113,1.00113,286.27,,,22.1320,,0.0,,0.3460,22.0000,9.8,9.8,9.8,9.8,9.8,9.8,,,,,,,,,,,,,3.658,0.300,3.654,3.798,3.654,,,,,,,,3.798,0.0,0.0,0.0,0.0,0.0,18.188,11.000,,0.0,0.7744,38.065,32.625,32.625,38.065,1.445,0.000,,,,,0.99421,,64,,,,,,230.04,,,,,,,230.04,,,,696.3,,,,,,,,,,,1254.1,,,,,,0.457,100.000,,,,,,2581.17,,2589.22,2690.70,,,230.67,130.78,,,,,,,,,,,,,0.457,0.000,64,2,2,,,,,,,,216,0,,,,,,,,,39.510,,162.86,163.05,,,,
433.643,,0,0,0,256,0,0,0,0,0,0,0,0,1,0,0,0,0,0,,,,,,,,,,,,,,,,,,,,,,5638.0,,,,,1355.6,,,,1.00113,1.00113,286.08,,,22.0740,,0.0,,0.3525,22.0000,9.8,9.8,9.8,9.8,9.8,9.8,,,,,,,,,,,,,3.658,0.300,3.654,3.798,3.654,,,,,,,,3.801,0.0,0.0,0.0,0.0,0.0,18.219,11.000,,0.0,0.7727,38.080,32.760,32.760,38.080,1.260,0.000,,,,,0.99384,,64,,,,,,230.09,,,,,,,230.09,,,,697.2,,,,,,,,,,,1258.3,,,,,,0.457,100.000,,,,,,2587.89,,2602.89,2694.14,,,230.93,130.73,,,,,,,,,,,,,0.457,0.000,64,2,2,,,,,,,,216,0,,,,,,,,,39.510,,163.80,163.62,,,,
433.658,9.8,0,0,0,256,0,0,0,0,0,0,0,0,1,0,0,0,0,0,992.0,992.0,1000.0,10.0,0.0,0.0,0.03,1,0,0.996,0.996,0.0,0.0,2.500,-0.03,1000.0,1000.0,1000.0,1059.2,1000.0,970.65,5651.0,47.656,491.7,0.0,10.0,1357.4,0.02944,0.00,0.00,1.00113,1.00113,286.73,4,47.0,21.9800,-0.0560,0.0,59.5,0.3645,22.0000,9.8,9.8,9.8,9.8,9.8,9.8,9.8,2.3,0.00,0.00006,0,0,0,1,98,98,98,98,3.662,0.300,3.654,3.798,3.662,992.0,1000.0,1000.0,992.0,1000.0,0.0,18.74,3.808,0.0,0.0,0.0,0.0,0.0,18.313,10.984,0.0,0.0,0.7747,38.330,33.110,33.110,38.330,1.260,0.000,0.7813,0.7813,0.0000,983.0,0.99223,0.103865,64,41.465,1059.2,0.0,1000.0,1000.0,230.95,241.57,597.9,0.99942,1535.98,400.01,0.99939,230.95,400.01,241.55,241.55,696.1,-200.0,54.6,65.48,65.482,1807.7,695.8,750.0,895.8,357.30,0.0,1257.8,59.961,0.0,0,992.0,992.0,0.457,100.000,923.01,0,2.0981,0.664,1013.01,2594.69,90.00,2610.23,2683.98,2683.98,104.20,231.49,131.02,343.50,390.75,99.6,0,30.95,33.8,94.5,63.0,37,0,90.74,22.5,0.457,0.000,64,2,2,992.0,1059.5,992.0,992.0,1000.0,1059.5,596.9,216,0,59.793,59.793,1000.0,2000.0,62.119,99.098,100.000,59.628,39.674,12.7,163.37,163.49,162.73,162.73,0.0,0.64
433.667,,0,0,0,256,0,0,0,0,0,0,0,0,1,0,0,0,0,0,,,,,,,,,,,,,,,,,,,,,,5670.0,,,,,1357.4,,,,1.00113,1.00113,287.02,,,21.9420,,0.0,,0.3690,22.0000,9.8,9.8,9.8,9.8,9.8,9.8,,,,,,,,,,,,,3.679,0.300,3.654,3.798,3.680,,,,,,,,3.812,0.0,0.0,0.0,0.0,0.0,18.453,10.969,,0.0,0.7712,38.615,32.680,32.680,38.615,1.080,0.000,,,,,0.99284,,64,,,,,,231.05,,,,,,,231.05,,,,696.1,,,,,,,,,,,1259.9,,,,,,0.457,100.000,,,,,,2595.94,,2603.91,2683.91,,,231.49,131.16,,,,,,,,,,,,,0.457,0.000,64,2,2,,,,,,,,216,0,,,,,,,,,39.589,,163.37,163.49,,,,
433.677,,0,0,0,256,0,0,0,0,0,0,0,0,1,0,0,0,0,0,,,,,,,,,,,,,,,,,,,,,,5667.0,,,,,1369.1,,,,1.00113,1.00113,287.25,,,22.0460,,0.0,,0.3560,22.0000,9.8,9.8,9.8,9.8,9.8,9.8,,,,,,,,,,,,,3.679,0.300,3.654,3.798,3.680,,,,,,,,3.823,0.0,0.0,0.0,0.0,0.0,18.469,11.203,,0.0,0.7793,38.225,32.680,32.680,38.225,0.905,0.000,,,,,0.99186,,64,,,,,,231.45,,,,,,,231.45,,,,695.5,,,,,,,,,,,1270.9,,,,,,0.457,100.000,,,,,,2599.77,,2615.55,2683.52,,,231.91,131.25,,,,,,,,,,,,,0.457,0.000,64,2,2,,,,,,,,216,0,,,,,,,,,39.694,,163.80,163.68,,,,
433.687,,0,0,0,256,0,0,0,0,0,0,0,0,1,0,0,0,0,0,,,,,,,,,,,,,,,,,,,,,,5680.5,,,,,1369.1,,,,1.00113,1.00113,287.67,,,22.1120,,0.0,,0.3480,22.0000,9.8,9.8,9.8,9.8,9.8,9.8,,,,,,,,,,,,,3.692,0.300,3.654,3.798,3.697,,,,,,,,3.828,0.0,0.0,0.0,0.0,0.0,18.578,10.922,,0.0,0.7788,38.260,32.665,32.665,38.260,1.080,0.000,,,,,0.99338,,64,,,,,,231.47,,,,,,,231.47,,,,695.5,,,,,,,,,,,1269.6,,,,,,0.457,100.000,,,,,,2602.42,,2608.13,2683.83,,,231.91,131.44,,,,,,,,,,,,,0.457,0.000,64,2,2,,,,,,,,216,0,,,,,,,,,39.130,,163.80,163.68,,,,
433.698,,0,0,0,256,0,0,0,0,0,0,0,0,1,0,0,0,0,0,,,,,,,,,,,,,,,,,,,,,,5682.0,,,,,1374.1,,,,1.00113,1.00113,287.91,,,22.0940,,0.0,,0.3495,22.0000,9.8,9.8,9.8,9.8,9.8,9.8,,,,,,,,,,,,,3.692,0.300,3.654,3.798,3.697,,,,,,,,3.839,0.0,0.0,0.0,0.0,0.0,18.547,11.109,,0.0,0.7842,38.250,32.675,32.675,38.250,0.905,0.000,,,,,0.99320,,64,,,,,,231.73,,,,,,,231.73,,,,695.6,,,,,,,,,,,1272.5,,,,,,0.457,100.000,,,,,,2605.00,,2620.78,2685.55,,,232.13,131.58,,,,,,,,,,,,,0.457,0.000,64,2,2,,,,,,,,216,0,,,,,,,,,39.339,,163.68,163.62,,,,
433.706,,0,0,0,256,0,0,0,0,0,0,0,0,1,0,0,0,0,0,,,,,,,,,,,,,,,,,,,,,,5678.0,,,,,1374.1,,,,1.00113,1.00113,288.66,,,21.9900,,0.0,,0.3625,22.0000,9.8,9.8,9.8,9.8,9.8,9.8,,,,,,,,,,,,,3.692,0.300,3.654,3.798,3.692,,,,,,,,3.848,0.0,0.0,0.0,0.0,0.0,18.609,10.781,,0.0,0.7827,38.250,32.505,32.505,38.250,0.890,0.000,,,,,0.99430,,64,,,,,,232.03,,,,,,,232.03,,,,695.6,,,,,,,,,,,1270.2,,,,,,0.457,100.000,,,,,,2607.50,,2619.77,2683.98,,,232.13,131.91,,,,,,,,,,,,,0.457,0.000,64,2,2,,,,,,,,216,0,,,,,,,,,39.154,,163.68,163.62,,,,
433.719,,0,0,0,256,0,0,0,0,0,0,0,0,1,0,0,0,0,0,,,,,,,,,,,,,,,,,,,,,,5672.5,,,,,1375.6,,,,1.00113,1.00113,288.47,,,22.0660,,0.0,,0.3530,22.0000,9.8,9.8,9.8,9.8,9.8,9.8,,,,,,,,,,,,,3.689,0.300,3.654,3.798,3.692,,,,,,,,3.845,0.0,0.0,0.0,0.0,0.0,18.594,10.984,,0.0,0.7859,38.080,32.450,32.450,38.080,0.890,0.000,,,,,0.99409,,64,,,,,,232.13,,,,,,,232.13,,,,694.3,,,,,,,,,,,1266.0,,,,,,0.457,100.000,,,,,,2610.23,,2623.98,2685.08,,,232.83,131.81,,,,,,,,,,,,,0.457,0.000,64,2,2,,,,,,,,216,0,,,,,,,,,39.139,,164.19,164.38,,,,
433.731,,0,0,0,256,0,0,0,0,0,0,0,0,1,0,0,0,0,0,,,,,,,,,,,,,,,,,,,,,,5671.5,,,,,1375.6,,,,1.00113,1.00113,289.03,,,22.1040,,0.0,,0.3485,22.0000,9.8,9.8,9.8,9.8,9.8,9.8,,,,,,,,,,,,,3.689,0.300,3.689,3.845,3.709,,,,,,,,3.852,0.0,0.0,0.0,0.0,0.0,18.672,10.734,,0.0,0.7815,38.005,32.490,32.490,38.005,0.890,0.000,,,,,0.99482,,64,,,,,,232.41,,,,,,,232.41,,,,694.3,,,,,,,,,,,1272.4,,,,,,0.457,100.000,,,,,,2613.05,,2620.78,2685.86,,,232.83,132.05,,,,,,,,,,,,,0.457,0.000,64,2,2,,,,,,,,216,0,,,,,,,,,38.969,,164.19,164.38,,,,
433.744,,0,0,0,256,0,0,0,0,0,0,0,0,1,0,0,0,0,0,,,,,,,,,,,,,,,,,,,,,,5670.0,,,,,1378.5,,,,1.00113,1.00113,288.52,,,22.0380,,0.0,,0.3560,22.0000,9.8,9.8,9.8,9.8,9.8,9.8,,,,,,,,,,,,,3.706,0.300,3.689,3.845,3.709,,,,,,,,3.856,0.0,0.0,0.0,0.0,0.0,18.625,10.922,,0.0,0.7822,38.085,32.515,32.515,38.085,0.890,0.000,,,,,0.99399,,64,,,,,,232.24,,,,,,,232.24,,,,694.3,,,,,,,,,,,1272.1,,,,,,0.457,100.000,,,,,,2615.78,,2627.11,2688.44,,,232.62,131.81,,,,,,,,,,,,,0.457,0.000,64,2,2,,,,,,,,216,0,,,,,,,,,38.895,,164.19,164.33,,,,
433.757,9.8,0,0,0,256,0,0,0,0,0,0,0,0,1,0,0,0,0,0,992.3,992.3,1000.0,10.0,0.0,0.0,0.03,1,0,0.996,0.996,0.0,0.0,2.531,-0.03,1000.0,1000.0,1000.0,1059.5,1000.0,973.14,5678.0,47.656,492.8,0.0,10.0,1377.7,0.02957,0.00,0.00,1.00113,1.00113,288.47,4,47.0,22.0740,0.0200,0.0,59.8,0.3515,22.0000,9.8,9.8,9.8,9.8,9.8,9.8,9.8,2.3,0.00,0.00006,0,0,0,1,98,98,98,98,3.696,0.300,3.689,3.845,3.693,992.3,1000.0,1000.0,992.3,1000.0,0.0,18.74,3.856,0.0,0.0,0.0,0.0,0.0,18.766,10.938,0.0,0.0,0.7810,38.175,32.625,32.625,38.175,0.890,0.000,0.7813,0.7813,0.0000,998.9,0.99390,0.104172,64,39.675,1059.5,0.0,1000.0,1000.0,232.36,240.33,602.7,0.99942,1535.98,400.01,0.99939,232.36,400.01,240.30,240.30,692.7,-200.0,53.9,65.84,65.846,1838.9,695.9,750.0,895.9,375.98,0.0,1266.4,60.333,0.0,0,992.3,992.3,0.457,100.000,923.01,0,2.1403,0.668,1013.01,2617.34,90.00,2626.02,2684.06,2683.98,105.52,233.13,131.81,343.50,390.75,99.2,0,31.14,33.8,94.5,63.0,37,0,90.74,22.5,0.457,0.000,64,2,2,992.3,1059.7,992.3,992.3,1000.0,1059.7,602.0,216,0,60.280,60.280,1000.0,2000.0,61.949,99.127,100.000,60.138,38.985,12.7,164.51,164.78,163.62,164.01,0.0,0.77
433.769,,0,0,0,256,0,0,0,0,0,0,0,0,1,0,0,0,0,0,,,,,,,,,,,,,,,,,,,,,,5682.0,,,,,1377.7,,,,1.00113,1.00113,289.03,,,22.1780,,0.0,,0.3380,22.0000,9.8,9.8,9.8,9.8,9.8,9.8,,,,,,,,,,,,,3.696,0.300,3.689,3.845,3.704,,,,,,,,3.863,0.0,0.0,0.0,0.0,0.0,18.859,10.688,,0.0,0.7810,38.210,32.445,32.445,38.210,0.725,0.000,,,,,0.99396,,64,,,,,,232.71,,,,,,,232.71,,,,692.7,,,,,,,,,,,1272.4,,,,,,0.457,100.000,,,,,,2619.61,,2630.23,2683.98,,,233.13,132.05,,,,,,,,,,,,,0.457,0.000,64,2,2,,,,,,,,216,0,,,,,,,,,39.064,,164.51,164.78,,,,
433.777,,0,0,0,256,0,0,0,0,0,0,0,0,1,0,0,0,0,0,,,,,,,,,,,,,,,,,,,,,,5693.0,,,,,1381.9,,,,1.00113,1.00113,288.80,,,22.2820,,0.0,,0.3245,22.0000,9.8,9.8,9.8,9.8,9.8,9.8,,,,,,,,,,,,,3.686,0.300,3.689,3.845,3.704,,,,,,,,3.874,0.0,0.0,0.0,0.0,0.0,18.891,10.688,,0.0,0.7822,38.030,32.440,32.440,38.030,0.725,0.000,,,,,0.99399,,64,,,,,,232.69,,,,,,,232.69,,,,692.7,,,,,,,,,,,1266.8,,,,,,0.457,100.000,,,,,,2619.84,,2630.23,2683.28,,,233.88,132.00,,,,,,,,,,,,,0.457,0.000,64,2,2,,,,,,,,216,0,,,,,,,,,38.934,,164.46,164.51,,,,
433.788,,0,0,0,256,0,0,0,0,0,0,0,0,1,0,0,0,0,0,,,,,,,,,,,,,,,,,,,,,,5701.0,,,,,1381.9,,,,1.00113,1.00113,289.27,,,22.1320,,0.0,,0.3435,22.0000,9.8,9.8,9.8,9.8,9.8,9.8,,,,,,,,,,,,,3.686,0.300,3.689,3.845,3.704,,,,,,,,3.880,0.0,0.0,0.0,0.0,0.0,18.906,10.656,,0.0,0.7852,38.070,32.420,32.420,38.070,0.405,0.000,,,,,0.99427,,64,,,,,,232.99,,,,,,,232.99,,,,692.7,,,,,,,,,,,1280.1,,,,,,0.457,100.000,,,,,,2622.73,,2635.55,2683.36,,,233.88,132.19,,,,,,,,,,,,,0.457,0.000,64,2,2,,,,,,,,216,0,,,,,,,,,38.754,,164.46,164.51,,,,
433.797,,0,0,0,256,0,0,0,0,0,0,0,0,1,0,0,0,0,0,,,,,,,,,,,,,,,,,,,,,,5717.0,,,,,1389.6,,,,1.00113,1.00113,289.27,,,22.1700,,0.0,,0.3380,22.0000,9.8,9.8,9.8,9.8,9.8,9.8,,,,,,,,,,,,,3.698,0.300,3.689,3.845,3.693,,,,,,,,3.882,0.0,0.0,0.0,0.0,0.0,18.891,10.641,,0.0,0.7859,38.065,32.420,32.420,38.065,0.725,0.000,,,,,0.99506,,64,,,,,,232.97,,,,,,,232.97,,,,691.1,,,,,,,,,,,1277.8,,,,,,0.457,100.000,,,,,,2624.38,,2629.22,2685.16,,,233.79,132.19,,,,,,,,,,,,,0.457,0.000,64,2,2,,,,,,,,216,0,,,,,,,,,38.474,,164.71,164.91,,,,
433.807,,0,0,0,256,0,0,0,0,0,0,0,0,1,0,0,0,0,0,,,,,,,,,,,,,,,,,,,,,,5728.0,,,,,1389.6,,,,1.00113,1.00113,289.73,,,22.2060,,0.0,,0.3330,22.0000,9.8,9.8,9.8,9.8,9.8,9.8,,,,,,,,,,,,,3.698,0.300,3.689,3.845,3.693,,,,,,,,3.889,0.0,0.0,0.0,0.0,0.0,18.938,10.641,,0.0,0.7874,38.120,32.315,32.315,38.120,0.405,0.000,,,,,0.99537,,64,,,,,,233.25,,,,,,,233.25,,,,691.1,,,,,,,,,,,1286.7,,,,,,0.457,100.000,,,,,,2627.03,,2635.55,2684.14,,,233.79,132.42,,,,,,,,,,,,,0.457,0.000,64,2,2,,,,,,,,216,0,,,,,,,,,38.789,,164.71,164.91,,,,
433.821,,0,0,0,256,0,0,0,0,0,0,0,0,1,0,0,0,0,0,,,,,,,,,,,,,,,,,,,,,,5731.0,,,,,1394.2,,,,1.00113,1.00113,289.13,,,22.1220,,0.0,,0.3435,22.0000,9.8,9.8,9.8,9.8,9.8,9.8,,,,,,,,,,,,,3.688,0.300,3.689,3.845,3.699,,,,,,,,3.892,0.0,0.0,0.0,0.0,0.0,18.938,10.641,,0.0,0.7813,38.020,32.280,32.280,38.020,0.725,0.000,,,,,0.99586,,64,,,,,,232.83,,,,,,,232.83,,,,691.6,,,,,,,,,,,1278.9,,,,,,0.457,100.000,,,,,,2626.72,,2627.11,2685.23,,,233.48,132.14,,,,,,,,,,,,,0.457,0.000,64,2,2,,,,,,,,216,0,,,,,,,,,38.524,,165.09,165.03,,,,
433.830,,0,0,0,256,0,0,0,0,0,0,0,0,1,0,0,0,0,0,,,,,,,,,,,,,,,,,,,,,,5726.5,,,,,1394.2,,,,1.00113,1.00113,288.42,,,22.0660,,0.0,,0.3505,22.0000,9.8,9.8,9.8,9.8,9.8,9.8,,,,,,,,,,,,,3.688,0.300,3.688,3.887,3.699,,,,,,,,3.882,0.0,0.0,0.0,0.0,0.0,19.063,10.719,,0.0,0.7827,37.940,32.320,32.320,37.940,0.725,0.000,,,,,0.99470,,64,,,,,,232.62,,,,,,,232.62,,,,691.6,,,,,,,,,,,1279.7,,,,,,0.457,100.000,,,,,,2628.05,,2634.45,2684.84,,,233.48,131.81,,,,,,,,,,,,,0.457,0.000,64,2,2,,,,,,,,216,0,,,,,,,,,38.744,,165.09,165.03,,,,
433.841,,0,0,0,256,0,0,0,0,0,0,0,0,1,0,0,0,0,0,,,,,,,,,,,,,,,,,,,,,,5724.0,,,,,1392.3,,,,1.00113,1.00113,288.14,,,22.0000,,0.0,,0.3590,22.0000,9.8,9.8,9.8,9.8,9.8,9.8,,,,,,,,,,,,,3.690,0.300,3.688,3.887,3.691,,,,,,,,3.878,0.0,0.0,0.0,0.0,0.0,19.094,10.781,,0.0,0.7783,38.010,32.305,32.305,38.010,0.725,0.000,,,,,0.99503,,64,,,,,,232.57,,,,,,,232.57,,,,689.5,,,,,,,,,,,1274.6,,,,,,0.457,100.000,,,,,,2627.58,,2632.34,2688.83,,,233.37,131.67,,,,,,,,,,,,,0.457,0.000,64,2,2,,,,,,,,216,0,,,,,,,,,38.664,,165.09,165.23,,,,
433.852,9.8,0,0,0,256,0,0,0,0,0,0,0,0,1,0,0,0,0,0,991.9,991.8,999.9,9.9,0.0,0.0,0.03,1,0,0.996,0.996,-0.1,-0.1,2.625,-0.01,1000.0,1000.0,1000.0,1059.9,1000.0,975.46,5718.5,47.656,494.4,0.0,9.9,1392.3,0.02973,0.00,0.00,1.00113,1.00113,288.28,4,47.0,22.1040,-0.0740,0.0,59.7,0.3455,22.0000,9.8,9.8,9.8,9.8,9.8,9.8,9.8,2.3,0.00,0.00021,0,0,0,1,98,98,98,98,3.690,0.300,3.688,3.887,3.691,991.8,1000.0,1000.0,991.8,1000.0,0.0,18.74,3.880,0.0,0.0,0.0,0.0,0.0,19.141,10.797,0.0,0.0,0.7830,37.955,32.440,32.440,37.955,0.405,0.000,0.7813,0.7813,0.0000,1014.5,0.99409,0.104566,64,38.985,1059.9,0.0,1000.0,1000.0,232.92,239.51,603.1,0.99942,1535.98,400.01,0.99939,232.92,400.01,239.48,239.48,689.5,-200.0,57.3,66.92,66.927,1867.4,706.0,750.0,906.0,392.58,0.0,1278.3,60.576,0.0,0,991.9,991.9,0.457,100.000,923.01,0,2.1672,0.672,1013.01,2629.38,90.00,2639.77,2689.69,2684.06,106.17,233.37,131.72,343.50,390.75,99.6,0,31.26,33.8,94.5,63.0,37,0,90.74,22.5,0.457,0.000,64,2,2,991.8,1059.9,991.8,991.9,1000.0,1060.0,603.2,216,0,60.310,60.310,1000.0,2000.0,61.710,99.077,100.000,60.248,38.734,12.7,165.09,165.23,164.58,164.71,0.0,0.14
433.857,,0,0,0,256,0,0,0,0,0,0,0,0,1,0,0,0,0,0,,,,,,,,,,,,,,,,,,,,,,5713.0,,,,,1392.2,,,,1.00113,1.00113,288.42,,,22.1700,,0.0,,0.3365,22.0000,9.8,9.8,9.8,9.8,9.8,9.8,,,,,,,,,,,,,3.688,0.300,3.688,3.887,3.689,,,,,,,,3.885,0.0,0.0,0.0,0.0,0.0,19.125,10.859,,0.0,0.7781,38.100,32.420,32.420,38.100,0.725,0.000,,,,,0.99509,,64,,,,,,232.90,,,,,,,232.90,,,,690.5,,,,,,,,,,,1274.8,,,,,,0.457,100.000,,,,,,2629.06,,2633.44,2684.06,,,234.00,131.77,,,,,,,,,,,,,0.457,0.000,64,2,2,,,,,,,,216,0,,,,,,,,,38.359,,165.69,165.56,,,,
433.867,,0,0,0,256,0,0,0,0,0,0,0,0,1,0,0,0,0,0,,,,,,,,,,,,,,,,,,,,,,5701.0,,,,,1392.2,,,,1.00113,1.00113,288.05,,,22.2060,,0.0,,0.3320,22.0000,9.8,9.8,9.8,9.8,9.8,9.8,,,,,,,,,,,,,3.688,0.300,3.688,3.887,3.689,,,,,,,,3.881,0.0,0.0,0.0,0.0,0.0,19.094,10.875,,0.0,0.7847,38.050,32.235,32.235,38.050,0.405,0.000,,,,,0.99409,,64,,,,,,232.83,,,,,,,232.83,,,,690.5,,,,,,,,,,,1277.6,,,,,,0.457,100.000,,,,,,2629.84,,2641.88,2684.22,,,234.00,131.63,,,,,,,,,,,,,0.457,0.000,64,2,2,,,,,,,,216,0,,,,,,,,,38.824,,165.69,165.56,,,,
433.877,,0,0,0,256,0,0,0,0,0,0,0,0,1,0,0,0,0,0,,,,,,,,,,,,,,,,,,,,,,5703.5,,,,,1390.7,,,,1.00113,1.00113,288.70,,,22.0940,,0.0,,0.3455,22.0000,9.8,9.8,9.8,9.8,9.8,9.8,,,,,,,,,,,,,3.685,0.300,3.688,3.887,3.685,,,,,,,,3.890,0.0,0.0,0.0,0.0,0.0,19.094,10.625,,0.0,0.7800,37.875,32.240,32.240,37.875,0.405,0.000,,,,,0.99555,,64,,,,,,233.16,,,,,,,233.16,,,,688.5,,,,,,,,,,,1279.4,,,,,,0.457,100.000,,,,,,2631.17,,2633.44,2683.28,,,234.21,131.91,,,,,,,,,,,,,0.457,0.000,64,2,2,,,,,,,,216,0,,,,,,,,,38.454,,165.36,165.49,,,,
433.887,,0,0,0,256,0,0,0,0,0,0,0,0,1,0,0,0,0,0,,,,,,,,,,,,,,,,,,,,,,5717.0,,,,,1390.7,,,,1.00113,1.00113,288.56,,,22.1040,,0.0,,0.3445,22.0000,9.8,9.8,9.8,9.8,9.8,9.8,,,,,,,,,,,,,3.685,0.300,3.688,3.887,3.685,,,,,,,,3.888,0.0,0.0,0.0,0.0,0.0,18.984,10.891,,0.0,0.7866,37.910,32.210,32.210,37.910,0.405,0.000,,,,,0.99467,,64,,,,,,233.30,,,,,,,233.30,,,,688.5,,,,,,,,,,,1284.2,,,,,,0.457,100.000,,,,,,2632.58,,2641.88,2683.44,,,234.21,131.86,,,,,,,,,,,,,0.457,0.000,64,2,2,,,,,,,,216,0,,,,,,,,,38.280,,165.36,165.49,,,,
433.897,,0,0,0,256,0,0,0,0,0,0,0,0,1,0,0,0,0,0,,,,,,,,,,,,,,,,,,,,,,5728.0,,,,,1396.2,,,,1.00113,1.00113,288.80,,,22.1500,,0.0,,0.3380,22.0000,9.8,9.8,9.8,9.8,9.8,9.8,,,,,,,,,,,,,3.692,0.300,3.688,3.887,3.694,,,,,,,,3.903,0.0,0.0,0.0,0.0,0.0,19.000,10.688,,0.0,0.7830,37.915,32.215,32.215,37.915,0.405,0.000,,,,,0.99619,,64,,,,,,233.20,,,,,,,233.20,,,,688.5,,,,,,,,,,,1285.8,,,,,,0.457,100.000,,,,,,2633.20,,2639.77,2683.91,,,234.28,131.95,,,,,,,,,,,,,0.457,0.000,64,2,2,,,,,,,,216,0,,,,,,,,,38.315,,165.94,165.81,,,,
433.906,,0,0,0,256,0,0,0,0,0,0,0,0,1,0,0,0,0,0,,,,,,,,,,,,,,,,,,,,,,5718.5,,,,,1396.2,,,,1.00113,1.00113,288.52,,,22.1400,,0.0,,0.3395,22.0000,9.8,9.8,9.8,9.8,9.8,9.8,,,,,,,,,,,,,3.692,0.300,3.688,3.887,3.694,,,,,,,,3.899,0.0,0.0,0.0,0.0,0.0,18.906,10.953,,0.0,0.7859,37.950,32.220,32.220,37.950,0.400,0.000,,,,,0.99555,,64,,,,,,233.09,,,,,,,233.09,,,,688.5,,,,,,,,,,,1284.4,,,,,,0.457,100.000,,,,,,2634.06,,2646.09,2684.22,,,234.28,131.81,,,,,,,,,,,,,0.457,0.000,64,2,2,,,,,,,,216,0,,,,,,,,,38.319,,165.94,165.81,,,,
433.920,,0,0,0,256,0,0,0,0,0,0,0,0,1,0,0,0,0,0,,,,,,,,,,,,,,,,,,,,,,5740.5,,,,,1393.4,,,,1.00113,1.00113,288.75,,,22.0460,,0.0,,0.3510,22.0000,9.8,9.8,9.8,9.8,9.8,9.8,,,,,,,,,,,,,3.692,0.300,3.688,3.887,3.692,,,,,,,,3.896,0.0,0.0,0.0,0.0,0.0,19.000,10.813,,0.0,0.7861,37.950,32.230,32.230,37.950,0.400,0.000,,,,,0.99628,,64,,,,,,233.18,,,,,,,233.18,,,,687.0,,,,,,,,,,,1286.3,,,,,,0.457,100.000,,,,,,2635.08,,2641.88,2685.23,,,234.40,131.91,,,,,,,,,,,,,0.457,0.000,64,2,2,,,,,,,,216,0,,,,,,,,,38.350,,165.69,165.75,,,,
433.931,,0,0,0,256,0,0,0,0,0,0,0,0,1,0,0,0,0,0,,,,,,,,,,,,,,,,,,,,,,5735.0,,,,,1393.4,,,,1.00113,1.00113,288.56,,,22.1040,,0.0,,0.3435,22.0000,9.8,9.8,9.8,9.8,9.8,9.8,,,,,,,,,,,,,3.693,0.300,3.692,3.899,3.692,,,,,,,,3.893,0.0,0.0,0.0,0.0,0.0,18.938,11.141,,0.0,0.7917,37.985,32.265,32.265,37.985,0.400,0.000,,,,,0.99662,,64,,,,,,233.02,,,,,,,233.02,,,,687.0,,,,,,,,,,,1285.7,,,,,,0.457,100.000,,,,,,2635.00,,2649.22,2684.61,,,234.40,131.81,,,,,,,,,,,,,0.457,0.000,64,2,2,,,,,,,,216,0,,,,,,,,,38.350,,165.69,165.75,,,,
433.944,,0,0,0,256,0,0,0,0,0,0,0,0,1,0,0,0,0,0,,,,,,,,,,,,,,,,,,,,,,5757.0,,,,,1397.0,,,,1.00113,1.00113,289.13,,,22.0560,,0.0,,0.3495,22.0000,9.8,9.8,9.8,9.8,9.8,9.8,,,,,,,,,,,,,3.693,0.300,3.692,3.899,3.695,,,,,,,,3.913,0.0,0.0,0.0,0.0,0.0,18.984,10.984,,0.0,0.7878,38.035,32.245,32.245,38.035,0.400,0.000,,,,,0.99805,,64,,,,,,233.09,,,,,,,233.09,,,,687.6,,,,,,,,,,,1288.6,,,,,,0.457,100.000,,,,,,2635.63,,2643.98,2686.48,,,234.49,132.09,,,,,,,,,,,,,0.457,0.000,64,2,2,,,,,,,,216,0,,,,,,,,,38.384,,166.08,166.22,,,,
433.958,9.8,0,0,0,256,0,0,0,0,0,0,0,0,1,0,0,0,0,0,991.7,991.6,999.9,10.0,0.0,0.0,0.03,1,0,0.996,0.996,-0.1,-0.1,2.625,-0.01,1000.0,1000.0,1000.0,1059.3,1000.0,976.65,5755.5,47.672,492.8,0.0,10.0,1402.6,0.02994,0.00,0.00,1.00113,1.00113,288.94,4,47.0,22.0740,-0.1700,0.0,59.4,0.3465,22.0000,9.8,9.8,9.8,9.8,9.8,9.8,9.8,2.3,0.00,0.00021,0,0,0,1,98,98,98,98,3.693,0.300,3.692,3.899,3.693,991.6,1000.0,1000.0,991.6,1000.0,0.0,18.74,3.908,0.0,0.0,0.0,0.0,0.0,18.891,11.047,0.0,0.0,0.7827,38.095,32.145,32.145,38.095,0.170,0.000,0.7813,0.7813,0.0000,1020.7,0.99756,0.104438,64,38.360,1059.3,0.0,1000.0,1000.0,233.09,238.90,604.6,0.99942,1535.98,400.01,0.99939,233.09,400.01,238.88,238.88,685.8,-200.0,59.5,67.56,67.564,1875.1,713.8,750.0,913.8,395.90,0.0,1289.0,60.696,0.0,0,991.7,991.7,0.457,100.000,923.01,0,2.1818,0.676,1013.01,2634.84,90.00,2643.98,2684.06,2684.06,106.41,234.19,132.00,345.75,390.75,99.6,0,31.26,33.8,94.5,62.3,37,0,90.74,22.5,0.457,0.000,64,2,2,991.6,1059.6,991.6,991.7,1000.0,1059.7,603.9,216,0,60.461,60.461,1000.0,2000.0,61.566,99.057,100.000,60.318,38.419,12.7,166.15,166.02,165.30,165.49,0.0,0.46
433.968,,0,0,0,256,0,0,0,0,0,0,0,0,1,0,0,0,0,0,,,,,,,,,,,,,,,,,,,,,,5750.0,,,,,1402.6,,,,1.00113,1.00113,288.56,,,22.2060,,0.0,,0.3295,22.0000,9.8,9.8,9.8,9.8,9.8,9.8,,,,,,,,,,,,,3.689,0.300,3.692,3.899,3.693,,,,,,,,3.902,0.0,0.0,0.0,0.0,0.0,18.781,11.359,,0.0,0.7849,37.900,32.070,32.070,37.900,0.400,0.000,,,,,0.99692,,64,,,,,,233.02,,,,,,,233.02,,,,685.8,,,,,,,,,,,1283.6,,,,,,0.457,100.000,,,,,,2634.14,,2642.89,2684.30,,,234.19,131.81,,,,,,,,,,,,,0.457,0.000,64,2,2,,,,,,,,216,0,,,,,,,,,38.264,,166.15,166.02,,,,
433.977,,0,0,0,256,0,0,0,0,0,0,0,0,1,0,0,0,0,0,,,,,,,,,,,,,,,,,,,,,,5746.0,,,,,1398.4,,,,1.00113,1.00113,288.98,,,22.1600,,0.0,,0.3355,22.0000,9.8,9.8,9.8,9.8,9.8,9.8,,,,,,,,,,,,,3.689,0.300,3.692,3.899,3.686,,,,,,,,3.918,0.0,0.0,0.0,0.0,0.0,18.828,11.219,,0.0,0.7837,37.850,32.075,32.075,37.850,0.170,0.000,,,,,0.99756,,64,,,,,,233.30,,,,,,,233.30,,,,685.4,,,,,,,,,,,1293.5,,,,,,0.457,100.000,,,,,,2637.27,,2648.20,2684.14,,,234.66,132.05,,,,,,,,,,,,,0.457,0.000,64,2,2,,,,,,,,216,0,,,,,,,,,38.300,,166.41,166.68,,,,
433.987,,0,0,0,256,0,0,0,0,0,0,0,0,1,0,0,0,0,0,,,,,,,,,,,,,,,,,,,,,,5758.5,,,,,1398.4,,,,1.00113,1.00113,288.98,,,22.0460,,0.0,,0.3495,22.0000,9.8,9.8,9.8,9.8,9.8,9.8,,,,,,,,,,,,,3.687,0.300,3.692,3.899,3.686,,,,,,,,3.918,0.0,0.0,0.0,0.0,0.0,18.781,11.531,,0.0,0.7795,37.850,32.070,32.070,37.850,0.170,0.000,,,,,0.99747,,64,,,,,,233.27,,,,,,,233.27,,,,685.4,,,,,,,,,,,1288.3,,,,,,0.457,100.000,,,,,,2636.88,,2647.11,2684.45,,,234.66,132.05,,,,,,,,,,,,,0.457,0.000,64,2,2,,,,,,,,217,0,,,,,,,,,38.019,,166.41,166.68,,,,
433.997,,0,0,0,256,0,0,0,0,0,0,0,0,1,0,0,0,0,0,,,,,,,,,,,,,,,,,,,,,,5755.5,,,,,1403.1,,,,1.00113,1.00113,289.17,,,22.0740,,0.0,,0.3455,22.0000,9.8,9.8,9.8,9.8,9.8,9.8,,,,,,,,,,,,,3.687,0.300,3.692,3.899,3.686,,,,,,,,3.920,0.0,0.0,0.0,0.0,0.0,18.813,11.609,,0.0,0.7813,37.835,32.080,32.080,37.835,0.170,0.000,,,,,0.99668,,64,,,,,,233.51,,,,,,,233.51,,,,685.4,,,,,,,,,,,1294.9,,,,,,0.457,100.000,,,,,,2639.45,,2651.33,2684.22,,,234.75,132.09,,,,,,,,,,,,,0.457,0.000,64,2,2,,,,,,,,217,0,,,,,,,,,38.019,,166.73,166.68,,,,
434.007,,0,0,0,256,0,0,0,0,0,0,0,0,1,0,0,0,0,0,,,,,,,,,,,,,,,,,,,,,,5776.5,,,,,1403.1,,,,1.00113,1.00113,289.69,,,22.0840,,0.0,,0.3445,22.0000,9.8,9.8,9.8,9.8,9.8,9.8,,,,,,,,,,,,,3.708,0.300,3.692,3.899,3.708,,,,,,,,3.929,0.0,0.0,0.0,0.0,0.0,18.797,11.719,,0.0,0.7820,37.885,32.090,32.090,37.885,0.400,0.000,,,,,0.99708,,64,,,,,,233.79,,,,,,,233.79,,,,685.4,,,,,,,,,,,1295.6,,,,,,0.457,100.000,,,,,,2640.16,,2641.88,2684.14,,,234.75,132.38,,,,,,,,,,,,,0.457,0.000,64,2,2,,,,,,,,217,0,,,,,,,,,38.004,,166.73,166.68,,,,
434.020,,0,0,0,256,0,0,0,0,0,0,0,0,1,0,0,0,0,0,,,,,,,,,,,,,,,,,,,,,,5782.0,,,,,1410.5,,,,1.00113,1.00113,289.92,,,22.0740,,0.0,,0.3455,22.0000,9.8,9.8,9.8,9.8,9.8,9.8,,,,,,,,,,,,,3.708,0.300,3.692,3.899,3.708,,,,,,,,3.938,0.0,0.0,0.0,0.0,0.0,18.781,11.734,,0.0,0.7859,37.925,32.085,32.085,37.925,0.170,0.000,,,,,0.99726,,64,,,,,,233.98,,,,,,,233.98,,,,684.0,,,,,,,,,,,1301.8,,,,,,0.457,100.000,,,,,,2642.03,,2651.33,2685.16,,,234.84,132.47,,,,,,,,,,,,,0.457,0.000,64,2,2,,,,,,,,217,0,,,,,,,,,38.284,,166.73,166.87,,,,
434.031,,0,0,0,256,0,0,0,0,0,0,0,0,1,0,0,0,0,0,,,,,,,,,,,,,,,,,,,,,,5779.0,,,,,1410.5,,,,1.00113,1.00113,289.78,,,21.9800,,0.0,,0.3575,22.0000,9.8,9.8,9.8,9.8,9.8,9.8,,,,,,,,,,,,,3.712,0.300,3.711,3.941,3.713,,,,,,,,3.935,0.0,0.0,0.0,0.0,0.0,18.703,11.750,,0.0,0.7817,37.915,32.120,32.120,37.915,0.400,0.000,,,,,0.99830,,64,,,,,,233.63,,,,,,,233.63,,,,684.0,,,,,,,,,,,1294.4,,,,,,0.457,100.000,,,,,,2640.70,,2647.11,2684.38,,,234.84,132.38,,,,,,,,,,,,,0.457,0.000,64,2,2,,,,,,,,217,0,,,,,,,,,38.094,,166.73,166.87,,,,
434.044,,0,0,0,256,0,0,0,0,0,0,0,0,1,0,0,0,0,0,,,,,,,,,,,,,,,,,,,,,,5779.0,,,,,1411.6,,,,1.00113,1.00113,289.73,,,21.9700,,0.0,,0.3585,22.0000,9.8,9.8,9.8,9.8,9.8,9.8,,,,,,,,,,,,,3.712,0.300,3.711,3.941,3.713,,,,,,,,3.940,0.0,0.0,0.0,0.0,0.0,18.688,11.781,,0.0,0.7849,37.945,32.095,32.095,37.945,0.170,0.000,,,,,0.99753,,64,,,,,,233.74,,,,,,,233.74,,,,683.2,,,,,,,,,,,1297.6,,,,,,0.457,100.000,,,,,,2641.80,,2652.42,2685.94,,,234.38,132.33,,,,,,,,,,,,,0.457,0.000,64,2,2,,,,,,,,217,0,,,,,,,,,38.315,,167.21,167.01,,,,
434.057,9.8,0,0,0,256,0,0,0,0,0,0,0,0,1,0,0,0,0,0,992.2,992.1,999.9,9.9,0.0,0.0,0.03,1,0,0.996,0.996,-0.1,-0.1,2.687,0.00,1000.0,1000.0,1000.0,1060.2,1000.0,977.24,5777.5,47.672,495.8,0.0,9.9,1411.9,0.03002,0.00,0.00,1.00113,1.00113,289.92,4,47.0,22.0940,-0.0740,0.0,59.6,0.3425,22.0000,9.8,9.8,9.8,9.8,9.8,9.8,9.8,2.3,0.00,0.00021,0,0,0,1,98,98,98,98,3.717,0.300,3.711,3.941,3.717,992.1,1000.0,1000.0,992.1,1000.0,0.0,18.74,3.950,0.0,0.0,0.0,0.0,0.0,18.625,11.891,0.0,0.0,0.7864,37.945,32.040,32.040,37.945,0.165,0.000,0.7813,0.7813,0.0000,1030.1,0.99802,0.104424,64,38.420,1060.2,0.0,1000.0,1000.0,233.91,238.69,605.0,0.99942,1535.98,400.01,0.99939,233.91,400.01,238.66,238.66,683.3,-200.0,64.2,68.72,68.729,1896.2,729.3,750.0,929.3,397.66,0.0,1296.9,60.739,0.0,0,992.2,992.2,0.457,100.000,923.01,0,2.1913,0.680,1013.01,2642.11,90.00,2648.20,2684.14,2684.06,106.50,234.05,132.47,345.75,390.75,100.0,0,31.44,33.8,94.5,62.3,37,0,90.74,22.5,0.457,0.000,64,2,2,992.1,1060.1,992.1,992.2,1000.0,1060.2,605.2,217,0,60.506,60.506,1000.0,2000.0,61.514,99.107,100.000,60.448,38.304,12.7,167.40,167.48,166.08,166.28,0.0,0.33
434.067,,0,0,0,256,0,0,0,0,0,0,0,0,1,0,0,0,0,0,,,,,,,,,,,,,,,,,,,,,,5775.0,,,,,1411.9,,,,1.00113,1.00113,289.92,,,22.0660,,0.0,,0.3460,22.0000,9.8,9.8,9.8,9.8,9.8,9.8,,,,,,,,,,,,,3.705,0.300,3.711,3.941,3.705,,,,,,,,3.950,0.0,0.0,0.0,0.0,0.0,18.609,11.938,,0.0,0.7813,37.855,31.975,31.975,37.855,0.395,0.000,,,,,0.99887,,64,,,,,,233.67,,,,,,,233.67,,,,683.3,,,,,,,,,,,1289.1,,,,,,0.457,100.000,,,,,,2640.00,,2639.77,2682.97,,,234.05,132.47,,,,,,,,,,,,,0.457,0.000,64,2,2,,,,,,,,217,0,,,,,,,,,38.109,,167.40,167.48,,,,
434.077,,0,0,0,256,0,0,0,0,0,0,0,0,1,0,0,0,0,0,,,,,,,,,,,,,,,,,,,,,,5786.0,,,,,1409.2,,,,1.00113,1.00113,289.50,,,21.9800,,0.0,,0.3570,22.0000,9.8,9.8,9.8,9.8,9.8,9.8,,,,,,,,,,,,,3.705,0.300,3.711,3.941,3.705,,,,,,,,3.943,0.0,0.0,0.0,0.0,0.0,18.672,12.031,,0.0,0.7849,37.775,31.940,31.940,37.775,0.165,0.000,,,,,0.99793,,64,,,,,,233.63,,,,,,,233.63,,,,681.3,,,,,,,,,,,1292.2,,,,,,0.457,100.000,,,,,,2639.30,,2650.31,2683.91,,,233.95,132.28,,,,,,,,,,,,,0.457,0.000,64,2,2,,,,,,,,217,0,,,,,,,,,38.249,,167.67,167.48,,,,
434.087,,0,0,0,256,0,0,0,0,0,0,0,0,1,0,0,0,0,0,,,,,,,,,,,,,,,,,,,,,,5793.0,,,,,1409.2,,,,1.00113,1.00113,289.69,,,22.0080,,0.0,,0.3535,22.0000,9.8,9.8,9.8,9.8,9.8,9.8,,,,,,,,,,,,,3.707,0.300,3.711,3.941,3.708,,,,,,,,3.946,0.0,0.0,0.0,0.0,0.0,18.703,12.094,,0.0,0.7791,37.800,31.970,31.970,37.800,0.395,0.000,,,,,0.99875,,64,,,,,,233.48,,,,,,,233.48,,,,681.3,,,,,,,,,,,1293.4,,,,,,0.457,100.000,,,,,,2637.97,,2639.77,2682.89,,,233.95,132.38,,,,,,,,,,,,,0.457,0.000,64,2,2,,,,,,,,217,0,,,,,,,,,37.939,,167.67,167.48,,,,
434.098,,0,0,0,256,0,0,0,0,0,0,0,0,1,0,0,0,0,0,,,,,,,,,,,,,,,,,,,,,,5814.0,,,,,1414.8,,,,1.00113,1.00113,289.55,,,22.0940,,0.0,,0.3420,22.0000,9.8,9.8,9.8,9.8,9.8,9.8,,,,,,,,,,,,,3.707,0.300,3.711,3.941,3.708,,,,,,,,3.951,0.0,0.0,0.0,0.0,0.0,18.781,12.141,,0.0,0.7793,37.850,31.935,31.935,37.850,0.165,0.000,,,,,0.99753,,64,,,,,,233.60,,,,,,,233.60,,,,681.6,,,,,,,,,,,1301.9,,,,,,0.457,100.000,,,,,,2638.67,,2651.33,2683.59,,,233.98,132.28,,,,,,,,,,,,,0.457,0.000,64,2,2,,,,,,,,217,0,,,,,,,,,38.194,,167.34,167.53,,,,
434.107,,0,0,0,256,0,0,0,0,0,0,0,0,1,0,0,0,0,0,,,,,,,,,,,,,,,,,,,,,,5818.5,,,,,1414.8,,,,1.00113,1.00113,289.45,,,22.0380,,0.0,,0.3490,22.0000,9.8,9.8,9.8,9.8,9.8,9.8,,,,,,,,,,,,,3.709,0.300,3.711,3.941,3.710,,,,,,,,3.950,0.0,0.0,0.0,0.0,0.0,18.766,12.109,,0.0,0.7737,37.840,31.780,31.780,37.840,0.155,0.000,,,,,0.99756,,64,,,,,,233.51,,,,,,,233.51,,,,681.6,,,,,,,,,,,1302.0,,,,,,0.457,100.000,,,,,,2637.73,,2640.78,2683.98,,,233.98,132.23,,,,,,,,,,,,,0.457,0.000,64,2,2,,,,,,,,217,0,,,,,,,,,38.014,,167.34,167.53,,,,
434.120,,0,0,0,256,0,0,0,0,0,0,0,0,1,0,0,0,0,0,,,,,,,,,,,,,,,,,,,,,,5805.5,,,,,1421.6,,,,1.00113,1.00113,289.08,,,22.0180,,0.0,,0.3515,22.0000,9.8,9.8,9.8,9.8,9.8,9.8,,,,,,,,,,,,,3.709,0.300,3.711,3.941,3.710,,,,,,,,3.951,0.0,0.0,0.0,0.0,0.0,18.781,12.125,,0.0,0.7771,37.670,31.790,31.790,37.670,0.155,0.000,,,,,0.99628,,64,,,,,,233.51,,,,,,,233.51,,,,681.0,,,,,,,,,,,1301.8,,,,,,0.457,100.000,,,,,,2637.81,,2646.09,2682.89,,,233.81,132.05,,,,,,,,,,,,,0.457,0.000,64,2,2,,,,,,,,217,0,,,,,,,,,37.994,,167.87,167.61,,,,
434.130,,0,0,0,256,0,0,0,0,0,0,0,0,1,0,0,0,0,0,,,,,,,,,,,,,,,,,,,,,,5827.0,,,,,1421.6,,,,1.00113,1.00113,288.89,,,22.0940,,0.0,,0.3420,22.0000,9.8,9.8,9.8,9.8,9.8,9.8,,,,,,,,,,,,,3.695,0.300,3.702,3.954,3.700,,,,,,,,3.950,0.0,0.0,0.0,0.0,0.0,18.828,11.859,,0.0,0.7754,37.725,31.755,31.755,37.725,0.385,0.000,,,,,0.99671,,64,,,,,,233.30,,,,,,,233.30,,,,681.0,,,,,,,,,,,1302.5,,,,,,0.457,100.000,,,,,,2636.72,,2641.88,2682.97,,,233.81,132.00,,,,,,,,,,,,,0.457,0.000,64,2,2,,,,,,,,217,0,,,,,,,,,37.824,,167.87,167.61,,,,
434.140,,0,0,0,256,0,0,0,0,0,0,0,0,1,0,0,0,0,0,,,,,,,,,,,,,,,,,,,,,,5794.5,,,,,1421.1,,,,1.00113,1.00113,288.70,,,22.0380,,0.0,,0.3490,22.0000,9.8,9.8,9.8,9.8,9.8,9.8,,,,,,,,,,,,,3.695,0.300,3.702,3.954,3.700,,,,,,,,3.941,0.0,0.0,0.0,0.0,0.0,18.750,12.141,,0.0,0.7793,37.620,31.760,31.760,37.620,0.155,0.000,,,,,0.99628,,64,,,,,,233.23,,,,,,,233.23,,,,679.6,,,,,,,,,,,1295.7,,,,,,0.457,100.000,,,,,,2636.09,,2649.22,2684.53,,,233.84,131.86,,,,,,,,,,,,,0.457,0.000,64,2,2,,,,,,,,217,0,,,,,,,,,38.109,,167.67,167.74,,,,
434.149,9.8,0,0,0,256,0,0,0,0,0,0,0,0,1,0,0,0,0,0,992.5,992.4,999.9,10.0,0.0,0.0,0.03,1,0,0.996,0.996,-0.1,-0.1,2.687,0.00,1000.0,1000.0,1000.0,1059.7,1000.0,977.85,5805.5,47.672,496.1,0.0,10.0,1421.1,0.03023,0.00,0.00,1.00113,1.00113,288.56,4,47.0,22.0080,-0.0940,0.0,59.7,0.3530,22.0000,9.8,9.8,9.8,9.8,9.8,9.8,9.8,2.3,0.00,0.00021,0,0,0,1,98,98,98,98,3.687,0.300,3.702,3.954,3.689,992.4,1000.0,1000.0,992.4,1000.0,0.0,18.74,3.940,0.0,0.0,0.0,0.0,0.0,18.813,11.969,0.0,0.0,0.7771,37.650,31.810,31.810,37.650,0.385,0.000,0.7813,0.7813,0.0000,1037.5,0.99695,0.104360,64,38.305,1059.7,0.0,1000.0,1000.0,233.04,238.34,606.5,0.99942,1535.98,400.01,0.99939,233.04,400.01,238.31,238.31,679.6,-200.0,66.7,69.49,69.493,1909.0,739.2,750.0,939.2,398.28,0.0,1298.0,60.704,0.0,0,992.5,992.5,0.457,100.000,923.01,0,2.1927,0.684,1013.01,2635.08,90.00,2634.45,2684.45,2684.14,106.88,233.84,131.81,348.75,390.75,100.0,0,31.54,33.8,94.5,62.3,37,0,90.74,22.5,0.457,0.000,64,2,2,992.4,1059.9,992.4,992.5,1000.0,1060.0,606.5,217,0,60.652,60.652,1000.0,2000.0,61.453,99.138,100.000,60.577,37.775,12.6,167.67,167.74,167.48,167.21,0.0,0.35
434.157,,0,0,0,256,0,0,0,0,0,0,0,0,1,0,0,0,0,0,,,,,,,,,,,,,,,,,,,,,,5803.0,,,,,1414.4,,,,1.00113,1.00113,288.42,,,22.0460,,0.0,,0.3475,22.0000,9.8,9.8,9.8,9.8,9.8,9.8,,,,,,,,,,,,,3.687,0.300,3.702,3.954,3.689,,,,,,,,3.943,0.0,0.0,0.0,0.0,0.0,18.719,12.234,,0.0,0.7783,37.695,31.845,31.845,37.695,0.385,0.000,,,,,0.99643,,64,,,,,,233.02,,,,,,,233.02,,,,679.7,,,,,,,,,,,1297.6,,,,,,0.457,100.000,,,,,,2634.92,,2641.88,2684.14,,,233.04,131.77,,,,,,,,,,,,,0.457,0.000,64,2,2,,,,,,,,217,0,,,,,,,,,38.034,,168.35,168.22,,,,
434.168,,0,0,0,256,0,0,0,0,0,0,0,0,1,0,0,0,0,0,,,,,,,,,,,,,,,,,,,,,,5808.5,,,,,1414.4,,,,1.00113,1.00113,288.38,,,22.1600,,0.0,,0.3335,22.0000,9.8,9.8,9.8,9.8,9.8,9.8,,,,,,,,,,,,,3.687,0.300,3.702,3.954,3.697,,,,,,,,3.941,0.0,0.0,0.0,0.0,0.0,18.828,12.094,,0.0,0.7710,37.745,31.835,31.835,37.745,0.385,0.000,,,,,0.99659,,64,,,,,,232.95,,,,,,,232.95,,,,679.7,,,,,,,,,,,1296.9,,,,,,0.457,100.000,,,,,,2634.61,,2639.77,2685.08,,,233.04,131.72,,,,,,,,,,,,,0.457,0.000,64,2,2,,,,,,,,217,0,,,,,,,,,38.080,,168.35,168.22,,,,
434.177,,0,0,0,256,0,0,0,0,0,0,0,0,1,0,0,0,0,0,,,,,,,,,,,,,,,,,,,,,,5805.5,,,,,1413.9,,,,1.00113,1.00113,287.81,,,22.1320,,0.0,,0.3365,22.0000,9.8,9.8,9.8,9.8,9.8,9.8,,,,,,,,,,,,,3.692,0.300,3.702,3.954,3.697,,,,,,,,3.934,0.0,0.0,0.0,0.0,0.0,18.813,12.438,,0.0,0.7712,37.725,31.870,31.870,37.725,0.385,0.000,,,,,0.99479,,64,,,,,,232.95,,,,,,,232.95,,,,678.8,,,,,,,,,,,1294.8,,,,,,0.457,100.000,,,,,,2634.22,,2645.00,2683.98,,,233.02,131.48,,,,,,,,,,,,,0.457,0.000,64,2,2,,,,,,,,217,0,,,,,,,,,38.129,,168.08,168.01,,,,
434.188,,0,0,0,256,0,0,0,0,0,0,0,0,1,0,0,0,0,0,,,,,,,,,,,,,,,,,,,,,,5818.5,,,,,1413.9,,,,1.00113,1.00113,287.86,,,22.0380,,0.0,,0.3480,22.0000,9.8,9.8,9.8,9.8,9.8,9.8,,,,,,,,,,,,,3.692,0.300,3.702,3.954,3.677,,,,,,,,3.934,0.0,0.0,0.0,0.0,0.0,18.938,12.250,,0.0,0.7708,37.795,31.830,31.830,37.795,0.155,0.000,,,,,0.99451,,64,,,,,,232.97,,,,,,,232.97,,,,678.8,,,,,,,,,,,1300.4,,,,,,0.457,100.000,,,,,,2634.38,,2645.00,2684.84,,,233.02,131.48,,,,,,,,,,,,,0.457,0.000,64,2,2,,,,,,,,217,0,,,,,,,,,38.109,,168.08,168.01,,,,
434.197,,0,0,0,256,0,0,0,0,0,0,0,0,1,0,0,0,0,0,,,,,,,,,,,,,,,,,,,,,,5825.5,,,,,1418.1,,,,1.00113,1.00113,287.63,,,22.0460,,0.0,,0.3470,22.0000,9.8,9.8,9.8,9.8,9.8,9.8,,,,,,,,,,,,,3.678,0.300,3.702,3.954,3.677,,,,,,,,3.941,0.0,0.0,0.0,0.0,0.0,18.875,12.531,,0.0,0.7744,37.775,31.860,31.860,37.775,0.385,0.000,,,,,0.99396,,64,,,,,,232.90,,,,,,,232.90,,,,677.5,,,,,,,,,,,1298.6,,,,,,0.457,100.000,,,,,,2633.13,,2643.98,2684.53,,,233.81,131.39,,,,,,,,,,,,,0.457,0.000,64,2,2,,,,,,,,217,0,,,,,,,,,37.949,,168.49,168.54,,,,
434.207,,0,0,0,256,0,0,0,0,0,0,0,0,1,0,0,0,0,0,,,,,,,,,,,,,,,,,,,,,,5828.5,,,,,1418.1,,,,1.00113,1.00113,287.72,,,22.0840,,0.0,,0.3425,22.0000,9.8,9.8,9.8,9.8,9.8,9.8,,,,,,,,,,,,,3.678,0.300,3.702,3.954,3.681,,,,,,,,3.942,0.0,0.0,0.0,0.0,0.0,18.922,12.266,,0.0,0.7751,37.810,31.750,31.750,37.810,0.385,0.000,,,,,0.99445,,64,,,,,,232.90,,,,,,,232.90,,,,677.5,,,,,,,,,,,1301.5,,,,,,0.457,100.000,,,,,,2633.05,,2637.66,2684.06,,,233.81,131.44,,,,,,,,,,,,,0.457,0.000,64,2,2,,,,,,,,217,0,,,,,,,,,38.159,,168.49,168.54,,,,
434.223,,0,0,0,256,0,0,0,0,0,0,0,0,1,0,0,0,0,0,,,,,,,,,,,,,,,,,,,,,,5827.0,,,,,1424.1,,,,1.00113,1.00113,287.72,,,22.1700,,0.0,,0.3310,22.0000,9.8,9.8,9.8,9.8,9.8,9.8,,,,,,,,,,,,,3.684,0.300,3.702,3.954,3.681,,,,,,,,3.953,0.0,0.0,0.0,0.0,0.0,18.859,12.531,,0.0,0.7769,37.740,31.735,31.735,37.740,0.705,0.000,,,,,0.99433,,64,,,,,,232.95,,,,,,,232.95,,,,677.7,,,,,,,,,,,1303.1,,,,,,0.457,100.000,,,,,,2632.27,,2639.77,2683.83,,,233.16,131.44,,,,,,,,,,,,,0.457,0.000,64,2,2,,,,,,,,217,0,,,,,,,,,38.194,,168.42,168.42,,,,
434.240,9.8,0,0,0,256,0,0,0,0,0,0,0,0,1,0,0,0,0,0,992.1,992.0,999.9,10.0,0.0,0.0,0.03,1,0,0.996,0.996,-0.1,-0.1,2.625,0.00,1000.0,1000.0,1000.0,1060.1,1000.0,978.25,5855.5,47.672,495.5,0.0,10.0,1424.2,0.03032,0.00,0.00,1.00113,1.00113,287.63,4,47.0,22.0280,-0.0460,0.0,59.6,0.3490,22.0000,9.8,9.8,9.8,9.8,9.8,9.8,9.8,2.3,0.00,0.00021,0,0,0,1,98,98,98,98,3.680,0.300,3.684,3.953,3.682,992.0,1000.0,1000.0,992.0,1000.0,0.0,18.74,3.953,0.0,0.0,0.0,0.0,0.0,18.891,12.656,0.0,0.0,0.7791,37.740,31.675,31.675,37.740,0.385,0.000,0.7813,0.7813,0.0000,1036.8,0.99448,0.104360,64,38.035,1060.1,0.0,1000.0,1000.0,232.80,238.45,605.5,0.99942,1535.98,400.01,0.99939,232.80,400.01,238.43,238.43,677.3,-200.0,70.3,70.55,70.555,1911.8,753.2,750.0,953.2,399.22,0.0,1304.5,60.574,0.0,0,992.1,992.1,0.457,100.000,923.01,0,2.1919,0.688,1013.01,2631.09,90.00,2635.55,2682.73,2684.14,106.45,233.25,131.39,348.75,390.75,100.0,0,31.65,33.8,94.5,62.3,37,0,90.74,22.5,0.457,0.000,64,2,2,992.0,1059.7,992.0,992.1,1000.0,1059.8,605.7,217,0,60.558,60.558,1000.0,2000.0,61.461,99.098,100.000,60.497,38.115,12.6,168.82,169.02,168.15,167.95,0.0,0.47
434.247,,0,0,0,256,0,0,0,0,0,0,0,0,1,0,0,0,0,0,,,,,,,,,,,,,,,,,,,,,,5856.5,,,,,1424.2,,,,1.00113,1.00113,287.91,,,22.0280,,0.0,,0.3490,22.0000,9.8,9.8,9.8,9.8,9.8,9.8,,,,,,,,,,,,,3.680,0.300,3.684,3.953,3.688,,,,,,,,3.958,0.0,0.0,0.0,0.0,0.0,19.000,12.500,,0.0,0.7769,37.695,31.690,31.690,37.695,0.385,0.000,,,,,0.99470,,64,,,,,,232.99,,,,,,,232.99,,,,677.3,,,,,,,,,,,1308.8,,,,,,0.457,100.000,,,,,,2631.25,,2632.34,2681.80,,,233.25,131.53,,,,,,,,,,,,,0.457,0.000,64,2,2,,,,,,,,217,0,,,,,,,,,38.124,,168.82,169.02,,,,
434.257,,0,0,0,256,0,0,0,0,0,0,0,0,1,0,0,0,0,0,,,,,,,,,,,,,,,,,,,,,,5854.0,,,,,1423.1,,,,1.00113,1.00113,287.44,,,22.0280,,0.0,,0.3490,22.0000,9.8,9.8,9.8,9.8,9.8,9.8,,,,,,,,,,,,,3.685,0.300,3.684,3.953,3.688,,,,,,,,3.951,0.0,0.0,0.0,0.0,0.0,18.938,12.844,,0.0,0.7747,37.705,31.550,31.550,37.705,0.700,0.000,,,,,0.99418,,64,,,,,,232.76,,,,,,,232.76,,,,675.7,,,,,,,,,,,1302.9,,,,,,0.457,100.000,,,,,,2629.14,,2626.02,2683.98,,,232.45,131.34,,,,,,,,,,,,,0.457,0.000,64,2,2,,,,,,,,217,0,,,,,,,,,38.080,,169.02,168.82,,,,
434.268,,0,0,0,256,0,0,0,0,0,0,0,0,1,0,0,0,0,0,,,,,,,,,,,,,,,,,,,,,,5839.5,,,,,1423.1,,,,1.00113,1.00113,287.39,,,22.0280,,0.0,,0.3490,22.0000,9.8,9.8,9.8,9.8,9.8,9.8,,,,,,,,,,,,,3.685,0.300,3.684,3.953,3.676,,,,,,,,3.950,0.0,0.0,0.0,0.0,0.0,19.016,12.688,,0.0,0.7773,37.565,31.620,31.620,37.565,0.700,0.000,,,,,0.99345,,64,,,,,,232.85,,,,,,,232.85,,,,675.7,,,,,,,,,,,1305.5,,,,,,0.457,100.000,,,,,,2628.59,,2629.22,2682.89,,,232.45,131.30,,,,,,,,,,,,,0.457,0.000,64,2,2,,,,,,,,217,0,,,,,,,,,38.405,,169.02,168.82,,,,
434.277,,0,0,0,256,0,0,0,0,0,0,0,0,1,0,0,0,0,0,,,,,,,,,,,,,,,,,,,,,,5852.5,,,,,1421.1,,,,1.00113,1.00113,287.20,,,22.1040,,0.0,,0.3390,22.0000,9.8,9.8,9.8,9.8,9.8,9.8,,,,,,,,,,,,,3.675,0.300,3.684,3.953,3.676,,,,,,,,3.950,0.0,0.0,0.0,0.0,0.0,18.922,12.969,,0.0,0.7761,37.630,31.585,31.585,37.630,0.700,0.000,,,,,0.99381,,64,,,,,,232.55,,,,,,,232.55,,,,675.5,,,,,,,,,,,1299.2,,,,,,0.457,100.000,,,,,,2625.86,,2628.13,2683.44,,,232.99,131.20,,,,,,,,,,,,,0.457,0.000,64,2,2,,,,,,,,217,0,,,,,,,,,38.264,,169.09,169.30,,,,
434.287,,0,0,0,256,0,0,0,0,0,0,0,0,1,0,0,0,0,0,,,,,,,,,,,,,,,,,,,,,,5852.5,,,,,1421.1,,,,1.00113,1.00113,287.11,,,22.0380,,0.0,,0.3470,22.0000,9.8,9.8,9.8,9.8,9.8,9.8,,,,,,,,,,,,,3.675,0.300,3.684,3.953,3.673,,,,,,,,3.949,0.0,0.0,0.0,0.0,0.0,18.922,12.703,,0.0,0.7764,37.580,31.605,31.605,37.580,0.380,0.000,,,,,0.99338,,64,,,,,,232.57,,,,,,,232.57,,,,675.5,,,,,,,,,,,1303.7,,,,,,0.457,100.000,,,,,,2625.86,,2629.22,2682.89,,,232.99,131.16,,,,,,,,,,,,,0.457,0.000,64,2,2,,,,,,,,217,0,,,,,,,,,38.329,,169.09,169.30,,,,
434.298,,0,0,0,256,0,0,0,0,0,0,0,0,1,0,0,0,0,0,,,,,,,,,,,,,,,,,,,,,,5861.0,,,,,1422.5,,,,1.00113,1.00113,286.78,,,22.0380,,0.0,,0.3470,22.0000,9.8,9.8,9.8,9.8,9.8,9.8,,,,,,,,,,,,,3.670,0.300,3.684,3.953,3.673,,,,,,,,3.949,0.0,0.0,0.0,0.0,0.0,18.797,12.953,,0.0,0.7715,37.635,31.585,31.585,37.635,0.700,0.000,,,,,0.99329,,64,,,,,,232.36,,,,,,,232.36,,,,676.0,,,,,,,,,,,1302.3,,,,,,0.457,100.000,,,,,,2623.98,,2623.98,2684.30,,,232.92,131.06,,,,,,,,,,,,,0.457,0.000,64,2,2,,,,,,,,217,0,,,,,,,,,37.959,,169.16,169.30,,,,
434.306,,0,0,0,256,0,0,0,0,0,0,0,0,1,0,0,0,0,0,,,,,,,,,,,,,,,,,,,,,,5868.0,,,,,1422.5,,,,1.00113,1.00113,286.41,,,22.0000,,0.0,,0.3520,22.0000,9.8,9.8,9.8,9.8,9.8,9.8,,,,,,,,,,,,,3.670,0.300,3.684,3.953,3.673,,,,,,,,3.943,0.0,0.0,0.0,0.0,0.0,18.797,12.750,,0.0,0.7710,37.635,31.565,31.565,37.635,0.700,0.000,,,,,0.99210,,64,,,,,,232.31,,,,,,,232.31,,,,676.0,,,,,,,,,,,1308.6,,,,,,0.457,100.000,,,,,,2624.61,,2631.33,2683.98,,,232.92,130.88,,,,,,,,,,,,,0.457,0.000,64,2,2,,,,,,,,217,0,,,,,,,,,38.335,,169.16,169.30,,,,
434.320,,0,0,0,256,0,0,0,0,0,0,0,0,1,0,0,0,0,0,,,,,,,,,,,,,,,,,,,,,,5869.5,,,,,1426.2,,,,1.00113,1.00113,285.89,,,21.9700,,0.0,,0.3555,22.0000,9.8,9.8,9.8,9.8,9.8,9.8,,,,,,,,,,,,,3.666,0.300,3.684,3.953,3.662,,,,,,,,3.941,0.0,0.0,0.0,0.0,0.0,18.828,12.828,,0.0,0.7676,37.615,31.555,31.555,37.615,0.870,0.000,,,,,0.99155,,64,,,,,,232.03,,,,,,,232.03,,,,675.3,,,,,,,,,,,1299.2,,,,,,0.457,100.000,,,,,,2622.19,,2622.89,2683.52,,,232.76,130.64,,,,,,,,,,,,,0.457,0.000,64,2,2,,,,,,,,217,0,,,,,,,,,38.335,,169.72,169.58,,,,
434.331,,0,0,0,256,0,0,0,0,0,0,0,0,1,0,0,0,0,0,,,,,,,,,,,,,,,,,,,,,,5869.5,,,,,1426.2,,,,1.00113,1.00113,285.66,,,22.0380,,0.0,,0.3470,22.0000,9.8,9.8,9.8,9.8,9.8,9.8,,,,,,,,,,,,,3.666,0.300,3.662,3.937,3.662,,,,,,,,3.937,0.0,0.0,0.0,0.0,0.0,18.906,12.906,,0.0,0.7715,37.605,31.540,31.540,37.605,0.700,0.000,,,,,0.99052,,64,,,,,,232.10,,,,,,,232.10,,,,675.3,,,,,,,,,,,1307.3,,,,,,0.457,100.000,,,,,,2622.81,,2628.13,2683.75,,,232.76,130.50,,,,,,,,,,,,,0.457,0.000,64,2,2,,,,,,,,217,0,,,,,,,,,38.484,,169.72,169.58,,,,
434.344,,0,0,0,256,0,0,0,0,0,0,0,0,1,0,0,0,0,0,,,,,,,,,,,,,,,,,,,,,,5861.0,,,,,1423.1,,,,1.00113,1.00113,285.61,,,22.0940,,0.0,,0.3395,22.0000,9.8,9.8,9.8,9.8,9.8,9.8,,,,,,,,,,,,,3.653,0.300,3.662,3.937,3.661,,,,,,,,3.936,0.0,0.0,0.0,0.0,0.0,18.938,12.984,,0.0,0.7712,37.555,31.550,31.550,37.555,0.870,0.000,,,,,0.99079,,64,,,,,,231.96,,,,,,,231.96,,,,674.3,,,,,,,,,,,1298.9,,,,,,0.457,100.000,,,,,,2620.70,,2621.88,2684.92,,,232.48,130.50,,,,,,,,,,,,,0.457,0.000,64,2,2,,,,,,,,217,0,,,,,,,,,38.304,,169.92,169.72,,,,
434.357,9.8,0,0,0,256,0,0,0,0,0,0,0,0,1,0,0,0,0,0,992.5,992.4,999.9,10.0,0.0,0.0,0.06,1,0,0.996,0.996,-0.1,-0.1,2.656,0.00,1000.0,1000.0,1000.0,1060.6,1000.0,978.55,5898.5,47.672,495.0,0.0,10.0,1425.4,0.03040,0.00,0.00,1.00113,1.00113,285.47,4,47.0,21.9900,-0.0280,0.0,59.5,0.3525,22.0000,9.8,10.5,10.5,10.5,10.5,10.5,9.8,2.3,0.00,0.00021,0,0,0,1,98,98,98,98,3.654,0.300,3.662,3.937,3.655,992.4,1000.0,1000.0,992.4,1000.0,0.0,18.74,3.940,0.0,0.0,0.0,0.0,0.0,18.969,12.953,0.0,0.0,0.7737,37.655,31.500,31.500,37.655,0.870,0.000,0.7813,0.7813,0.0000,1044.5,0.99098,0.104474,64,38.125,1060.6,0.0,1000.0,1000.0,231.91,238.43,602.5,0.99942,1535.98,400.01,0.99939,231.91,400.01,238.41,238.41,674.9,-200.0,72.7,71.10,71.101,1919.3,760.4,750.0,960.4,399.77,0.0,1303.8,60.591,0.0,0,992.5,992.5,0.457,100.000,923.01,0,2.1909,0.691,1013.01,2619.30,90.00,2620.78,2684.22,2681.80,106.45,232.52,130.41,349.50,390.75,100.0,0,31.65,33.8,94.5,62.3,37,0,90.74,22.5,0.457,0.000,64,2,2,992.4,1060.2,992.4,992.5,1000.0,1060.3,602.6,217,0,60.257,60.257,1000.0,2000.0,61.441,99.138,100.000,60.187,38.329,12.7,169.71,170.06,169.02,168.82,0.0,0.40
434.368,,0,0,0,256,0,0,0,0,0,0,0,0,1,0,0,0,0,0,,,,,,,,,,,,,,,,,,,,,,5895.5,,,,,1425.4,,,,1.00113,1.00113,285.52,,,21.8940,,0.0,,0.3650,22.0000,10.5,10.5,10.5,10.5,10.5,10.5,,,,,,,,,,,,,3.654,0.300,3.662,3.937,3.655,,,,,,,,3.942,0.0,0.0,0.0,0.0,0.0,18.984,12.953,,0.0,0.7781,37.615,31.485,31.485,37.615,0.700,0.000,,,,,0.99040,,64,,,,,,232.03,,,,,,,232.03,,,,674.9,,,,,,,,,,,1314.5,,,,,,0.457,100.000,,,,,,2620.39,,2628.13,2683.28,,,232.52,130.45,,,,,,,,,,,,,0.457,0.000,64,2,2,,,,,,,,217,0,,,,,,,,,38.524,,169.71,170.06,,,,
434.377,,0,0,0,256,0,0,0,0,0,0,0,0,1,0,0,0,0,0,,,,,,,,,,,,,,,,,,,,,,5888.5,,,,,1431.3,,,,1.00113,1.00113,285.66,,,21.9420,,0.0,,0.3590,22.0000,10.5,10.5,10.5,10.5,10.5,10.5,,,,,,,,,,,,,3.665,0.300,3.662,3.937,3.655,,,,,,,,3.943,0.0,0.0,0.0,0.0,0.0,18.922,12.938,,0.0,0.7720,37.640,31.455,31.455,37.640,0.870,0.000,,,,,0.99101,,64,,,,,,231.94,,,,,,,231.94,,,,676.3,,,,,,,,,,,1310.5,,,,,,0.457,100.000,,,,,,2617.89,,2618.67,2682.19,,,232.64,130.50,,,,,,,,,,,,,0.457,0.000,64,2,2,,,,,,,,217,0,,,,,,,,,38.315,,170.13,169.96,,,,
434.387,,0,0,0,256,0,0,0,0,0,0,0,0,1,0,0,0,0,0,,,,,,,,,,,,,,,,,,,,,,5898.5,,,,,1431.3,,,,1.00113,1.00113,285.23,,,21.9520,,0.0,,0.3580,22.0000,10.5,10.5,10.5,10.5,10.5,10.5,,,,,,,,,,,,,3.665,0.300,3.662,3.937,3.655,,,,,,,,3.937,0.0,0.0,0.0,0.0,0.0,18.938,12.938,,0.0,0.7764,37.580,31.415,31.415,37.580,0.700,0.000,,,,,0.98960,,64,,,,,,231.98,,,,,,,231.98,,,,676.3,,,,,,,,,,,1312.8,,,,,,0.457,100.000,,,,,,2618.36,,2625.00,2680.63,,,232.64,130.31,,,,,,,,,,,,,0.457,0.000,64,2,2,,,,,,,,217,0,,,,,,,,,38.509,,170.13,169.96,,,,
434.397,,0,0,0,256,0,0,0,0,0,0,0,0,1,0,0,0,0,0,,,,,,,,,,,,,,,,,,,,,,5903.0,,,,,1430.6,,,,1.00113,1.00113,285.09,,,21.9520,,0.0,,0.3580,22.0000,10.5,10.5,10.5,10.5,10.5,10.5,,,,,,,,,,,,,3.651,0.300,3.662,3.937,3.661,,,,,,,,3.931,0.0,0.0,0.0,0.0,0.0,18.922,12.969,,0.0,0.7756,37.550,31.365,31.365,37.550,0.870,0.000,,,,,0.99018,,64,,,,,,231.73,,,,,,,231.73,,,,676.4,,,,,,,,,,,1309.3,,,,,,0.457,100.000,,,,,,2616.64,,2615.55,2684.84,,,232.15,130.27,,,,,,,,,,,,,0.457,0.000,64,2,2,,,,,,,,217,0,,,,,,,,,38.280,,170.22,170.19,,,,
434.407,,0,0,0,256,0,0,0,0,0,0,0,0,1,0,0,0,0,0,,,,,,,,,,,,,,,,,,,,,,5908.5,,,,,1430.6,,,,1.00113,1.00113,285.05,,,21.9800,,0.0,,0.3545,22.0000,10.5,10.5,10.5,10.5,10.5,10.5,,,,,,,,,,,,,3.651,0.300,3.662,3.937,3.661,,,,,,,,3.930,0.0,0.0,0.0,0.0,0.0,18.953,13.016,,0.0,0.7781,37.515,31.375,31.375,37.515,0.865,0.000,,,,,0.98988,,64,,,,,,231.77,,,,,,,231.77,,,,676.4,,,,,,,,,,,1313.8,,,,,,0.457,100.000,,,,,,2617.19,,2621.88,2684.06,,,232.15,130.22,,,,,,,,,,,,,0.457,0.000,64,2,2,,,,,,,,217,0,,,,,,,,,38.419,,170.22,170.19,,,,
434.421,,0,0,0,256,0,0,0,0,0,0,0,0,1,0,0,0,0,0,,,,,,,,,,,,,,,,,,,,,,5895.5,,,,,1431.1,,,,1.00113,1.00113,285.00,,,22.0000,,0.0,,0.3520,22.0000,10.5,10.5,10.5,10.5,10.5,10.5,,,,,,,,,,,,,3.650,0.300,3.662,3.937,3.651,,,,,,,,3.931,0.0,0.0,0.0,0.0,0.0,18.953,13.078,,0.0,0.7739,37.500,31.350,31.350,37.500,0.865,0.000,,,,,0.99021,,64,,,,,,231.61,,,,,,,231.61,,,,675.4,,,,,,,,,,,1305.5,,,,,,0.457,100.000,,,,,,2614.38,,2614.45,2686.72,,,232.05,130.22,,,,,,,,,,,,,0.457,0.000,64,2,2,,,,,,,,217,0,,,,,,,,,38.379,,170.82,170.53,,,,
434.431,,0,0,0,256,0,0,0,0,0,0,0,0,1,0,0,0,0,0,,,,,,,,,,,,,,,,,,,,,,5900.0,,,,,1431.1,,,,1.00113,1.00113,284.67,,,22.0660,,0.0,,0.3435,22.0000,10.5,10.5,10.5,10.5,10.5,10.5,,,,,,,,,,,,,3.650,0.300,3.650,3.931,3.651,,,,,,,,3.927,0.0,0.0,0.0,0.0,0.0,18.953,13.078,,0.0,0.7783,37.480,31.440,31.440,37.480,0.865,0.000,,,,,0.98924,,64,,,,,,231.66,,,,,,,231.66,,,,675.4,,,,,,,,,,,1311.3,,,,,,0.457,100.000,,,,,,2614.92,,2620.78,2686.72,,,232.05,130.08,,,,,,,,,,,,,0.457,0.000,64,2,2,,,,,,,,217,0,,,,,,,,,38.364,,170.82,170.53,,,,
434.448,10.5,0,0,0,256,0,0,0,0,0,0,0,0,1,0,0,0,0,0,992.9,992.9,1000.0,10.0,0.0,0.0,0.03,1,0,0.996,0.996,0.0,0.0,2.656,-0.02,1000.0,1000.0,1000.0,1060.8,1000.0,983.24,5913.0,47.672,495.8,0.0,10.0,1422.6,0.03048,0.00,0.00,1.00113,1.00113,284.63,4,47.0,22.1220,0.0100,0.0,59.3,0.3360,22.0000,10.5,10.5,10.5,10.5,10.5,10.5,10.5,2.3,0.00,0.00534,0,0,0,1,98,98,98,98,3.635,0.300,3.650,3.931,3.640,992.9,1000.0,1000.0,992.9,1000.0,0.0,18.74,3.928,0.0,0.0,0.0,0.0,0.0,18.906,13.016,0.0,0.0,0.7764,37.575,31.520,31.520,37.575,1.045,0.000,0.7813,0.7813,0.0000,1039.7,0.98835,0.104479,64,38.330,1060.8,0.0,1000.0,1000.0,231.33,238.57,603.3,0.99942,1535.98,400.01,0.99939,231.33,400.01,238.55,238.55,674.5,-200.0,75.1,71.73,71.739,1915.0,768.8,750.0,968.8,398.95,0.0,1308.8,60.370,0.0,0,992.9,992.9,0.457,100.000,923.01,0,2.1883,0.695,1013.01,2613.20,90.00,2618.67,2686.95,2684.22,105.94,231.38,130.27,349.50,390.75,100.0,0,31.75,33.8,94.5,62.3,37,0,90.74,22.5,0.457,0.000,64,2,2,992.9,1060.3,992.9,992.9,1000.0,1060.3,601.4,217,0,60.339,60.471,1000.0,2000.0,61.362,99.187,100.000,60.077,38.614,12.7,170.46,170.73,169.71,170.06,0.0,0.00
434.457,,0,0,0,256,0,0,0,0,0,0,0,0,1,0,0,0,0,0,,,,,,,,,,,,,,,,,,,,,,5911.5,,,,,1427.3,,,,1.00113,1.00113,284.11,,,22.1700,,0.0,,0.3300,22.0000,10.5,10.5,10.5,10.5,10.5,10.5,,,,,,,,,,,,,3.626,0.300,3.650,3.931,3.635,,,,,,,,3.923,0.0,0.0,0.0,0.0,0.0,18.844,13.016,,0.0,0.7732,37.675,31.425,31.425,37.675,1.045,0.000,,,,,0.98902,,64,,,,,,231.09,,,,,,,231.09,,,,674.7,,,,,,,,,,,1304.1,,,,,,0.457,100.000,,,,,,2610.86,,2610.23,2684.14,,,231.47,129.80,,,,,,,,,,,,,0.457,0.000,64,2,2,,,,,,,,217,0,,,,,,,,,38.620,,171.10,170.95,,,,
434.467,,0,0,0,256,0,0,0,0,0,0,0,0,1,0,0,0,0,0,,,,,,,,,,,,,,,,,,,,,,5920.5,,,,,1427.3,,,,1.00113,1.00113,283.69,,,22.1040,,0.0,,0.3380,22.0000,10.5,10.5,10.5,10.5,10.5,10.5,,,,,,,,,,,,,3.626,0.300,3.650,3.931,3.635,,,,,,,,3.918,0.0,0.0,0.0,0.0,0.0,18.844,13.031,,0.0,0.7778,37.570,31.330,31.330,37.570,0.865,0.000,,,,,0.98808,,64,,,,,,230.93,,,,,,,230.93,,,,674.7,,,,,,,,,,,1310.0,,,,,,0.457,100.000,,,,,,2610.70,,2618.67,2683.83,,,231.47,129.61,,,,,,,,,,,,,0.457,0.000,64,2,2,,,,,,,,217,0,,,,,,,,,38.719,,171.10,170.95,,,,
434.477,,0,0,0,256,0,0,0,0,0,0,0,0,1,0,0,0,0,0,,,,,,,,,,,,,,,,,,,,,,5924.5,,,,,1428.3,,,,1.00113,1.00113,283.73,,,22.1040,,0.0,,0.3380,22.0000,10.5,10.5,10.5,10.5,10.5,10.5,,,,,,,,,,,,,3.621,0.300,3.650,3.931,3.622,,,,,,,,3.917,0.0,0.0,0.0,0.0,0.0,18.828,13.031,,0.0,0.7717,37.520,31.320,31.320,37.520,1.045,0.000,,,,,0.98884,,64,,,,,,230.86,,,,,,,230.86,,,,675.8,,,,,,,,,,,1309.6,,,,,,0.457,100.000,,,,,,2610.08,,2609.22,2685.94,,,231.75,129.66,,,,,,,,,,,,,0.457,0.000,64,2,2,,,,,,,,217,0,,,,,,,,,38.434,,170.74,170.67,,,,
434.487,,0,0,0,256,0,0,0,0,0,0,0,0,1,0,0,0,0,0,,,,,,,,,,,,,,,,,,,,,,5932.0,,,,,1428.3,,,,1.00113,1.00113,283.45,,,22.0740,,0.0,,0.3415,22.0000,10.5,10.5,10.5,10.5,10.5,10.5,,,,,,,,,,,,,3.621,0.300,3.650,3.931,3.622,,,,,,,,3.913,0.0,0.0,0.0,0.0,0.0,18.891,13.063,,0.0,0.7769,37.490,31.390,31.390,37.490,1.045,0.000,,,,,0.98728,,64,,,,,,230.93,,,,,,,230.93,,,,675.8,,,,,,,,,,,1313.0,,,,,,0.457,100.000,,,,,,2610.55,,2615.55,2682.97,,,231.75,129.52,,,,,,,,,,,,,0.457,0.000,64,2,2,,,,,,,,217,0,,,,,,,,,38.564,,170.74,170.67,,,,
434.497,,0,0,0,256,0,0,0,0,0,0,0,0,1,0,0,0,0,0,,,,,,,,,,,,,,,,,,,,,,5948.0,,,,,1430.9,,,,1.00113,1.00113,283.45,,,22.0380,,0.0,,0.3455,22.0000,10.5,10.5,10.5,10.5,10.5,10.5,,,,,,,,,,,,,3.623,0.300,3.650,3.931,3.625,,,,,,,,3.915,0.0,0.0,0.0,0.0,0.0,18.891,13.125,,0.0,0.7744,37.640,31.295,31.295,37.640,1.045,0.000,,,,,0.98808,,64,,,,,,230.81,,,,,,,230.81,,,,675.7,,,,,,,,,,,1314.1,,,,,,0.457,100.000,,,,,,2609.61,,2609.22,2685.55,,,231.54,129.52,,,,,,,,,,,,,0.457,0.000,64,2,2,,,,,,,,217,0,,,,,,,,,38.535,,171.45,171.16,,,,
434.507,,0,0,0,256,0,0,0,0,0,0,0,0,1,0,0,0,0,0,,,,,,,,,,,,,,,,,,,,,,5930.5,,,,,1430.9,,,,1.00113,1.00113,283.08,,,22.1700,,0.0,,0.3290,22.0000,10.5,10.5,10.5,10.5,10.5,10.5,,,,,,,,,,,,,3.623,0.300,3.650,3.931,3.625,,,,,,,,3.910,0.0,0.0,0.0,0.0,0.0,18.953,13.125,,0.0,0.7808,37.475,31.175,31.175,37.475,0.860,0.000,,,,,0.98732,,64,,,,,,230.74,,,,,,,230.74,,,,675.7,,,,,,,,,,,1312.2,,,,,,0.457,100.000,,,,,,2608.75,,2620.78,2684.06,,,231.54,129.33,,,,,,,,,,,,,0.457,0.000,64,2,2,,,,,,,,217,0,,,,,,,,,38.684,,171.45,171.16,,,,
434.520,,0,0,0,256,0,0,0,0,0,0,0,0,1,0,0,0,0,0,,,,,,,,,,,,,,,,,,,,,,5927.5,,,,,1429.4,,,,1.00113,1.00113,283.31,,,22.2060,,0.0,,0.3240,22.0000,10.5,10.5,10.5,10.5,10.5,10.5,,,,,,,,,,,,,3.608,0.300,3.650,3.931,3.611,,,,,,,,3.908,0.0,0.0,0.0,0.0,0.0,18.938,13.109,,0.0,0.7754,37.370,31.125,31.125,37.370,1.040,0.000,,,,,0.98847,,64,,,,,,230.63,,,,,,,230.63,,,,675.4,,,,,,,,,,,1307.6,,,,,,0.457,100.000,,,,,,2607.66,,2609.22,2689.22,,,231.98,129.47,,,,,,,,,,,,,0.457,0.000,64,2,2,,,,,,,,217,0,,,,,,,,,38.335,,171.16,171.36,,,,
434.531,,0,0,0,256,0,0,0,0,0,0,0,0,1,0,0,0,0,0,,,,,,,,,,,,,,,,,,,,,,5930.5,,,,,1429.4,,,,1.00113,1.00113,282.75,,,22.1600,,0.0,,0.3295,22.0000,10.5,10.5,10.5,10.5,10.5,10.5,,,,,,,,,,,,,3.608,0.300,3.608,3.902,3.611,,,,,,,,3.899,0.0,0.0,0.0,0.0,0.0,18.969,13.094,,0.0,0.7786,37.295,31.295,31.295,37.295,1.040,0.000,,,,,0.98725,,64,,,,,,230.39,,,,,,,230.39,,,,675.4,,,,,,,,,,,1309.2,,,,,,0.457,100.000,,,,,,2607.34,,2616.56,2686.09,,,231.98,129.19,,,,,,,,,,,,,0.457,0.000,64,2,2,,,,,,,,217,0,,,,,,,,,38.409,,171.16,171.36,,,,
434.543,,0,0,0,256,0,0,0,0,0,0,0,0,1,0,0,0,0,0,,,,,,,,,,,,,,,,,,,,,,5927.5,,,,,1427.2,,,,1.00113,1.00113,282.66,,,22.0560,,0.0,,0.3425,22.0000,10.5,10.5,10.5,10.5,10.5,10.5,,,,,,,,,,,,,3.600,0.300,3.608,3.902,3.604,,,,,,,,3.904,0.0,0.0,0.0,0.0,0.0,18.938,13.109,,0.0,0.7771,37.490,31.190,31.190,37.490,1.040,0.000,,,,,0.98774,,64,,,,,,230.25,,,,,,,230.25,,,,676.8,,,,,,,,,,,1304.6,,,,,,0.457,100.000,,,,,,2606.02,,2608.13,2689.30,,,231.45,129.14,,,,,,,,,,,,,0.457,0.000,64,2,2,,,,,,,,217,0,,,,,,,,,38.335,,171.80,171.52,,,,
434.557,10.5,0,0,0,256,0,0,0,0,0,0,0,0,1,0,0,0,0,0,992.5,992.5,1000.0,10.0,0.0,0.0,0.03,1,0,0.996,0.996,0.0,0.0,2.593,-0.02,1000.0,1000.0,1000.0,1060.2,1000.0,981.74,5952.5,47.672,495.2,0.0,10.0,1429.2,0.03040,0.00,0.00,1.00113,1.00113,282.80,4,47.0,21.9800,-0.1220,0.0,58.8,0.3520,22.0000,10.5,10.5,10.5,10.5,10.5,10.5,10.5,2.3,0.00,0.00021,0,0,0,1,98,98,98,98,3.614,0.300,3.608,3.902,3.615,992.5,1000.0,1000.0,992.5,1000.0,0.0,18.74,3.898,0.0,0.0,0.0,0.0,0.0,18.938,13.078,0.0,0.0,0.7747,37.560,31.265,31.265,37.560,1.040,0.000,0.7813,0.7813,0.0000,1040.9,0.98835,0.104429,64,38.615,1060.2,0.0,1000.0,1000.0,230.16,238.85,603.4,0.99942,1535.98,400.01,0.99939,230.16,400.01,238.83,238.83,678.3,-200.0,75.5,71.95,71.959,1915.4,771.7,750.0,971.7,399.84,0.0,1312.2,60.298,0.0,0,992.5,992.5,0.457,100.000,923.01,0,2.1870,0.699,1013.01,2604.69,90.00,2608.13,2684.06,2686.95,105.70,231.05,129.23,352.50,390.75,100.0,0,31.75,33.8,94.5,62.3,37,0,90.74,22.5,0.457,0.000,64,2,2,992.5,1060.1,992.5,992.5,1000.0,1060.1,603.3,217,0,60.344,60.344,1000.0,2000.0,61.534,99.147,100.000,60.268,38.440,12.7,171.52,171.87,170.40,171.30,0.0,0.63
434.569,,0,0,0,256,0,0,0,0,0,0,0,0,1,0,0,0,0,0,,,,,,,,,,,,,,,,,,,,,,5957.0,,,,,1429.2,,,,1.00113,1.00113,282.61,,,21.9320,,0.0,,0.3580,22.0000,10.5,10.5,10.5,10.5,10.5,10.5,,,,,,,,,,,,,3.614,0.300,3.608,3.902,3.615,,,,,,,,3.894,0.0,0.0,0.0,0.0,0.0,19.016,13.125,,0.0,0.7778,37.495,31.150,31.150,37.495,0.860,0.000,,,,,0.98658,,64,,,,,,230.46,,,,,,,230.46,,,,678.3,,,,,,,,,,,1319.2,,,,,,0.457,100.000,,,,,,2606.25,,2613.44,2681.72,,,231.05,129.09,,,,,,,,,,,,,0.457,0.000,64,2,2,,,,,,,,217,0,,,,,,,,,38.599,,171.52,171.87,,,,
434.577,,0,0,0,256,0,0,0,0,0,0,0,0,1,0,0,0,0,0,,,,,,,,,,,,,,,,,,,,,,5960.0,,,,,1434.0,,,,1.00113,1.00113,282.42,,,22.0000,,0.0,,0.3495,22.0000,10.5,10.5,10.5,10.5,10.5,10.5,,,,,,,,,,,,,3.621,0.300,3.608,3.902,3.624,,,,,,,,3.890,0.0,0.0,0.0,0.0,0.0,19.031,13.188,,0.0,0.7756,37.430,31.070,31.070,37.430,1.040,0.000,,,,,0.98704,,64,,,,,,230.25,,,,,,,230.25,,,,677.8,,,,,,,,,,,1310.5,,,,,,0.457,100.000,,,,,,2604.30,,2602.89,2684.06,,,231.23,129.05,,,,,,,,,,,,,0.457,0.000,64,2,2,,,,,,,,217,0,,,,,,,,,38.355,,172.15,171.73,,,,
434.587,,0,0,0,256,0,0,0,0,0,0,0,0,1,0,0,0,0,0,,,,,,,,,,,,,,,,,,,,,,5949.5,,,,,1434.0,,,,1.00113,1.00113,282.23,,,22.0660,,0.0,,0.3410,22.0000,10.5,10.5,10.5,10.5,10.5,10.5,,,,,,,,,,,,,3.621,0.300,3.608,3.902,3.624,,,,,,,,3.887,0.0,0.0,0.0,0.0,0.0,19.109,13.234,,0.0,0.7791,37.320,31.150,31.150,37.320,1.040,0.000,,,,,0.98646,,64,,,,,,230.27,,,,,,,230.27,,,,677.8,,,,,,,,,,,1315.2,,,,,,0.457,100.000,,,,,,2603.98,,2612.34,2682.50,,,231.23,128.95,,,,,,,,,,,,,0.457,0.000,64,2,2,,,,,,,,216,0,,,,,,,,,38.469,,172.15,171.73,,,,
434.598,,0,0,0,256,0,0,0,0,0,0,0,0,1,0,0,0,0,0,,,,,,,,,,,,,,,,,,,,,,5955.5,,,,,1433.7,,,,1.00113,1.00113,282.09,,,22.1040,,0.0,,0.3365,22.0000,10.5,10.5,10.5,10.5,10.5,10.5,,,,,,,,,,,,,3.605,0.300,3.608,3.902,3.609,,,,,,,,3.887,0.0,0.0,0.0,0.0,0.0,19.078,13.219,,0.0,0.7781,37.405,31.095,31.095,37.405,1.040,0.000,,,,,0.98698,,64,,,,,,230.02,,,,,,,230.02,,,,676.9,,,,,,,,,,,1313.5,,,,,,0.457,100.000,,,,,,2603.05,,2601.80,2683.20,,,230.98,128.91,,,,,,,,,,,,,0.457,0.000,64,2,2,,,,,,,,216,0,,,,,,,,,38.359,,172.05,171.67,,,,
434.607,,0,0,0,256,0,0,0,0,0,0,0,0,1,0,0,0,0,0,,,,,,,,,,,,,,,,,,,,,,5943.5,,,,,1433.7,,,,1.00113,1.00113,282.19,,,22.1120,,0.0,,0.3350,22.0000,10.5,10.5,10.5,10.5,10.5,10.5,,,,,,,,,,,,,3.605,0.300,3.608,3.902,3.609,,,,,,,,3.888,0.0,0.0,0.0,0.0,0.0,19.109,13.219,,0.0,0.7820,37.330,31.055,31.055,37.330,1.040,0.000,,,,,0.98674,,64,,,,,,230.06,,,,,,,230.06,,,,676.9,,,,,,,,,,,1315.3,,,,,,0.457,100.000,,,,,,2603.59,,2611.33,2684.14,,,230.98,128.95,,,,,,,,,,,,,0.457,0.000,64,2,2,,,,,,,,216,0,,,,,,,,,38.445,,172.05,171.67,,,,
434.619,,0,0,0,256,0,0,0,0,0,0,0,0,1,0,0,0,0,0,,,,,,,,,,,,,,,,,,,,,,5961.5,,,,,1432.9,,,,1.00113,1.00113,282.42,,,22.0940,,0.0,,0.3370,22.0000,10.5,10.5,10.5,10.5,10.5,10.5,,,,,,,,,,,,,3.603,0.300,3.608,3.902,3.604,,,,,,,,3.897,0.0,0.0,0.0,0.0,0.0,19.156,12.969,,0.0,0.7778,37.310,31.085,31.085,37.310,1.040,0.000,,,,,0.98750,,64,,,,,,230.09,,,,,,,230.09,,,,675.7,,,,,,,,,,,1314.2,,,,,,0.457,100.000,,,,,,2602.89,,2600.78,2685.16,,,231.05,129.05,,,,,,,,,,,,,0.457,0.000,64,2,2,,,,,,,,216,0,,,,,,,,,38.370,,172.45,172.58,,,,
434.631,,0,0,0,256,0,0,0,0,0,0,0,0,1,0,0,0,0,0,,,,,,,,,,,,,,,,,,,,,,5952.5,,,,,1432.9,,,,1.00113,1.00113,282.00,,,21.9800,,0.0,,0.3515,22.0000,10.5,10.5,10.5,10.5,10.5,10.5,,,,,,,,,,,,,3.603,0.300,3.603,3.891,3.604,,,,,,,,3.891,0.0,0.0,0.0,0.0,0.0,19.203,13.031,,0.0,0.7791,37.345,31.120,31.120,37.345,1.040,0.000,,,,,0.98664,,64,,,,,,230.02,,,,,,,230.02,,,,675.7,,,,,,,,,,,1313.6,,,,,,0.457,100.000,,,,,,2602.27,,2608.13,2684.77,,,231.05,128.86,,,,,,,,,,,,,0.457,0.000,64,2,2,,,,,,,,216,0,,,,,,,,,38.350,,172.45,172.58,,,,
434.643,,0,0,0,256,0,0,0,0,0,0,0,0,1,0,0,0,0,0,,,,,,,,,,,,,,,,,,,,,,5975.0,,,,,1433.4,,,,1.00113,1.00113,282.09,,,21.8860,,0.0,,0.3630,22.0000,10.5,10.5,10.5,10.5,10.5,10.5,,,,,,,,,,,,,3.610,0.300,3.603,3.891,3.611,,,,,,,,3.897,0.0,0.0,0.0,0.0,0.0,19.266,12.828,,0.0,0.7744,37.425,31.110,31.110,37.425,1.040,0.000,,,,,0.98677,,64,,,,,,230.04,,,,,,,230.04,,,,674.4,,,,,,,,,,,1317.6,,,,,,0.457,100.000,,,,,,2601.33,,2605.00,2685.39,,,230.93,128.86,,,,,,,,,,,,,0.457,0.000,64,2,2,,,,,,,,216,0,,,,,,,,,38.384,,172.38,172.18,,,,
434.657,10.5,0,0,0,256,0,0,0,0,0,0,0,0,1,0,0,0,0,0,992.2,992.1,999.9,10.0,0.0,0.0,0.03,1,0,0.996,0.996,-0.1,-0.1,2.687,0.01,1000.0,1000.0,1000.0,1059.8,1000.0,980.45,5967.5,47.672,494.4,0.0,10.0,1433.0,0.03032,0.00,0.00,1.00113,1.00113,281.91,4,47.0,21.9520,0.0200,0.0,58.9,0.3555,22.0000,10.5,10.5,10.5,10.5,10.5,10.5,10.5,2.3,0.00,0.00021,0,0,0,1,98,98,98,98,3.607,0.300,3.603,3.891,3.606,992.1,1000.0,1000.0,992.1,1000.0,0.0,18.74,3.901,0.0,0.0,0.0,0.0,0.0,19.406,12.797,0.0,0.0,0.7739,37.455,31.005,31.005,37.455,1.035,0.000,0.7813,0.7813,0.0000,1042.6,0.98579,0.104387,64,38.440,1059.8,0.0,1000.0,1000.0,230.09,238.20,602.4,0.99942,1535.98,400.01,0.99939,230.09,400.01,238.17,238.17,673.2,-200.0,71.7,71.51,71.520,1911.4,765.9,750.0,965.9,399.02,0.0,1317.2,60.338,0.0,0,992.2,992.2,0.457,100.000,923.01,0,2.1863,0.703,1013.01,2600.70,90.00,2598.67,2684.14,2684.06,105.19,231.19,128.81,352.50,390.75,100.0,0,31.96,33.8,94.5,62.3,37,0,90.74,22.5,0.457,0.000,64,2,2,992.1,1060.3,992.1,992.2,1000.0,1060.4,602.5,216,0,60.248,60.248,1000.0,2000.0,61.601,99.107,100.000,60.178,38.414,12.6,172.44,172.83,171.80,172.01,0.0,0.42
434.667,,0,0,0,256,0,0,0,0,0,0,0,0,1,0,0,0,0,0,,,,,,,,,,,,,,,,,,,,,,5969.0,,,,,1433.0,,,,1.00113,1.00113,281.77,,,22.0180,,0.0,,0.3470,22.0000,10.5,10.5,10.5,10.5,10.5,10.5,,,,,,,,,,,,,3.607,0.300,3.603,3.891,3.606,,,,,,,,3.900,0.0,0.0,0.0,0.0,0.0,19.313,13.203,,0.0,0.7769,37.305,31.040,31.040,37.305,1.035,0.000,,,,,0.98524,,64,,,,,,230.09,,,,,,,230.09,,,,673.2,,,,,,,,,,,1319.4,,,,,,0.457,100.000,,,,,,2600.78,,2607.11,2680.23,,,231.19,128.77,,,,,,,,,,,,,0.457,0.000,64,2,2,,,,,,,,216,0,,,,,,,,,38.489,,172.44,172.83,,,,
434.677,,0,0,0,256,0,0,0,0,0,0,0,0,1,0,0,0,0,0,,,,,,,,,,,,,,,,,,,,,,5976.5,,,,,1437.4,,,,1.00113,1.00113,281.67,,,22.1320,,0.0,,0.3325,22.0000,10.5,10.5,10.5,10.5,10.5,10.5,,,,,,,,,,,,,3.598,0.300,3.603,3.891,3.597,,,,,,,,3.909,0.0,0.0,0.0,0.0,0.0,19.375,13.063,,0.0,0.7747,37.390,30.910,30.910,37.390,1.035,0.000,,,,,0.98558,,64,,,,,,230.02,,,,,,,230.02,,,,672.6,,,,,,,,,,,1321.3,,,,,,0.457,100.000,,,,,,2600.39,,2603.91,2681.95,,,230.63,128.72,,,,,,,,,,,,,0.457,0.000,64,2,2,,,,,,,,216,0,,,,,,,,,38.339,,172.93,172.72,,,,
434.687,,0,0,0,256,0,0,0,0,0,0,0,0,1,0,0,0,0,0,,,,,,,,,,,,,,,,,,,,,,5975.0,,,,,1437.4,,,,1.00113,1.00113,281.67,,,22.0840,,0.0,,0.3385,22.0000,10.5,10.5,10.5,10.5,10.5,10.5,,,,,,,,,,,,,3.598,0.300,3.603,3.891,3.597,,,,,,,,3.909,0.0,0.0,0.0,0.0,0.0,19.234,13.422,,0.0,0.7788,37.225,30.970,30.970,37.225,1.035,0.000,,,,,0.98500,,64,,,,,,230.09,,,,,,,230.09,,,,672.6,,,,,,,,,,,1322.4,,,,,,0.457,100.000,,,,,,2601.09,,2609.22,2678.91,,,230.63,128.72,,,,,,,,,,,,,0.457,0.000,64,2,2,,,,,,,,216,0,,,,,,,,,38.425,,172.93,172.72,,,,
434.697,,0,0,0,256,0,0,0,0,0,0,0,0,1,0,0,0,0,0,,,,,,,,,,,,,,,,,,,,,,5988.0,,,,,1437.4,,,,1.00113,1.00113,281.58,,,22.0380,,0.0,,0.3440,22.0000,10.5,10.5,10.5,10.5,10.5,10.5,,,,,,,,,,,,,3.597,0.300,3.603,3.891,3.602,,,,,,,,3.912,0.0,0.0,0.0,0.0,0.0,19.219,13.219,,0.0,0.7778,37.290,30.870,30.870,37.290,1.035,0.000,,,,,0.98564,,64,,,,,,229.88,,,,,,,229.88,,,,672.2,,,,,,,,,,,1320.3,,,,,,0.457,100.000,,,,,,2601.33,,2599.69,2681.56,,,230.93,128.67,,,,,,,,,,,,,0.457,0.000,64,2,2,,,,,,,,216,0,,,,,,,,,38.260,,172.71,172.93,,,,
434.706,,0,0,0,256,0,0,0,0,0,0,0,0,1,0,0,0,0,0,,,,,,,,,,,,,,,,,,,,,,5983.5,,,,,1437.4,,,,1.00113,1.00113,281.58,,,22.0940,,0.0,,0.3365,22.0000,10.5,10.5,10.5,10.5,10.5,10.5,,,,,,,,,,,,,3.597,0.300,3.603,3.891,3.602,,,,,,,,3.910,0.0,0.0,0.0,0.0,0.0,19.078,13.578,,0.0,0.7788,37.205,30.840,30.840,37.205,1.035,0.000,,,,,0.98536,,64,,,,,,229.95,,,,,,,229.95,,,,672.2,,,,,,,,,,,1323.5,,,,,,0.457,100.000,,,,,,2602.03,,2608.13,2684.14,,,230.93,128.63,,,,,,,,,,,,,0.457,0.000,64,2,2,,,,,,,,216,0,,,,,,,,,38.324,,172.71,172.93,,,,
434.720,,0,0,0,256,0,0,0,0,0,0,0,0,1,0,0,0,0,0,,,,,,,,,,,,,,,,,,,,,,6004.5,,,,,1442.4,,,,1.00113,1.00113,281.95,,,22.0080,,0.0,,0.3475,22.0000,10.5,10.5,11.3,11.3,10.5,11.3,,,,,,,,,,,,,3.595,0.300,3.603,3.891,3.595,,,,,,,,3.920,0.0,0.0,0.0,0.0,0.0,19.078,13.469,,0.0,0.7749,37.220,30.925,30.925,37.220,1.035,0.000,,,,,0.98545,,64,,,,,,230.25,,,,,,,230.25,,,,672.3,,,,,,,,,,,1327.0,,,,,,0.457,100.000,,,,,,2601.95,,2603.91,2682.73,,,230.91,128.81,,,,,,,,,,,,,0.457,0.000,64,2,2,,,,,,,,216,0,,,,,,,,,38.239,,173.42,173.23,,,,
434.731,,0,0,0,256,0,0,0,0,0,0,0,0,1,0,0,0,0,0,,,,,,,,,,,,,,,,,,,,,,5994.0,,,,,1442.4,,,,1.00113,1.00113,281.72,,,22.0280,,0.0,,0.3450,22.0000,10.5,10.5,11.3,11.3,11.3,10.5,,,,,,,,,,,,,3.595,0.300,3.595,3.920,3.595,,,,,,,,3.917,0.0,0.0,0.0,0.0,0.0,18.906,13.844,,0.0,0.7764,37.290,30.880,30.880,37.290,1.035,0.000,,,,,0.98457,,64,,,,,,230.20,,,,,,,230.20,,,,672.3,,,,,,,,,,,1323.9,,,,,,0.457,100.000,,,,,,2601.48,,2608.13,2679.45,,,230.91,128.72,,,,,,,,,,,,,0.457,0.000,64,2,2,,,,,,,,216,0,,,,,,,,,38.254,,173.42,173.23,,,,
434.741,,0,0,0,256,0,0,0,0,0,0,0,0,1,0,0,0,0,0,,,,,,,,,,,,,,,,,,,,,,6009.0,,,,,1443.5,,,,1.00113,1.00113,281.39,,,22.0460,,0.0,,0.3425,22.0000,10.5,11.3,11.3,11.3,11.3,11.3,,,,,,,,,,,,,3.594,0.300,3.595,3.920,3.596,,,,,,,,3.915,0.0,0.0,0.0,0.0,0.0,18.938,13.750,,0.0,0.7754,37.260,30.770,30.770,37.260,1.035,0.000,,,,,0.98463,,64,,,,,,230.02,,,,,,,230.02,,,,672.1,,,,,,,,,,,1324.9,,,,,,0.457,100.000,,,,,,2600.94,,2601.80,2682.50,,,230.72,128.58,,,,,,,,,,,,,0.457,0.000,64,2,2,,,,,,,,216,0,,,,,,,,,38.324,,173.09,173.36,,,,
434.757,10.5,0,0,0,256,0,0,0,0,0,0,0,0,1,0,0,0,0,0,991.6,991.6,1000.0,10.0,0.0,0.0,0.06,1,0,0.996,0.996,0.0,0.0,2.656,0.00,1000.0,1000.0,1000.0,1059.9,1000.0,980.55,6007.5,42.980,495.0,0.0,10.0,1443.4,0.03040,0.00,0.00,1.00113,1.00113,281.67,4,47.0,21.9800,0.0480,0.0,58.9,0.3510,22.0000,10.5,11.3,11.3,11.3,11.3,11.3,10.5,2.3,0.00,0.00021,0,0,0,1,98,98,98,98,3.604,0.300,3.595,3.920,3.600,991.6,1000.0,1000.0,991.6,1000.0,0.0,18.74,3.920,0.0,0.0,0.0,0.0,0.0,18.781,14.000,0.0,0.0,0.7747,37.250,30.835,30.835,37.250,1.030,0.000,0.7813,0.7813,0.0000,1041.8,0.98466,0.104415,64,38.415,1059.9,0.0,1000.0,1000.0,230.09,238.08,602.4,0.99942,1535.98,400.01,0.99939,230.09,400.01,238.05,238.05,672.4,-200.0,76.8,72.59,72.598,1914.7,780.1,750.0,980.1,399.26,0.0,1325.9,60.429,0.0,0,991.6,991.6,0.457,100.000,923.01,0,2.1849,0.707,1013.01,2600.63,90.00,2602.89,2684.06,2684.14,105.14,230.86,128.72,354.75,390.75,99.6,0,32.05,33.8,94.5,61.5,36,0,90.74,22.5,0.457,0.000,64,2,2,991.6,1059.8,991.6,991.6,1000.0,1059.8,602.4,216,0,60.246,60.246,1000.0,2000.0,61.615,99.057,100.000,60.178,38.170,12.7,173.74,173.51,172.32,172.44,0.0,0.51
434.768,,0,0,0,256,0,0,0,0,0,0,0,0,1,0,0,0,0,0,,,,,,,,,,,,,,,,,,,,,,6007.5,,,,,1443.4,,,,1.00113,1.00113,281.48,,,22.0380,,0.0,,0.3435,22.0000,11.3,11.3,11.3,11.3,11.3,11.3,,,,,,,,,,,,,3.604,0.300,3.595,3.920,3.600,,,,,,,,3.917,0.0,0.0,0.0,0.0,0.0,18.594,14.328,,0.0,0.7769,37.215,30.950,30.950,37.215,1.030,0.000,,,,,0.98396,,64,,,,,,230.06,,,,,,,230.06,,,,672.4,,,,,,,,,,,1327.4,,,,,,0.457,100.000,,,,,,2600.47,,2607.11,2680.23,,,230.86,128.63,,,,,,,,,,,,,0.457,0.000,64,2,2,,,,,,,,216,0,,,,,,,,,38.280,,173.74,173.51,,,,
434.777,,0,0,0,256,0,0,0,0,0,0,0,0,1,0,0,0,0,0,,,,,,,,,,,,,,,,,,,,,,6007.5,,,,,1445.1,,,,1.00113,1.00113,281.39,,,22.0280,,0.0,,0.3450,22.0000,11.3,11.3,11.3,11.3,11.3,11.3,,,,,,,,,,,,,3.594,0.300,3.595,3.920,3.594,,,,,,,,3.917,0.0,0.0,0.0,0.0,0.0,18.563,14.156,,0.0,0.7766,37.330,30.815,30.815,37.330,1.030,0.000,,,,,0.98420,,64,,,,,,229.99,,,,,,,229.99,,,,672.8,,,,,,,,,,,1327.6,,,,,,0.457,100.000,,,,,,2600.00,,2598.67,2681.72,,,230.63,128.58,,,,,,,,,,,,,0.457,0.000,64,2,2,,,,,,,,216,0,,,,,,,,,38.245,,173.55,173.82,,,,
434.787,,0,0,0,256,0,0,0,0,0,0,0,0,1,0,0,0,0,0,,,,,,,,,,,,,,,,,,,,,,6015.0,,,,,1445.1,,,,1.00113,1.00113,278.81,,,22.0560,,0.0,,0.3415,22.0000,11.3,11.3,11.3,11.3,11.3,11.3,,,,,,,,,,,,,3.594,0.300,3.595,3.920,3.594,,,,,,,,3.434,0.0,0.0,0.0,0.0,0.0,18.375,14.484,,0.0,0.7793,37.195,30.865,30.865,37.195,1.030,0.000,,,,,0.98405,,64,,,,,,230.04,,,,,,,230.04,,,,672.8,,,,,,,,,,,1330.6,,,,,,0.410,100.000,,,,,,2600.47,,2606.02,2679.92,,,230.63,112.73,,,,,,,,,,,,,0.410,0.000,64,2,2,,,,,,,,216,0,,,,,,,,,38.359,,173.55,173.82,,,,
434.797,,0,0,0,256,0,0,0,0,0,0,0,0,1,0,0,0,0,0,,,,,,,,,,,,,,,,,,,,,,6030.5,,,,,1447.1,,,,1.00113,1.00113,279.70,,,21.8940,,0.0,,0.3615,22.0000,11.3,11.3,11.3,11.3,11.3,11.3,,,,,,,,,,,,,3.902,0.300,3.595,3.920,3.901,,,,,,,,3.456,0.0,0.0,0.0,0.0,0.0,18.359,14.344,,0.0,0.7773,37.245,30.805,30.805,37.245,1.030,0.000,,,,,0.98448,,64,,,,,,230.18,,,,,,,230.18,,,,673.7,,,,,,,,,,,1329.7,,,,,,0.410,100.000,,,,,,2599.30,,2595.47,2679.77,,,230.72,113.53,,,,,,,,,,,,,0.410,0.000,64,2,2,,,,,,,,216,0,,,,,,,,,38.225,,174.01,173.67,,,,
434.807,,0,0,0,256,0,0,0,0,0,0,0,0,1,0,0,0,0,0,,,,,,,,,,,,,,,,,,,,,,6020.0,,,,,1447.1,,,,1.00113,1.00113,280.45,,,21.8860,,0.0,,0.3625,22.0000,11.3,11.3,11.3,11.3,11.3,11.3,,,,,,,,,,,,,3.902,0.300,3.595,3.920,3.901,,,,,,,,3.480,0.0,0.0,0.0,0.0,0.0,18.188,14.688,,0.0,0.7756,37.185,30.930,30.930,37.185,1.030,0.000,,,,,0.98417,,64,,,,,,230.13,,,,,,,230.13,,,,673.7,,,,,,,,,,,1329.6,,,,,,0.410,100.000,,,,,,2598.83,,2605.00,2684.06,,,230.72,114.33,,,,,,,,,,,,,0.410,0.000,64,2,2,,,,,,,,216,0,,,,,,,,,38.274,,174.01,173.67,,,,
434.820,,0,0,0,256,0,0,0,0,0,0,0,0,1,0,0,0,0,0,,,,,,,,,,,,,,,,,,,,,,6020.0,,,,,1448.6,,,,1.00113,1.00113,280.08,,,21.7640,,0.0,,0.3785,22.0000,11.3,11.3,11.3,11.3,11.3,11.3,,,,,,,,,,,,,3.908,0.300,3.595,3.920,3.912,,,,,,,,3.473,0.0,0.0,0.0,0.0,0.0,18.234,14.563,,0.0,0.7756,37.310,31.080,31.080,37.310,1.220,0.000,,,,,0.98375,,64,,,,,,229.95,,,,,,,229.95,,,,675.0,,,,,,,,,,,1330.6,,,,,,0.410,100.000,,,,,,2597.81,,2593.36,2685.70,,,230.77,114.19,,,,,,,,,,,,,0.410,0.000,64,2,2,,,,,,,,216,0,,,,,,,,,38.214,,173.82,174.08,,,,
434.831,,0,0,0,256,0,0,0,0,0,0,0,0,1,0,0,0,0,0,,,,,,,,,,,,,,,,,,,,,,6024.5,,,,,1448.6,,,,1.00113,1.00113,279.89,,,21.8480,,0.0,,0.3685,22.0000,11.3,11.3,11.3,11.3,11.3,11.3,,,,,,,,,,,,,3.908,0.300,3.898,3.466,3.912,,,,,,,,3.470,0.0,0.0,0.0,0.0,0.0,18.219,14.641,,0.0,0.7793,37.460,31.135,31.135,37.460,1.220,0.000,,,,,0.98362,,64,,,,,,229.80,,,,,,,229.80,,,,675.0,,,,,,,,,,,1326.6,,,,,,0.410,100.000,,,,,,2596.56,,2597.58,2684.22,,,230.77,114.09,,,,,,,,,,,,,0.410,0.000,64,2,2,,,,,,,,216,0,,,,,,,,,38.530,,173.82,174.08,,,,
434.844,,0,0,0,256,0,0,0,0,0,0,0,0,1,0,0,0,0,0,,,,,,,,,,,,,,,,,,,,,,6027.5,,,,,1450.0,,,,1.00113,1.00113,280.27,,,21.7540,,0.0,,0.3805,22.0000,11.3,11.3,11.3,11.3,11.3,11.3,,,,,,,,,,,,,3.920,0.300,3.898,3.466,3.923,,,,,,,,3.466,0.0,0.0,0.0,0.0,0.0,18.266,14.500,,0.0,0.7771,37.515,31.085,31.085,37.515,1.220,0.000,,,,,0.98405,,64,,,,,,230.16,,,,,,,230.16,,,,675.1,,,,,,,,,,,1327.0,,,,,,0.410,100.000,,,,,,2595.00,,2592.34,2678.05,,,230.53,114.19,,,,,,,,,,,,,0.410,0.000,64,2,2,,,,,,,,216,0,,,,,,,,,38.680,,174.52,174.21,,,,
434.857,11.3,0,0,0,256,0,0,0,0,0,0,0,0,1,0,0,0,0,0,991.9,991.8,999.9,10.0,0.0,0.0,0.03,1,0,0.996,0.996,-0.1,-0.1,2.593,0.00,1000.0,1000.0,1000.0,1059.4,1000.0,980.94,6035.0,42.980,493.6,0.0,10.0,1451.0,0.03048,0.00,0.00,1.00113,1.00113,281.02,4,47.0,21.7720,0.0200,0.0,58.7,0.3795,22.0000,11.3,11.3,11.3,11.3,11.3,11.3,11.3,2.3,0.00,0.00470,0,0,0,1,98,98,98,98,3.935,0.300,3.898,3.466,3.932,991.8,1000.0,1000.0,991.8,1000.0,0.0,18.74,3.480,0.0,0.0,0.0,0.0,0.0,18.297,14.391,0.0,0.0,0.7820,37.255,30.940,30.940,37.255,1.220,0.000,0.7813,0.7813,0.0000,1047.8,0.98442,0.104557,64,38.170,1059.4,0.0,1000.0,1000.0,230.48,238.52,603.7,0.99942,1535.98,400.01,0.99939,230.48,400.01,238.50,238.50,675.4,-200.0,77.6,72.93,72.932,1923.6,784.5,750.0,984.5,398.09,0.0,1334.4,60.449,0.0,0,991.9,991.9,0.410,100.000,923.01,0,2.1854,0.711,1013.01,2594.14,90.00,2592.34,2684.06,2684.06,105.14,231.09,114.56,354.75,390.75,100.0,0,32.15,33.8,94.5,61.5,36,0,91.84,22.5,0.410,0.000,64,2,2,991.8,1059.5,991.8,991.9,1000.0,1059.6,604.0,216,0,60.379,60.268,1000.0,2000.0,61.708,99.077,100.000,60.327,38.495,12.7,174.08,174.27,173.36,173.29,0.0,0.60
434.867,,0,0,0,256,0,0,0,0,0,0,0,0,1,0,0,0,0,0,,,,,,,,,,,,,,,,,,,,,,6039.5,,,,,1451.0,,,,1.00113,1.00113,281.16,,,21.8000,,0.0,,0.3765,22.0000,11.3,11.3,11.3,11.3,11.3,11.3,,,,,,,,,,,,,3.935,0.300,3.898,3.466,3.932,,,,,,,,3.484,0.0,0.0,0.0,0.0,0.0,18.250,14.453,,0.0,0.7815,37.320,31.100,31.100,37.320,1.220,0.000,,,,,0.98445,,64,,,,,,230.44,,,,,,,230.44,,,,675.4,,,,,,,,,,,1335.0,,,,,,0.410,100.000,,,,,,2593.67,,2601.80,2683.20,,,231.09,114.70,,,,,,,,,,,,,0.410,0.000,64,2,2,,,,,,,,216,0,,,,,,,,,38.474,,174.08,174.27,,,,
434.877,,0,0,0,256,0,0,0,0,0,0,0,0,1,0,0,0,0,0,,,,,,,,,,,,,,,,,,,,,,6065.5,,,,,1456.4,,,,1.00113,1.00113,281.63,,,21.7540,,0.0,,0.3825,22.0000,11.3,11.3,11.3,11.3,11.3,11.3,,,,,,,,,,,,,3.937,0.300,3.898,3.466,3.930,,,,,,,,3.489,0.0,0.0,0.0,0.0,0.0,18.203,14.531,,0.0,0.7813,37.480,31.070,31.070,37.480,1.220,0.000,,,,,0.98439,,64,,,,,,230.84,,,,,,,230.84,,,,675.7,,,,,,,,,,,1339.2,,,,,,0.410,100.000,,,,,,2592.66,,2590.23,2682.73,,,231.28,114.89,,,,,,,,,,,,,0.410,0.000,64,2,2,,,,,,,,216,0,,,,,,,,,38.539,,174.81,174.59,,,,
434.887,,0,0,0,256,0,0,0,0,0,0,0,0,1,0,0,0,0,0,,,,,,,,,,,,,,,,,,,,,,6051.5,,,,,1456.4,,,,1.00113,1.00113,281.53,,,21.8200,,0.0,,0.3745,22.0000,11.3,11.3,11.3,11.3,11.3,11.3,,,,,,,,,,,,,3.937,0.300,3.898,3.466,3.930,,,,,,,,3.492,0.0,0.0,0.0,0.0,0.0,18.281,14.656,,0.0,0.7837,37.450,31.055,31.055,37.450,1.220,0.000,,,,,0.98436,,64,,,,,,230.72,,,,,,,230.72,,,,675.7,,,,,,,,,,,1339.2,,,,,,0.410,100.000,,,,,,2591.64,,2595.47,2678.83,,,231.28,114.98,,,,,,,,,,,,,0.410,0.000,64,2,2,,,,,,,,216,0,,,,,,,,,38.699,,174.81,174.59,,,,
434.897,,0,0,0,256,0,0,0,0,0,0,0,0,1,0,0,0,0,0,,,,,,,,,,,,,,,,,,,,,,6056.0,,,,,1462.0,,,,1.00113,1.00113,281.67,,,21.7720,,0.0,,0.3810,22.0000,11.3,11.3,11.3,11.3,11.3,11.3,,,,,,,,,,,,,3.939,0.300,3.898,3.466,3.932,,,,,,,,3.492,0.0,0.0,0.0,0.0,0.0,18.313,14.797,,0.0,0.7837,37.435,30.920,30.920,37.435,1.220,0.000,,,,,0.98475,,64,,,,,,230.93,,,,,,,230.93,,,,675.3,,,,,,,,,,,1342.0,,,,,,0.410,100.000,,,,,,2590.70,,2588.13,2680.16,,,230.95,114.84,,,,,,,,,,,,,0.410,0.000,64,2,2,,,,,,,,216,0,,,,,,,,,38.669,,174.46,174.66,,,,
434.907,,0,0,0,256,0,0,0,0,0,0,0,0,1,0,0,0,0,0,,,,,,,,,,,,,,,,,,,,,,6051.5,,,,,1462.0,,,,1.00113,1.00113,281.95,,,21.7260,,0.0,,0.3870,22.0000,11.3,11.3,11.3,11.3,11.3,11.3,,,,,,,,,,,,,3.939,0.300,3.898,3.466,3.932,,,,,,,,3.501,0.0,0.0,0.0,0.0,0.0,18.359,14.828,,0.0,0.7847,37.300,31.125,31.125,37.300,1.220,0.000,,,,,0.98484,,64,,,,,,230.91,,,,,,,230.91,,,,675.3,,,,,,,,,,,1341.0,,,,,,0.410,100.000,,,,,,2590.39,,2596.56,2684.06,,,230.95,115.13,,,,,,,,,,,,,0.410,0.000,64,2,2,,,,,,,,216,0,,,,,,,,,38.654,,174.46,174.66,,,,
434.920,,0,0,0,256,0,0,0,0,0,0,0,0,1,0,0,0,0,0,,,,,,,,,,,,,,,,,,,,,,6050.0,,,,,1458.6,,,,1.00113,1.00113,281.48,,,21.8480,,0.0,,0.3725,22.0000,11.3,11.3,11.3,11.3,11.3,11.3,,,,,,,,,,,,,3.936,0.300,3.898,3.466,3.939,,,,,,,,3.495,0.0,0.0,0.0,0.0,0.0,18.359,14.875,,0.0,0.7800,37.505,31.260,31.260,37.505,1.430,0.000,,,,,0.98515,,64,,,,,,230.30,,,,,,,230.30,,,,674.2,,,,,,,,,,,1331.4,,,,,,0.410,100.000,,,,,,2588.91,,2585.00,2688.28,,,231.19,115.03,,,,,,,,,,,,,0.410,0.000,64,2,2,,,,,,,,216,0,,,,,,,,,38.519,,175.26,174.93,,,,
434.931,,0,0,0,256,0,0,0,0,0,0,0,0,1,0,0,0,0,0,,,,,,,,,,,,,,,,,,,,,,6053.0,,,,,1458.6,,,,1.00113,1.00113,280.55,,,21.8200,,0.0,,0.3760,22.0000,11.3,11.3,11.3,11.3,11.3,11.3,,,,,,,,,,,,,3.936,0.300,3.931,3.492,3.939,,,,,,,,3.478,0.0,0.0,0.0,0.0,0.0,18.406,14.891,,0.0,0.7803,37.640,31.410,31.410,37.640,1.430,0.000,,,,,0.98457,,64,,,,,,229.99,,,,,,,229.99,,,,674.2,,,,,,,,,,,1332.3,,,,,,0.410,100.000,,,,,,2587.58,,2590.23,2688.59,,,231.19,114.47,,,,,,,,,,,,,0.410,0.000,64,2,2,,,,,,,,216,0,,,,,,,,,38.934,,175.26,174.93,,,,
434.944,,0,0,0,256,0,0,0,0,0,0,0,0,1,0,0,0,0,0,,,,,,,,,,,,,,,,,,,,,,6057.5,,,,,1453.6,,,,1.00113,1.00113,280.45,,,21.8100,,0.0,,0.3775,22.0000,11.3,11.3,11.3,11.3,11.3,11.3,,,,,,,,,,,,,3.919,0.300,3.931,3.492,3.921,,,,,,,,3.481,0.0,0.0,0.0,0.0,0.0,18.391,14.906,,0.0,0.7795,37.790,31.420,31.420,37.790,1.650,0.000,,,,,0.98460,,64,,,,,,229.85,,,,,,,229.85,,,,673.0,,,,,,,,,,,1331.9,,,,,,0.410,100.000,,,,,,2586.17,,2581.80,2689.61,,,230.27,114.47,,,,,,,,,,,,,0.410,0.000,64,2,2,,,,,,,,216,0,,,,,,,,,39.069,,175.13,175.47,,,,
434.958,11.3,0,0,0,256,0,0,0,0,0,0,0,0,1,0,0,0,0,0,992.3,992.3,1000.0,10.0,0.0,0.0,0.03,1,0,0.996,0.996,0.0,0.0,2.687,-0.01,1000.0,1000.0,1000.0,1059.2,1000.0,981.34,6084.0,42.980,493.6,0.0,10.0,1458.2,0.03036,0.00,0.00,1.00113,1.00113,280.88,4,47.0,21.8380,0.2280,0.0,61.9,0.3745,22.0000,11.3,11.3,11.3,11.3,11.3,11.3,11.3,2.3,0.00,0.00021,0,0,0,1,98,98,98,98,3.914,0.300,3.931,3.492,3.918,992.3,1000.0,1000.0,992.3,1000.0,0.0,18.74,3.501,0.0,0.0,0.0,0.0,0.0,18.453,14.875,0.0,0.0,0.7771,37.835,31.485,31.485,37.835,1.650,0.000,0.7813,0.7813,0.0000,1145.8,0.98466,0.105038,64,38.495,1059.2,0.0,1000.0,1000.0,229.85,239.95,603.6,0.99942,1535.98,400.01,0.99939,229.85,400.01,239.93,239.93,672.0,-200.0,74.6,72.58,72.582,1927.2,779.9,750.0,979.9,397.85,0.0,1334.2,60.503,0.0,0,992.3,992.3,0.410,100.000,923.01,0,2.1838,0.715,1013.01,2583.44,90.00,2578.67,2684.06,2684.06,94.50,230.41,114.84,356.25,390.75,99.6,0,32.15,33.8,94.5,61.5,36,0,91.84,21.8,0.410,0.000,64,2,2,992.3,1059.4,992.3,992.3,1000.0,1059.4,603.1,216,0,60.362,60.362,1000.0,2000.0,61.871,99.127,100.000,60.248,39.449,12.7,175.39,175.20,174.46,175.07,0.0,1.18
434.969,,0,0,0,256,0,0,0,0,0,0,0,0,1,0,0,0,0,0,,,,,,,,,,,,,,,,,,,,,,6088.5,,,,,1458.2,,,,1.00113,1.00113,280.69,,,21.7720,,0.0,,0.3835,22.0000,11.3,11.3,11.3,11.3,11.3,11.3,,,,,,,,,,,,,3.914,0.300,3.931,3.492,3.918,,,,,,,,3.488,0.0,0.0,0.0,0.0,0.0,18.563,14.906,,0.0,0.7759,37.865,31.370,31.370,37.865,1.430,0.000,,,,,0.98408,,64,,,,,,230.20,,,,,,,230.20,,,,672.0,,,,,,,,,,,1341.8,,,,,,0.410,100.000,,,,,,2583.13,,2590.23,2680.86,,,230.41,114.42,,,,,,,,,,,,,0.410,0.000,64,2,2,,,,,,,,216,0,,,,,,,,,39.484,,175.39,175.20,,,,
434.977,,0,0,0,256,0,0,0,0,0,0,0,0,1,0,0,0,0,0,,,,,,,,,,,,,,,,,,,,,,6084.0,,,,,1463.2,,,,1.00113,1.00113,280.59,,,21.8480,,0.0,,0.3745,22.0000,11.3,11.3,11.3,11.3,11.3,11.3,,,,,,,,,,,,,3.929,0.300,3.931,3.492,3.917,,,,,,,,3.495,0.0,0.0,0.0,0.0,0.0,18.641,14.922,,0.0,0.7759,37.750,31.260,31.260,37.750,1.650,0.000,,,,,0.98381,,64,,,,,,230.02,,,,,,,230.02,,,,670.6,,,,,,,,,,,1337.3,,,,,,0.410,100.000,,,,,,2581.33,,2580.78,2680.94,,,231.05,114.56,,,,,,,,,,,,,0.410,0.000,64,2,2,,,,,,,,216,0,,,,,,,,,39.294,,175.39,175.66,,,,
434.988,,0,0,0,256,0,0,0,0,0,0,0,0,1,0,0,0,0,0,,,,,,,,,,,,,,,,,,,,,,6088.5,,,,,1463.2,,,,1.00131,1.00131,281.11,,,21.8000,,0.0,,0.3810,22.0000,11.3,11.3,11.3,11.3,11.3,11.3,,,,,,,,,,,,,3.929,0.300,3.931,3.492,3.917,,,,,,,,3.507,0.0,0.0,0.0,0.0,0.0,18.781,14.938,,0.0,0.7769,37.640,31.260,31.260,37.640,1.430,0.000,,,,,0.98362,,64,,,,,,230.20,,,,,,,230.20,,,,670.6,,,,,,,,,,,1340.9,,,,,,0.410,100.000,,,,,,2581.02,,2588.13,2681.09,,,231.05,114.94,,,,,,,,,,,,,0.410,0.000,64,2,2,,,,,,,,216,0,,,,,,,,,39.400,,175.39,175.66,,,,
434.997,,0,0,0,256,0,0,0,0,0,0,0,0,1,0,0,0,0,0,,,,,,,,,,,,,,,,,,,,,,6079.0,,,,,1463.4,,,,1.00131,1.00131,280.92,,,21.7920,,0.0,,0.3820,22.0000,11.3,11.3,11.3,11.3,11.3,11.3,,,,,,,,,,,,,3.922,0.300,3.931,3.492,3.923,,,,,,,,3.512,0.0,0.0,0.0,0.0,0.0,18.797,14.859,,0.0,0.7749,37.640,31.265,31.265,37.640,1.430,0.000,,,,,0.98362,,64,,,,,,230.09,,,,,,,230.09,,,,670.3,,,,,,,,,,,1338.9,,,,,,0.410,100.000,,,,,,2580.00,,2581.80,2680.00,,,230.98,114.89,,,,,,,,,,,,,0.410,0.000,64,2,2,,,,,,,,216,0,,,,,,,,,39.069,,175.80,175.66,,,,
435.007,,0,0,0,256,0,0,0,0,0,0,0,0,1,0,0,0,0,0,,,,,,,,,,,,,,,,,,,,,,6076.0,,,,,1463.4,,,,1.00131,1.00131,280.59,,,21.8940,,0.0,,0.3695,22.0000,11.3,11.3,11.3,11.3,11.3,11.3,,,,,,,,,,,,,3.922,0.300,3.931,3.492,3.923,,,,,,,,3.508,0.0,0.0,0.0,0.0,0.0,18.875,14.797,,0.0,0.7764,37.645,31.280,31.280,37.645,1.430,0.000,,,,,0.98317,,64,,,,,,229.92,,,,,,,229.92,,,,670.3,,,,,,,,,,,1339.8,,,,,,0.410,100.000,,,,,,2579.38,,2588.13,2683.98,,,230.98,114.75,,,,,,,,,,,,,0.410,0.000,64,2,2,,,,,,,,216,0,,,,,,,,,39.069,,175.80,175.66,,,,
435.020,,0,0,0,256,0,0,0,0,0,0,0,0,1,0,0,0,0,0,,,,,,,,,,,,,,,,,,,,,,6077.5,,,,,1458.6,,,,1.00131,1.00131,280.55,,,21.8000,,0.0,,0.3820,22.0000,11.3,11.3,11.3,11.3,11.3,11.3,,,,,,,,,,,,,3.907,0.300,3.931,3.492,3.918,,,,,,,,3.511,0.0,0.0,0.0,0.0,0.0,18.906,14.703,,0.0,0.7737,37.660,31.420,31.420,37.660,1.650,0.000,,,,,0.98323,,64,,,,,,229.78,,,,,,,229.78,,,,669.2,,,,,,,,,,,1334.9,,,,,,0.410,100.000,,,,,,2577.89,,2578.67,2685.55,,,230.86,114.80,,,,,,,,,,,,,0.410,0.000,64,2,2,,,,,,,,216,0,,,,,,,,,39.075,,175.59,175.66,,,,
435.030,,0,0,0,256,0,0,0,0,0,0,0,0,1,0,0,0,0,0,,,,,,,,,,,,,,,,,,,,,,6077.5,,,,,1458.6,,,,1.00131,1.00131,279.89,,,21.8580,,0.0,,0.3745,22.0000,11.3,11.3,11.3,11.3,11.3,11.3,,,,,,,,,,,,,3.907,0.300,3.907,3.510,3.918,,,,,,,,3.502,0.0,0.0,0.0,0.0,0.0,19.047,14.672,,0.0,0.7769,37.800,31.480,31.480,37.800,1.430,0.000,,,,,0.98262,,64,,,,,,229.43,,,,,,,229.43,,,,669.2,,,,,,,,,,,1336.4,,,,,,0.410,100.000,,,,,,2577.50,,2586.02,2684.77,,,230.86,114.52,,,,,,,,,,,,,0.410,0.000,64,2,2,,,,,,,,216,0,,,,,,,,,39.310,,175.59,175.66,,,,
435.041,,0,0,0,256,0,0,0,0,0,0,0,0,1,0,0,0,0,0,,,,,,,,,,,,,,,,,,,,,,6079.0,,,,,1455.8,,,,1.00131,1.00131,280.17,,,21.8860,,0.0,,0.3715,22.0000,11.3,11.3,11.3,11.3,11.3,11.3,,,,,,,,,,,,,3.908,0.300,3.907,3.510,3.901,,,,,,,,3.508,0.0,0.0,0.0,0.0,0.0,19.156,14.641,,0.0,0.7737,37.860,31.450,31.450,37.860,2.095,0.000,,,,,0.98292,,64,,,,,,229.31,,,,,,,229.31,,,,668.8,,,,,,,,,,,1333.8,,,,,,0.410,100.000,,,,,,2576.41,,2574.45,2687.97,,,230.32,114.70,,,,,,,,,,,,,0.410,0.000,64,2,2,,,,,,,,216,0,,,,,,,,,39.229,,176.14,176.07,,,,
435.051,11.3,0,0,0,256,0,0,0,0,0,0,0,0,1,0,0,0,0,0,992.1,992.1,1000.0,10.0,0.0,0.0,0.06,1,0,0.996,0.996,0.0,0.0,2.656,0.00,1000.0,1000.0,1000.0,1058.8,1000.0,981.74,6087.0,42.980,493.9,0.0,10.0,1455.8,0.03040,0.00,0.00,1.00131,1.00131,279.75,4,47.0,21.8380,0.1620,0.0,61.6,0.3775,22.0000,11.3,11.3,11.3,11.3,11.3,11.3,11.3,2.3,0.00,0.00021,0,0,0,1,98,98,98,98,3.908,0.300,3.907,3.510,3.901,992.1,1000.0,1000.0,992.1,1000.0,0.0,18.74,3.498,0.0,0.0,0.0,0.0,0.0,19.313,14.609,0.0,0.0,0.7769,37.830,31.565,31.565,37.830,2.095,0.000,0.7813,0.7813,0.0000,1152.0,0.98225,0.105258,64,39.450,1058.8,0.0,1000.0,1000.0,229.45,240.40,603.4,0.99942,1535.98,400.01,0.99939,229.45,400.01,240.38,240.38,668.8,-200.0,78.0,73.37,73.380,1940.2,790.4,750.0,990.4,396.05,0.0,1338.5,60.411,0.0,0,992.1,992.1,0.410,100.000,923.01,0,2.1825,0.719,1013.01,2576.41,90.00,2579.69,2683.83,2684.06,94.22,230.32,114.38,356.25,390.75,99.6,0,32.24,33.8,94.5,61.5,36,0,91.84,21.8,0.410,0.000,64,2,2,992.1,1058.7,992.1,992.1,1000.0,1058.7,603.5,216,0,60.342,60.342,1000.0,2000.0,62.161,99.107,100.000,60.288,39.954,12.6,176.14,176.07,174.95,175.47,0.0,0.71
435.057,,0,0,0,256,0,0,0,0,0,0,0,0,1,0,0,0,0,0,,,,,,,,,,,,,,,,,,,,,,6099.5,,,,,1459.1,,,,1.00131,1.00131,279.89,,,21.7820,,0.0,,0.3850,22.0000,11.3,11.3,11.3,11.3,11.3,11.3,,,,,,,,,,,,,3.907,0.300,3.907,3.510,3.908,,,,,,,,3.510,0.0,0.0,0.0,0.0,0.0,19.406,14.563,,0.0,0.7756,37.945,31.495,31.495,37.945,2.095,0.000,,,,,0.98256,,64,,,,,,229.38,,,,,,,229.38,,,,668.1,,,,,,,,,,,1339.2,,,,,,0.410,100.000,,,,,,2575.70,,2573.36,2684.06,,,229.69,114.52,,,,,,,,,,,,,0.410,0.000,64,2,2,,,,,,,,216,0,,,,,,,,,39.925,,175.80,175.80,,,,
435.067,,0,0,0,256,0,0,0,0,0,0,0,0,1,0,0,0,0,0,,,,,,,,,,,,,,,,,,,,,,6113.5,,,,,1459.1,,,,1.00131,1.00131,279.56,,,21.8760,,0.0,,0.3740,22.0000,11.3,11.3,11.3,11.3,11.3,11.3,,,,,,,,,,,,,3.907,0.300,3.907,3.510,3.908,,,,,,,,3.510,0.0,0.0,0.0,0.0,0.0,19.547,14.516,,0.0,0.7781,37.875,31.505,31.505,37.875,1.650,0.000,,,,,0.98222,,64,,,,,,229.03,,,,,,,229.03,,,,668.1,,,,,,,,,,,1343.0,,,,,,0.410,100.000,,,,,,2574.77,,2580.78,2685.86,,,229.69,114.52,,,,,,,,,,,,,0.410,0.000,64,2,2,,,,,,,,216,0,,,,,,,,,40.039,,175.80,175.80,,,,
435.077,,0,0,0,256,0,0,0,0,0,0,0,0,1,0,0,0,0,0,,,,,,,,,,,,,,,,,,,,,,6111.5,,,,,1461.3,,,,1.00131,1.00131,278.95,,,21.8200,,0.0,,0.3810,22.0000,11.3,11.3,11.3,11.3,11.3,11.3,,,,,,,,,,,,,3.891,0.300,3.907,3.510,3.900,,,,,,,,3.506,0.0,0.0,0.0,0.0,0.0,19.563,14.375,,0.0,0.7732,37.885,31.570,31.570,37.885,2.095,0.000,,,,,0.98244,,64,,,,,,228.52,,,,,,,228.52,,,,667.8,,,,,,,,,,,1336.4,,,,,,0.410,100.000,,,,,,2572.66,,2574.45,2685.86,,,229.55,114.23,,,,,,,,,,,,,0.410,0.000,64,2,2,,,,,,,,216,0,,,,,,,,,39.525,,176.34,176.34,,,,
435.088,,0,0,0,256,0,0,0,0,0,0,0,0,1,0,0,0,0,0,,,,,,,,,,,,,,,,,,,,,,6108.5,,,,,1461.3,,,,1.00131,1.00131,278.91,,,21.8860,,0.0,,0.3730,22.0000,11.3,11.3,11.3,11.3,11.3,11.3,,,,,,,,,,,,,3.891,0.300,3.907,3.510,3.900,,,,,,,,3.506,0.0,0.0,0.0,0.0,0.0,19.641,14.281,,0.0,0.7764,37.950,31.570,31.570,37.950,1.650,0.000,,,,,0.98161,,64,,,,,,228.61,,,,,,,228.61,,,,667.8,,,,,,,,,,,1341.2,,,,,,0.410,100.000,,,,,,2573.59,,2582.89,2689.53,,,229.55,114.23,,,,,,,,,,,,,0.410,0.000,64,2,2,,,,,,,,216,0,,,,,,,,,39.980,,176.34,176.34,,,,
435.099,,0,0,0,256,0,0,0,0,0,0,0,0,1,0,0,0,0,0,,,,,,,,,,,,,,,,,,,,,,6115.0,,,,,1459.1,,,,1.00131,1.00131,278.77,,,21.9040,,0.0,,0.3710,22.0000,11.3,11.3,11.3,11.3,11.3,11.3,,,,,,,,,,,,,3.883,0.300,3.907,3.510,3.884,,,,,,,,3.505,0.0,0.0,0.0,0.0,0.0,19.656,14.188,,0.0,0.7798,37.950,31.700,31.700,37.950,2.095,0.000,,,,,0.98183,,64,,,,,,228.52,,,,,,,228.52,,,,668.6,,,,,,,,,,,1335.4,,,,,,0.410,100.000,,,,,,2572.42,,2571.25,2688.59,,,229.20,114.14,,,,,,,,,,,,,0.410,0.000,64,2,2,,,,,,,,216,0,,,,,,,,,39.600,,176.53,176.81,,,,
435.107,,0,0,0,256,0,0,0,0,0,0,0,0,1,0,0,0,0,0,,,,,,,,,,,,,,,,,,,,,,6119.5,,,,,1459.1,,,,1.00131,1.00131,279.09,,,21.8760,,0.0,,0.3750,22.0000,11.3,11.3,11.3,11.3,11.3,11.3,,,,,,,,,,,,,3.883,0.300,3.907,3.510,3.884,,,,,,,,3.509,0.0,0.0,0.0,0.0,0.0,19.719,14.125,,0.0,0.7769,38.080,31.850,31.850,38.080,1.650,0.000,,,,,0.98222,,64,,,,,,228.68,,,,,,,228.68,,,,668.6,,,,,,,,,,,1345.2,,,,,,0.410,100.000,,,,,,2573.83,,2579.69,2684.14,,,229.20,114.28,,,,,,,,,,,,,0.410,0.000,64,2,2,,,,,,,,216,0,,,,,,,,,40.044,,176.53,176.81,,,,
435.120,,0,0,0,256,0,0,0,0,0,0,0,0,1,0,0,0,0,0,,,,,,,,,,,,,,,,,,,,,,6115.0,,,,,1459.5,,,,1.00131,1.00131,278.25,,,21.9520,,0.0,,0.3655,22.0000,11.3,11.3,11.3,11.3,11.3,11.3,,,,,,,,,,,,,3.877,0.300,3.907,3.510,3.878,,,,,,,,3.501,0.0,0.0,0.0,0.0,0.0,19.766,14.078,,0.0,0.7810,38.230,31.685,31.685,38.230,2.095,0.000,,,,,0.98173,,64,,,,,,228.16,,,,,,,228.16,,,,670.6,,,,,,,,,,,1337.4,,,,,,0.410,100.000,,,,,,2572.50,,2573.36,2687.73,,,228.75,113.95,,,,,,,,,,,,,0.410,0.000,64,2,2,,,,,,,,216,0,,,,,,,,,39.729,,177.01,176.67,,,,
435.131,,0,0,0,256,0,0,0,0,0,0,0,0,1,0,0,0,0,0,,,,,,,,,,,,,,,,,,,,,,6116.5,,,,,1459.5,,,,1.00131,1.00131,278.81,,,21.8660,,0.0,,0.3760,22.0000,11.3,11.3,11.3,11.3,11.3,11.3,,,,,,,,,,,,,3.877,0.300,3.877,3.501,3.878,,,,,,,,3.511,0.0,0.0,0.0,0.0,0.0,19.828,14.047,,0.0,0.7756,38.065,31.815,31.815,38.065,1.650,0.000,,,,,0.98225,,64,,,,,,228.33,,,,,,,228.33,,,,670.6,,,,,,,,,,,1343.0,,,,,,0.410,100.000,,,,,,2573.98,,2578.67,2687.66,,,228.75,114.28,,,,,,,,,,,,,0.410,0.000,64,2,2,,,,,,,,216,0,,,,,,,,,40.324,,177.01,176.67,,,,
435.144,,0,0,0,256,0,0,0,0,0,0,0,0,1,0,0,0,0,0,,,,,,,,,,,,,,,,,,,,,,6135.0,,,,,1459.7,,,,1.00131,1.00131,277.78,,,21.8200,,0.0,,0.3825,22.0000,11.3,11.3,11.3,11.3,11.3,11.3,,,,,,,,,,,,,3.874,0.300,3.877,3.501,3.877,,,,,,,,3.487,0.0,0.0,0.0,0.0,0.0,19.797,14.000,,0.0,0.7778,38.195,31.815,31.815,38.195,2.095,0.000,,,,,0.98137,,64,,,,,,227.74,,,,,,,227.74,,,,671.3,,,,,,,,,,,1336.2,,,,,,0.410,100.000,,,,,,2571.09,,2569.14,2687.89,,,228.30,113.81,,,,,,,,,,,,,0.410,0.000,64,2,2,,,,,,,,216,0,,,,,,,,,39.714,,176.74,177.08,,,,
435.157,11.3,0,0,0,256,0,0,0,0,0,0,0,0,1,0,0,0,0,0,992.0,992.0,1000.0,10.0,0.0,0.0,0.03,1,0,0.996,0.996,0.0,0.0,2.687,0.02,1000.0,1000.0,1000.0,1058.8,1000.0,982.14,6132.0,42.980,492.5,0.0,10.0,1455.6,0.03052,0.00,0.00,1.00131,1.00131,277.17,4,47.0,21.8100,0.2180,0.0,61.7,0.3840,22.0000,11.3,11.3,11.3,11.3,11.3,11.3,11.3,2.3,0.00,0.00021,0,0,0,1,98,98,98,98,3.861,0.300,3.877,3.501,3.863,992.0,1000.0,1000.0,992.0,1000.0,0.0,18.74,3.475,0.0,0.0,0.0,0.0,0.0,19.719,13.844,0.0,0.0,0.7805,38.200,31.935,31.935,38.200,2.095,0.000,0.7813,0.7813,0.0000,1150.3,0.98085,0.105111,64,39.925,1058.8,0.0,1000.0,1000.0,227.34,240.56,602.5,0.99942,1535.98,400.01,0.99939,227.34,400.01,240.54,240.54,670.6,-200.0,81.9,74.32,74.321,1942.1,802.8,750.0,1002.8,396.29,0.0,1332.9,60.306,0.0,0,992.0,992.0,0.410,100.000,923.01,0,2.1815,0.723,1013.01,2569.30,90.00,2569.14,2684.06,2684.06,94.03,227.88,113.58,357.00,390.75,99.6,0,32.45,34.5,94.5,61.5,36,0,91.84,21.8,0.410,0.000,64,2,2,992.0,1058.5,992.0,992.0,1000.0,1058.5,602.9,216,0,60.254,60.254,1000.0,2000.0,62.195,99.098,100.000,60.228,39.844,12.7,177.08,177.22,175.80,176.19,0.0,0.39
435.169,,0,0,0,256,0,0,0,0,0,0,0,0,1,0,0,0,0,0,,,,,,,,,,,,,,,,,,,,,,6124.0,,,,,1455.6,,,,1.00131,1.00131,277.55,,,21.7820,,0.0,,0.3880,22.0000,11.3,11.3,11.3,11.3,11.3,11.3,,,,,,,,,,,,,3.861,0.300,3.877,3.501,3.863,,,,,,,,3.481,0.0,0.0,0.0,0.0,0.0,19.672,13.578,,0.0,0.7764,38.315,31.770,31.770,38.315,1.650,0.000,,,,,0.98161,,64,,,,,,227.44,,,,,,,227.44,,,,670.6,,,,,,,,,,,1337.2,,,,,,0.410,100.000,,,,,,2570.23,,2574.45,2685.39,,,227.88,113.77,,,,,,,,,,,,,0.410,0.000,64,2,2,,,,,,,,216,0,,,,,,,,,40.294,,177.08,177.22,,,,
435.178,,0,0,0,256,0,0,0,0,0,0,0,0,1,0,0,0,0,0,,,,,,,,,,,,,,,,,,,,,,6108.5,,,,,1454.3,,,,1.00131,1.00131,277.31,,,21.9320,,0.0,,0.3695,22.0000,11.3,11.3,11.3,11.3,11.3,11.3,,,,,,,,,,,,,3.877,0.300,3.877,3.501,3.863,,,,,,,,3.482,0.0,0.0,0.0,0.0,0.0,19.500,13.828,,0.0,0.7798,38.150,31.820,31.820,38.150,2.095,0.000,,,,,0.98097,,64,,,,,,227.30,,,,,,,227.30,,,,669.3,,,,,,,,,,,1328.7,,,,,,0.410,100.000,,,,,,2568.91,,2568.13,2682.19,,,227.98,113.63,,,,,,,,,,,,,0.410,0.000,64,2,2,,,,,,,,216,0,,,,,,,,,39.964,,177.15,177.36,,,,
435.188,,0,0,0,256,0,0,0,0,0,0,0,0,1,0,0,0,0,0,,,,,,,,,,,,,,,,,,,,,,6121.0,,,,,1454.3,,,,1.00131,1.00131,277.55,,,21.7920,,0.0,,0.3875,22.0000,11.3,11.3,11.3,11.3,11.3,11.3,,,,,,,,,,,,,3.877,0.300,3.877,3.501,3.878,,,,,,,,3.484,0.0,0.0,0.0,0.0,0.0,19.453,13.641,,0.0,0.7756,38.200,31.700,31.700,38.200,1.650,0.000,,,,,0.98137,,64,,,,,,227.39,,,,,,,227.39,,,,669.3,,,,,,,,,,,1339.7,,,,,,0.410,100.000,,,,,,2570.16,,2574.45,2679.45,,,227.98,113.72,,,,,,,,,,,,,0.410,0.000,64,2,2,,,,,,,,216,0,,,,,,,,,40.244,,177.15,177.36,,,,
435.197,,0,0,0,256,0,0,0,0,0,0,0,0,1,0,0,0,0,0,,,,,,,,,,,,,,,,,,,,,,6126.0,,,,,1453.2,,,,1.00131,1.00131,277.13,,,21.8200,,0.0,,0.3845,22.0000,11.3,11.3,11.3,11.3,11.3,11.3,,,,,,,,,,,,,3.873,0.300,3.877,3.501,3.878,,,,,,,,3.482,0.0,0.0,0.0,0.0,0.0,19.219,13.906,,0.0,0.7793,38.080,31.600,31.600,38.080,1.650,0.000,,,,,0.98073,,64,,,,,,227.30,,,,,,,227.30,,,,668.7,,,,,,,,,,,1334.3,,,,,,0.410,100.000,,,,,,2569.30,,2570.23,2683.05,,,227.91,113.53,,,,,,,,,,,,,0.410,0.000,64,2,2,,,,,,,,216,0,,,,,,,,,39.850,,177.63,177.36,,,,
435.208,,0,0,0,256,0,0,0,0,0,0,0,0,1,0,0,0,0,0,,,,,,,,,,,,,,,,,,,,,,6138.5,,,,,1453.2,,,,1.00131,1.00131,277.22,,,21.8280,,0.0,,0.3840,22.0000,11.3,11.3,11.3,11.3,11.3,11.3,,,,,,,,,,,,,3.873,0.300,3.877,3.501,3.875,,,,,,,,3.484,0.0,0.0,0.0,0.0,0.0,19.188,13.750,,0.0,0.7769,37.980,31.720,31.720,37.980,1.650,0.000,,,,,0.98112,,64,,,,,,227.27,,,,,,,227.27,,,,668.7,,,,,,,,,,,1339.2,,,,,,0.410,100.000,,,,,,2570.16,,2577.58,2683.98,,,227.91,113.58,,,,,,,,,,,,,0.410,0.000,64,2,2,,,,,,,,216,0,,,,,,,,,39.729,,177.63,177.36,,,,
435.220,,0,0,0,256,0,0,0,0,0,0,0,0,1,0,0,0,0,0,,,,,,,,,,,,,,,,,,,,,,6130.5,,,,,1455.0,,,,1.00131,1.00131,276.84,,,21.7720,,0.0,,0.3910,22.0000,11.3,11.3,11.3,11.3,11.3,11.3,,,,,,,,,,,,,3.872,0.300,3.877,3.501,3.875,,,,,,,,3.483,0.0,0.0,0.0,0.0,0.0,18.984,14.063,,0.0,0.7837,38.100,31.755,31.755,38.100,2.095,0.000,,,,,0.98073,,64,,,,,,227.02,,,,,,,227.02,,,,669.5,,,,,,,,,,,1328.4,,,,,,0.410,100.000,,,,,,2567.58,,2572.34,2685.78,,,227.63,113.44,,,,,,,,,,,,,0.410,0.000,64,2,2,,,,,,,,216,0,,,,,,,,,39.629,,177.22,177.42,,,,
435.231,,0,0,0,256,0,0,0,0,0,0,0,0,1,0,0,0,0,0,,,,,,,,,,,,,,,,,,,,,,6149.5,,,,,1455.0,,,,1.00131,1.00131,277.03,,,21.8860,,0.0,,0.3770,22.0000,11.3,11.3,11.3,11.3,11.3,11.3,,,,,,,,,,,,,3.872,0.300,3.872,3.483,3.866,,,,,,,,3.484,0.0,0.0,0.0,0.0,0.0,18.938,13.875,,0.0,0.7805,38.135,31.825,31.825,38.135,1.650,0.000,,,,,0.98173,,64,,,,,,226.99,,,,,,,226.99,,,,669.5,,,,,,,,,,,1341.6,,,,,,0.410,100.000,,,,,,2569.14,,2577.58,2685.08,,,227.63,113.48,,,,,,,,,,,,,0.410,0.000,64,2,2,,,,,,,,216,0,,,,,,,,,40.195,,177.22,177.42,,,,
435.247,11.3,0,0,0,256,0,0,0,0,0,0,0,0,1,0,0,0,0,0,992.2,992.2,1000.0,10.0,0.0,0.0,0.03,1,0,0.996,0.996,0.0,0.0,2.625,0.02,1000.0,1000.0,1000.0,1058.2,1000.0,982.54,6171.5,42.980,493.6,0.0,10.0,1457.5,0.03040,0.00,0.00,1.00131,1.00131,276.75,4,47.0,21.8280,0.1900,0.0,61.2,0.3850,22.0000,11.3,11.3,11.3,11.3,11.3,11.3,11.3,2.3,0.00,0.00021,0,0,0,1,98,98,98,98,3.864,0.300,3.872,3.483,3.856,992.2,1000.0,1000.0,992.2,1000.0,0.0,18.74,3.482,0.0,0.0,0.0,0.0,0.0,18.656,13.922,0.0,0.0,0.7798,38.180,31.965,31.965,38.180,1.650,0.000,0.7813,0.7813,0.0000,1144.1,0.98201,0.104790,64,39.845,1058.2,0.0,1000.0,1000.0,226.66,239.53,599.5,0.99942,1535.98,400.01,0.99939,226.66,400.01,239.51,239.51,670.7,-200.0,79.4,74.04,74.040,1943.3,799.1,750.0,999.1,398.67,0.0,1345.3,60.027,0.0,0,992.2,992.2,0.410,100.000,923.01,0,2.1807,0.727,1013.01,2570.55,90.00,2580.78,2691.64,2684.06,93.23,227.86,113.39,357.00,390.75,100.0,0,32.55,34.5,94.5,61.5,36,0,91.84,21.8,0.410,0.000,64,2,2,992.2,1057.9,992.2,992.2,1000.0,1057.9,600.0,216,0,59.950,59.950,1000.0,2000.0,62.126,99.118,100.000,59.938,40.300,12.7,177.48,177.77,177.08,176.95,0.0,0.27
435.258,,0,0,0,256,0,0,0,0,0,0,0,0,1,0,0,0,0,0,,,,,,,,,,,,,,,,,,,,,,6152.5,,,,,1459.1,,,,1.00131,1.00131,276.66,,,21.8580,,0.0,,0.3815,22.0000,11.3,11.3,11.3,11.3,11.3,11.3,,,,,,,,,,,,,3.857,0.300,3.872,3.483,3.856,,,,,,,,3.476,0.0,0.0,0.0,0.0,0.0,18.438,14.172,,0.0,0.7859,38.345,32.305,32.305,38.345,2.095,0.000,,,,,0.98137,,64,,,,,,226.73,,,,,,,226.73,,,,669.8,,,,,,,,,,,1339.6,,,,,,0.410,100.000,,,,,,2570.86,,2587.11,2684.14,,,227.77,113.34,,,,,,,,,,,,,0.410,0.000,64,2,2,,,,,,,,216,0,,,,,,,,,39.829,,177.63,177.90,,,,
435.268,,0,0,0,256,0,0,0,0,0,0,0,0,1,0,0,0,0,0,,,,,,,,,,,,,,,,,,,,,,6163.5,,,,,1459.1,,,,1.00131,1.00131,277.08,,,21.8200,,0.0,,0.3865,22.0000,11.3,11.3,11.3,11.3,11.3,11.3,,,,,,,,,,,,,3.857,0.300,3.872,3.483,3.868,,,,,,,,3.481,0.0,0.0,0.0,0.0,0.0,18.438,13.969,,0.0,0.7808,38.685,32.020,32.020,38.685,1.430,0.000,,,,,0.98228,,64,,,,,,226.85,,,,,,,226.85,,,,669.8,,,,,,,,,,,1344.1,,,,,,0.410,100.000,,,,,,2572.11,,2585.00,2684.45,,,227.77,113.48,,,,,,,,,,,,,0.410,0.000,64,2,2,,,,,,,,216,0,,,,,,,,,40.439,,177.63,177.90,,,,
435.278,,0,0,0,256,0,0,0,0,0,0,0,0,1,0,0,0,0,0,,,,,,,,,,,,,,,,,,,,,,6163.5,,,,,1461.7,,,,1.00131,1.00131,276.98,,,21.8000,,0.0,,0.3895,22.0000,11.3,11.3,11.3,11.3,11.3,11.3,,,,,,,,,,,,,3.865,0.300,3.872,3.483,3.868,,,,,,,,3.490,0.0,0.0,0.0,0.0,0.0,18.281,14.250,,0.0,0.7847,38.400,32.030,32.030,38.400,1.650,0.000,,,,,0.98164,,64,,,,,,226.85,,,,,,,226.85,,,,668.9,,,,,,,,,,,1339.8,,,,,,0.410,100.000,,,,,,2572.42,,2588.13,2684.22,,,227.77,113.53,,,,,,,,,,,,,0.410,0.000,64,2,2,,,,,,,,216,0,,,,,,,,,40.114,,178.45,178.11,,,,
435.288,,0,0,0,256,0,0,0,0,0,0,0,0,1,0,0,0,0,0,,,,,,,,,,,,,,,,,,,,,,6174.5,,,,,1461.7,,,,1.00131,1.00131,277.31,,,21.8000,,0.0,,0.3900,22.0000,11.3,11.3,11.3,11.3,11.3,11.3,,,,,,,,,,,,,3.865,0.300,3.872,3.483,3.869,,,,,,,,3.494,0.0,0.0,0.0,0.0,0.0,18.375,14.063,,0.0,0.7834,38.410,32.025,32.025,38.410,1.430,0.000,,,,,0.98225,,64,,,,,,226.99,,,,,,,226.99,,,,668.9,,,,,,,,,,,1347.9,,,,,,0.410,100.000,,,,,,2573.83,,2586.02,2684.61,,,227.77,113.67,,,,,,,,,,,,,0.410,0.000,64,2,2,,,,,,,,216,0,,,,,,,,,40.050,,178.45,178.11,,,,
435.298,,0,0,0,256,0,0,0,0,0,0,0,0,1,0,0,0,0,0,,,,,,,,,,,,,,,,,,,,,,6152.5,,,,,1461.2,,,,1.00131,1.00131,277.36,,,21.7640,,0.0,,0.3950,22.0000,11.3,11.3,11.3,11.3,11.3,11.3,,,,,,,,,,,,,3.867,0.300,3.872,3.483,3.869,,,,,,,,3.499,0.0,0.0,0.0,0.0,0.0,18.281,14.359,,0.0,0.7886,38.405,32.040,32.040,38.405,1.650,0.000,,,,,0.98219,,64,,,,,,226.97,,,,,,,226.97,,,,669.5,,,,,,,,,,,1341.0,,,,,,0.410,100.000,,,,,,2574.38,,2588.13,2687.03,,,227.65,113.72,,,,,,,,,,,,,0.410,0.000,64,2,2,,,,,,,,216,0,,,,,,,,,39.839,,178.11,178.17,,,,
435.307,,0,0,0,256,0,0,0,0,0,0,0,0,1,0,0,0,0,0,,,,,,,,,,,,,,,,,,,,,,6178.0,,,,,1461.2,,,,1.00131,1.00131,277.92,,,21.8660,,0.0,,0.3820,22.0000,11.3,11.3,11.3,11.3,11.3,11.3,,,,,,,,,,,,,3.867,0.300,3.872,3.483,3.877,,,,,,,,3.506,0.0,0.0,0.0,0.0,0.0,18.375,14.141,,0.0,0.7847,38.420,32.065,32.065,38.420,1.650,0.000,,,,,0.98308,,64,,,,,,227.13,,,,,,,227.13,,,,669.5,,,,,,,,,,,1349.6,,,,,,0.410,100.000,,,,,,2575.86,,2586.02,2684.06,,,227.65,113.95,,,,,,,,,,,,,0.410,0.000,64,2,2,,,,,,,,216,0,,,,,,,,,40.054,,178.11,178.17,,,,
435.320,,0,0,0,256,0,0,0,0,0,0,0,0,1,0,0,0,0,0,,,,,,,,,,,,,,,,,,,,,,6173.0,,,,,1462.7,,,,1.00131,1.00131,277.50,,,21.8860,,0.0,,0.3800,22.0000,11.3,11.3,11.3,11.3,11.3,11.3,,,,,,,,,,,,,3.873,0.300,3.872,3.483,3.877,,,,,,,,3.501,0.0,0.0,0.0,0.0,0.0,18.250,14.375,,0.0,0.7883,38.445,31.950,31.950,38.445,1.650,0.000,,,,,0.98277,,64,,,,,,226.88,,,,,,,226.88,,,,670.6,,,,,,,,,,,1345.4,,,,,,0.410,100.000,,,,,,2576.41,,2589.22,2686.48,,,227.74,113.77,,,,,,,,,,,,,0.410,0.000,64,2,2,,,,,,,,216,0,,,,,,,,,40.070,,178.38,178.59,,,,
435.331,,0,0,0,256,0,0,0,0,0,0,0,0,1,0,0,0,0,0,,,,,,,,,,,,,,,,,,,,,,6200.0,,,,,1462.7,,,,1.00131,1.00131,277.64,,,21.7820,,0.0,,0.3935,22.0000,11.3,11.3,11.3,11.3,11.3,11.3,,,,,,,,,,,,,3.875,0.300,3.873,3.503,3.877,,,,,,,,3.502,0.0,0.0,0.0,0.0,0.0,18.328,14.141,,0.0,0.7883,38.330,32.040,32.040,38.330,1.430,0.000,,,,,0.98353,,64,,,,,,226.85,,,,,,,226.85,,,,670.6,,,,,,,,,,,1352.3,,,,,,0.410,100.000,,,,,,2577.34,,2583.91,2687.81,,,227.74,113.81,,,,,,,,,,,,,0.410,0.000,64,2,2,,,,,,,,216,0,,,,,,,,,40.094,,178.38,178.59,,,,
435.341,,0,0,0,256,0,0,0,0,0,0,0,0,1,0,0,0,0,0,,,,,,,,,,,,,,,,,,,,,,6179.5,,,,,1468.8,,,,1.00131,1.00131,277.83,,,21.8860,,0.0,,0.3805,22.0000,11.3,11.3,11.3,11.3,11.3,11.3,,,,,,,,,,,,,3.875,0.300,3.873,3.503,3.877,,,,,,,,3.507,0.0,0.0,0.0,0.0,0.0,18.250,14.406,,0.0,0.7930,38.420,32.090,32.090,38.420,1.430,0.000,,,,,0.98375,,64,,,,,,226.95,,,,,,,226.95,,,,669.7,,,,,,,,,,,1350.0,,,,,,0.410,100.000,,,,,,2578.20,,2591.33,2690.55,,,227.65,113.91,,,,,,,,,,,,,0.410,0.000,64,2,2,,,,,,,,216,0,,,,,,,,,39.760,,178.38,178.66,,,,
435.351,11.3,0,0,0,256,0,0,0,0,0,0,0,0,1,0,0,0,0,0,992.3,992.3,1000.0,10.0,0.0,0.0,0.03,1,0,0.996,0.996,0.0,0.0,2.593,0.01,1000.0,1000.0,1000.0,1058.2,1000.0,982.75,6186.0,42.980,493.9,0.0,10.0,1468.8,0.03044,0.00,0.00,1.00131,1.00131,278.39,4,47.0,21.7720,0.1720,0.0,61.1,0.3955,22.0000,11.3,11.3,11.3,11.3,11.3,11.3,11.3,2.3,0.00,0.00021,0,0,0,1,98,98,98,98,3.890,0.300,3.873,3.503,3.889,992.3,1000.0,1000.0,992.3,1000.0,0.0,18.74,3.514,0.0,0.0,0.0,0.0,0.0,18.391,14.188,0.0,0.0,0.7874,38.470,32.195,32.195,38.470,1.650,0.000,0.7813,0.7813,0.0000,1149.8,0.98484,0.104580,64,40.300,1058.2,0.0,1000.0,1000.0,227.16,239.65,598.2,0.99942,1535.98,400.01,0.99939,227.16,400.01,239.63,239.63,669.7,-200.0,79.3,74.17,74.178,1942.8,800.9,750.0,1000.9,399.53,0.0,1346.8,60.042,0.0,0,992.3,992.3,0.410,100.000,923.01,0,2.1805,0.730,1013.01,2578.05,90.00,2581.80,2687.66,2691.64,92.95,227.65,114.14,357.00,390.75,100.0,0,32.55,34.5,94.5,61.5,36,0,91.84,21.8,0.410,0.000,64,2,2,992.3,1057.8,992.3,992.3,1000.0,1057.8,598.7,216,0,59.830,59.830,1000.0,2000.0,62.048,99.127,100.000,59.808,39.850,12.6,178.38,178.66,177.90,177.63,0.0,0.56
435.357,,0,0,0,256,0,0,0,0,0,0,0,0,1,0,0,0,0,0,,,,,,,,,,,,,,,,,,,,,,6178.0,,,,,1467.6,,,,1.00131,1.00131,278.11,,,21.8580,,0.0,,0.3850,22.0000,11.3,11.3,11.3,11.3,11.3,11.3,,,,,,,,,,,,,3.890,0.300,3.873,3.503,3.889,,,,,,,,3.513,0.0,0.0,0.0,0.0,0.0,18.344,14.484,,0.0,0.7866,38.575,32.315,32.315,38.575,1.430,0.000,,,,,0.98433,,64,,,,,,227.09,,,,,,,227.09,,,,668.3,,,,,,,,,,,1346.1,,,,,,0.410,100.000,,,,,,2577.34,,2590.23,2683.98,,,227.63,114.05,,,,,,,,,,,,,0.410,0.000,64,2,2,,,,,,,,216,0,,,,,,,,,40.120,,179.22,178.87,,,,
435.368,,0,0,0,256,0,0,0,0,0,0,0,0,1,0,0,0,0,0,,,,,,,,,,,,,,,,,,,,,,6186.0,,,,,1467.6,,,,1.00131,1.00131,278.02,,,21.7720,,0.0,,0.3960,22.0000,11.3,11.3,11.3,11.3,11.3,11.3,,,,,,,,,,,,,3.886,0.300,3.873,3.503,3.888,,,,,,,,3.512,0.0,0.0,0.0,0.0,0.0,18.516,14.328,,0.0,0.7854,38.695,32.170,32.170,38.695,1.430,0.000,,,,,0.98448,,64,,,,,,226.88,,,,,,,226.88,,,,668.3,,,,,,,,,,,1350.4,,,,,,0.410,100.000,,,,,,2577.58,,2582.89,2683.98,,,227.63,114.00,,,,,,,,,,,,,0.410,0.000,64,2,2,,,,,,,,216,0,,,,,,,,,40.004,,179.22,178.87,,,,
435.377,,0,0,0,256,0,0,0,0,0,0,0,0,1,0,0,0,0,0,,,,,,,,,,,,,,,,,,,,,,6182.5,,,,,1467.3,,,,1.00131,1.00131,278.02,,,21.7440,,0.0,,0.4000,22.0000,11.3,11.3,11.3,11.3,11.3,11.3,,,,,,,,,,,,,3.886,0.300,3.873,3.503,3.888,,,,,,,,3.519,0.0,0.0,0.0,0.0,0.0,18.625,14.359,,0.0,0.7883,38.550,32.170,32.170,38.550,1.430,0.000,,,,,0.98448,,64,,,,,,226.92,,,,,,,226.92,,,,668.6,,,,,,,,,,,1347.7,,,,,,0.410,100.000,,,,,,2577.89,,2592.34,2687.27,,,227.46,114.00,,,,,,,,,,,,,0.410,0.000,64,2,2,,,,,,,,216,0,,,,,,,,,40.125,,178.73,178.87,,,,
435.388,,0,0,0,256,0,0,0,0,0,0,0,0,1,0,0,0,0,0,,,,,,,,,,,,,,,,,,,,,,6193.5,,,,,1467.3,,,,1.00131,1.00131,278.58,,,21.8660,,0.0,,0.3850,22.0000,11.3,11.3,11.3,11.3,11.3,11.3,,,,,,,,,,,,,3.893,0.300,3.873,3.503,3.893,,,,,,,,3.526,0.0,0.0,0.0,0.0,0.0,18.641,14.391,,0.0,0.7852,38.550,32.300,32.300,38.550,1.650,0.000,,,,,0.98518,,64,,,,,,227.20,,,,,,,227.20,,,,668.6,,,,,,,,,,,1350.8,,,,,,0.410,100.000,,,,,,2579.22,,2586.02,2684.92,,,227.46,114.23,,,,,,,,,,,,,0.410,0.000,64,2,2,,,,,,,,216,0,,,,,,,,,39.980,,178.73,178.87,,,,
435.398,,0,0,0,256,0,0,0,0,0,0,0,0,1,0,0,0,0,0,,,,,,,,,,,,,,,,,,,,,,6205.0,,,,,1469.4,,,,1.00131,1.00131,278.77,,,21.8480,,0.0,,0.3880,22.0000,11.3,11.3,11.3,11.3,11.3,11.3,,,,,,,,,,,,,3.893,0.300,3.873,3.503,3.893,,,,,,,,3.528,0.0,0.0,0.0,0.0,0.0,18.719,14.391,,0.0,0.7852,38.680,32.210,32.210,38.680,1.430,0.000,,,,,0.98500,,64,,,,,,227.39,,,,,,,227.39,,,,668.2,,,,,,,,,,,1352.0,,,,,,0.410,100.000,,,,,,2581.33,,2592.34,2687.42,,,227.74,114.28,,,,,,,,,,,,,0.410,0.000,64,2,2,,,,,,,,216,0,,,,,,,,,40.199,,179.08,179.29,,,,
435.407,,0,0,0,256,0,0,0,0,0,0,0,0,1,0,0,0,0,0,,,,,,,,,,,,,,,,,,,,,,6193.5,,,,,1469.4,,,,1.00131,1.00131,278.77,,,21.8940,,0.0,,0.3820,22.0000,11.3,11.3,11.3,11.3,11.3,11.3,,,,,,,,,,,,,3.890,0.300,3.873,3.503,3.891,,,,,,,,3.528,0.0,0.0,0.0,0.0,0.0,18.734,14.391,,0.0,0.7827,38.590,32.455,32.455,38.590,1.650,0.000,,,,,0.98512,,64,,,,,,227.39,,,,,,,227.39,,,,668.2,,,,,,,,,,,1350.8,,,,,,0.410,100.000,,,,,,2581.33,,2586.02,2684.14,,,227.74,114.28,,,,,,,,,,,,,0.410,0.000,64,2,2,,,,,,,,216,0,,,,,,,,,40.109,,179.08,179.29,,,,
435.424,,0,0,0,256,0,0,0,0,0,0,0,0,1,0,0,0,0,0,,,,,,,,,,,,,,,,,,,,,,6203.5,,,,,1470.6,,,,1.00131,1.00131,278.72,,,21.9140,,0.0,,0.3795,22.0000,11.3,11.3,11.3,11.3,11.3,11.3,,,,,,,,,,,,,3.890,0.300,3.873,3.503,3.891,,,,,,,,3.528,0.0,0.0,0.0,0.0,0.0,18.859,14.406,,0.0,0.7834,38.835,32.325,32.325,38.835,1.430,0.000,,,,,0.98491,,64,,,,,,227.39,,,,,,,227.39,,,,667.5,,,,,,,,,,,1356.7,,,,,,0.410,100.000,,,,,,2583.36,,2594.45,2685.86,,,227.81,114.28,,,,,,,,,,,,,0.410,0.000,64,2,2,,,,,,,,216,0,,,,,,,,,40.239,,179.08,179.29,,,,
435.442,,0,0,0,256,0,0,0,0,0,0,0,0,1,0,0,0,0,0,,,,,,,,,,,,,,,,,,,,,,6203.5,,,,,1469.8,,,,1.00131,1.00131,279.05,,,21.8660,,0.0,,0.3865,22.0000,11.3,11.3,11.3,11.3,11.3,11.3,,,,,,,,,,,,,3.884,0.300,3.882,3.531,3.884,,,,,,,,3.536,0.0,0.0,0.0,0.0,0.0,19.078,14.484,,0.0,0.7808,38.775,32.455,32.455,38.775,1.430,0.000,,,,,0.98518,,64,,,,,,227.60,,,,,,,227.60,,,,668.3,,,,,,,,,,,1356.3,,,,,,0.410,100.000,,,,,,2585.08,,2594.45,2688.67,,,227.93,114.42,,,,,,,,,,,,,0.410,0.000,64,2,2,,,,,,,,216,0,,,,,,,,,40.134,,179.42,179.76,,,,
435.449,11.3,0,0,0,256,0,0,0,0,0,0,0,0,1,0,0,0,0,0,991.9,991.9,1000.0,10.0,0.0,0.0,0.03,1,0,0.996,0.996,0.0,0.0,2.562,0.00,1000.0,1000.0,1000.0,1057.0,1000.0,986.76,6206.5,42.980,495.2,0.0,10.0,1469.8,0.03048,0.00,0.00,1.00131,1.00131,279.14,4,47.0,21.8760,0.1420,0.0,61.3,0.3855,22.0000,11.3,11.3,11.3,11.3,11.3,11.3,11.3,2.3,0.00,0.00000,0,0,0,1,98,98,98,98,3.902,0.300,3.882,3.531,3.901,991.9,1000.0,1000.0,991.9,1000.0,0.0,18.74,3.536,0.0,0.0,0.0,0.0,0.0,19.203,14.563,0.0,0.0,0.7795,38.835,32.510,32.510,38.835,1.430,0.000,0.7813,0.7813,0.0000,1155.8,0.98491,0.104447,64,40.120,1057.0,0.0,1000.0,1000.0,227.79,238.45,595.9,0.99942,1535.98,400.01,0.99939,227.79,400.01,238.43,238.43,668.3,-200.0,81.7,74.87,74.876,1963.9,810.1,750.0,1010.1,400.12,0.0,1353.1,59.892,0.0,0,991.9,991.9,0.410,100.000,923.01,0,2.1831,0.734,1013.01,2585.08,90.00,2589.22,2686.64,2683.98,93.09,227.93,114.42,357.00,390.75,99.6,0,32.64,34.5,94.5,61.5,36,0,91.84,21.8,0.410,0.000,64,2,2,991.9,1056.7,991.9,991.9,1000.0,1056.7,595.9,216,0,59.598,59.598,1000.0,2000.0,61.792,99.088,100.000,59.528,40.204,12.6,179.42,179.76,178.59,178.52,0.0,0.98
435.458,,0,0,0,256,0,0,0,0,0,0,0,0,1,0,0,0,0,0,,,,,,,,,,,,,,,,,,,,,,6224.5,,,,,1476.4,,,,1.00131,1.00131,279.47,,,21.8280,,0.0,,0.3920,22.0000,11.3,11.3,11.3,11.3,11.3,11.3,,,,,,,,,,,,,3.902,0.300,3.882,3.531,3.901,,,,,,,,3.543,0.0,0.0,0.0,0.0,0.0,19.359,14.578,,0.0,0.7793,38.890,32.435,32.435,38.890,1.220,0.000,,,,,0.98475,,64,,,,,,227.98,,,,,,,227.98,,,,669.2,,,,,,,,,,,1365.0,,,,,,0.410,100.000,,,,,,2586.88,,2598.67,2684.06,,,228.21,114.56,,,,,,,,,,,,,0.410,0.000,64,2,2,,,,,,,,216,0,,,,,,,,,40.265,,179.36,179.49,,,,
435.468,,0,0,0,256,0,0,0,0,0,0,0,0,1,0,0,0,0,0,,,,,,,,,,,,,,,,,,,,,,6232.5,,,,,1476.4,,,,1.00131,1.00131,278.25,,,21.8660,,0.0,,0.3870,22.0000,11.3,11.3,11.3,11.3,11.3,11.3,,,,,,,,,,,,,3.881,0.300,3.882,3.531,3.881,,,,,,,,3.529,0.0,0.0,0.0,0.0,0.0,19.375,14.547,,0.0,0.7822,38.815,32.335,32.335,38.815,1.430,0.000,,,,,0.98469,,64,,,,,,227.04,,,,,,,227.04,,,,669.2,,,,,,,,,,,1359.9,,,,,,0.410,100.000,,,,,,2586.80,,2586.02,2691.09,,,228.21,114.09,,,,,,,,,,,,,0.410,0.000,64,2,2,,,,,,,,216,0,,,,,,,,,40.109,,179.36,179.49,,,,
435.477,,0,0,0,256,0,0,0,0,0,0,0,0,1,0,0,0,0,0,,,,,,,,,,,,,,,,,,,,,,6242.0,,,,,1478.0,,,,1.00131,1.00131,278.53,,,21.8480,,0.0,,0.3900,22.0000,11.3,11.3,11.3,11.3,11.3,11.3,,,,,,,,,,,,,3.881,0.300,3.882,3.531,3.881,,,,,,,,3.533,0.0,0.0,0.0,0.0,0.0,19.484,14.547,,0.0,0.7820,38.715,32.615,32.615,38.715,1.430,0.000,,,,,0.98509,,64,,,,,,227.18,,,,,,,227.18,,,,667.9,,,,,,,,,,,1363.7,,,,,,0.410,100.000,,,,,,2588.05,,2597.58,2693.52,,,226.95,114.19,,,,,,,,,,,,,0.410,0.000,64,2,2,,,,,,,,216,0,,,,,,,,,40.244,,180.12,179.91,,,,
435.487,,0,0,0,256,0,0,0,0,0,0,0,0,1,0,0,0,0,0,,,,,,,,,,,,,,,,,,,,,,6248.5,,,,,1478.0,,,,1.00131,1.00131,277.88,,,21.8660,,0.0,,0.3880,22.0000,11.3,11.3,11.3,12.0,12.0,12.0,,,,,,,,,,,,,3.883,0.300,3.882,3.531,3.884,,,,,,,,3.526,0.0,0.0,0.0,0.0,0.0,19.453,14.547,,0.0,0.7837,38.995,32.710,32.710,38.995,1.650,0.000,,,,,0.98515,,64,,,,,,226.69,,,,,,,226.69,,,,667.9,,,,,,,,,,,1360.1,,,,,,0.410,100.000,,,,,,2587.73,,2590.23,2694.45,,,226.95,113.95,,,,,,,,,,,,,0.410,0.000,64,2,2,,,,,,,,216,0,,,,,,,,,40.144,,180.12,179.91,,,,
435.498,,0,0,0,256,0,0,0,0,0,0,0,0,1,0,0,0,0,0,,,,,,,,,,,,,,,,,,,,,,6247.0,,,,,1475.1,,,,1.00131,1.00131,278.20,,,21.8660,,0.0,,0.3880,22.0000,11.3,11.3,11.3,12.0,11.3,11.3,,,,,,,,,,,,,3.883,0.300,3.882,3.531,3.884,,,,,,,,3.533,0.0,0.0,0.0,0.0,0.0,19.547,14.594,,0.0,0.7793,39.090,32.745,32.745,39.090,1.430,0.000,,,,,0.98545,,64,,,,,,226.85,,,,,,,226.85,,,,667.6,,,,,,,,,,,1364.3,,,,,,0.410,100.000,,,,,,2589.30,,2597.58,2696.56,,,227.04,114.05,,,,,,,,,,,,,0.410,0.000,64,2,2,,,,,,,,216,0,,,,,,,,,40.645,,179.99,179.76,,,,
435.507,,0,0,0,256,0,0,0,0,0,0,0,0,1,0,0,0,0,0,,,,,,,,,,,,,,,,,,,,,,6232.5,,,,,1475.1,,,,1.00131,1.00131,278.16,,,21.8860,,0.0,,0.3860,22.0000,11.3,11.3,11.3,11.3,11.3,11.3,,,,,,,,,,,,,3.883,0.300,3.882,3.531,3.885,,,,,,,,3.533,0.0,0.0,0.0,0.0,0.0,19.563,14.875,,0.0,0.7830,39.125,33.130,33.130,39.125,1.650,0.000,,,,,0.98488,,64,,,,,,226.97,,,,,,,226.97,,,,667.6,,,,,,,,,,,1356.5,,,,,,0.410,100.000,,,,,,2589.38,,2594.45,2684.14,,,227.04,114.05,,,,,,,,,,,,,0.410,0.000,64,2,2,,,,,,,,216,0,,,,,,,,,40.520,,179.99,179.76,,,,
435.521,,0,0,0,256,0,0,0,0,0,0,0,0,1,0,0,0,0,0,,,,,,,,,,,,,,,,,,,,,,6229.0,,,,,1478.8,,,,1.00131,1.00131,279.70,,,21.8380,,0.0,,0.3920,22.0000,11.3,11.3,11.3,11.3,11.3,11.3,,,,,,,,,,,,,3.883,0.300,3.882,3.531,3.896,,,,,,,,3.557,0.0,0.0,0.0,0.0,0.0,19.672,14.625,,0.0,0.7820,39.510,32.625,32.625,39.510,1.220,0.000,,,,,0.98539,,64,,,,,,228.00,,,,,,,228.00,,,,667.8,,,,,,,,,,,1365.2,,,,,,0.410,100.000,,,,,,2592.19,,2600.78,2680.55,,,228.70,114.70,,,,,,,,,,,,,0.410,0.000,64,2,2,,,,,,,,216,0,,,,,,,,,40.775,,180.48,180.20,,,,
435.531,,0,0,0,256,0,0,0,0,0,0,0,0,1,0,0,0,0,0,,,,,,,,,,,,,,,,,,,,,,6222.5,,,,,1478.8,,,,1.00131,1.00131,279.61,,,21.8860,,0.0,,0.3865,22.0000,11.3,11.3,11.3,11.3,11.3,11.3,,,,,,,,,,,,,3.896,0.300,3.888,3.557,3.896,,,,,,,,3.555,0.0,0.0,0.0,0.0,0.0,19.625,14.938,,0.0,0.7837,39.005,32.480,32.480,39.005,1.220,0.000,,,,,0.98533,,64,,,,,,227.95,,,,,,,227.95,,,,667.8,,,,,,,,,,,1360.2,,,,,,0.410,100.000,,,,,,2591.88,,2593.36,2678.52,,,228.70,114.66,,,,,,,,,,,,,0.410,0.000,64,2,2,,,,,,,,216,0,,,,,,,,,40.729,,180.48,180.20,,,,
435.544,,0,0,0,256,0,0,0,0,0,0,0,0,1,0,0,0,0,0,,,,,,,,,,,,,,,,,,,,,,6237.0,,,,,1481.5,,,,1.00131,1.00131,279.70,,,21.9420,,0.0,,0.3795,22.0000,11.3,11.3,11.3,11.3,11.3,11.3,,,,,,,,,,,,,3.896,0.300,3.888,3.557,3.898,,,,,,,,3.554,0.0,0.0,0.0,0.0,0.0,19.734,14.688,,0.0,0.7793,38.860,32.395,32.395,38.860,1.025,0.000,,,,,0.98567,,64,,,,,,227.98,,,,,,,227.98,,,,668.8,,,,,,,,,,,1370.2,,,,,,0.410,100.000,,,,,,2594.45,,2600.78,2677.97,,,228.91,114.66,,,,,,,,,,,,,0.410,0.000,64,2,2,,,,,,,,216,0,,,,,,,,,40.224,,179.99,180.20,,,,
435.557,11.3,0,0,0,256,0,0,0,0,0,0,0,0,1,0,0,0,0,0,992.0,992.0,1000.0,10.0,0.0,0.0,0.06,1,0,0.996,0.996,0.0,0.0,2.531,0.00,1000.0,1000.0,1000.0,1056.7,1000.0,988.35,6248.5,42.980,494.7,0.0,10.0,1482.8,0.03057,0.00,0.00,1.00131,1.00131,279.33,4,47.0,21.9040,0.1720,0.0,61.5,0.3845,22.0000,11.3,12.0,11.3,11.3,11.3,11.3,11.3,2.3,0.00,0.00015,0,0,0,1,98,98,98,98,3.894,0.300,3.888,3.557,3.892,992.0,1000.0,1000.0,992.0,1000.0,0.0,18.74,3.549,0.0,0.0,0.0,0.0,0.0,19.656,14.641,0.0,0.0,0.7761,38.755,32.455,32.455,38.755,1.220,0.000,0.7813,0.7813,0.0000,1170.7,0.98536,0.104039,64,40.265,1056.7,0.0,1000.0,1000.0,227.65,238.05,597.6,0.99942,1535.98,400.01,0.99939,227.65,400.01,238.03,238.03,667.7,-200.0,80.8,74.90,74.905,1971.1,810.5,750.0,1010.5,402.07,0.0,1365.2,59.915,0.0,0,992.0,992.0,0.410,100.000,923.01,0,2.1840,0.738,1013.01,2593.75,90.00,2600.78,2684.14,2684.06,93.47,228.47,114.52,357.75,390.75,99.6,0,32.76,34.5,94.5,60.8,36,0,91.84,21.8,0.410,0.000,64,2,2,992.0,1056.3,992.0,992.0,1000.0,1056.3,597.0,216,0,59.763,59.763,1000.0,2000.0,61.629,99.098,100.000,59.637,39.995,12.6,180.33,180.54,179.29,179.91,0.0,0.49
435.568,,0,0,0,256,0,0,0,0,0,0,0,0,1,0,0,0,0,0,,,,,,,,,,,,,,,,,,,,,,6248.5,,,,,1482.8,,,,1.00131,1.00131,278.58,,,21.8940,,0.0,,0.3860,22.0000,12.0,12.0,11.3,11.3,12.0,12.0,,,,,,,,,,,,,3.888,0.300,3.888,3.557,3.892,,,,,,,,3.540,0.0,0.0,0.0,0.0,0.0,19.531,14.891,,0.0,0.7815,38.835,32.555,32.555,38.835,1.430,0.000,,,,,0.98460,,64,,,,,,227.32,,,,,,,227.32,,,,667.7,,,,,,,,,,,1362.3,,,,,,0.410,100.000,,,,,,2593.05,,2598.67,2685.23,,,228.47,114.23,,,,,,,,,,,,,0.410,0.000,64,2,2,,,,,,,,216,0,,,,,,,,,39.975,,180.33,180.54,,,,
435.577,,0,0,0,256,0,0,0,0,0,0,0,0,1,0,0,0,0,0,,,,,,,,,,,,,,,,,,,,,,6270.0,,,,,1483.5,,,,1.00131,1.00131,278.91,,,21.7920,,0.0,,0.3995,22.0000,11.3,12.0,12.0,12.0,12.0,12.0,,,,,,,,,,,,,3.888,0.300,3.888,3.557,3.888,,,,,,,,3.554,0.0,0.0,0.0,0.0,0.0,19.563,14.656,,0.0,0.7769,38.935,32.600,32.600,38.935,1.220,0.000,,,,,0.98527,,64,,,,,,227.37,,,,,,,227.37,,,,667.3,,,,,,,,,,,1368.6,,,,,,0.410,100.000,,,,,,2593.52,,2597.58,2686.72,,,227.91,114.33,,,,,,,,,,,,,0.410,0.000,64,2,2,,,,,,,,216,0,,,,,,,,,40.265,,180.41,180.61,,,,
435.588,,0,0,0,256,0,0,0,0,0,0,0,0,1,0,0,0,0,0,,,,,,,,,,,,,,,,,,,,,,6258.5,,,,,1483.5,,,,1.00131,1.00131,278.02,,,21.8940,,0.0,,0.3865,22.0000,12.0,12.0,12.0,12.0,12.0,12.0,,,,,,,,,,,,,3.878,0.300,3.888,3.557,3.888,,,,,,,,3.544,0.0,0.0,0.0,0.0,0.0,19.422,14.922,,0.0,0.7800,38.980,32.660,32.660,38.980,1.430,0.000,,,,,0.98460,,64,,,,,,226.80,,,,,,,226.80,,,,667.3,,,,,,,,,,,1361.2,,,,,,0.410,100.000,,,,,,2592.34,,2598.67,2690.70,,,227.91,114.00,,,,,,,,,,,,,0.410,0.000,64,2,2,,,,,,,,216,0,,,,,,,,,40.154,,180.41,180.61,,,,
435.597,,0,0,0,256,0,0,0,0,0,0,0,0,1,0,0,0,0,0,,,,,,,,,,,,,,,,,,,,,,6274.5,,,,,1482.5,,,,1.00131,1.00131,278.25,,,21.8860,,0.0,,0.3880,22.0000,12.0,12.0,12.0,12.0,12.0,12.0,,,,,,,,,,,,,3.878,0.300,3.888,3.557,3.878,,,,,,,,3.548,0.0,0.0,0.0,0.0,0.0,19.500,14.703,,0.0,0.7747,39.040,32.820,32.820,39.040,1.430,0.000,,,,,0.98497,,64,,,,,,226.88,,,,,,,226.88,,,,667.2,,,,,,,,,,,1366.7,,,,,,0.410,100.000,,,,,,2592.97,,2597.58,2690.63,,,227.46,114.09,,,,,,,,,,,,,0.410,0.000,64,2,2,,,,,,,,216,0,,,,,,,,,40.410,,180.69,180.96,,,,
435.607,,0,0,0,256,0,0,0,0,0,0,0,0,1,0,0,0,0,0,,,,,,,,,,,,,,,,,,,,,,6274.5,,,,,1482.5,,,,1.00131,1.00131,277.88,,,21.9620,,0.0,,0.3785,22.0000,12.0,12.0,12.0,12.0,12.0,12.0,,,,,,,,,,,,,3.874,0.300,3.888,3.557,3.878,,,,,,,,3.544,0.0,0.0,0.0,0.0,0.0,19.375,14.984,,0.0,0.7813,39.200,33.120,33.120,39.200,1.430,0.000,,,,,0.98408,,64,,,,,,226.80,,,,,,,226.80,,,,667.2,,,,,,,,,,,1365.8,,,,,,0.410,100.000,,,,,,2591.95,,2598.67,2684.14,,,227.46,113.95,,,,,,,,,,,,,0.410,0.000,64,2,2,,,,,,,,216,0,,,,,,,,,40.469,,180.69,180.96,,,,
435.623,,0,0,0,256,0,0,0,0,0,0,0,0,1,0,0,0,0,0,,,,,,,,,,,,,,,,,,,,,,6288.0,,,,,1488.2,,,,1.00131,1.00131,277.64,,,21.9800,,0.0,,0.3765,22.0000,12.0,12.0,12.0,12.0,12.0,12.0,,,,,,,,,,,,,3.863,0.300,3.888,3.557,3.866,,,,,,,,3.545,0.0,0.0,0.0,0.0,0.0,19.406,14.750,,0.0,0.7781,39.500,32.845,32.845,39.500,1.220,0.000,,,,,0.98491,,64,,,,,,226.41,,,,,,,226.41,,,,666.6,,,,,,,,,,,1365.6,,,,,,0.410,100.000,,,,,,2590.55,,2594.45,2684.22,,,227.37,113.86,,,,,,,,,,,,,0.410,0.000,64,2,2,,,,,,,,216,0,,,,,,,,,40.630,,180.82,180.90,,,,
435.639,11.3,0,0,0,256,0,0,0,0,0,0,0,0,1,0,0,0,0,0,992.2,992.2,1000.0,10.0,0.0,0.0,0.03,1,0,0.996,0.996,0.0,0.0,2.593,0.00,1000.0,1000.0,1000.0,1056.5,1000.0,989.05,6279.5,34.992,494.4,0.0,10.0,1487.7,0.03057,0.00,0.00,1.00131,1.00131,277.13,4,47.0,21.9520,0.0960,0.0,61.3,0.3800,22.0000,12.0,12.0,12.0,12.0,12.0,12.0,11.3,2.3,0.00,0.00015,0,0,0,1,98,98,98,98,3.863,0.300,3.863,3.540,3.870,992.2,1000.0,1000.0,992.2,1000.0,0.0,18.74,3.544,0.0,0.0,0.0,0.0,0.0,19.250,14.703,0.0,0.0,0.7781,39.230,32.955,32.955,39.230,1.220,0.000,0.7813,0.7813,0.0000,1174.6,0.98521,0.103861,64,39.995,1056.5,0.0,1000.0,1000.0,225.94,236.95,598.1,0.99942,1535.98,400.01,0.99939,225.94,400.01,236.93,236.93,667.4,-200.0,82.3,75.39,75.392,1988.2,816.9,750.0,1016.9,402.93,0.0,1367.1,59.952,0.0,0,992.2,992.2,0.410,100.000,923.01,0,2.1849,0.742,1013.01,2588.98,90.00,2591.33,2685.63,2684.14,93.33,227.65,113.63,357.75,390.75,99.6,0,32.94,34.5,94.5,60.8,36,0,91.84,21.8,0.410,0.000,64,2,2,992.2,1056.3,992.2,992.2,1000.0,1056.3,597.7,216,0,59.814,60.075,1000.0,2000.0,61.385,99.118,100.000,59.708,40.445,12.7,181.18,181.39,180.54,180.48,0.0,0.27
435.648,,0,0,0,256,0,0,0,0,0,0,0,0,1,0,0,0,0,0,,,,,,,,,,,,,,,,,,,,,,6278.0,,,,,1487.7,,,,1.00131,1.00131,277.41,,,21.9040,,0.0,,0.3865,22.0000,12.0,12.0,12.0,12.0,12.0,12.0,,,,,,,,,,,,,3.863,0.300,3.863,3.540,3.870,,,,,,,,3.549,0.0,0.0,0.0,0.0,0.0,19.203,14.641,,0.0,0.7800,39.335,32.910,32.910,39.335,1.220,0.000,,,,,0.98448,,64,,,,,,226.36,,,,,,,226.36,,,,667.4,,,,,,,,,,,1357.6,,,,,,0.410,100.000,,,,,,2588.28,,2598.67,2687.81,,,227.65,113.77,,,,,,,,,,,,,0.410,0.000,64,2,2,,,,,,,,216,0,,,,,,,,,40.450,,181.18,181.39,,,,
435.657,,0,0,0,256,0,0,0,0,0,0,0,0,1,0,0,0,0,0,,,,,,,,,,,,,,,,,,,,,,6279.5,,,,,1484.1,,,,1.00131,1.00131,277.36,,,21.9320,,0.0,,0.3830,22.0000,12.0,12.0,12.0,12.0,12.0,12.0,,,,,,,,,,,,,3.867,0.300,3.863,3.540,3.867,,,,,,,,3.538,0.0,0.0,0.0,0.0,0.0,19.125,14.625,,0.0,0.7786,39.290,32.965,32.965,39.290,1.430,0.000,,,,,0.98469,,64,,,,,,226.22,,,,,,,226.22,,,,666.1,,,,,,,,,,,1359.9,,,,,,0.410,100.000,,,,,,2586.95,,2591.33,2684.06,,,227.53,113.72,,,,,,,,,,,,,0.410,0.000,64,2,2,,,,,,,,216,0,,,,,,,,,40.555,,181.32,181.47,,,,
435.668,,0,0,0,256,0,0,0,0,0,0,0,0,1,0,0,0,0,0,,,,,,,,,,,,,,,,,,,,,,6279.5,,,,,1484.1,,,,1.00131,1.00131,277.50,,,21.9320,,0.0,,0.3830,22.0000,12.0,12.0,12.0,12.0,12.0,12.0,,,,,,,,,,,,,3.867,0.300,3.863,3.540,3.867,,,,,,,,3.541,0.0,0.0,0.0,0.0,0.0,19.172,14.656,,0.0,0.7820,39.345,32.810,32.810,39.345,1.220,0.000,,,,,0.98445,,64,,,,,,226.41,,,,,,,226.41,,,,666.1,,,,,,,,,,,1360.4,,,,,,0.410,100.000,,,,,,2587.58,,2598.67,2685.63,,,227.53,113.81,,,,,,,,,,,,,0.410,0.000,64,2,2,,,,,,,,216,0,,,,,,,,,40.720,,181.32,181.47,,,,
435.677,,0,0,0,256,0,0,0,0,0,0,0,0,1,0,0,0,0,0,,,,,,,,,,,,,,,,,,,,,,6286.0,,,,,1484.9,,,,1.00131,1.00131,277.64,,,21.9700,,0.0,,0.3780,22.0000,12.0,12.0,12.0,12.0,12.0,12.0,,,,,,,,,,,,,3.870,0.300,3.863,3.540,3.871,,,,,,,,3.548,0.0,0.0,0.0,0.0,0.0,19.125,14.672,,0.0,0.7808,39.190,32.875,32.875,39.190,1.430,0.000,,,,,0.98491,,64,,,,,,226.41,,,,,,,226.41,,,,666.1,,,,,,,,,,,1364.2,,,,,,0.410,100.000,,,,,,2587.50,,2589.22,2681.64,,,227.67,113.86,,,,,,,,,,,,,0.410,0.000,64,2,2,,,,,,,,216,0,,,,,,,,,40.564,,181.53,181.89,,,,
435.688,,0,0,0,256,0,0,0,0,0,0,0,0,1,0,0,0,0,0,,,,,,,,,,,,,,,,,,,,,,6291.0,,,,,1484.9,,,,1.00131,1.00131,276.94,,,22.0460,,0.0,,0.3685,22.0000,12.0,12.0,12.0,12.0,12.0,12.0,,,,,,,,,,,,,3.870,0.300,3.863,3.540,3.871,,,,,,,,3.538,0.0,0.0,0.0,0.0,0.0,19.109,14.656,,0.0,0.7817,39.255,32.710,32.710,39.255,1.220,0.000,,,,,0.98478,,64,,,,,,225.96,,,,,,,225.96,,,,666.1,,,,,,,,,,,1367.2,,,,,,0.410,100.000,,,,,,2588.36,,2597.58,2687.27,,,227.67,113.53,,,,,,,,,,,,,0.410,0.000,64,2,2,,,,,,,,216,0,,,,,,,,,40.619,,181.53,181.89,,,,
435.698,,0,0,0,256,0,0,0,0,0,0,0,0,1,0,0,0,0,0,,,,,,,,,,,,,,,,,,,,,,6286.0,,,,,1484.3,,,,1.00131,1.00131,277.22,,,21.9420,,0.0,,0.3815,22.0000,12.0,12.0,12.0,12.0,12.0,12.0,,,,,,,,,,,,,3.850,0.300,3.863,3.540,3.862,,,,,,,,3.545,0.0,0.0,0.0,0.0,0.0,19.000,14.656,,0.0,0.7820,39.090,32.940,32.940,39.090,1.430,0.000,,,,,0.98494,,64,,,,,,226.08,,,,,,,226.08,,,,665.4,,,,,,,,,,,1359.4,,,,,,0.410,100.000,,,,,,2587.66,,2590.23,2688.20,,,226.69,113.67,,,,,,,,,,,,,0.410,0.000,64,2,2,,,,,,,,216,0,,,,,,,,,40.474,,181.53,181.68,,,,
435.707,,0,0,0,256,0,0,0,0,0,0,0,0,1,0,0,0,0,0,,,,,,,,,,,,,,,,,,,,,,6296.0,,,,,1484.3,,,,1.00131,1.00131,277.45,,,21.9320,,0.0,,0.3835,22.0000,12.0,12.0,12.0,12.0,12.0,12.0,,,,,,,,,,,,,3.850,0.300,3.863,3.540,3.862,,,,,,,,3.548,0.0,0.0,0.0,0.0,0.0,19.000,14.656,,0.0,0.7827,39.320,33.075,33.075,39.320,1.430,0.000,,,,,0.98503,,64,,,,,,226.22,,,,,,,226.22,,,,665.4,,,,,,,,,,,1369.3,,,,,,0.410,100.000,,,,,,2588.98,,2597.58,2684.06,,,226.69,113.77,,,,,,,,,,,,,0.410,0.000,64,2,2,,,,,,,,216,0,,,,,,,,,40.520,,181.53,181.68,,,,
435.720,,0,0,0,256,0,0,0,0,0,0,0,0,1,0,0,0,0,0,,,,,,,,,,,,,,,,,,,,,,6307.5,,,,,1485.9,,,,1.00131,1.00131,276.66,,,21.9420,,0.0,,0.3820,22.0000,12.0,12.0,12.0,12.0,12.0,12.0,,,,,,,,,,,,,3.861,0.300,3.863,3.540,3.852,,,,,,,,3.543,0.0,0.0,0.0,0.0,0.0,18.891,14.625,,0.0,0.7834,39.455,32.900,32.900,39.455,1.430,0.000,,,,,0.98521,,64,,,,,,225.59,,,,,,,225.59,,,,666.1,,,,,,,,,,,1363.0,,,,,,0.410,100.000,,,,,,2587.81,,2590.23,2688.05,,,226.69,113.44,,,,,,,,,,,,,0.410,0.000,64,2,2,,,,,,,,216,0,,,,,,,,,40.749,,181.96,182.19,,,,
435.731,,0,0,0,256,0,0,0,0,0,0,0,0,1,0,0,0,0,0,,,,,,,,,,,,,,,,,,,,,,6309.5,,,,,1485.9,,,,1.00131,1.00131,276.80,,,21.9140,,0.0,,0.3855,22.0000,12.0,12.0,12.0,12.0,12.0,12.0,,,,,,,,,,,,,3.861,0.300,3.852,3.545,3.860,,,,,,,,3.545,0.0,0.0,0.0,0.0,0.0,18.891,14.406,,0.0,0.7827,39.280,33.070,33.070,39.280,1.430,0.000,,,,,0.98539,,64,,,,,,225.73,,,,,,,225.73,,,,666.1,,,,,,,,,,,1369.8,,,,,,0.410,100.000,,,,,,2589.77,,2595.47,2689.92,,,226.69,113.48,,,,,,,,,,,,,0.410,0.000,64,2,2,,,,,,,,216,0,,,,,,,,,40.884,,181.96,182.19,,,,
435.744,,0,0,0,256,0,0,0,0,0,0,0,0,1,0,0,0,0,0,,,,,,,,,,,,,,,,,,,,,,6307.5,,,,,1487.6,,,,1.00131,1.00131,276.70,,,22.0180,,0.0,,0.3725,22.0000,12.0,12.0,12.0,12.0,12.0,12.0,,,,,,,,,,,,,3.860,0.300,3.852,3.545,3.860,,,,,,,,3.543,0.0,0.0,0.0,0.0,0.0,18.766,14.656,,0.0,0.7859,39.450,33.150,33.150,39.450,1.430,0.000,,,,,0.98536,,64,,,,,,225.49,,,,,,,225.49,,,,665.4,,,,,,,,,,,1359.3,,,,,,0.410,100.000,,,,,,2587.66,,2592.34,2689.14,,,226.38,113.48,,,,,,,,,,,,,0.410,0.000,64,2,2,,,,,,,,216,0,,,,,,,,,40.709,,181.75,182.11,,,,
435.757,12.0,0,0,0,256,0,0,0,0,0,0,0,0,1,0,0,0,0,0,992.3,992.3,1000.0,10.0,0.0,0.0,0.03,1,0,0.996,0.996,0.0,0.0,2.593,0.01,1000.0,1000.0,1000.0,1055.6,1000.0,989.36,6309.5,34.992,494.2,0.0,10.0,1485.5,0.03065,0.00,0.00,1.00131,1.00131,276.94,4,47.0,21.9620,0.0960,0.0,61.0,0.3800,22.0000,12.0,12.0,12.0,12.0,12.0,12.0,12.0,2.3,0.00,0.00534,0,0,0,1,98,98,98,98,3.865,0.300,3.852,3.545,3.866,992.3,1000.0,1000.0,992.3,1000.0,0.0,18.74,3.547,0.0,0.0,0.0,0.0,0.0,18.828,14.781,0.0,0.0,0.7849,39.495,33.245,33.245,39.495,1.430,0.000,0.7813,0.7813,0.0000,1167.8,0.98555,0.103682,64,40.450,1055.6,0.0,1000.0,1000.0,225.70,236.16,597.7,0.99942,1535.98,400.01,0.99939,225.70,400.01,236.13,236.13,665.5,-200.0,82.6,75.61,75.620,1987.4,819.9,750.0,1019.9,404.57,0.0,1363.7,59.930,0.0,0,992.3,992.3,0.410,100.000,923.01,0,2.1840,0.746,1013.01,2588.28,90.00,2593.36,2684.06,2687.81,92.81,226.78,113.53,358.50,390.75,99.2,0,33.04,34.5,94.5,60.8,36,0,91.84,21.8,0.410,0.000,64,2,2,992.3,1055.8,992.3,992.3,1000.0,1055.8,598.7,216,0,59.775,59.775,1000.0,2000.0,61.386,99.127,100.000,59.808,40.749,12.6,182.68,182.40,181.39,181.26,0.0,0.34
435.769,,0,0,0,256,0,0,0,0,0,0,0,0,1,0,0,0,0,0,,,,,,,,,,,,,,,,,,,,,,6312.5,,,,,1485.5,,,,1.00131,1.00131,276.98,,,21.8480,,0.0,,0.3945,22.0000,12.0,12.0,12.0,12.0,12.0,12.0,,,,,,,,,,,,,3.865,0.300,3.852,3.545,3.862,,,,,,,,3.549,0.0,0.0,0.0,0.0,0.0,18.922,14.547,,0.0,0.7803,39.625,33.000,33.000,39.625,1.220,0.000,,,,,0.98606,,64,,,,,,225.59,,,,,,,225.59,,,,665.5,,,,,,,,,,,1368.0,,,,,,0.410,100.000,,,,,,2589.45,,2600.78,2687.11,,,226.78,113.58,,,,,,,,,,,,,0.410,0.000,64,2,2,,,,,,,,216,0,,,,,,,,,40.924,,182.68,182.40,,,,
435.778,,0,0,0,256,0,0,0,0,0,0,0,0,1,0,0,0,0,0,,,,,,,,,,,,,,,,,,,,,,6316.0,,,,,1489.6,,,,1.00131,1.00131,276.42,,,21.9620,,0.0,,0.3800,22.0000,12.0,12.0,12.0,12.0,12.0,12.0,,,,,,,,,,,,,3.862,0.300,3.852,3.545,3.862,,,,,,,,3.542,0.0,0.0,0.0,0.0,0.0,18.813,14.797,,0.0,0.7842,39.380,33.130,33.130,39.380,1.430,0.000,,,,,0.98552,,64,,,,,,225.19,,,,,,,225.19,,,,665.4,,,,,,,,,,,1366.8,,,,,,0.410,100.000,,,,,,2589.61,,2597.58,2687.50,,,226.20,113.34,,,,,,,,,,,,,0.410,0.000,64,2,2,,,,,,,,216,0,,,,,,,,,40.845,,182.11,182.47,,,,
435.787,,0,0,0,256,0,0,0,0,0,0,0,0,1,0,0,0,0,0,,,,,,,,,,,,,,,,,,,,,,6329.5,,,,,1489.6,,,,1.00131,1.00131,276.80,,,21.9240,,0.0,,0.3855,22.0000,12.0,12.0,12.0,12.0,12.0,12.0,,,,,,,,,,,,,3.862,0.300,3.852,3.545,3.868,,,,,,,,3.546,0.0,0.0,0.0,0.0,0.0,18.875,14.531,,0.0,0.7793,39.510,33.145,33.145,39.510,1.220,0.000,,,,,0.98606,,64,,,,,,225.35,,,,,,,225.35,,,,665.4,,,,,,,,,,,1372.3,,,,,,0.410,100.000,,,,,,2591.17,,2597.58,2690.86,,,226.20,113.48,,,,,,,,,,,,,0.410,0.000,64,2,2,,,,,,,,216,0,,,,,,,,,40.810,,182.11,182.47,,,,
435.798,,0,0,0,256,0,0,0,0,0,0,0,0,1,0,0,0,0,0,,,,,,,,,,,,,,,,,,,,,,6309.5,,,,,1488.2,,,,1.00131,1.00131,276.75,,,21.8940,,0.0,,0.3890,22.0000,12.0,12.0,12.0,12.0,12.0,12.0,,,,,,,,,,,,,3.866,0.300,3.852,3.545,3.868,,,,,,,,3.551,0.0,0.0,0.0,0.0,0.0,18.797,14.797,,0.0,0.7834,39.525,33.285,33.285,39.525,1.430,0.000,,,,,0.98545,,64,,,,,,225.42,,,,,,,225.42,,,,665.7,,,,,,,,,,,1369.0,,,,,,0.410,100.000,,,,,,2592.27,,2600.78,2691.95,,,225.63,113.48,,,,,,,,,,,,,0.410,0.000,64,2,2,,,,,,,,216,0,,,,,,,,,40.729,,182.47,182.76,,,,
435.807,,0,0,0,256,0,0,0,0,0,0,0,0,1,0,0,0,0,0,,,,,,,,,,,,,,,,,,,,,,6326.0,,,,,1488.2,,,,1.00131,1.00131,277.36,,,21.9140,,0.0,,0.3870,22.0000,12.0,12.0,12.0,12.0,12.0,12.0,,,,,,,,,,,,,3.867,0.300,3.852,3.545,3.862,,,,,,,,3.559,0.0,0.0,0.0,0.0,0.0,18.906,14.578,,0.0,0.7786,39.665,33.405,33.405,39.665,1.430,0.000,,,,,0.98610,,64,,,,,,225.75,,,,,,,225.75,,,,665.7,,,,,,,,,,,1371.2,,,,,,0.410,100.000,,,,,,2592.42,,2596.56,2684.06,,,225.63,113.77,,,,,,,,,,,,,0.410,0.000,64,2,2,,,,,,,,216,0,,,,,,,,,40.955,,182.47,182.76,,,,
435.822,,0,0,0,256,0,0,0,0,0,0,0,0,1,0,0,0,0,0,,,,,,,,,,,,,,,,,,,,,,6319.5,,,,,1491.6,,,,1.00131,1.00131,277.03,,,21.8380,,0.0,,0.3965,22.0000,12.0,12.0,12.0,12.0,12.0,12.0,,,,,,,,,,,,,3.867,0.300,3.852,3.545,3.862,,,,,,,,3.555,0.0,0.0,0.0,0.0,0.0,18.844,14.844,,0.0,0.7817,39.785,33.070,33.070,39.785,1.220,0.000,,,,,0.98549,,64,,,,,,225.70,,,,,,,225.70,,,,665.4,,,,,,,,,,,1368.6,,,,,,0.410,100.000,,,,,,2591.95,,2603.91,2681.41,,,226.17,113.58,,,,,,,,,,,,,0.410,0.000,64,2,2,,,,,,,,216,0,,,,,,,,,41.095,,182.68,182.91,,,,
435.841,12.0,0,0,0,256,0,0,0,0,0,0,0,0,1,0,0,0,0,0,992.0,992.0,1000.0,10.0,0.0,0.0,0.03,1,0,0.996,0.996,0.0,0.0,2.625,0.00,1000.0,1000.0,1000.0,1055.2,1000.0,985.96,6324.5,34.992,495.2,0.0,10.0,1489.6,0.03069,0.00,0.00,1.00131,1.00131,276.52,4,47.0,21.8940,0.0380,0.0,60.8,0.3900,22.0000,12.0,12.0,12.0,12.0,12.0,12.0,12.0,2.3,0.00,0.00021,0,0,0,1,98,98,98,98,3.858,0.300,3.862,3.556,3.863,992.0,1000.0,1000.0,992.0,1000.0,0.0,18.74,3.552,0.0,0.0,0.0,0.0,0.0,19.094,14.672,0.0,0.0,0.7886,39.335,32.940,32.940,39.335,1.025,0.000,0.7813,0.7813,0.0000,1175.8,0.98585,0.103357,64,40.750,1055.2,0.0,1000.0,1000.0,225.21,235.73,597.8,0.99942,1535.98,400.01,0.99939,225.21,400.01,235.71,235.71,664.8,-200.0,84.5,76.24,76.250,1992.5,828.2,750.0,1028.2,405.39,0.0,1369.0,59.892,0.0,0,992.0,992.0,0.410,100.000,923.01,0,2.1833,0.750,1013.01,2591.72,90.00,2602.89,2685.94,2684.06,92.53,226.03,113.39,358.50,390.75,99.6,0,33.15,34.5,94.5,60.8,36,0,91.84,21.8,0.410,0.000,64,2,2,992.0,1055.1,992.0,992.0,1000.0,1055.1,597.2,216,0,59.782,59.782,1000.0,2000.0,61.502,99.098,100.000,59.657,40.474,12.6,182.84,183.06,181.96,181.89,0.0,1.23
435.848,,0,0,0,256,0,0,0,0,0,0,0,0,1,0,0,0,0,0,,,,,,,,,,,,,,,,,,,,,,6336.0,,,,,1489.6,,,,1.00131,1.00131,277.50,,,21.9320,,0.0,,0.3855,22.0000,12.0,12.0,12.0,12.0,12.0,12.0,,,,,,,,,,,,,3.871,0.300,3.862,3.556,3.870,,,,,,,,3.564,0.0,0.0,0.0,0.0,0.0,19.047,14.672,,0.0,0.7852,39.320,33.150,33.150,39.320,1.220,0.000,,,,,0.98710,,64,,,,,,225.66,,,,,,,225.66,,,,664.8,,,,,,,,,,,1371.5,,,,,,0.410,100.000,,,,,,2592.58,,2598.67,2681.72,,,226.03,113.77,,,,,,,,,,,,,0.410,0.000,64,2,2,,,,,,,,216,0,,,,,,,,,40.360,,182.84,183.06,,,,
435.858,,0,0,0,256,0,0,0,0,0,0,0,0,1,0,0,0,0,0,,,,,,,,,,,,,,,,,,,,,,6347.5,,,,,1492.6,,,,1.00131,1.00131,277.36,,,21.9620,,0.0,,0.3815,22.0000,12.0,12.0,12.0,12.0,12.0,12.0,,,,,,,,,,,,,3.871,0.300,3.862,3.556,3.870,,,,,,,,3.564,0.0,0.0,0.0,0.0,0.0,19.109,14.703,,0.0,0.7834,39.530,33.180,33.180,39.530,1.025,0.000,,,,,0.98689,,64,,,,,,225.61,,,,,,,225.61,,,,664.2,,,,,,,,,,,1370.3,,,,,,0.410,100.000,,,,,,2593.13,,2605.00,2683.98,,,226.08,113.77,,,,,,,,,,,,,0.410,0.000,64,2,2,,,,,,,,216,0,,,,,,,,,40.540,,183.06,183.27,,,,
435.868,,0,0,0,256,0,0,0,0,0,0,0,0,1,0,0,0,0,0,,,,,,,,,,,,,,,,,,,,,,6339.5,,,,,1492.6,,,,1.00131,1.00131,277.27,,,21.8380,,0.0,,0.3975,22.0000,12.0,12.0,12.0,12.0,12.0,12.0,,,,,,,,,,,,,3.867,0.300,3.862,3.556,3.869,,,,,,,,3.562,0.0,0.0,0.0,0.0,0.0,19.063,14.703,,0.0,0.7808,39.560,33.280,33.280,39.560,1.220,0.000,,,,,0.98677,,64,,,,,,225.59,,,,,,,225.59,,,,664.2,,,,,,,,,,,1370.8,,,,,,0.410,100.000,,,,,,2593.05,,2599.69,2682.11,,,226.08,113.72,,,,,,,,,,,,,0.410,0.000,64,2,2,,,,,,,,216,0,,,,,,,,,40.555,,183.06,183.27,,,,
435.877,,0,0,0,256,0,0,0,0,0,0,0,0,1,0,0,0,0,0,,,,,,,,,,,,,,,,,,,,,,6339.5,,,,,1491.4,,,,1.00131,1.00131,277.03,,,21.8580,,0.0,,0.3955,22.0000,12.0,12.0,12.0,12.0,12.0,12.0,,,,,,,,,,,,,3.867,0.300,3.862,3.556,3.869,,,,,,,,3.564,0.0,0.0,0.0,0.0,0.0,19.125,14.719,,0.0,0.7837,39.660,33.200,33.200,39.660,1.025,0.000,,,,,0.98646,,64,,,,,,225.42,,,,,,,225.42,,,,665.0,,,,,,,,,,,1374.4,,,,,,0.410,100.000,,,,,,2593.91,,2608.13,2685.16,,,225.94,113.63,,,,,,,,,,,,,0.410,0.000,64,2,2,,,,,,,,216,0,,,,,,,,,40.779,,183.42,183.57,,,,
435.888,,0,0,0,256,0,0,0,0,0,0,0,0,1,0,0,0,0,0,,,,,,,,,,,,,,,,,,,,,,6349.5,,,,,1491.4,,,,1.00131,1.00131,276.84,,,21.8100,,0.0,,0.4015,22.0000,12.0,12.0,12.0,12.0,12.0,12.0,,,,,,,,,,,,,3.871,0.300,3.862,3.556,3.871,,,,,,,,3.561,0.0,0.0,0.0,0.0,0.0,19.125,14.750,,0.0,0.7844,39.580,33.330,33.330,39.580,1.220,0.000,,,,,0.98695,,64,,,,,,225.21,,,,,,,225.21,,,,665.0,,,,,,,,,,,1370.7,,,,,,0.410,100.000,,,,,,2592.89,,2599.69,2685.63,,,225.94,113.53,,,,,,,,,,,,,0.410,0.000,64,2,2,,,,,,,,216,0,,,,,,,,,40.685,,183.42,183.57,,,,
435.898,,0,0,0,256,0,0,0,0,0,0,0,0,1,0,0,0,0,0,,,,,,,,,,,,,,,,,,,,,,6356.0,,,,,1493.8,,,,1.00131,1.00131,277.03,,,21.8860,,0.0,,0.3925,22.0000,12.0,12.0,12.0,12.0,12.0,12.0,,,,,,,,,,,,,3.871,0.300,3.862,3.556,3.871,,,,,,,,3.559,0.0,0.0,0.0,0.0,0.0,19.219,14.750,,0.0,0.7837,39.710,33.350,33.350,39.710,1.220,0.000,,,,,0.98716,,64,,,,,,225.28,,,,,,,225.28,,,,663.7,,,,,,,,,,,1376.3,,,,,,0.410,100.000,,,,,,2593.75,,2603.91,2686.48,,,225.98,113.63,,,,,,,,,,,,,0.410,0.000,64,2,2,,,,,,,,216,0,,,,,,,,,40.799,,183.35,183.71,,,,
435.907,,0,0,0,256,0,0,0,0,0,0,0,0,1,0,0,0,0,0,,,,,,,,,,,,,,,,,,,,,,6359.5,,,,,1493.8,,,,1.00131,1.00131,276.33,,,21.7720,,0.0,,0.4075,22.0000,12.0,12.0,12.0,12.0,12.0,12.0,,,,,,,,,,,,,3.867,0.300,3.862,3.556,3.867,,,,,,,,3.549,0.0,0.0,0.0,0.0,0.0,19.203,14.766,,0.0,0.7817,39.730,33.505,33.505,39.730,1.220,0.000,,,,,0.98722,,64,,,,,,224.72,,,,,,,224.72,,,,663.7,,,,,,,,,,,1375.4,,,,,,0.410,100.000,,,,,,2593.83,,2598.67,2684.22,,,225.98,113.34,,,,,,,,,,,,,0.410,0.000,64,2,2,,,,,,,,216,0,,,,,,,,,40.929,,183.35,183.71,,,,
435.922,,0,0,0,256,0,0,0,0,0,0,0,0,1,0,0,0,0,0,,,,,,,,,,,,,,,,,,,,,,6368.0,,,,,1491.2,,,,1.00131,1.00131,276.75,,,21.8380,,0.0,,0.3990,22.0000,12.8,12.8,12.8,12.0,12.8,12.8,,,,,,,,,,,,,3.867,0.300,3.862,3.556,3.875,,,,,,,,3.562,0.0,0.0,0.0,0.0,0.0,19.344,14.578,,0.0,0.7815,39.885,33.410,33.410,39.885,1.025,0.000,,,,,0.98701,,64,,,,,,225.14,,,,,,,225.14,,,,664.0,,,,,,,,,,,1377.7,,,,,,0.410,100.000,,,,,,2596.02,,2605.00,2687.11,,,225.96,113.48,,,,,,,,,,,,,0.410,0.000,64,2,2,,,,,,,,216,0,,,,,,,,,40.949,,183.79,183.93,,,,
435.931,,0,0,0,256,0,0,0,0,0,0,0,0,1,0,0,0,0,0,,,,,,,,,,,,,,,,,,,,,,6369.5,,,,,1491.2,,,,1.00131,1.00131,276.66,,,21.8280,,0.0,,0.4010,22.0000,12.0,12.8,12.0,12.0,12.0,12.0,,,,,,,,,,,,,3.875,0.300,3.871,3.562,3.875,,,,,,,,3.562,0.0,0.0,0.0,0.0,0.0,19.250,14.844,,0.0,0.7847,39.790,33.535,33.535,39.790,1.220,0.000,,,,,0.98701,,64,,,,,,225.07,,,,,,,225.07,,,,664.0,,,,,,,,,,,1374.2,,,,,,0.410,100.000,,,,,,2595.47,,2598.67,2685.16,,,225.96,113.48,,,,,,,,,,,,,0.410,0.000,64,2,2,,,,,,,,216,0,,,,,,,,,40.909,,183.79,183.93,,,,
435.944,,0,0,0,256,0,0,0,0,0,0,0,0,1,0,0,0,0,0,,,,,,,,,,,,,,,,,,,,,,6383.0,,,,,1493.3,,,,1.00131,1.00131,276.66,,,21.8200,,0.0,,0.4025,22.0000,12.8,12.8,12.8,12.0,12.0,12.8,,,,,,,,,,,,,3.875,0.300,3.871,3.562,3.867,,,,,,,,3.562,0.0,0.0,0.0,0.0,0.0,19.313,14.609,,0.0,0.7808,39.915,33.450,33.450,39.915,1.025,0.000,,,,,0.98756,,64,,,,,,224.93,,,,,,,224.93,,,,663.7,,,,,,,,,,,1378.3,,,,,,0.410,100.000,,,,,,2596.56,,2605.00,2686.25,,,225.96,113.44,,,,,,,,,,,,,0.410,0.000,64,2,2,,,,,,,,216,0,,,,,,,,,41.010,,183.79,183.93,,,,
435.959,12.0,0,0,0,256,0,0,0,0,0,0,0,0,1,0,0,0,0,0,991.8,991.8,1000.0,10.0,0.0,0.0,0.03,1,0,0.996,0.996,0.0,0.0,2.625,0.00,1000.0,1000.0,1000.0,1054.5,1000.0,985.75,6395.0,34.992,494.7,0.0,10.0,1495.6,0.03069,0.00,0.00,1.00131,1.00131,276.19,4,47.0,21.7720,0.0680,0.0,60.9,0.4090,22.0000,12.8,12.8,12.8,12.8,12.8,12.8,12.0,2.3,0.00,0.00021,0,0,0,1,98,98,98,98,3.848,0.300,3.871,3.562,3.849,991.8,1000.0,1000.0,991.8,1000.0,0.0,18.74,3.566,0.0,0.0,0.0,0.0,0.0,19.328,14.672,0.0,0.0,0.7803,39.875,33.840,33.840,39.875,1.220,0.000,0.7813,0.7813,0.0000,1183.2,0.98759,0.103155,64,40.360,1054.5,0.0,1000.0,1000.0,224.48,234.89,596.6,0.99942,1535.98,400.01,0.99939,224.48,400.01,234.87,234.87,664.3,-200.0,85.2,76.55,76.553,1997.3,832.2,750.0,1032.2,406.76,0.0,1379.3,59.796,0.0,0,991.8,991.8,0.410,100.000,923.01,0,2.1854,0.754,1013.01,2595.86,90.00,2597.58,2684.14,2681.72,92.53,224.98,113.25,359.25,390.75,99.6,0,33.25,34.5,94.5,60.8,36,0,91.84,21.8,0.410,0.000,64,2,2,991.8,1054.5,991.8,991.8,1000.0,1054.5,595.7,216,0,59.668,59.798,1000.0,2000.0,61.324,99.077,100.000,59.508,41.260,12.7,184.52,184.15,182.97,182.91,0.0,0.28
435.968,,0,0,0,256,0,0,0,0,0,0,0,0,1,0,0,0,0,0,,,,,,,,,,,,,,,,,,,,,,6369.5,,,,,1495.6,,,,1.00131,1.00131,276.33,,,21.9420,,0.0,,0.3875,22.0000,12.8,12.8,12.8,12.8,12.8,12.8,,,,,,,,,,,,,3.848,0.300,3.871,3.562,3.849,,,,,,,,3.569,0.0,0.0,0.0,0.0,0.0,19.250,14.969,,0.0,0.7820,40.220,33.645,33.645,40.220,1.430,0.000,,,,,0.98719,,64,,,,,,224.77,,,,,,,224.77,,,,664.3,,,,,,,,,,,1369.0,,,,,,0.410,100.000,,,,,,2595.39,,2601.80,2685.78,,,224.98,113.34,,,,,,,,,,,,,0.410,0.000,64,2,2,,,,,,,,216,0,,,,,,,,,41.095,,184.52,184.15,,,,
435.978,,0,0,0,256,0,0,0,0,0,0,0,0,1,0,0,0,0,0,,,,,,,,,,,,,,,,,,,,,,6386.5,,,,,1499.4,,,,1.00131,1.00131,276.09,,,21.8200,,0.0,,0.4035,22.0000,12.8,12.8,12.8,12.8,12.8,12.8,,,,,,,,,,,,,3.847,0.300,3.871,3.562,3.852,,,,,,,,3.562,0.0,0.0,0.0,0.0,0.0,19.375,14.750,,0.0,0.7761,40.025,33.720,33.720,40.025,1.220,0.000,,,,,0.98747,,64,,,,,,224.53,,,,,,,224.53,,,,663.7,,,,,,,,,,,1379.5,,,,,,0.410,100.000,,,,,,2594.92,,2598.67,2680.94,,,225.52,113.20,,,,,,,,,,,,,0.410,0.000,64,2,2,,,,,,,,216,0,,,,,,,,,41.649,,184.15,184.52,,,,
435.988,,0,0,0,256,0,0,0,0,0,0,0,0,1,0,0,0,0,0,,,,,,,,,,,,,,,,,,,,,,6385.0,,,,,1499.4,,,,1.00131,1.00131,275.72,,,21.9520,,0.0,,0.3870,22.0000,12.8,12.8,12.8,12.8,12.8,12.8,,,,,,,,,,,,,3.847,0.300,3.871,3.562,3.852,,,,,,,,3.557,0.0,0.0,0.0,0.0,0.0,19.328,15.047,,0.0,0.7800,40.100,33.505,33.505,40.100,1.025,0.000,,,,,0.98667,,64,,,,,,224.46,,,,,,,224.46,,,,663.7,,,,,,,,,,,1375.1,,,,,,0.410,100.000,,,,,,2594.30,,2602.89,2683.91,,,225.52,113.06,,,,,,,,,,,,,0.410,0.000,64,2,2,,,,,,,,216,0,,,,,,,,,41.245,,184.15,184.52,,,,
435.997,,0,0,0,256,0,0,0,0,0,0,0,0,1,0,0,0,0,0,,,,,,,,,,,,,,,,,,,,,,6374.5,,,,,1499.3,,,,1.00131,1.00131,275.91,,,21.9800,,0.0,,0.3835,22.0000,12.8,12.8,12.8,12.8,12.8,12.8,,,,,,,,,,,,,3.844,0.300,3.871,3.562,3.844,,,,,,,,3.562,0.0,0.0,0.0,0.0,0.0,19.438,14.844,,0.0,0.7751,39.885,33.640,33.640,39.885,1.220,0.000,,,,,0.98713,,64,,,,,,224.39,,,,,,,224.39,,,,663.1,,,,,,,,,,,1376.1,,,,,,0.410,100.000,,,,,,2593.44,,2595.47,2683.36,,,225.52,113.16,,,,,,,,,,,,,0.410,0.000,64,2,2,,,,,,,,216,0,,,,,,,,,41.124,,184.74,184.37,,,,
436.007,,0,0,0,256,0,0,0,0,0,0,0,0,1,0,0,0,0,0,,,,,,,,,,,,,,,,,,,,,,6378.0,,,,,1499.3,,,,1.00131,1.00131,276.42,,,22.0180,,0.0,,0.3785,22.0000,12.8,12.8,12.8,12.8,12.8,12.8,,,,,,,,,,,,,3.844,0.300,3.871,3.562,3.844,,,,,,,,3.570,0.0,0.0,0.0,0.0,0.0,19.500,14.891,,0.0,0.7803,40.020,33.500,33.500,40.020,1.220,0.000,,,,,0.98637,,64,,,,,,224.98,,,,,,,224.98,,,,663.1,,,,,,,,,,,1370.0,,,,,,0.410,100.000,,,,,,2593.36,,2599.69,2684.14,,,225.52,113.39,,,,,,,,,,,,,0.410,0.000,64,2,2,,,,,,,,216,0,,,,,,,,,41.104,,184.74,184.37,,,,
436.021,,0,0,0,256,0,0,0,0,0,0,0,0,1,0,0,0,0,0,,,,,,,,,,,,,,,,,,,,,,6380.0,,,,,1498.8,,,,1.00131,1.00131,276.42,,,21.9900,,0.0,,0.3820,22.0000,12.8,12.8,12.8,12.8,12.8,12.8,,,,,,,,,,,,,3.844,0.300,3.871,3.562,3.845,,,,,,,,3.569,0.0,0.0,0.0,0.0,0.0,19.406,14.875,,0.0,0.7776,39.880,33.535,33.535,39.880,1.220,0.000,,,,,0.98698,,64,,,,,,224.88,,,,,,,224.88,,,,663.9,,,,,,,,,,,1373.4,,,,,,0.410,100.000,,,,,,2592.50,,2596.56,2676.72,,,225.63,113.34,,,,,,,,,,,,,0.410,0.000,64,2,2,,,,,,,,216,0,,,,,,,,,41.240,,184.52,184.88,,,,
436.031,,0,0,0,256,0,0,0,0,0,0,0,0,1,0,0,0,0,0,,,,,,,,,,,,,,,,,,,,,,6395.0,,,,,1498.8,,,,1.00131,1.00131,275.86,,,22.0460,,0.0,,0.3750,22.0000,12.8,12.8,12.8,12.8,12.8,12.8,,,,,,,,,,,,,3.844,0.300,3.844,3.560,3.845,,,,,,,,3.562,0.0,0.0,0.0,0.0,0.0,19.438,14.891,,0.0,0.7830,39.915,33.205,33.205,39.915,1.025,0.000,,,,,0.98658,,64,,,,,,224.51,,,,,,,224.51,,,,663.9,,,,,,,,,,,1374.6,,,,,,0.410,100.000,,,,,,2592.34,,2600.78,2680.94,,,225.63,113.11,,,,,,,,,,,,,0.410,0.000,64,2,2,,,,,,,,216,0,,,,,,,,,41.100,,184.52,184.88,,,,
436.042,,0,0,0,256,0,0,0,0,0,0,0,0,1,0,0,0,0,0,,,,,,,,,,,,,,,,,,,,,,6398.5,,,,,1498.9,,,,1.00131,1.00131,275.81,,,22.1120,,0.0,,0.3665,22.0000,12.8,12.8,12.8,12.8,12.8,12.8,,,,,,,,,,,,,3.839,0.300,3.844,3.560,3.840,,,,,,,,3.560,0.0,0.0,0.0,0.0,0.0,19.422,14.938,,0.0,0.7805,39.585,33.395,33.395,39.585,1.220,0.000,,,,,0.98732,,64,,,,,,224.27,,,,,,,224.27,,,,663.8,,,,,,,,,,,1374.2,,,,,,0.410,100.000,,,,,,2590.86,,2592.34,2680.00,,,225.14,113.11,,,,,,,,,,,,,0.410,0.000,64,2,2,,,,,,,,216,0,,,,,,,,,40.939,,184.88,184.74,,,,
436.052,12.8,0,0,0,256,0,0,0,0,0,0,0,0,1,0,0,0,0,0,992.3,992.3,1000.0,10.0,0.0,0.0,0.03,1,0,0.996,0.996,0.0,0.0,2.656,0.00,1000.0,1000.0,1000.0,1054.3,1000.0,990.04,6403.5,34.992,496.6,0.0,10.0,1498.9,0.03077,0.00,0.00,1.00131,1.00131,275.77,4,48.0,21.9140,0.2280,0.0,61.1,0.3915,22.0000,12.8,12.8,12.8,12.8,12.8,12.8,12.8,2.3,0.00,0.00534,0,0,0,1,98,98,98,98,3.839,0.300,3.844,3.560,3.840,992.3,1000.0,1000.0,992.3,1000.0,0.0,18.74,3.558,0.0,0.0,0.0,0.0,0.0,19.516,15.000,0.0,0.0,0.7810,39.775,33.355,33.355,39.775,1.220,0.000,0.7813,0.7813,0.0000,1188.7,0.98704,0.102661,64,41.260,1054.3,0.0,1000.0,1000.0,224.32,233.58,596.4,0.99942,1535.98,400.01,0.99939,224.32,400.01,233.55,233.55,663.8,-200.0,85.7,76.91,76.910,2014.6,836.9,750.0,1036.9,409.61,0.0,1378.8,59.616,0.0,0,992.3,992.3,0.410,100.000,923.01,0,2.1855,0.758,1013.01,2591.41,90.00,2597.58,2682.50,2684.14,92.06,225.14,113.06,359.25,390.75,99.6,0,33.46,34.5,94.5,60.8,36,0,91.84,21.8,0.410,0.000,64,2,2,992.3,1054.1,992.3,992.3,1000.0,1054.1,596.8,216,0,59.645,59.645,1000.0,2000.0,61.232,99.127,100.000,59.618,40.804,12.7,184.88,184.74,184.08,184.08,0.0,0.51
436.057,,0,0,0,256,0,0,0,0,0,0,0,0,1,0,0,0,0,0,,,,,,,,,,,,,,,,,,,,,,6408.5,,,,,1496.4,,,,1.00131,1.00131,275.20,,,22.0560,,0.0,,0.3735,22.0000,12.8,12.8,12.8,12.8,12.8,12.8,,,,,,,,,,,,,3.841,0.300,3.844,3.560,3.828,,,,,,,,3.555,0.0,0.0,0.0,0.0,0.0,19.469,15.031,,0.0,0.7798,39.735,33.635,33.635,39.735,1.430,0.000,,,,,0.98710,,64,,,,,,223.88,,,,,,,223.88,,,,663.9,,,,,,,,,,,1372.6,,,,,,0.410,100.000,,,,,,2590.16,,2588.13,2684.14,,,224.06,112.88,,,,,,,,,,,,,0.410,0.000,64,2,2,,,,,,,,216,0,,,,,,,,,40.994,,184.88,185.25,,,,
436.068,,0,0,0,256,0,0,0,0,0,0,0,0,1,0,0,0,0,0,,,,,,,,,,,,,,,,,,,,,,6414.0,,,,,1496.4,,,,1.00131,1.00131,275.25,,,21.9320,,0.0,,0.3895,22.0000,12.8,12.8,12.8,12.8,12.8,12.8,,,,,,,,,,,,,3.841,0.300,3.844,3.560,3.828,,,,,,,,3.555,0.0,0.0,0.0,0.0,0.0,19.500,15.031,,0.0,0.7820,40.015,33.710,33.710,40.015,1.430,0.000,,,,,0.98695,,64,,,,,,223.92,,,,,,,223.92,,,,663.9,,,,,,,,,,,1377.7,,,,,,0.410,100.000,,,,,,2590.55,,2592.34,2683.59,,,224.06,112.88,,,,,,,,,,,,,0.410,0.000,64,2,2,,,,,,,,216,0,,,,,,,,,41.164,,184.88,185.25,,,,
436.078,,0,0,0,256,0,0,0,0,0,0,0,0,1,0,0,0,0,0,,,,,,,,,,,,,,,,,,,,,,6419.0,,,,,1499.5,,,,1.00131,1.00131,274.78,,,22.1600,,0.0,,0.3605,22.0000,12.8,12.8,12.8,12.8,12.8,12.8,,,,,,,,,,,,,3.838,0.300,3.844,3.560,3.838,,,,,,,,3.549,0.0,0.0,0.0,0.0,0.0,19.359,15.281,,0.0,0.7810,40.090,33.685,33.685,40.090,1.430,0.000,,,,,0.98728,,64,,,,,,223.45,,,,,,,223.45,,,,663.4,,,,,,,,,,,1371.6,,,,,,0.410,100.000,,,,,,2588.91,,2590.23,2685.86,,,223.99,112.69,,,,,,,,,,,,,0.410,0.000,64,2,2,,,,,,,,216,0,,,,,,,,,41.444,,185.25,185.04,,,,
436.087,,0,0,0,256,0,0,0,0,0,0,0,0,1,0,0,0,0,0,,,,,,,,,,,,,,,,,,,,,,6424.0,,,,,1499.5,,,,1.00131,1.00131,274.73,,,22.1220,,0.0,,0.3650,22.0000,12.8,12.8,12.8,12.8,12.8,12.8,,,,,,,,,,,,,3.838,0.300,3.844,3.560,3.835,,,,,,,,3.549,0.0,0.0,0.0,0.0,0.0,19.406,15.031,,0.0,0.7793,40.065,33.785,33.785,40.065,1.220,0.000,,,,,0.98719,,64,,,,,,223.45,,,,,,,223.45,,,,663.4,,,,,,,,,,,1377.6,,,,,,0.410,100.000,,,,,,2589.84,,2594.45,2687.42,,,223.99,112.69,,,,,,,,,,,,,0.410,0.000,64,2,2,,,,,,,,216,0,,,,,,,,,41.519,,185.25,185.04,,,,
436.098,,0,0,0,256,0,0,0,0,0,0,0,0,1,0,0,0,0,0,,,,,,,,,,,,,,,,,,,,,,6408.5,,,,,1499.2,,,,1.00131,1.00131,274.73,,,22.1120,,0.0,,0.3660,22.0000,12.8,12.8,12.8,12.8,12.8,12.8,,,,,,,,,,,,,3.835,0.300,3.844,3.560,3.835,,,,,,,,3.548,0.0,0.0,0.0,0.0,0.0,19.266,15.250,,0.0,0.7822,40.165,33.860,33.860,40.165,1.430,0.000,,,,,0.98701,,64,,,,,,223.43,,,,,,,223.43,,,,663.7,,,,,,,,,,,1371.6,,,,,,0.410,100.000,,,,,,2589.14,,2600.78,2687.81,,,223.71,112.64,,,,,,,,,,,,,0.410,0.000,64,2,2,,,,,,,,216,0,,,,,,,,,41.284,,185.25,185.55,,,,
436.107,,0,0,0,256,0,0,0,0,0,0,0,0,1,0,0,0,0,0,,,,,,,,,,,,,,,,,,,,,,6415.5,,,,,1499.2,,,,1.00131,1.00131,275.02,,,22.0840,,0.0,,0.3695,22.0000,12.8,12.8,12.8,12.8,12.8,12.8,,,,,,,,,,,,,3.835,0.300,3.844,3.560,3.820,,,,,,,,3.552,0.0,0.0,0.0,0.0,0.0,19.313,15.031,,0.0,0.7791,40.240,33.945,33.945,40.240,1.220,0.000,,,,,0.98738,,64,,,,,,223.55,,,,,,,223.55,,,,663.7,,,,,,,,,,,1379.7,,,,,,0.410,100.000,,,,,,2590.16,,2599.69,2684.06,,,223.71,112.78,,,,,,,,,,,,,0.410,0.000,64,2,2,,,,,,,,216,0,,,,,,,,,41.594,,185.25,185.55,,,,
436.120,,0,0,0,256,0,0,0,0,0,0,0,0,1,0,0,0,0,0,,,,,,,,,,,,,,,,,,,,,,6393.5,,,,,1497.7,,,,1.00131,1.00131,274.97,,,22.0180,,0.0,,0.3775,22.0000,12.8,12.8,12.8,12.8,12.8,12.8,,,,,,,,,,,,,3.819,0.300,3.844,3.560,3.820,,,,,,,,3.550,0.0,0.0,0.0,0.0,0.0,19.172,15.313,,0.0,0.7800,40.325,33.775,33.775,40.325,1.430,0.000,,,,,0.98701,,64,,,,,,223.73,,,,,,,223.73,,,,663.6,,,,,,,,,,,1371.1,,,,,,0.410,100.000,,,,,,2589.45,,2598.67,2683.91,,,224.20,112.73,,,,,,,,,,,,,0.410,0.000,64,2,2,,,,,,,,216,0,,,,,,,,,41.460,,185.63,185.49,,,,
436.131,,0,0,0,256,0,0,0,0,0,0,0,0,1,0,0,0,0,0,,,,,,,,,,,,,,,,,,,,,,6417.5,,,,,1497.7,,,,1.00131,1.00131,274.88,,,21.9800,,0.0,,0.3825,22.0000,12.8,12.8,12.8,12.8,12.8,12.8,,,,,,,,,,,,,3.824,0.300,3.819,3.552,3.827,,,,,,,,3.550,0.0,0.0,0.0,0.0,0.0,19.250,15.109,,0.0,0.7756,40.155,33.770,33.770,40.155,1.220,0.000,,,,,0.98710,,64,,,,,,223.59,,,,,,,223.59,,,,663.6,,,,,,,,,,,1379.5,,,,,,0.410,100.000,,,,,,2589.30,,2593.36,2682.27,,,224.20,112.73,,,,,,,,,,,,,0.410,0.000,64,2,2,,,,,,,,216,0,,,,,,,,,41.754,,185.63,185.49,,,,
436.145,,0,0,0,256,0,0,0,0,0,0,0,0,1,0,0,0,0,0,,,,,,,,,,,,,,,,,,,,,,6417.5,,,,,1498.9,,,,1.00131,1.00131,274.92,,,21.9800,,0.0,,0.3825,22.0000,12.8,12.8,12.8,12.8,12.8,12.8,,,,,,,,,,,,,3.824,0.300,3.819,3.552,3.827,,,,,,,,3.550,0.0,0.0,0.0,0.0,0.0,19.141,15.375,,0.0,0.7810,40.150,33.695,33.695,40.150,1.220,0.000,,,,,0.98652,,64,,,,,,223.64,,,,,,,223.64,,,,662.7,,,,,,,,,,,1379.8,,,,,,0.410,100.000,,,,,,2589.77,,2599.69,2683.67,,,224.09,112.73,,,,,,,,,,,,,0.410,0.000,64,2,2,,,,,,,,216,0,,,,,,,,,41.374,,185.55,185.93,,,,
436.157,12.8,0,0,0,256,0,0,0,0,0,0,0,0,1,0,0,0,0,0,992.4,992.4,1000.0,10.0,0.0,0.0,0.03,1,0,0.996,0.996,0.0,0.0,2.718,0.00,1000.0,1000.0,1000.0,1054.4,1000.0,987.55,6436.0,34.992,495.2,0.0,10.0,1500.2,0.03073,0.00,0.00,1.00131,1.00131,274.88,4,47.0,21.9800,-0.0560,0.0,60.3,0.3820,22.0000,12.8,12.8,12.8,12.8,12.8,12.8,12.8,2.3,0.00,0.00021,0,0,0,1,98,98,98,98,3.831,0.300,3.819,3.552,3.834,992.4,1000.0,1000.0,992.4,1000.0,0.0,18.74,3.555,0.0,0.0,0.0,0.0,0.0,19.203,15.094,0.0,0.0,0.7830,40.135,33.925,33.925,40.135,1.220,0.000,0.7813,0.7813,0.0000,1186.3,0.98686,0.102633,64,40.995,1054.4,0.0,1000.0,1000.0,223.50,233.34,595.2,0.99942,1535.98,400.01,0.99939,223.50,400.01,233.32,233.32,662.4,-200.0,86.1,77.20,77.206,2013.8,840.8,750.0,1040.8,409.14,0.0,1380.4,59.511,0.0,0,992.4,992.4,0.410,100.000,923.01,0,2.1843,0.762,1013.01,2591.25,90.00,2601.80,2684.06,2684.14,91.78,223.69,112.73,359.25,390.75,99.6,0,33.55,35.3,94.5,60.8,36,0,91.84,21.8,0.410,0.000,64,2,2,992.4,1054.0,992.4,992.4,1000.0,1054.0,596.0,216,0,59.522,59.522,1000.0,2000.0,61.160,99.138,100.000,59.538,41.295,12.7,185.86,185.70,184.96,185.10,0.0,0.23
436.168,,0,0,0,256,0,0,0,0,0,0,0,0,1,0,0,0,0,0,,,,,,,,,,,,,,,,,,,,,,6448.5,,,,,1500.2,,,,1.00131,1.00131,275.02,,,22.1120,,0.0,,0.3655,22.0000,12.8,12.8,12.8,12.8,12.8,12.8,,,,,,,,,,,,,3.820,0.300,3.819,3.552,3.821,,,,,,,,3.557,0.0,0.0,0.0,0.0,0.0,19.109,15.063,,0.0,0.7795,40.305,33.925,33.925,40.305,1.220,0.000,,,,,0.98738,,64,,,,,,223.45,,,,,,,223.45,,,,662.4,,,,,,,,,,,1379.8,,,,,,0.410,100.000,,,,,,2590.86,,2594.45,2681.95,,,223.69,112.78,,,,,,,,,,,,,0.410,0.000,64,2,2,,,,,,,,216,0,,,,,,,,,41.354,,185.86,185.70,,,,
436.177,,0,0,0,256,0,0,0,0,0,0,0,0,1,0,0,0,0,0,,,,,,,,,,,,,,,,,,,,,,6450.0,,,,,1501.9,,,,1.00131,1.00131,274.59,,,21.9520,,0.0,,0.3855,22.0000,12.8,12.8,12.8,12.8,12.8,12.8,,,,,,,,,,,,,3.820,0.300,3.819,3.552,3.821,,,,,,,,3.551,0.0,0.0,0.0,0.0,0.0,19.125,15.078,,0.0,0.7856,40.305,33.830,33.830,40.305,1.220,0.000,,,,,0.98701,,64,,,,,,223.22,,,,,,,223.22,,,,662.7,,,,,,,,,,,1375.8,,,,,,0.410,100.000,,,,,,2590.63,,2599.69,2686.88,,,223.08,112.59,,,,,,,,,,,,,0.410,0.000,64,2,2,,,,,,,,216,0,,,,,,,,,41.524,,186.01,186.17,,,,
436.188,,0,0,0,256,0,0,0,0,0,0,0,0,1,0,0,0,0,0,,,,,,,,,,,,,,,,,,,,,,6462.0,,,,,1501.9,,,,1.00131,1.00131,274.36,,,22.1500,,0.0,,0.3605,22.0000,12.8,12.8,12.8,12.8,12.8,12.8,,,,,,,,,,,,,3.816,0.300,3.819,3.552,3.818,,,,,,,,3.548,0.0,0.0,0.0,0.0,0.0,19.047,15.094,,0.0,0.7798,40.210,34.055,34.055,40.210,1.430,0.000,,,,,0.98783,,64,,,,,,222.84,,,,,,,222.84,,,,662.7,,,,,,,,,,,1378.0,,,,,,0.410,100.000,,,,,,2588.91,,2588.13,2683.75,,,223.08,112.50,,,,,,,,,,,,,0.410,0.000,64,2,2,,,,,,,,216,0,,,,,,,,,41.524,,186.01,186.17,,,,
436.197,,0,0,0,256,0,0,0,0,0,0,0,0,1,0,0,0,0,0,,,,,,,,,,,,,,,,,,,,,,6455.5,,,,,1504.3,,,,1.00131,1.00131,274.36,,,22.0080,,0.0,,0.3785,22.0000,12.8,12.8,12.8,12.8,12.8,12.8,,,,,,,,,,,,,3.816,0.300,3.819,3.552,3.818,,,,,,,,3.548,0.0,0.0,0.0,0.0,0.0,19.109,15.125,,0.0,0.7813,40.435,33.910,33.910,40.435,1.220,0.000,,,,,0.98719,,64,,,,,,222.96,,,,,,,222.96,,,,662.2,,,,,,,,,,,1382.8,,,,,,0.410,100.000,,,,,,2590.00,,2597.58,2685.23,,,222.75,112.50,,,,,,,,,,,,,0.410,0.000,64,2,2,,,,,,,,216,0,,,,,,,,,41.640,,186.23,186.01,,,,
436.207,,0,0,0,256,0,0,0,0,0,0,0,0,1,0,0,0,0,0,,,,,,,,,,,,,,,,,,,,,,6445.0,,,,,1504.3,,,,1.00131,1.00131,274.17,,,22.0840,,0.0,,0.3685,22.0000,12.8,12.8,12.8,12.8,12.8,12.8,,,,,,,,,,,,,3.811,0.300,3.819,3.552,3.813,,,,,,,,3.545,0.0,0.0,0.0,0.0,0.0,19.063,15.156,,0.0,0.7800,40.290,34.165,34.165,40.290,1.430,0.000,,,,,0.98735,,64,,,,,,222.84,,,,,,,222.84,,,,662.2,,,,,,,,,,,1377.7,,,,,,0.410,100.000,,,,,,2588.91,,2588.13,2684.14,,,222.75,112.41,,,,,,,,,,,,,0.410,0.000,64,2,2,,,,,,,,216,0,,,,,,,,,41.655,,186.23,186.01,,,,
436.221,,0,0,0,256,0,0,0,0,0,0,0,0,1,0,0,0,0,0,,,,,,,,,,,,,,,,,,,,,,6445.0,,,,,1497.4,,,,1.00131,1.00131,274.41,,,22.1040,,0.0,,0.3660,22.0000,12.8,12.8,12.8,12.8,12.8,12.8,,,,,,,,,,,,,3.811,0.300,3.819,3.552,3.819,,,,,,,,3.549,0.0,0.0,0.0,0.0,0.0,19.141,14.891,,0.0,0.7793,40.545,34.115,34.115,40.545,1.220,0.000,,,,,0.98722,,64,,,,,,223.01,,,,,,,223.01,,,,661.7,,,,,,,,,,,1380.9,,,,,,0.410,100.000,,,,,,2590.31,,2596.56,2685.00,,,223.71,112.55,,,,,,,,,,,,,0.410,0.000,64,2,2,,,,,,,,216,0,,,,,,,,,41.719,,186.52,186.80,,,,
436.231,,0,0,0,256,0,0,0,0,0,0,0,0,1,0,0,0,0,0,,,,,,,,,,,,,,,,,,,,,,6441.5,,,,,1497.4,,,,1.00131,1.00131,274.27,,,22.2260,,0.0,,0.3500,22.0000,12.8,12.8,12.8,12.8,12.8,12.8,,,,,,,,,,,,,3.818,0.300,3.818,3.548,3.819,,,,,,,,3.548,0.0,0.0,0.0,0.0,0.0,19.000,15.125,,0.0,0.7781,40.495,34.155,34.155,40.495,1.430,0.000,,,,,0.98713,,64,,,,,,222.89,,,,,,,222.89,,,,661.7,,,,,,,,,,,1375.5,,,,,,0.410,100.000,,,,,,2589.38,,2590.23,2685.08,,,223.71,112.50,,,,,,,,,,,,,0.410,0.000,64,2,2,,,,,,,,216,0,,,,,,,,,41.765,,186.52,186.80,,,,
436.244,,0,0,0,256,0,0,0,0,0,0,0,0,1,0,0,0,0,0,,,,,,,,,,,,,,,,,,,,,,6450.0,,,,,1499.4,,,,1.00131,1.00131,274.36,,,22.1500,,0.0,,0.3590,22.0000,12.8,12.8,12.8,12.8,12.8,12.8,,,,,,,,,,,,,3.818,0.300,3.818,3.548,3.805,,,,,,,,3.553,0.0,0.0,0.0,0.0,0.0,19.063,14.891,,0.0,0.7751,40.535,34.160,34.160,40.535,1.220,0.000,,,,,0.98695,,64,,,,,,223.08,,,,,,,223.08,,,,662.5,,,,,,,,,,,1383.8,,,,,,0.410,100.000,,,,,,2591.41,,2598.67,2684.22,,,223.80,112.50,,,,,,,,,,,,,0.410,0.000,64,2,2,,,,,,,,216,0,,,,,,,,,41.924,,186.84,186.53,,,,
436.257,12.8,0,0,0,256,0,0,0,0,0,0,0,0,1,0,0,0,0,0,992.4,992.4,1000.0,10.0,0.0,0.0,0.03,1,0,0.996,0.996,0.0,0.0,2.687,0.00,1000.0,1000.0,1000.0,1053.6,1000.0,987.04,6464.0,34.992,496.1,0.0,10.0,1507.4,0.03077,0.00,0.00,1.00131,1.00131,274.64,4,47.0,22.1600,0.0200,0.0,60.3,0.3575,22.0000,12.8,12.8,12.8,12.8,12.8,12.8,12.8,2.3,0.00,0.00021,0,0,0,1,98,98,98,98,3.802,0.300,3.818,3.548,3.816,992.4,1000.0,1000.0,992.4,1000.0,0.0,18.74,3.552,0.0,0.0,0.0,0.0,0.0,19.047,14.922,0.0,0.0,0.7827,40.500,34.235,34.235,40.500,1.220,0.000,0.7813,0.7813,0.0000,1188.0,0.98704,0.102473,64,41.295,1053.6,0.0,1000.0,1000.0,223.22,232.69,594.6,0.99942,1535.98,400.01,0.99939,223.22,400.01,232.66,232.66,662.5,-200.0,87.6,77.72,77.724,2010.7,847.6,750.0,1047.6,410.31,0.0,1388.3,59.489,0.0,0,992.4,992.4,0.410,100.000,923.01,0,2.1846,0.766,1013.01,2592.58,90.00,2596.56,2683.98,2684.06,91.64,223.95,112.64,359.25,390.75,99.6,0,33.65,35.3,94.5,60.8,36,0,91.84,21.8,0.410,0.000,64,2,2,992.4,1053.4,992.4,992.4,1000.0,1053.4,595.1,216,0,59.470,59.470,1000.0,2000.0,61.137,99.138,100.000,59.448,41.969,12.7,186.80,186.94,185.70,185.49,0.0,0.37
436.268,,0,0,0,256,0,0,0,0,0,0,0,0,1,0,0,0,0,0,,,,,,,,,,,,,,,,,,,,,,6460.5,,,,,1507.4,,,,1.00131,1.00131,274.92,,,22.0180,,0.0,,0.3750,22.0000,12.8,12.8,12.8,12.8,12.8,12.8,,,,,,,,,,,,,3.820,0.300,3.818,3.548,3.816,,,,,,,,3.555,0.0,0.0,0.0,0.0,0.0,18.938,15.188,,0.0,0.7847,40.615,34.175,34.175,40.615,1.220,0.000,,,,,0.98738,,64,,,,,,223.43,,,,,,,223.43,,,,662.5,,,,,,,,,,,1388.6,,,,,,0.410,100.000,,,,,,2592.97,,2600.78,2683.20,,,223.95,112.73,,,,,,,,,,,,,0.410,0.000,64,2,2,,,,,,,,216,0,,,,,,,,,41.719,,186.80,186.94,,,,
436.278,,0,0,0,256,0,0,0,0,0,0,0,0,1,0,0,0,0,0,,,,,,,,,,,,,,,,,,,,,,6474.5,,,,,1508.0,,,,1.00131,1.00131,275.06,,,22.0180,,0.0,,0.3750,22.0000,12.8,12.8,12.8,12.8,12.8,12.8,,,,,,,,,,,,,3.829,0.300,3.818,3.548,3.826,,,,,,,,3.557,0.0,0.0,0.0,0.0,0.0,19.078,14.969,,0.0,0.7778,40.555,34.140,34.140,40.555,1.220,0.000,,,,,0.98777,,64,,,,,,223.38,,,,,,,223.38,,,,662.1,,,,,,,,,,,1384.8,,,,,,0.410,100.000,,,,,,2592.03,,2593.36,2683.75,,,224.27,112.78,,,,,,,,,,,,,0.410,0.000,64,2,2,,,,,,,,216,0,,,,,,,,,41.834,,186.84,186.69,,,,
436.288,,0,0,0,256,0,0,0,0,0,0,0,0,1,0,0,0,0,0,,,,,,,,,,,,,,,,,,,,,,6469.0,,,,,1508.0,,,,1.00131,1.00131,274.36,,,21.9620,,0.0,,0.3820,22.0000,12.8,12.8,12.8,12.8,12.8,12.8,,,,,,,,,,,,,3.829,0.300,3.818,3.548,3.826,,,,,,,,3.548,0.0,0.0,0.0,0.0,0.0,19.188,14.984,,0.0,0.7803,40.520,34.165,34.165,40.520,1.220,0.000,,,,,0.98695,,64,,,,,,223.08,,,,,,,223.08,,,,662.1,,,,,,,,,,,1382.3,,,,,,0.410,100.000,,,,,,2591.17,,2600.78,2682.58,,,224.27,112.50,,,,,,,,,,,,,0.410,0.000,64,2,2,,,,,,,,216,0,,,,,,,,,41.774,,186.84,186.69,,,,
436.298,,0,0,0,256,0,0,0,0,0,0,0,0,1,0,0,0,0,0,,,,,,,,,,,,,,,,,,,,,,6481.5,,,,,1507.5,,,,1.00131,1.00131,274.41,,,22.0080,,0.0,,0.3765,22.0000,12.8,12.8,12.8,12.8,12.8,12.8,,,,,,,,,,,,,3.826,0.300,3.818,3.548,3.827,,,,,,,,3.554,0.0,0.0,0.0,0.0,0.0,19.141,15.000,,0.0,0.7756,40.545,34.115,34.115,40.545,1.220,0.000,,,,,0.98719,,64,,,,,,223.03,,,,,,,223.03,,,,662.6,,,,,,,,,,,1385.8,,,,,,0.410,100.000,,,,,,2590.86,,2594.45,2684.45,,,224.13,112.55,,,,,,,,,,,,,0.410,0.000,64,2,2,,,,,,,,216,0,,,,,,,,,41.739,,187.22,187.22,,,,
436.307,,0,0,0,256,0,0,0,0,0,0,0,0,1,0,0,0,0,0,,,,,,,,,,,,,,,,,,,,,,6486.5,,,,,1507.5,,,,1.00131,1.00131,274.69,,,21.9520,,0.0,,0.3835,22.0000,12.8,12.8,12.8,12.8,12.8,12.8,,,,,,,,,,,,,3.826,0.300,3.818,3.548,3.827,,,,,,,,3.558,0.0,0.0,0.0,0.0,0.0,19.203,15.000,,0.0,0.7815,40.495,34.315,34.315,40.495,1.220,0.000,,,,,0.98655,,64,,,,,,223.43,,,,,,,223.43,,,,662.6,,,,,,,,,,,1390.8,,,,,,0.410,100.000,,,,,,2591.41,,2600.78,2684.06,,,224.13,112.64,,,,,,,,,,,,,0.410,0.000,64,2,2,,,,,,,,216,0,,,,,,,,,41.765,,187.22,187.22,,,,
436.323,,0,0,0,256,0,0,0,0,0,0,0,0,1,0,0,0,0,0,,,,,,,,,,,,,,,,,,,,,,6490.0,,,,,1515.0,,,,1.00131,1.00131,274.92,,,22.0560,,0.0,,0.3705,22.0000,12.8,12.8,12.8,12.8,12.8,12.8,,,,,,,,,,,,,3.833,0.300,3.818,3.548,3.834,,,,,,,,3.555,0.0,0.0,0.0,0.0,0.0,19.172,15.000,,0.0,0.7808,40.695,34.295,34.295,40.695,1.430,0.000,,,,,0.98722,,64,,,,,,223.36,,,,,,,223.36,,,,662.5,,,,,,,,,,,1386.5,,,,,,0.410,100.000,,,,,,2590.23,,2588.13,2684.61,,,223.95,112.73,,,,,,,,,,,,,0.410,0.000,64,2,2,,,,,,,,216,0,,,,,,,,,41.715,,187.37,187.07,,,,
436.339,12.8,0,0,0,256,0,0,0,0,0,0,0,0,1,0,0,0,0,0,992.3,992.3,1000.0,10.0,0.0,0.0,0.06,1,0,0.996,0.996,0.0,0.0,2.625,0.00,1000.0,1000.0,1000.0,1052.9,1000.0,987.15,6490.0,34.992,496.6,0.0,10.0,1514.9,0.03077,0.00,0.00,1.00131,1.00131,275.11,4,47.0,22.1040,-0.1600,0.0,59.8,0.3645,22.0000,12.8,12.8,12.8,12.8,12.8,12.8,12.8,2.3,0.00,0.00021,0,0,0,1,98,98,98,98,3.837,0.300,3.833,3.555,3.837,992.3,1000.0,1000.0,992.3,1000.0,0.0,18.74,3.558,0.0,0.0,0.0,0.0,0.0,19.219,15.031,0.0,0.0,0.7834,40.700,34.300,34.300,40.700,1.430,0.000,0.7813,0.7813,0.0000,1194.2,0.98786,0.102244,64,41.970,1052.9,0.0,1000.0,1000.0,223.43,232.59,594.5,0.99942,1535.98,400.01,0.99939,223.43,400.01,232.57,232.57,661.9,-200.0,87.5,77.92,77.928,2017.2,850.3,750.0,1050.3,407.46,0.0,1388.6,59.572,0.0,0,992.3,992.3,0.410,100.000,923.01,0,2.1843,0.770,1013.01,2590.31,90.00,2591.33,2683.44,2683.98,91.55,224.06,112.83,360.00,390.75,100.0,0,33.74,35.3,94.5,60.0,36,0,91.84,21.8,0.410,0.000,64,2,2,992.3,1052.9,992.3,992.3,1000.0,1052.9,594.1,216,0,59.459,59.459,1000.0,2000.0,61.078,99.127,100.000,59.348,41.895,12.6,187.67,187.60,186.69,186.39,0.0,0.66
436.348,,0,0,0,256,0,0,0,0,0,0,0,0,1,0,0,0,0,0,,,,,,,,,,,,,,,,,,,,,,6492.0,,,,,1514.9,,,,1.00131,1.00131,275.20,,,21.9800,,0.0,,0.3800,22.0000,12.8,12.8,12.8,12.8,12.8,12.8,,,,,,,,,,,,,3.837,0.300,3.833,3.555,3.837,,,,,,,,3.559,0.0,0.0,0.0,0.0,0.0,19.359,14.859,,0.0,0.7837,40.680,34.265,34.265,40.680,1.220,0.000,,,,,0.98771,,64,,,,,,223.57,,,,,,,223.57,,,,661.9,,,,,,,,,,,1392.9,,,,,,0.410,100.000,,,,,,2592.11,,2595.47,2682.50,,,224.06,112.88,,,,,,,,,,,,,0.410,0.000,64,2,2,,,,,,,,216,0,,,,,,,,,42.130,,187.67,187.60,,,,
436.357,,0,0,0,256,0,0,0,0,0,0,0,0,1,0,0,0,0,0,,,,,,,,,,,,,,,,,,,,,,6481.5,,,,,1514.3,,,,1.00131,1.00131,275.06,,,22.1600,,0.0,,0.3570,22.0000,12.8,12.8,12.8,12.8,12.8,12.8,,,,,,,,,,,,,3.837,0.300,3.833,3.555,3.837,,,,,,,,3.561,0.0,0.0,0.0,0.0,0.0,19.313,15.188,,0.0,0.7834,40.645,34.255,34.255,40.645,1.430,0.000,,,,,0.98780,,64,,,,,,223.41,,,,,,,223.41,,,,661.1,,,,,,,,,,,1386.2,,,,,,0.410,100.000,,,,,,2590.55,,2590.23,2684.06,,,223.38,112.78,,,,,,,,,,,,,0.410,0.000,64,2,2,,,,,,,,216,0,,,,,,,,,41.899,,187.37,187.50,,,,
436.368,,0,0,0,256,0,0,0,0,0,0,0,0,1,0,0,0,0,0,,,,,,,,,,,,,,,,,,,,,,6495.5,,,,,1514.3,,,,1.00131,1.00131,275.30,,,22.0000,,0.0,,0.3770,22.0000,12.8,12.8,12.8,12.8,12.8,12.8,,,,,,,,,,,,,3.837,0.300,3.833,3.555,3.838,,,,,,,,3.567,0.0,0.0,0.0,0.0,0.0,19.453,14.984,,0.0,0.7827,40.635,34.330,34.330,40.635,1.220,0.000,,,,,0.98786,,64,,,,,,223.57,,,,,,,223.57,,,,661.1,,,,,,,,,,,1396.0,,,,,,0.410,100.000,,,,,,2592.73,,2599.69,2684.22,,,223.38,112.92,,,,,,,,,,,,,0.410,0.000,64,2,2,,,,,,,,216,0,,,,,,,,,42.075,,187.37,187.50,,,,
436.378,,0,0,0,256,0,0,0,0,0,0,0,0,1,0,0,0,0,0,,,,,,,,,,,,,,,,,,,,,,6504.5,,,,,1518.9,,,,1.00131,1.00131,275.63,,,22.1040,,0.0,,0.3640,22.0000,13.5,13.5,12.8,12.8,13.5,13.5,,,,,,,,,,,,,3.843,0.300,3.833,3.555,3.838,,,,,,,,3.570,0.0,0.0,0.0,0.0,0.0,19.359,15.266,,0.0,0.7820,40.710,34.340,34.340,40.710,1.430,0.000,,,,,0.98786,,64,,,,,,223.80,,,,,,,223.80,,,,660.9,,,,,,,,,,,1390.5,,,,,,0.410,100.000,,,,,,2592.19,,2599.69,2682.42,,,224.02,113.06,,,,,,,,,,,,,0.410,0.000,64,2,2,,,,,,,,216,0,,,,,,,,,41.855,,187.92,187.83,,,,
436.387,,0,0,0,256,0,0,0,0,0,0,0,0,1,0,0,0,0,0,,,,,,,,,,,,,,,,,,,,,,6515.0,,,,,1518.9,,,,1.00131,1.00131,275.77,,,21.9240,,0.0,,0.3865,22.0000,13.5,13.5,13.5,13.5,13.5,13.5,,,,,,,,,,,,,3.843,0.300,3.833,3.555,3.847,,,,,,,,3.570,0.0,0.0,0.0,0.0,0.0,19.422,14.984,,0.0,0.7769,40.720,34.250,34.250,40.720,1.220,0.000,,,,,0.98783,,64,,,,,,223.92,,,,,,,223.92,,,,660.9,,,,,,,,,,,1404.2,,,,,,0.410,100.000,,,,,,2593.52,,2600.78,2681.80,,,224.02,113.06,,,,,,,,,,,,,0.410,0.000,64,2,2,,,,,,,,216,0,,,,,,,,,42.139,,187.92,187.83,,,,
436.398,,0,0,0,256,0,0,0,0,0,0,0,0,1,0,0,0,0,0,,,,,,,,,,,,,,,,,,,,,,6506.0,,,,,1524.2,,,,1.00131,1.00131,275.77,,,22.0940,,0.0,,0.3650,22.0000,13.5,13.5,13.5,13.5,13.5,13.5,,,,,,,,,,,,,3.847,0.300,3.833,3.555,3.847,,,,,,,,3.577,0.0,0.0,0.0,0.0,0.0,19.328,15.281,,0.0,0.7800,40.630,34.220,34.220,40.630,1.220,0.000,,,,,0.98719,,64,,,,,,224.06,,,,,,,224.06,,,,660.8,,,,,,,,,,,1399.5,,,,,,0.410,100.000,,,,,,2592.66,,2601.80,2680.00,,,224.41,113.11,,,,,,,,,,,,,0.410,0.000,64,2,2,,,,,,,,216,0,,,,,,,,,41.939,,187.71,187.67,,,,
436.407,,0,0,0,256,0,0,0,0,0,0,0,0,1,0,0,0,0,0,,,,,,,,,,,,,,,,,,,,,,6518.5,,,,,1524.2,,,,1.00131,1.00131,276.09,,,22.0180,,0.0,,0.3745,22.0000,13.5,13.5,13.5,13.5,13.5,13.5,,,,,,,,,,,,,3.857,0.300,3.833,3.555,3.855,,,,,,,,3.581,0.0,0.0,0.0,0.0,0.0,19.344,15.328,,0.0,0.7761,40.600,34.220,34.220,40.600,1.220,0.000,,,,,0.98753,,64,,,,,,224.18,,,,,,,224.18,,,,660.8,,,,,,,,,,,1404.3,,,,,,0.410,100.000,,,,,,2592.66,,2594.45,2684.06,,,224.41,113.25,,,,,,,,,,,,,0.410,0.000,64,2,2,,,,,,,,216,0,,,,,,,,,41.849,,187.71,187.67,,,,
436.423,,0,0,0,256,0,0,0,0,0,0,0,0,1,0,0,0,0,0,,,,,,,,,,,,,,,,,,,,,,6522.0,,,,,1525.2,,,,1.00131,1.00131,271.78,,,22.0840,,0.0,,0.3665,22.0000,13.5,13.5,13.5,13.5,13.5,13.5,,,,,,,,,,,,,3.857,0.300,3.833,3.555,3.855,,,,,,,,3.004,0.0,0.0,0.0,0.0,0.0,19.500,15.406,,0.0,0.7810,40.600,34.415,34.415,40.600,1.220,0.000,,,,,0.98701,,64,,,,,,224.16,,,,,,,224.16,,,,660.0,,,,,,,,,,,1403.6,,,,,,0.359,100.000,,,,,,2593.44,,2605.00,2681.72,,,224.25,95.02,,,,,,,,,,,,,0.359,0.000,64,2,2,,,,,,,,216,0,,,,,,,,,41.820,,188.44,188.21,,,,
436.444,12.8,0,0,0,256,0,0,0,0,0,0,0,0,1,0,0,0,0,0,992.2,992.2,1000.0,10.0,0.0,0.0,0.03,1,0,0.996,0.996,0.0,0.0,2.593,0.01,1000.0,1000.0,1000.0,1052.4,1000.0,987.25,6504.5,38.168,494.7,0.0,10.0,1530.8,0.03077,0.00,0.00,1.00131,1.00131,275.39,4,48.0,22.1120,0.0200,0.0,60.2,0.3625,22.0000,13.5,13.5,13.5,13.5,13.5,13.5,12.8,2.3,0.00,0.00021,0,0,0,1,98,98,98,98,4.168,0.300,3.959,3.041,4.169,992.2,1000.0,1000.0,992.2,1000.0,0.0,18.74,3.099,0.0,0.0,0.0,0.0,0.0,19.625,15.469,0.0,0.0,0.7808,40.680,34.345,34.345,40.680,1.220,0.000,0.7813,0.7813,0.0000,1201.9,0.98722,0.102207,64,42.130,1052.4,0.0,1000.0,1000.0,225.21,232.88,595.3,0.99942,1535.98,400.01,0.99939,225.21,400.01,232.85,232.85,659.8,-200.0,88.1,78.22,78.224,2033.0,854.2,750.0,1054.2,403.52,0.0,1408.4,59.612,0.0,0,992.2,992.2,0.359,100.000,923.01,0,2.1830,0.773,1013.01,2593.28,90.00,2601.80,2672.42,2682.50,91.69,225.00,97.78,360.00,390.75,100.0,0,33.95,35.3,94.5,60.0,36,0,91.84,21.8,0.359,0.000,64,2,2,992.2,1052.2,992.2,992.2,1000.0,1052.2,595.1,216,0,59.538,59.538,1000.0,2000.0,61.153,99.118,100.000,59.448,42.014,12.6,188.40,188.13,187.60,187.29,0.0,0.38
436.458,,0,0,0,256,0,0,0,0,0,0,0,0,1,0,0,0,0,0,,,,,,,,,,,,,,,,,,,,,,6532.5,,,,,1530.4,,,,1.00131,1.00131,276.28,,,21.7920,,0.0,,0.4030,22.0000,13.5,13.5,13.5,13.5,13.5,13.5,,,,,,,,,,,,,4.186,0.300,3.959,3.041,4.202,,,,,,,,3.128,0.0,0.0,0.0,0.0,0.0,19.656,15.469,,0.0,0.7776,40.235,33.875,33.875,40.235,1.025,0.000,,,,,0.98686,,64,,,,,,225.45,,,,,,,225.45,,,,660.4,,,,,,,,,,,1413.2,,,,,,0.359,100.000,,,,,,2594.38,,2599.69,2683.98,,,226.22,98.53,,,,,,,,,,,,,0.359,0.000,64,2,2,,,,,,,,216,0,,,,,,,,,41.750,,188.82,188.52,,,,
436.468,,0,0,0,256,0,0,0,0,0,0,0,0,1,0,0,0,0,0,,,,,,,,,,,,,,,,,,,,,,6531.0,,,,,1530.4,,,,1.00131,1.00131,275.86,,,21.8580,,0.0,,0.3945,22.0000,13.5,13.5,13.5,13.5,13.5,13.5,,,,,,,,,,,,,4.201,0.300,3.959,3.041,4.202,,,,,,,,3.118,0.0,0.0,0.0,0.0,0.0,19.547,15.719,,0.0,0.7766,40.255,34.410,34.410,40.255,1.220,0.000,,,,,0.98689,,64,,,,,,225.33,,,,,,,225.33,,,,660.4,,,,,,,,,,,1409.3,,,,,,0.359,100.000,,,,,,2593.20,,2595.47,2682.73,,,226.22,98.20,,,,,,,,,,,,,0.359,0.000,64,2,2,,,,,,,,216,0,,,,,,,,,41.260,,188.82,188.52,,,,
436.477,,0,0,0,256,0,0,0,0,0,0,0,0,1,0,0,0,0,0,,,,,,,,,,,,,,,,,,,,,,6539.5,,,,,1535.6,,,,1.00131,1.00131,276.14,,,21.8660,,0.0,,0.3940,22.0000,13.5,13.5,13.5,13.5,13.5,13.5,,,,,,,,,,,,,4.201,0.300,3.959,3.041,4.212,,,,,,,,3.115,0.0,0.0,0.0,0.0,0.0,19.656,15.438,,0.0,0.7808,40.790,34.350,34.350,40.790,1.025,0.000,,,,,0.98658,,64,,,,,,225.56,,,,,,,225.56,,,,659.9,,,,,,,,,,,1416.3,,,,,,0.359,100.000,,,,,,2594.84,,2600.78,2681.33,,,226.66,98.30,,,,,,,,,,,,,0.359,0.000,64,2,2,,,,,,,,216,0,,,,,,,,,41.475,,188.44,188.61,,,,
436.488,,0,0,0,256,0,0,0,0,0,0,0,0,1,0,0,0,0,0,,,,,,,,,,,,,,,,,,,,,,6534.5,,,,,1535.6,,,,1.00131,1.00131,276.52,,,21.9620,,0.0,,0.3820,22.0000,13.5,13.5,13.5,13.5,13.5,13.5,,,,,,,,,,,,,4.211,0.300,3.959,3.041,4.212,,,,,,,,3.128,0.0,0.0,0.0,0.0,0.0,19.531,15.719,,0.0,0.7834,40.730,34.285,34.285,40.730,1.220,0.000,,,,,0.98719,,64,,,,,,225.49,,,,,,,225.49,,,,659.9,,,,,,,,,,,1409.2,,,,,,0.359,100.000,,,,,,2593.91,,2600.78,2681.41,,,226.66,98.67,,,,,,,,,,,,,0.359,0.000,64,2,2,,,,,,,,216,0,,,,,,,,,41.814,,188.44,188.61,,,,
436.497,,0,0,0,256,0,0,0,0,0,0,0,0,1,0,0,0,0,0,,,,,,,,,,,,,,,,,,,,,,6548.5,,,,,1538.9,,,,1.00131,1.00131,276.33,,,22.0080,,0.0,,0.3765,22.0000,13.5,13.5,13.5,13.5,13.5,13.5,,,,,,,,,,,,,4.211,0.300,3.959,3.041,4.198,,,,,,,,3.125,0.0,0.0,0.0,0.0,0.0,19.672,15.469,,0.0,0.7803,40.665,34.285,34.285,40.665,1.220,0.000,,,,,0.98765,,64,,,,,,225.47,,,,,,,225.47,,,,660.0,,,,,,,,,,,1416.0,,,,,,0.359,100.000,,,,,,2593.83,,2599.69,2680.94,,,226.20,98.44,,,,,,,,,,,,,0.359,0.000,64,2,2,,,,,,,,216,0,,,,,,,,,41.949,,189.29,188.89,,,,
436.507,,0,0,0,256,0,0,0,0,0,0,0,0,1,0,0,0,0,0,,,,,,,,,,,,,,,,,,,,,,6539.5,,,,,1538.9,,,,1.00131,1.00131,276.61,,,22.1320,,0.0,,0.3610,22.0000,13.5,13.5,13.5,13.5,13.5,13.5,,,,,,,,,,,,,4.197,0.300,3.959,3.041,4.198,,,,,,,,3.136,0.0,0.0,0.0,0.0,0.0,19.578,15.734,,0.0,0.7830,40.665,34.165,34.165,40.665,1.025,0.000,,,,,0.98719,,64,,,,,,225.45,,,,,,,225.45,,,,660.0,,,,,,,,,,,1415.4,,,,,,0.359,100.000,,,,,,2592.50,,2601.80,2684.06,,,226.20,98.81,,,,,,,,,,,,,0.359,0.000,64,2,2,,,,,,,,216,0,,,,,,,,,41.884,,189.29,188.89,,,,
436.520,,0,0,0,256,0,0,0,0,0,0,0,0,1,0,0,0,0,0,,,,,,,,,,,,,,,,,,,,,,6539.5,,,,,1541.8,,,,1.00131,1.00131,276.47,,,22.1220,,0.0,,0.3615,22.0000,13.5,13.5,13.5,13.5,13.5,13.5,,,,,,,,,,,,,4.184,0.300,3.959,3.041,4.183,,,,,,,,3.125,0.0,0.0,0.0,0.0,0.0,19.688,15.438,,0.0,0.7788,40.545,34.315,34.315,40.545,1.220,0.000,,,,,0.98765,,64,,,,,,225.47,,,,,,,225.47,,,,659.7,,,,,,,,,,,1418.6,,,,,,0.359,100.000,,,,,,2591.72,,2593.36,2685.31,,,226.38,98.58,,,,,,,,,,,,,0.359,0.000,64,2,2,,,,,,,,216,0,,,,,,,,,41.689,,188.89,188.76,,,,
436.531,,0,0,0,256,0,0,0,0,0,0,0,0,1,0,0,0,0,0,,,,,,,,,,,,,,,,,,,,,,6547.0,,,,,1541.8,,,,1.00131,1.00131,276.56,,,22.2540,,0.0,,0.3445,22.0000,13.5,13.5,13.5,13.5,13.5,13.5,,,,,,,,,,,,,4.184,0.300,4.183,3.126,4.183,,,,,,,,3.132,0.0,0.0,0.0,0.0,0.0,19.750,15.422,,0.0,0.7771,40.695,34.375,34.375,40.695,1.220,0.000,,,,,0.98698,,64,,,,,,225.42,,,,,,,225.42,,,,659.7,,,,,,,,,,,1416.4,,,,,,0.359,100.000,,,,,,2592.42,,2601.80,2684.22,,,226.38,98.81,,,,,,,,,,,,,0.359,0.000,64,2,2,,,,,,,,216,0,,,,,,,,,41.765,,188.89,188.76,,,,
436.541,,0,0,0,256,0,0,0,0,0,0,0,0,1,0,0,0,0,0,,,,,,,,,,,,,,,,,,,,,,6538.0,,,,,1541.3,,,,1.00131,1.00131,276.05,,,22.1040,,0.0,,0.3635,22.0000,13.5,13.5,13.5,13.5,13.5,13.5,,,,,,,,,,,,,4.162,0.300,4.183,3.126,4.180,,,,,,,,3.121,0.0,0.0,0.0,0.0,0.0,19.672,15.406,,0.0,0.7708,40.755,34.325,34.325,40.755,1.220,0.000,,,,,0.98661,,64,,,,,,225.30,,,,,,,225.30,,,,660.4,,,,,,,,,,,1409.8,,,,,,0.359,100.000,,,,,,2591.33,,2594.45,2685.55,,,226.45,98.44,,,,,,,,,,,,,0.359,0.000,64,2,2,,,,,,,,216,0,,,,,,,,,41.914,,189.53,189.21,,,,
436.549,13.5,0,0,0,256,0,0,0,0,0,0,0,0,1,0,0,0,0,0,991.9,991.9,1000.0,10.0,0.0,0.0,0.03,1,0,0.996,0.996,0.0,0.0,2.687,0.00,1000.0,1000.0,1000.0,1051.5,1000.0,987.65,6547.0,38.168,496.3,0.0,10.0,1541.3,0.03086,0.00,0.00,1.00131,1.00131,275.91,4,48.0,22.1400,0.0860,0.0,63.3,0.3585,22.0000,13.5,13.5,13.5,13.5,13.5,13.5,13.5,2.3,0.00,0.00021,0,0,0,1,98,98,98,98,4.162,0.300,4.183,3.126,4.180,991.9,1000.0,1000.0,991.9,1000.0,0.0,18.74,3.124,0.0,0.0,0.0,0.0,0.0,19.703,15.375,0.0,0.0,0.7751,40.705,34.385,34.385,40.705,1.220,0.000,0.7813,0.7813,0.0000,1319.3,0.98533,0.102597,64,41.900,1051.5,0.0,1000.0,1000.0,225.26,233.30,598.3,0.99942,1535.98,400.01,0.99939,225.26,400.01,233.27,233.27,660.4,-200.0,90.2,78.89,78.893,2028.0,863.0,750.0,1063.0,397.07,0.0,1415.2,59.807,0.0,0,991.9,991.9,0.359,100.000,923.01,0,2.1855,0.777,1013.01,2590.55,90.00,2605.00,2684.38,2672.89,80.91,226.45,98.53,360.75,390.75,100.0,0,34.05,35.3,94.5,60.0,36,0,92.94,21.8,0.359,0.000,64,2,2,991.9,1051.4,991.9,991.9,1000.0,1051.4,598.2,216,0,59.834,59.834,1000.0,2000.0,61.261,99.088,100.000,59.758,41.974,12.7,189.53,189.21,188.40,188.59,0.0,0.46
436.557,,0,0,0,256,0,0,0,0,0,0,0,0,1,0,0,0,0,0,,,,,,,,,,,,,,,,,,,,,,6552.0,,,,,1541.3,,,,1.00131,1.00131,275.63,,,22.0080,,0.0,,0.3750,22.0000,13.5,13.5,13.5,13.5,13.5,13.5,,,,,,,,,,,,,4.171,0.300,4.183,3.126,4.157,,,,,,,,3.111,0.0,0.0,0.0,0.0,0.0,19.656,15.359,,0.0,0.7722,40.765,34.320,34.320,40.765,1.430,0.000,,,,,0.98579,,64,,,,,,225.16,,,,,,,225.16,,,,659.7,,,,,,,,,,,1411.9,,,,,,0.359,100.000,,,,,,2588.36,,2590.23,2684.06,,,226.22,98.30,,,,,,,,,,,,,0.359,0.000,64,2,2,,,,,,,,216,0,,,,,,,,,41.924,,189.14,189.04,,,,
436.568,,0,0,0,256,0,0,0,0,0,0,0,0,1,0,0,0,0,0,,,,,,,,,,,,,,,,,,,,,,6566.5,,,,,1541.3,,,,1.00131,1.00131,276.09,,,22.0740,,0.0,,0.3665,22.0000,13.5,13.5,13.5,13.5,13.5,13.5,,,,,,,,,,,,,4.171,0.300,4.183,3.126,4.174,,,,,,,,3.121,0.0,0.0,0.0,0.0,0.0,19.750,15.375,,0.0,0.7766,40.700,34.305,34.305,40.700,1.220,0.000,,,,,0.98506,,64,,,,,,225.49,,,,,,,225.49,,,,659.7,,,,,,,,,,,1420.1,,,,,,0.359,100.000,,,,,,2589.92,,2598.67,2682.03,,,226.22,98.63,,,,,,,,,,,,,0.359,0.000,64,2,2,,,,,,,,216,0,,,,,,,,,42.194,,189.14,189.04,,,,
436.578,,0,0,0,256,0,0,0,0,0,0,0,0,1,0,0,0,0,0,,,,,,,,,,,,,,,,,,,,,,6573.5,,,,,1546.2,,,,1.00131,1.00131,276.28,,,21.9900,,0.0,,0.3770,22.0000,13.5,13.5,13.5,13.5,13.5,13.5,,,,,,,,,,,,,4.183,0.300,4.183,3.126,4.174,,,,,,,,3.132,0.0,0.0,0.0,0.0,0.0,19.656,15.688,,0.0,0.7786,40.685,34.205,34.205,40.685,1.430,0.000,,,,,0.98558,,64,,,,,,225.28,,,,,,,225.28,,,,659.7,,,,,,,,,,,1416.3,,,,,,0.359,100.000,,,,,,2588.05,,2591.33,2681.33,,,226.45,98.81,,,,,,,,,,,,,0.359,0.000,64,2,2,,,,,,,,216,0,,,,,,,,,41.919,,189.75,189.53,,,,
436.587,,0,0,0,256,0,0,0,0,0,0,0,0,1,0,0,0,0,0,,,,,,,,,,,,,,,,,,,,,,6577.5,,,,,1546.2,,,,1.00144,1.00144,276.52,,,22.0660,,0.0,,0.3675,22.0000,13.5,13.5,13.5,13.5,13.5,13.5,,,,,,,,,,,,,4.183,0.300,4.183,3.126,4.184,,,,,,,,3.137,0.0,0.0,0.0,0.0,0.0,19.781,15.375,,0.0,0.7810,40.585,34.170,34.170,40.585,1.220,0.000,,,,,0.98576,,64,,,,,,225.35,,,,,,,225.35,,,,659.7,,,,,,,,,,,1423.1,,,,,,0.359,100.000,,,,,,2588.75,,2594.45,2678.91,,,226.45,98.95,,,,,,,,,,,,,0.359,0.000,64,2,2,,,,,,,,216,0,,,,,,,,,42.114,,189.75,189.53,,,,
436.598,,0,0,0,256,0,0,0,0,0,0,0,0,1,0,0,0,0,0,,,,,,,,,,,,,,,,,,,,,,6561.0,,,,,1547.7,,,,1.00144,1.00144,276.05,,,22.0080,,0.0,,0.3750,22.0000,13.5,13.5,13.5,13.5,13.5,13.5,,,,,,,,,,,,,4.184,0.300,4.183,3.126,4.184,,,,,,,,3.120,0.0,0.0,0.0,0.0,0.0,19.641,15.641,,0.0,0.7834,40.550,34.050,34.050,40.550,1.430,0.000,,,,,0.98613,,64,,,,,,225.35,,,,,,,225.35,,,,658.9,,,,,,,,,,,1415.1,,,,,,0.359,100.000,,,,,,2588.05,,2596.56,2679.14,,,225.47,98.44,,,,,,,,,,,,,0.359,0.000,64,2,2,,,,,,,,216,0,,,,,,,,,41.805,,189.45,189.60,,,,
436.607,,0,0,0,256,0,0,0,0,0,0,0,0,1,0,0,0,0,0,,,,,,,,,,,,,,,,,,,,,,6573.5,,,,,1547.7,,,,1.00144,1.00144,276.56,,,21.9240,,0.0,,0.3855,22.0000,13.5,13.5,13.5,13.5,13.5,13.5,,,,,,,,,,,,,4.184,0.300,4.183,3.126,4.188,,,,,,,,3.132,0.0,0.0,0.0,0.0,0.0,19.750,15.313,,0.0,0.7803,40.430,34.045,34.045,40.430,1.220,0.000,,,,,0.98652,,64,,,,,,225.42,,,,,,,225.42,,,,658.9,,,,,,,,,,,1423.9,,,,,,0.359,100.000,,,,,,2588.75,,2596.56,2683.98,,,225.47,98.81,,,,,,,,,,,,,0.359,0.000,64,2,2,,,,,,,,216,0,,,,,,,,,41.980,,189.45,189.60,,,,
436.621,,0,0,0,256,0,0,0,0,0,0,0,0,1,0,0,0,0,0,,,,,,,,,,,,,,,,,,,,,,6556.0,,,,,1544.9,,,,1.00144,1.00144,276.42,,,21.9240,,0.0,,0.3855,22.0000,13.5,13.5,13.5,13.5,13.5,13.5,,,,,,,,,,,,,4.184,0.300,4.183,3.126,4.188,,,,,,,,3.138,0.0,0.0,0.0,0.0,0.0,19.625,15.578,,0.0,0.7805,40.425,34.285,34.285,40.425,1.220,0.000,,,,,0.98606,,64,,,,,,225.30,,,,,,,225.30,,,,659.6,,,,,,,,,,,1419.8,,,,,,0.359,100.000,,,,,,2588.05,,2596.56,2683.52,,,225.61,98.86,,,,,,,,,,,,,0.359,0.000,64,2,2,,,,,,,,216,0,,,,,,,,,41.649,,190.18,189.96,,,,
436.631,,0,0,0,256,0,0,0,0,0,0,0,0,1,0,0,0,0,0,,,,,,,,,,,,,,,,,,,,,,6556.0,,,,,1544.9,,,,1.00144,1.00144,276.70,,,21.9620,,0.0,,0.3805,22.0000,13.5,13.5,13.5,13.5,13.5,13.5,,,,,,,,,,,,,4.200,0.300,4.198,3.142,4.198,,,,,,,,3.144,0.0,0.0,0.0,0.0,0.0,19.625,15.594,,0.0,0.7773,40.665,34.260,34.260,40.665,1.430,0.000,,,,,0.98610,,64,,,,,,225.42,,,,,,,225.42,,,,659.6,,,,,,,,,,,1422.5,,,,,,0.359,100.000,,,,,,2588.05,,2591.33,2686.17,,,225.61,99.05,,,,,,,,,,,,,0.359,0.000,64,2,2,,,,,,,,216,0,,,,,,,,,41.644,,190.18,189.96,,,,
436.644,,0,0,0,256,0,0,0,0,0,0,0,0,1,0,0,0,0,0,,,,,,,,,,,,,,,,,,,,,,6570.0,,,,,1544.6,,,,1.00144,1.00144,276.56,,,22.0840,,0.0,,0.3655,22.0000,13.5,13.5,13.5,13.5,13.5,13.5,,,,,,,,,,,,,4.200,0.300,4.198,3.142,4.198,,,,,,,,3.138,0.0,0.0,0.0,0.0,0.0,19.750,15.609,,0.0,0.7795,40.640,34.390,34.390,40.640,1.220,0.000,,,,,0.98555,,64,,,,,,225.47,,,,,,,225.47,,,,659.3,,,,,,,,,,,1422.7,,,,,,0.359,100.000,,,,,,2589.30,,2597.58,2682.58,,,225.61,99.00,,,,,,,,,,,,,0.359,0.000,64,2,2,,,,,,,,216,0,,,,,,,,,42.094,,189.75,189.82,,,,
436.657,13.5,0,0,0,256,0,0,0,0,0,0,0,0,1,0,0,0,0,0,992.0,992.0,1000.0,9.9,0.0,0.0,0.06,1,0,0.996,0.996,0.0,0.0,2.593,-0.01,1000.0,1000.0,1000.0,1050.4,1000.0,988.14,6590.0,38.168,497.4,0.0,9.9,1553.6,0.03082,0.00,0.00,1.00144,1.00144,277.03,4,48.0,22.0840,-0.0080,0.0,62.9,0.3650,22.0000,13.5,13.5,13.5,13.5,13.5,13.5,13.5,2.3,0.00,0.00021,0,0,0,1,98,98,98,98,4.192,0.300,4.198,3.142,4.195,992.0,1000.0,1000.0,992.0,1000.0,0.0,18.74,3.151,0.0,0.0,0.0,0.0,0.0,19.938,15.594,0.0,0.0,0.7822,40.595,34.225,34.225,40.595,1.220,0.000,0.7813,0.7813,0.0000,1325.0,0.98509,0.102491,64,41.925,1050.4,0.0,1000.0,1000.0,225.73,234.94,598.4,0.99942,1535.98,400.01,0.99939,225.73,400.01,234.91,234.91,659.4,-200.0,90.3,79.17,79.173,2059.9,866.8,750.0,1066.8,388.83,0.0,1428.9,60.043,0.0,0,992.0,992.0,0.359,100.000,923.01,0,2.1838,0.781,1013.01,2590.47,90.00,2600.78,2683.98,2684.06,80.91,225.80,99.28,360.75,390.75,99.6,0,34.14,35.3,94.5,60.0,36,0,92.94,21.8,0.359,0.000,64,2,2,992.0,1051.1,992.0,992.0,1000.0,1051.1,598.6,216,0,59.850,59.850,1000.0,2000.0,61.589,99.098,100.000,59.798,42.200,12.6,190.23,190.11,189.18,189.45,0.0,0.45
436.668,,0,0,0,256,0,0,0,0,0,0,0,0,1,0,0,0,0,0,,,,,,,,,,,,,,,,,,,,,,6583.0,,,,,1553.6,,,,1.00144,1.00144,276.89,,,22.0740,,0.0,,0.3660,22.0000,13.5,13.5,13.5,13.5,13.5,13.5,,,,,,,,,,,,,4.192,0.300,4.198,3.142,4.194,,,,,,,,3.141,0.0,0.0,0.0,0.0,0.0,19.906,15.563,,0.0,0.7803,40.605,34.210,34.210,40.605,1.220,0.000,,,,,0.98613,,64,,,,,,225.73,,,,,,,225.73,,,,659.4,,,,,,,,,,,1424.6,,,,,,0.359,100.000,,,,,,2589.30,,2593.36,2684.14,,,225.80,98.95,,,,,,,,,,,,,0.359,0.000,64,2,2,,,,,,,,216,0,,,,,,,,,41.814,,190.23,190.11,,,,
436.678,,0,0,0,256,0,0,0,0,0,0,0,0,1,0,0,0,0,0,,,,,,,,,,,,,,,,,,,,,,6595.5,,,,,1550.4,,,,1.00144,1.00144,277.27,,,21.9420,,0.0,,0.3825,22.0000,13.5,13.5,13.5,13.5,13.5,13.5,,,,,,,,,,,,,4.192,0.300,4.198,3.142,4.194,,,,,,,,3.149,0.0,0.0,0.0,0.0,0.0,20.000,15.219,,0.0,0.7808,40.590,34.220,34.220,40.590,1.220,0.000,,,,,0.98582,,64,,,,,,225.91,,,,,,,225.91,,,,659.7,,,,,,,,,,,1430.2,,,,,,0.359,100.000,,,,,,2591.02,,2597.58,2684.22,,,226.69,99.23,,,,,,,,,,,,,0.359,0.000,64,2,2,,,,,,,,216,0,,,,,,,,,41.824,,189.96,190.32,,,,
436.687,,0,0,0,256,0,0,0,0,0,0,0,0,1,0,0,0,0,0,,,,,,,,,,,,,,,,,,,,,,6588.0,,,,,1550.4,,,,1.00144,1.00144,277.59,,,21.8760,,0.0,,0.3915,22.0000,13.5,13.5,13.5,13.5,13.5,13.5,,,,,,,,,,,,,4.194,0.300,4.198,3.142,4.194,,,,,,,,3.159,0.0,0.0,0.0,0.0,0.0,19.891,15.484,,0.0,0.7781,40.600,34.225,34.225,40.600,1.430,0.000,,,,,0.98591,,64,,,,,,225.89,,,,,,,225.89,,,,659.7,,,,,,,,,,,1428.0,,,,,,0.359,100.000,,,,,,2590.70,,2590.23,2683.59,,,226.69,99.56,,,,,,,,,,,,,0.359,0.000,64,2,2,,,,,,,,216,0,,,,,,,,,41.809,,189.96,190.32,,,,
436.698,,0,0,0,256,0,0,0,0,0,0,0,0,1,0,0,0,0,0,,,,,,,,,,,,,,,,,,,,,,6597.0,,,,,1554.5,,,,1.00144,1.00144,277.88,,,21.8100,,0.0,,0.4000,22.0000,13.5,13.5,13.5,13.5,13.5,13.5,,,,,,,,,,,,,4.194,0.300,4.198,3.142,4.213,,,,,,,,3.162,0.0,0.0,0.0,0.0,0.0,20.047,15.188,,0.0,0.7754,40.605,34.190,34.190,40.605,1.220,0.000,,,,,0.98542,,64,,,,,,226.22,,,,,,,226.22,,,,660.3,,,,,,,,,,,1434.9,,,,,,0.359,100.000,,,,,,2592.58,,2598.67,2684.30,,,226.88,99.66,,,,,,,,,,,,,0.359,0.000,64,2,2,,,,,,,,216,0,,,,,,,,,42.029,,190.90,190.54,,,,
436.707,,0,0,0,256,0,0,0,0,0,0,0,0,1,0,0,0,0,0,,,,,,,,,,,,,,,,,,,,,,6590.0,,,,,1554.5,,,,1.00144,1.00144,277.64,,,21.8280,,0.0,,0.3980,22.0000,13.5,13.5,13.5,13.5,13.5,13.5,,,,,,,,,,,,,4.209,0.300,4.198,3.142,4.213,,,,,,,,3.159,0.0,0.0,0.0,0.0,0.0,19.938,15.469,,0.0,0.7766,40.570,34.215,34.215,40.570,1.430,0.000,,,,,0.98484,,64,,,,,,226.15,,,,,,,226.15,,,,660.3,,,,,,,,,,,1427.0,,,,,,0.359,100.000,,,,,,2592.97,,2597.58,2684.14,,,226.88,99.56,,,,,,,,,,,,,0.359,0.000,64,2,2,,,,,,,,216,0,,,,,,,,,41.824,,190.90,190.54,,,,
436.721,,0,0,0,256,0,0,0,0,0,0,0,0,1,0,0,0,0,0,,,,,,,,,,,,,,,,,,,,,,6590.0,,,,,1559.1,,,,1.00144,1.00144,277.59,,,21.9320,,0.0,,0.3855,22.0000,13.5,13.5,13.5,13.5,13.5,13.5,,,,,,,,,,,,,4.216,0.300,4.198,3.142,4.217,,,,,,,,3.155,0.0,0.0,0.0,0.0,0.0,20.125,15.219,,0.0,0.7754,40.595,34.210,34.210,40.595,1.220,0.000,,,,,0.98484,,64,,,,,,226.13,,,,,,,226.13,,,,659.9,,,,,,,,,,,1433.3,,,,,,0.359,100.000,,,,,,2592.89,,2591.33,2685.16,,,226.64,99.56,,,,,,,,,,,,,0.359,0.000,64,2,2,,,,,,,,216,0,,,,,,,,,42.000,,190.86,190.94,,,,
436.731,,0,0,0,256,0,0,0,0,0,0,0,0,1,0,0,0,0,0,,,,,,,,,,,,,,,,,,,,,,6577.5,,,,,1559.1,,,,1.00144,1.00144,277.59,,,21.9520,,0.0,,0.3830,22.0000,13.5,13.5,13.5,13.5,13.5,13.5,,,,,,,,,,,,,4.216,0.300,4.210,3.155,4.217,,,,,,,,3.155,0.0,0.0,0.0,0.0,0.0,20.219,15.250,,0.0,0.7773,40.590,34.260,34.260,40.590,1.220,0.000,,,,,0.98457,,64,,,,,,226.17,,,,,,,226.17,,,,659.9,,,,,,,,,,,1430.8,,,,,,0.359,100.000,,,,,,2593.13,,2599.69,2685.08,,,226.64,99.56,,,,,,,,,,,,,0.359,0.000,64,2,2,,,,,,,,216,0,,,,,,,,,41.814,,190.86,190.94,,,,
436.744,,0,0,0,256,0,0,0,0,0,0,0,0,1,0,0,0,0,0,,,,,,,,,,,,,,,,,,,,,,6599.0,,,,,1558.0,,,,1.00144,1.00144,277.78,,,22.0080,,0.0,,0.3760,22.0000,13.5,13.5,13.5,13.5,13.5,13.5,,,,,,,,,,,,,4.204,0.300,4.210,3.155,4.205,,,,,,,,3.161,0.0,0.0,0.0,0.0,0.0,20.109,15.219,,0.0,0.7732,40.640,34.255,34.255,40.640,1.430,0.000,,,,,0.98469,,64,,,,,,226.29,,,,,,,226.29,,,,660.1,,,,,,,,,,,1432.2,,,,,,0.359,100.000,,,,,,2594.22,,2592.34,2685.16,,,227.04,99.61,,,,,,,,,,,,,0.359,0.000,64,2,2,,,,,,,,216,0,,,,,,,,,41.809,,190.68,190.68,,,,
436.758,13.5,0,0,0,256,0,0,0,0,0,0,0,0,1,0,0,0,0,0,992.8,992.8,1000.0,10.0,0.0,0.0,0.06,1,0,0.996,0.996,0.0,0.0,2.656,0.00,1000.0,1000.0,1000.0,1051.6,1000.0,988.54,6619.0,38.168,497.9,0.0,10.0,1566.4,0.03090,0.00,0.00,1.00144,1.00144,277.92,4,48.0,22.0180,-0.0840,0.0,62.8,0.3745,22.0000,13.5,13.5,13.5,13.5,13.5,13.5,13.5,2.3,0.00,0.00021,0,0,0,1,98,98,98,98,4.205,0.300,4.210,3.155,4.207,992.8,1000.0,1000.0,992.8,1000.0,0.0,18.74,3.163,0.0,0.0,0.0,0.0,0.0,20.016,15.219,0.0,0.0,0.7737,40.640,34.085,34.085,40.640,1.430,0.000,0.7813,0.7813,0.0000,1336.1,0.98402,0.102386,64,42.200,1051.6,0.0,1000.0,1000.0,226.50,235.66,599.7,0.99942,1535.98,400.01,0.99939,226.50,400.01,235.64,235.64,660.5,-200.0,90.6,79.46,79.469,2078.6,870.6,750.0,1070.6,381.52,0.0,1434.8,59.985,0.0,0,992.8,992.8,0.359,100.000,923.01,0,2.1843,0.785,1013.01,2592.81,90.00,2589.22,2684.14,2683.98,81.09,226.90,99.80,361.50,390.75,100.0,0,34.26,35.3,94.5,60.0,36,0,92.94,21.0,0.359,0.000,64,2,2,992.8,1051.2,992.8,992.8,1000.0,1051.2,599.4,216,0,59.975,59.975,1000.0,2000.0,61.671,99.178,100.000,59.877,41.855,12.6,191.13,191.19,190.32,190.54,0.0,0.52
436.769,,0,0,0,256,0,0,0,0,0,0,0,0,1,0,0,0,0,0,,,,,,,,,,,,,,,,,,,,,,6632.0,,,,,1566.4,,,,1.00144,1.00144,277.97,,,22.0080,,0.0,,0.3760,22.0000,13.5,13.5,13.5,13.5,13.5,13.5,,,,,,,,,,,,,4.205,0.300,4.210,3.155,4.207,,,,,,,,3.163,0.0,0.0,0.0,0.0,0.0,20.031,15.234,,0.0,0.7756,40.465,34.160,34.160,40.465,1.220,0.000,,,,,0.98353,,64,,,,,,226.62,,,,,,,226.62,,,,660.5,,,,,,,,,,,1444.6,,,,,,0.359,100.000,,,,,,2593.98,,2599.69,2683.28,,,226.90,99.80,,,,,,,,,,,,,0.359,0.000,64,2,2,,,,,,,,216,0,,,,,,,,,42.069,,191.13,191.19,,,,
436.778,,0,0,0,256,0,0,0,0,0,0,0,0,1,0,0,0,0,0,,,,,,,,,,,,,,,,,,,,,,6632.0,,,,,1570.8,,,,1.00144,1.00144,278.30,,,21.9700,,0.0,,0.3805,22.0000,13.5,13.5,13.5,13.5,13.5,13.5,,,,,,,,,,,,,4.211,0.300,4.210,3.155,4.213,,,,,,,,3.165,0.0,0.0,0.0,0.0,0.0,19.813,15.563,,0.0,0.7705,40.540,34.115,34.115,40.540,1.430,0.000,,,,,0.98359,,64,,,,,,226.83,,,,,,,226.83,,,,660.5,,,,,,,,,,,1440.1,,,,,,0.359,100.000,,,,,,2592.81,,2592.34,2681.33,,,227.48,99.89,,,,,,,,,,,,,0.359,0.000,64,2,2,,,,,,,,216,0,,,,,,,,,41.684,,190.98,190.98,,,,
436.788,,0,0,0,256,0,0,0,0,0,0,0,0,1,0,0,0,0,0,,,,,,,,,,,,,,,,,,,,,,6637.5,,,,,1570.8,,,,1.00144,1.00144,277.73,,,21.9140,,0.0,,0.3875,22.0000,13.5,13.5,13.5,13.5,13.5,13.5,,,,,,,,,,,,,4.211,0.300,4.210,3.155,4.201,,,,,,,,3.160,0.0,0.0,0.0,0.0,0.0,19.859,15.281,,0.0,0.7730,40.495,34.020,34.020,40.495,1.025,0.000,,,,,0.98253,,64,,,,,,226.66,,,,,,,226.66,,,,660.5,,,,,,,,,,,1445.2,,,,,,0.359,100.000,,,,,,2593.67,,2599.69,2681.09,,,227.48,99.70,,,,,,,,,,,,,0.359,0.000,64,2,2,,,,,,,,217,0,,,,,,,,,41.969,,190.98,190.98,,,,
436.798,,0,0,0,256,0,0,0,0,0,0,0,0,1,0,0,0,0,0,,,,,,,,,,,,,,,,,,,,,,6608.0,,,,,1570.4,,,,1.00144,1.00144,277.78,,,22.0560,,0.0,,0.3700,22.0000,13.5,13.5,13.5,13.5,13.5,13.5,,,,,,,,,,,,,4.199,0.300,4.210,3.155,4.201,,,,,,,,3.160,0.0,0.0,0.0,0.0,0.0,19.578,15.578,,0.0,0.7747,40.400,34.005,34.005,40.400,1.220,0.000,,,,,0.98256,,64,,,,,,226.69,,,,,,,226.69,,,,660.3,,,,,,,,,,,1436.1,,,,,,0.359,100.000,,,,,,2592.50,,2602.89,2681.25,,,226.69,99.70,,,,,,,,,,,,,0.359,0.000,64,2,2,,,,,,,,217,0,,,,,,,,,41.519,,191.34,191.55,,,,
436.807,,0,0,0,256,0,0,0,0,0,0,0,0,1,0,0,0,0,0,,,,,,,,,,,,,,,,,,,,,,6626.5,,,,,1570.4,,,,1.00144,1.00144,277.88,,,21.9700,,0.0,,0.3805,22.0000,13.5,13.5,13.5,13.5,13.5,13.5,,,,,,,,,,,,,4.199,0.300,4.210,3.155,4.211,,,,,,,,3.161,0.0,0.0,0.0,0.0,0.0,19.594,15.297,,0.0,0.7739,40.385,34.040,34.040,40.385,1.220,0.000,,,,,0.98259,,64,,,,,,226.76,,,,,,,226.76,,,,660.3,,,,,,,,,,,1443.3,,,,,,0.359,100.000,,,,,,2593.05,,2598.67,2684.14,,,226.69,99.75,,,,,,,,,,,,,0.359,0.000,64,2,2,,,,,,,,217,0,,,,,,,,,41.620,,191.34,191.55,,,,
436.821,,0,0,0,256,0,0,0,0,0,0,0,0,1,0,0,0,0,0,,,,,,,,,,,,,,,,,,,,,,6624.5,,,,,1566.9,,,,1.00144,1.00144,277.27,,,22.2160,,0.0,,0.3495,22.0000,13.5,13.5,13.5,13.5,13.5,13.5,,,,,,,,,,,,,4.203,0.300,4.210,3.155,4.211,,,,,,,,3.154,0.0,0.0,0.0,0.0,0.0,19.328,15.609,,0.0,0.7747,40.420,34.185,34.185,40.420,1.220,0.000,,,,,0.98219,,64,,,,,,226.41,,,,,,,226.41,,,,659.9,,,,,,,,,,,1441.1,,,,,,0.359,100.000,,,,,,2592.03,,2602.89,2684.77,,,226.73,99.52,,,,,,,,,,,,,0.359,0.000,64,2,2,,,,,,,,217,0,,,,,,,,,41.605,,191.64,191.64,,,,
436.831,,0,0,0,256,0,0,0,0,0,0,0,0,1,0,0,0,0,0,,,,,,,,,,,,,,,,,,,,,,6633.5,,,,,1566.9,,,,1.00144,1.00144,277.41,,,21.9620,,0.0,,0.3810,22.0000,13.5,13.5,13.5,13.5,13.5,13.5,,,,,,,,,,,,,4.196,0.300,4.199,3.158,4.199,,,,,,,,3.157,0.0,0.0,0.0,0.0,0.0,19.172,15.578,,0.0,0.7705,40.565,34.215,34.215,40.565,1.220,0.000,,,,,0.98204,,64,,,,,,226.50,,,,,,,226.50,,,,659.9,,,,,,,,,,,1444.4,,,,,,0.359,100.000,,,,,,2591.64,,2597.58,2684.92,,,226.73,99.61,,,,,,,,,,,,,0.359,0.000,64,2,2,,,,,,,,217,0,,,,,,,,,41.640,,191.64,191.64,,,,
436.841,,0,0,0,256,0,0,0,0,0,0,0,0,1,0,0,0,0,0,,,,,,,,,,,,,,,,,,,,,,6641.0,,,,,1566.8,,,,1.00144,1.00144,276.98,,,22.2160,,0.0,,0.3490,22.0000,13.5,13.5,13.5,13.5,13.5,13.5,,,,,,,,,,,,,4.196,0.300,4.199,3.158,4.199,,,,,,,,3.151,0.0,0.0,0.0,0.0,0.0,19.188,15.578,,0.0,0.7744,40.595,34.220,34.220,40.595,1.220,0.000,,,,,0.98106,,64,,,,,,226.41,,,,,,,226.41,,,,660.2,,,,,,,,,,,1440.9,,,,,,0.359,100.000,,,,,,2591.80,,2602.89,2682.19,,,226.99,99.42,,,,,,,,,,,,,0.359,0.000,64,2,2,,,,,,,,217,0,,,,,,,,,41.785,,191.70,192.00,,,,
436.851,,0,0,0,256,0,0,0,0,0,0,0,0,1,0,0,0,0,0,,,,,,,,,,,,,,,,,,,,,,6641.0,,,,,1566.8,,,,1.00144,1.00144,277.03,,,22.0660,,0.0,,0.3675,22.0000,13.5,13.5,13.5,13.5,13.5,13.5,,,,,,,,,,,,,4.191,0.300,4.199,3.158,4.192,,,,,,,,3.151,0.0,0.0,0.0,0.0,0.0,19.109,15.594,,0.0,0.7720,40.600,34.090,34.090,40.600,1.220,0.000,,,,,0.98140,,64,,,,,,226.41,,,,,,,226.41,,,,660.2,,,,,,,,,,,1441.9,,,,,,0.359,100.000,,,,,,2591.80,,2597.58,2684.30,,,226.99,99.42,,,,,,,,,,,,,0.359,0.000,64,2,2,,,,,,,,217,0,,,,,,,,,41.814,,191.70,192.00,,,,
436.858,13.5,0,0,0,256,0,0,0,0,0,0,0,0,1,0,0,0,0,0,992.1,992.1,1000.0,10.0,0.0,0.0,0.03,1,0,0.996,0.996,0.0,0.0,2.656,0.01,1000.0,1000.0,1000.0,1050.8,1000.0,988.96,6652.0,38.168,498.5,0.0,10.0,1570.0,0.03086,0.00,0.00,1.00144,1.00144,277.22,4,48.0,22.0940,-0.0180,0.0,63.0,0.3640,22.0000,13.5,13.5,13.5,13.5,13.5,13.5,13.5,2.3,0.00,0.00021,0,0,0,1,98,98,98,98,4.191,0.300,4.199,3.158,4.192,992.1,1000.0,1000.0,992.1,1000.0,0.0,18.74,3.154,0.0,0.0,0.0,0.0,0.0,19.172,15.609,0.0,0.0,0.7747,40.470,34.135,34.135,40.470,1.220,0.000,0.7813,0.7813,0.0000,1343.0,0.98073,0.102349,64,41.855,1050.8,0.0,1000.0,1000.0,226.69,235.90,601.3,0.99942,1535.98,400.01,0.99939,226.69,400.01,235.88,235.88,660.4,-200.0,89.5,79.45,79.454,2098.3,870.4,750.0,1070.4,377.54,0.0,1450.5,60.196,0.0,0,992.1,992.1,0.359,100.000,923.01,0,2.1835,0.789,1013.01,2592.66,90.00,2602.89,2684.14,2684.14,81.38,226.97,99.52,361.50,390.75,100.0,0,34.44,35.3,94.5,60.0,36,0,92.94,21.0,0.359,0.000,64,2,2,992.1,1051.0,992.1,992.1,1000.0,1051.0,601.2,217,0,60.133,60.133,1000.0,2000.0,61.752,99.107,100.000,60.057,41.820,12.6,191.78,192.08,190.98,190.83,0.0,0.51
436.867,,0,0,0,256,0,0,0,0,0,0,0,0,1,0,0,0,0,0,,,,,,,,,,,,,,,,,,,,,,6650.0,,,,,1570.0,,,,1.00144,1.00144,277.27,,,21.9620,,0.0,,0.3805,22.0000,13.5,13.5,13.5,13.5,13.5,13.5,,,,,,,,,,,,,4.191,0.300,4.199,3.158,4.191,,,,,,,,3.154,0.0,0.0,0.0,0.0,0.0,19.109,15.625,,0.0,0.7730,40.515,34.125,34.125,40.515,1.220,0.000,,,,,0.98079,,64,,,,,,226.71,,,,,,,226.71,,,,660.4,,,,,,,,,,,1447.3,,,,,,0.359,100.000,,,,,,2592.81,,2595.47,2682.97,,,226.97,99.52,,,,,,,,,,,,,0.359,0.000,64,2,2,,,,,,,,217,0,,,,,,,,,41.689,,191.78,192.08,,,,
436.878,,0,0,0,256,0,0,0,0,0,0,0,0,1,0,0,0,0,0,,,,,,,,,,,,,,,,,,,,,,6659.5,,,,,1571.7,,,,1.00144,1.00144,277.22,,,22.0080,,0.0,,0.3750,22.0000,13.5,13.5,13.5,13.5,13.5,13.5,,,,,,,,,,,,,4.191,0.300,4.199,3.158,4.194,,,,,,,,3.154,0.0,0.0,0.0,0.0,0.0,19.234,15.297,,0.0,0.7756,40.505,34.065,34.065,40.505,1.220,0.000,,,,,0.98027,,64,,,,,,226.71,,,,,,,226.71,,,,660.0,,,,,,,,,,,1448.8,,,,,,0.359,100.000,,,,,,2593.52,,2597.58,2683.13,,,227.63,99.52,,,,,,,,,,,,,0.359,0.000,64,2,2,,,,,,,,217,0,,,,,,,,,41.734,,192.30,192.37,,,,
436.887,,0,0,0,256,0,0,0,0,0,0,0,0,1,0,0,0,0,0,,,,,,,,,,,,,,,,,,,,,,6652.0,,,,,1571.7,,,,1.00144,1.00144,277.17,,,21.8000,,0.0,,0.4015,22.0000,13.5,13.5,13.5,13.5,13.5,13.5,,,,,,,,,,,,,4.194,0.300,4.199,3.158,4.194,,,,,,,,3.157,0.0,0.0,0.0,0.0,0.0,19.063,15.563,,0.0,0.7747,40.445,34.075,34.075,40.445,1.430,0.000,,,,,0.98048,,64,,,,,,226.57,,,,,,,226.57,,,,660.0,,,,,,,,,,,1442.6,,,,,,0.359,100.000,,,,,,2592.19,,2589.22,2682.58,,,227.63,99.61,,,,,,,,,,,,,0.359,0.000,64,2,2,,,,,,,,217,0,,,,,,,,,41.724,,192.30,192.37,,,,
436.897,,0,0,0,256,0,0,0,0,0,0,0,0,1,0,0,0,0,0,,,,,,,,,,,,,,,,,,,,,,6656.0,,,,,1574.0,,,,1.00144,1.00144,277.59,,,21.8380,,0.0,,0.3965,22.0000,13.5,13.5,13.5,13.5,13.5,13.5,,,,,,,,,,,,,4.194,0.300,4.199,3.158,4.213,,,,,,,,3.160,0.0,0.0,0.0,0.0,0.0,19.203,15.250,,0.0,0.7773,40.455,34.050,34.050,40.455,1.220,0.000,,,,,0.98009,,64,,,,,,226.95,,,,,,,226.95,,,,660.3,,,,,,,,,,,1450.4,,,,,,0.359,100.000,,,,,,2592.42,,2595.47,2682.58,,,227.39,99.70,,,,,,,,,,,,,0.359,0.000,64,2,2,,,,,,,,217,0,,,,,,,,,41.875,,192.08,192.04,,,,
436.906,,0,0,0,256,0,0,0,0,0,0,0,0,1,0,0,0,0,0,,,,,,,,,,,,,,,,,,,,,,6652.0,,,,,1574.0,,,,1.00144,1.00144,277.59,,,21.8760,,0.0,,0.3925,22.0000,13.5,13.5,13.5,13.5,13.5,13.5,,,,,,,,,,,,,4.209,0.300,4.199,3.158,4.213,,,,,,,,3.161,0.0,0.0,0.0,0.0,0.0,19.078,15.531,,0.0,0.7764,40.430,33.995,33.995,40.430,1.430,0.000,,,,,0.98027,,64,,,,,,226.88,,,,,,,226.88,,,,660.3,,,,,,,,,,,1441.5,,,,,,0.359,100.000,,,,,,2591.56,,2596.56,2684.14,,,227.39,99.75,,,,,,,,,,,,,0.359,0.000,64,2,2,,,,,,,,217,0,,,,,,,,,41.675,,192.08,192.04,,,,
436.921,,0,0,0,256,0,0,0,0,0,0,0,0,1,0,0,0,0,0,,,,,,,,,,,,,,,,,,,,,,6661.5,,,,,1579.3,,,,1.00144,1.00144,277.31,,,21.8200,,0.0,,0.4000,22.0000,13.5,13.5,13.5,13.5,13.5,13.5,,,,,,,,,,,,,4.200,0.300,4.199,3.158,4.203,,,,,,,,3.158,0.0,0.0,0.0,0.0,0.0,19.234,15.203,,0.0,0.7742,40.375,34.075,34.075,40.375,1.220,0.000,,,,,0.97996,,64,,,,,,226.78,,,,,,,226.78,,,,660.1,,,,,,,,,,,1453.3,,,,,,0.359,100.000,,,,,,2591.33,,2591.33,2684.77,,,227.67,99.66,,,,,,,,,,,,,0.359,0.000,64,2,2,,,,,,,,217,0,,,,,,,,,41.859,,192.66,192.59,,,,
436.931,,0,0,0,256,0,0,0,0,0,0,0,0,1,0,0,0,0,0,,,,,,,,,,,,,,,,,,,,,,6674.5,,,,,1579.3,,,,1.00144,1.00144,277.73,,,21.9900,,0.0,,0.3785,22.0000,13.5,13.5,13.5,13.5,13.5,13.5,,,,,,,,,,,,,4.200,0.300,4.200,3.155,4.203,,,,,,,,3.163,0.0,0.0,0.0,0.0,0.0,19.406,15.281,,0.0,0.7769,40.455,34.105,34.105,40.455,1.220,0.000,,,,,0.97942,,64,,,,,,227.18,,,,,,,227.18,,,,660.1,,,,,,,,,,,1454.6,,,,,,0.359,100.000,,,,,,2592.11,,2599.69,2682.97,,,227.67,99.80,,,,,,,,,,,,,0.359,0.000,64,2,2,,,,,,,,217,0,,,,,,,,,41.594,,192.66,192.59,,,,
436.944,,0,0,0,256,0,0,0,0,0,0,0,0,1,0,0,0,0,0,,,,,,,,,,,,,,,,,,,,,,6676.0,,,,,1584.0,,,,1.00144,1.00144,277.59,,,22.0740,,0.0,,0.3675,22.0000,13.5,13.5,13.5,13.5,13.5,13.5,,,,,,,,,,,,,4.197,0.300,4.200,3.155,4.206,,,,,,,,3.161,0.0,0.0,0.0,0.0,0.0,19.438,15.328,,0.0,0.7756,40.485,34.015,34.015,40.485,1.430,0.000,,,,,0.97963,,64,,,,,,227.06,,,,,,,227.06,,,,659.7,,,,,,,,,,,1451.2,,,,,,0.359,100.000,,,,,,2590.94,,2590.23,2683.20,,,227.58,99.75,,,,,,,,,,,,,0.359,0.000,64,2,2,,,,,,,,217,0,,,,,,,,,41.675,,192.53,192.89,,,,
436.958,13.5,0,0,0,256,0,0,0,0,0,0,0,0,1,0,0,0,0,0,991.9,991.9,1000.0,10.0,0.0,0.0,0.06,1,0,0.996,0.996,0.0,0.0,2.593,0.01,1000.0,1000.0,1000.0,1050.4,1000.0,989.36,6676.0,38.168,499.3,0.0,10.0,1582.9,0.03086,0.00,0.00,1.00144,1.00144,277.31,4,48.0,21.9900,0.0380,0.0,62.9,0.3780,22.0000,13.5,13.5,13.5,13.5,13.5,13.5,13.5,2.3,0.00,0.00021,0,0,0,1,98,98,98,98,4.182,0.300,4.200,3.155,4.197,991.9,1000.0,1000.0,991.9,1000.0,0.0,18.74,3.158,0.0,0.0,0.0,0.0,0.0,19.609,15.344,0.0,0.0,0.7717,40.410,33.915,33.915,40.410,1.430,0.000,0.7813,0.7813,0.0000,1348.1,0.97951,0.102216,64,41.690,1050.4,0.0,1000.0,1000.0,226.85,236.25,602.0,0.99942,1535.98,400.01,0.99939,226.85,400.01,236.23,236.23,658.9,-200.0,89.6,79.69,79.697,2098.1,873.6,750.0,1073.6,370.94,0.0,1451.7,60.231,0.0,0,991.9,991.9,0.359,100.000,923.01,0,2.1853,0.793,1013.01,2588.75,90.00,2589.22,2683.98,2682.97,81.42,227.70,99.66,361.50,390.75,100.0,0,34.54,35.3,94.5,60.0,36,0,92.94,21.0,0.359,0.000,64,2,2,991.9,1050.4,991.9,991.9,1000.0,1050.4,601.6,217,0,60.202,60.202,1000.0,2000.0,61.867,99.088,100.000,60.098,41.614,12.6,193.17,192.89,191.85,191.96,0.0,0.19
436.968,,0,0,0,256,0,0,0,0,0,0,0,0,1,0,0,0,0,0,,,,,,,,,,,,,,,,,,,,,,6689.0,,,,,1582.9,,,,1.00144,1.00144,277.08,,,22.1320,,0.0,,0.3600,22.0000,13.5,13.5,13.5,13.5,13.5,13.5,,,,,,,,,,,,,4.182,0.300,4.200,3.155,4.175,,,,,,,,3.155,0.0,0.0,0.0,0.0,0.0,19.813,15.063,,0.0,0.7734,40.295,34.015,34.015,40.295,1.220,0.000,,,,,0.97832,,64,,,,,,226.92,,,,,,,226.92,,,,658.9,,,,,,,,,,,1454.3,,,,,,0.359,100.000,,,,,,2589.45,,2596.56,2683.75,,,227.70,99.56,,,,,,,,,,,,,0.359,0.000,64,2,2,,,,,,,,217,0,,,,,,,,,41.840,,193.17,192.89,,,,
436.977,,0,0,0,256,0,0,0,0,0,0,0,0,1,0,0,0,0,0,,,,,,,,,,,,,,,,,,,,,,6681.5,,,,,1584.0,,,,1.00144,1.00144,276.89,,,22.1320,,0.0,,0.3600,22.0000,13.5,13.5,13.5,13.5,13.5,13.5,,,,,,,,,,,,,4.174,0.300,4.200,3.155,4.175,,,,,,,,3.158,0.0,0.0,0.0,0.0,0.0,19.734,15.391,,0.0,0.7730,40.395,34.005,34.005,40.395,1.430,0.000,,,,,0.97835,,64,,,,,,226.76,,,,,,,226.76,,,,658.6,,,,,,,,,,,1448.9,,,,,,0.359,100.000,,,,,,2587.66,,2591.33,2684.38,,,227.39,99.52,,,,,,,,,,,,,0.359,0.000,64,2,2,,,,,,,,217,0,,,,,,,,,41.515,,193.03,193.41,,,,
436.987,,0,0,0,256,0,0,0,0,0,0,0,0,1,0,0,0,0,0,,,,,,,,,,,,,,,,,,,,,,6702.0,,,,,1584.0,,,,1.00144,1.00144,277.27,,,22.2260,,0.0,,0.3475,22.0000,13.5,13.5,13.5,13.5,13.5,13.5,,,,,,,,,,,,,4.174,0.300,4.200,3.155,4.177,,,,,,,,3.162,0.0,0.0,0.0,0.0,0.0,19.938,15.109,,0.0,0.7749,40.385,34.035,34.035,40.385,1.220,0.000,,,,,0.97798,,64,,,,,,227.11,,,,,,,227.11,,,,658.6,,,,,,,,,,,1460.7,,,,,,0.359,100.000,,,,,,2587.97,,2594.45,2683.67,,,227.39,99.66,,,,,,,,,,,,,0.359,0.000,64,2,2,,,,,,,,217,0,,,,,,,,,41.824,,193.03,193.41,,,,
436.997,,0,0,0,256,0,0,0,0,0,0,0,0,1,0,0,0,0,0,,,,,,,,,,,,,,,,,,,,,,6683.5,,,,,1580.8,,,,1.00144,1.00144,277.13,,,22.0460,,0.0,,0.3700,22.0000,13.5,13.5,13.5,13.5,13.5,13.5,,,,,,,,,,,,,4.171,0.300,4.200,3.155,4.177,,,,,,,,3.161,0.0,0.0,0.0,0.0,0.0,19.844,15.453,,0.0,0.7759,40.415,34.000,34.000,40.415,1.220,0.000,,,,,0.97798,,64,,,,,,227.06,,,,,,,227.06,,,,658.4,,,,,,,,,,,1459.2,,,,,,0.359,100.000,,,,,,2587.34,,2595.47,2682.42,,,227.32,99.61,,,,,,,,,,,,,0.359,0.000,64,2,2,,,,,,,,217,0,,,,,,,,,41.605,,193.47,193.17,,,,
437.007,,0,0,0,256,0,0,0,0,0,0,0,0,1,0,0,0,0,0,,,,,,,,,,,,,,,,,,,,,,6696.5,,,,,1580.8,,,,1.00144,1.00144,276.94,,,22.1400,,0.0,,0.3580,22.0000,13.5,13.5,13.5,13.5,13.5,13.5,,,,,,,,,,,,,4.166,0.300,4.200,3.155,4.171,,,,,,,,3.158,0.0,0.0,0.0,0.0,0.0,20.078,15.234,,0.0,0.7739,40.380,33.925,33.925,40.380,1.220,0.000,,,,,0.97789,,64,,,,,,226.90,,,,,,,226.90,,,,658.4,,,,,,,,,,,1465.2,,,,,,0.359,100.000,,,,,,2588.83,,2588.13,2683.98,,,227.32,99.52,,,,,,,,,,,,,0.359,0.000,64,2,2,,,,,,,,217,0,,,,,,,,,41.634,,193.47,193.17,,,,
437.023,,0,0,0,256,0,0,0,0,0,0,0,0,1,0,0,0,0,0,,,,,,,,,,,,,,,,,,,,,,6696.5,,,,,1586.9,,,,1.00144,1.00144,277.08,,,22.0560,,0.0,,0.3685,22.0000,13.5,13.5,13.5,13.5,13.5,13.5,,,,,,,,,,,,,4.166,0.300,4.200,3.155,4.171,,,,,,,,3.164,0.0,0.0,0.0,0.0,0.0,20.172,15.313,,0.0,0.7764,40.305,34.000,34.000,40.305,1.220,0.000,,,,,0.97734,,64,,,,,,227.16,,,,,,,227.16,,,,658.6,,,,,,,,,,,1460.4,,,,,,0.359,100.000,,,,,,2589.77,,2594.45,2682.66,,,226.64,99.56,,,,,,,,,,,,,0.359,0.000,64,2,2,,,,,,,,217,0,,,,,,,,,41.599,,193.03,193.41,,,,
437.039,13.5,0,0,0,256,0,0,0,0,0,0,0,0,1,0,0,0,0,0,991.6,991.6,1000.0,10.0,0.0,0.0,0.06,1,0,0.996,0.996,0.0,0.0,2.593,0.01,1000.0,1000.0,1000.0,1049.5,1000.0,992.05,6687.5,38.168,497.1,0.0,10.0,1582.3,0.03086,0.00,0.00,1.00144,1.00144,276.84,4,48.0,22.0280,0.0100,0.0,62.8,0.3720,22.0000,13.5,13.5,13.5,13.5,13.5,13.5,13.5,2.3,0.00,0.00021,0,0,0,1,98,98,98,98,4.173,0.300,4.175,3.165,4.176,991.6,1000.0,1000.0,991.6,1000.0,0.0,18.74,3.157,0.0,0.0,0.0,0.0,0.0,20.031,15.344,0.0,0.0,0.7756,40.315,33.970,33.970,40.315,1.220,0.000,0.7813,0.7813,0.0000,1352.6,0.97670,0.102079,64,41.615,1049.5,0.0,1000.0,1000.0,227.06,236.67,601.2,0.99942,1535.98,400.01,0.99939,227.06,400.01,236.65,236.65,658.4,-200.0,91.1,80.24,80.245,2112.7,880.8,750.0,1080.8,364.34,0.0,1459.6,60.344,0.0,0,991.6,991.6,0.359,100.000,923.01,0,2.1835,0.797,1013.01,2589.22,90.00,2595.47,2682.73,2683.98,81.52,226.73,99.47,361.50,390.75,100.0,0,34.65,36.0,94.5,60.0,36,0,92.94,21.0,0.359,0.000,64,2,2,991.6,1049.6,991.6,991.6,1000.0,1049.6,600.5,217,0,60.121,59.926,1000.0,2000.0,61.882,99.057,100.000,59.987,41.809,12.7,193.85,193.62,192.89,192.81,0.0,0.36
437.047,,0,0,0,256,0,0,0,0,0,0,0,0,1,0,0,0,0,0,,,,,,,,,,,,,,,,,,,,,,6695.0,,,,,1582.3,,,,1.00144,1.00144,276.75,,,22.0380,,0.0,,0.3700,22.0000,13.5,13.5,13.5,13.5,13.5,13.5,,,,,,,,,,,,,4.181,0.300,4.175,3.165,4.183,,,,,,,,3.154,0.0,0.0,0.0,0.0,0.0,19.922,15.375,,0.0,0.7705,40.350,33.940,33.940,40.350,1.430,0.000,,,,,0.97685,,64,,,,,,226.95,,,,,,,226.95,,,,658.4,,,,,,,,,,,1454.6,,,,,,0.359,100.000,,,,,,2588.59,,2587.11,2682.73,,,226.73,99.38,,,,,,,,,,,,,0.359,0.000,64,2,2,,,,,,,,217,0,,,,,,,,,41.534,,193.85,193.62,,,,
437.058,,0,0,0,256,0,0,0,0,0,0,0,0,1,0,0,0,0,0,,,,,,,,,,,,,,,,,,,,,,6713.5,,,,,1584.4,,,,1.00144,1.00144,276.80,,,22.1780,,0.0,,0.3525,22.0000,13.5,13.5,13.5,13.5,13.5,13.5,,,,,,,,,,,,,4.181,0.300,4.175,3.165,4.180,,,,,,,,3.159,0.0,0.0,0.0,0.0,0.0,20.000,15.094,,0.0,0.7744,40.320,33.935,33.935,40.320,1.220,0.000,,,,,0.97579,,64,,,,,,227.20,,,,,,,227.20,,,,656.9,,,,,,,,,,,1462.8,,,,,,0.359,100.000,,,,,,2590.39,,2596.56,2683.98,,,227.51,99.42,,,,,,,,,,,,,0.359,0.000,64,2,2,,,,,,,,217,0,,,,,,,,,41.779,,193.92,194.08,,,,
437.067,,0,0,0,256,0,0,0,0,0,0,0,0,1,0,0,0,0,0,,,,,,,,,,,,,,,,,,,,,,6702.0,,,,,1584.4,,,,1.00144,1.00144,277.36,,,22.1700,,0.0,,0.3530,22.0000,13.5,13.5,13.5,13.5,13.5,13.5,,,,,,,,,,,,,4.180,0.300,4.175,3.165,4.180,,,,,,,,3.165,0.0,0.0,0.0,0.0,0.0,19.703,15.438,,0.0,0.7732,40.315,34.000,34.000,40.315,1.430,0.000,,,,,0.97603,,64,,,,,,227.60,,,,,,,227.60,,,,656.9,,,,,,,,,,,1458.6,,,,,,0.359,100.000,,,,,,2589.69,,2597.58,2682.73,,,227.51,99.61,,,,,,,,,,,,,0.359,0.000,64,2,2,,,,,,,,217,0,,,,,,,,,41.539,,193.92,194.08,,,,
437.077,,0,0,0,256,0,0,0,0,0,0,0,0,1,0,0,0,0,0,,,,,,,,,,,,,,,,,,,,,,6723.0,,,,,1592.1,,,,1.00144,1.00144,277.17,,,22.2160,,0.0,,0.3470,22.0000,13.5,13.5,13.5,13.5,13.5,13.5,,,,,,,,,,,,,4.180,0.300,4.175,3.165,4.170,,,,,,,,3.168,0.0,0.0,0.0,0.0,0.0,19.750,15.172,,0.0,0.7761,40.380,33.935,33.935,40.380,1.220,0.000,,,,,0.97566,,64,,,,,,227.58,,,,,,,227.58,,,,656.9,,,,,,,,,,,1467.5,,,,,,0.359,100.000,,,,,,2589.45,,2595.47,2682.73,,,228.42,99.56,,,,,,,,,,,,,0.359,0.000,64,2,2,,,,,,,,217,0,,,,,,,,,41.745,,193.92,193.92,,,,
437.087,,0,0,0,256,0,0,0,0,0,0,0,0,1,0,0,0,0,0,,,,,,,,,,,,,,,,,,,,,,6708.0,,,,,1592.1,,,,1.00144,1.00144,276.47,,,22.2160,,0.0,,0.3465,22.0000,13.5,13.5,13.5,13.5,13.5,13.5,,,,,,,,,,,,,4.163,0.300,4.175,3.165,4.170,,,,,,,,3.159,0.0,0.0,0.0,0.0,0.0,19.391,15.516,,0.0,0.7766,40.315,33.935,33.935,40.315,1.220,0.000,,,,,0.97588,,64,,,,,,226.95,,,,,,,226.95,,,,656.9,,,,,,,,,,,1458.5,,,,,,0.359,100.000,,,,,,2586.41,,2594.45,2681.56,,,228.42,99.28,,,,,,,,,,,,,0.359,0.000,64,2,2,,,,,,,,217,0,,,,,,,,,41.599,,193.92,193.92,,,,
437.097,,0,0,0,256,0,0,0,0,0,0,0,0,1,0,0,0,0,0,,,,,,,,,,,,,,,,,,,,,,6717.5,,,,,1593.6,,,,1.00144,1.00144,276.09,,,22.2920,,0.0,,0.3365,22.0000,13.5,13.5,13.5,13.5,13.5,13.5,,,,,,,,,,,,,4.154,0.300,4.175,3.165,4.163,,,,,,,,3.156,0.0,0.0,0.0,0.0,0.0,19.406,15.234,,0.0,0.7747,40.315,33.875,33.875,40.315,1.220,0.000,,,,,0.97576,,64,,,,,,226.59,,,,,,,226.59,,,,656.7,,,,,,,,,,,1460.6,,,,,,0.359,100.000,,,,,,2584.06,,2588.13,2683.20,,,228.07,99.19,,,,,,,,,,,,,0.359,0.000,64,2,2,,,,,,,,217,0,,,,,,,,,41.534,,194.53,194.15,,,,
437.107,,0,0,0,256,0,0,0,0,0,0,0,0,1,0,0,0,0,0,,,,,,,,,,,,,,,,,,,,,,6719.0,,,,,1593.6,,,,1.00144,1.00144,276.09,,,22.1120,,0.0,,0.3590,22.0000,13.5,13.5,13.5,13.5,13.5,13.5,,,,,,,,,,,,,4.154,0.300,4.175,3.165,4.163,,,,,,,,3.156,0.0,0.0,0.0,0.0,0.0,19.156,15.328,,0.0,0.7786,40.255,33.885,33.885,40.255,1.430,0.000,,,,,0.97524,,64,,,,,,226.73,,,,,,,226.73,,,,656.7,,,,,,,,,,,1456.3,,,,,,0.359,100.000,,,,,,2582.42,,2593.36,2683.98,,,228.07,99.19,,,,,,,,,,,,,0.359,0.000,64,2,2,,,,,,,,217,0,,,,,,,,,41.534,,194.53,194.15,,,,
437.120,,0,0,0,256,0,0,0,0,0,0,0,0,1,0,0,0,0,0,,,,,,,,,,,,,,,,,,,,,,6711.5,,,,,1591.4,,,,1.00144,1.00144,275.72,,,22.2440,,0.0,,0.3420,22.0000,13.5,13.5,13.5,13.5,13.5,13.5,,,,,,,,,,,,,4.161,0.300,4.175,3.165,4.155,,,,,,,,3.152,0.0,0.0,0.0,0.0,0.0,18.922,15.359,,0.0,0.7754,40.265,33.925,33.925,40.265,1.650,0.000,,,,,0.97566,,64,,,,,,226.38,,,,,,,226.38,,,,655.8,,,,,,,,,,,1456.8,,,,,,0.359,100.000,,,,,,2580.70,,2579.69,2684.38,,,227.48,99.05,,,,,,,,,,,,,0.359,0.000,64,2,2,,,,,,,,217,0,,,,,,,,,41.684,,194.23,194.15,,,,
437.130,,0,0,0,256,0,0,0,0,0,0,0,0,1,0,0,0,0,0,,,,,,,,,,,,,,,,,,,,,,6721.0,,,,,1591.4,,,,1.00144,1.00144,275.67,,,22.1600,,0.0,,0.3520,22.0000,13.5,13.5,13.5,13.5,13.5,13.5,,,,,,,,,,,,,4.161,0.300,4.155,3.152,4.155,,,,,,,,3.152,0.0,0.0,0.0,0.0,0.0,18.781,15.438,,0.0,0.7781,40.305,33.945,33.945,40.305,1.430,0.000,,,,,0.97512,,64,,,,,,226.48,,,,,,,226.48,,,,655.8,,,,,,,,,,,1461.1,,,,,,0.359,100.000,,,,,,2581.41,,2591.33,2683.75,,,227.48,99.05,,,,,,,,,,,,,0.359,0.000,64,2,2,,,,,,,,217,0,,,,,,,,,41.914,,194.23,194.15,,,,
437.141,,0,0,0,256,0,0,0,0,0,0,0,0,1,0,0,0,0,0,,,,,,,,,,,,,,,,,,,,,,6721.0,,,,,1588.7,,,,1.00144,1.00144,275.63,,,22.1780,,0.0,,0.3490,22.0000,13.5,13.5,13.5,13.5,13.5,13.5,,,,,,,,,,,,,4.149,0.300,4.155,3.152,4.156,,,,,,,,3.150,0.0,0.0,0.0,0.0,0.0,18.453,15.766,,0.0,0.7744,40.325,33.915,33.915,40.325,1.650,0.000,,,,,0.97536,,64,,,,,,226.38,,,,,,,226.38,,,,655.2,,,,,,,,,,,1456.6,,,,,,0.359,100.000,,,,,,2580.39,,2581.80,2682.97,,,227.18,99.00,,,,,,,,,,,,,0.359,0.000,64,2,2,,,,,,,,217,0,,,,,,,,,41.734,,194.38,194.53,,,,
437.151,13.5,0,0,0,256,0,0,0,0,0,0,0,0,1,0,0,0,0,0,991.8,991.8,1000.0,10.0,0.0,0.0,0.03,1,0,0.996,0.996,0.0,0.0,2.687,0.01,1000.0,1000.0,1000.0,1049.0,1000.0,993.55,6743.5,38.168,499.0,0.0,10.0,1588.7,0.03090,0.00,0.00,1.00144,1.00144,275.06,4,48.0,22.1040,-0.0380,0.0,62.6,0.3585,22.0000,13.5,13.5,13.5,13.5,13.5,13.5,13.5,2.3,0.00,0.00000,0,0,0,1,98,98,98,98,4.149,0.300,4.155,3.152,4.139,991.8,1000.0,1000.0,991.8,1000.0,0.0,18.74,3.145,0.0,0.0,0.0,0.0,0.0,18.531,15.500,0.0,0.0,0.7764,40.295,33.870,33.870,40.295,1.430,0.000,0.7813,0.7813,0.0000,1354.3,0.97463,0.102088,64,41.535,1049.0,0.0,1000.0,1000.0,226.13,236.60,599.3,0.99942,1535.98,400.01,0.99939,226.13,400.01,236.58,236.58,655.2,-200.0,91.6,80.53,80.533,2113.0,884.6,750.0,1084.6,364.10,0.0,1468.1,60.048,0.0,0,991.8,991.8,0.359,100.000,923.01,0,2.1840,0.801,1013.01,2582.73,90.00,2587.11,2681.95,2682.73,81.52,227.18,98.81,361.50,390.75,100.0,0,34.75,36.0,94.5,59.3,36,0,92.94,21.0,0.359,0.000,64,2,2,991.8,1049.0,991.8,991.8,1000.0,1049.0,599.3,217,0,59.935,59.935,1000.0,2000.0,61.786,99.077,100.000,59.868,41.974,12.6,194.38,194.53,193.69,193.54,0.0,0.24
437.157,,0,0,0,256,0,0,0,0,0,0,0,0,1,0,0,0,0,0,,,,,,,,,,,,,,,,,,,,,,6730.5,,,,,1589.5,,,,1.00144,1.00144,275.58,,,22.0740,,0.0,,0.3620,22.0000,13.5,13.5,13.5,13.5,13.5,13.5,,,,,,,,,,,,,4.140,0.300,4.155,3.152,4.139,,,,,,,,3.156,0.0,0.0,0.0,0.0,0.0,18.234,15.844,,0.0,0.7759,40.250,33.780,33.780,40.250,1.650,0.000,,,,,0.97469,,64,,,,,,226.45,,,,,,,226.45,,,,654.9,,,,,,,,,,,1459.5,,,,,,0.359,100.000,,,,,,2582.11,,2589.22,2684.14,,,226.08,99.05,,,,,,,,,,,,,0.359,0.000,64,2,2,,,,,,,,217,0,,,,,,,,,41.724,,194.38,194.15,,,,
437.168,,0,0,0,256,0,0,0,0,0,0,0,0,1,0,0,0,0,0,,,,,,,,,,,,,,,,,,,,,,6738.0,,,,,1589.5,,,,1.00144,1.00144,274.73,,,22.1400,,0.0,,0.3535,22.0000,13.5,13.5,13.5,13.5,13.5,13.5,,,,,,,,,,,,,4.142,0.300,4.155,3.152,4.154,,,,,,,,3.144,0.0,0.0,0.0,0.0,0.0,18.359,15.563,,0.0,0.7791,40.160,33.890,33.890,40.160,1.430,0.000,,,,,0.97444,,64,,,,,,225.87,,,,,,,225.87,,,,654.9,,,,,,,,,,,1467.9,,,,,,0.359,100.000,,,,,,2582.11,,2583.91,2684.61,,,226.08,98.67,,,,,,,,,,,,,0.359,0.000,64,2,2,,,,,,,,217,0,,,,,,,,,41.899,,194.38,194.15,,,,
437.177,,0,0,0,256,0,0,0,0,0,0,0,0,1,0,0,0,0,0,,,,,,,,,,,,,,,,,,,,,,6726.5,,,,,1588.2,,,,1.00144,1.00144,274.73,,,22.1880,,0.0,,0.3470,22.0000,13.5,13.5,13.5,13.5,13.5,13.5,,,,,,,,,,,,,4.142,0.300,4.155,3.152,4.154,,,,,,,,3.144,0.0,0.0,0.0,0.0,0.0,18.125,15.875,,0.0,0.7793,40.270,33.915,33.915,40.270,1.430,0.000,,,,,0.97481,,64,,,,,,225.77,,,,,,,225.77,,,,655.3,,,,,,,,,,,1457.4,,,,,,0.359,100.000,,,,,,2581.09,,2587.11,2684.77,,,226.03,98.67,,,,,,,,,,,,,0.359,0.000,64,2,2,,,,,,,,217,0,,,,,,,,,41.589,,195.12,194.89,,,,
437.188,,0,0,0,256,0,0,0,0,0,0,0,0,1,0,0,0,0,0,,,,,,,,,,,,,,,,,,,,,,6740.0,,,,,1588.2,,,,1.00144,1.00144,274.92,,,22.1780,,0.0,,0.3480,22.0000,13.5,13.5,13.5,13.5,13.5,13.5,,,,,,,,,,,,,4.144,0.300,4.155,3.152,4.146,,,,,,,,3.147,0.0,0.0,0.0,0.0,0.0,18.063,15.828,,0.0,0.7761,40.295,33.925,33.925,40.295,1.430,0.000,,,,,0.97478,,64,,,,,,225.98,,,,,,,225.98,,,,655.3,,,,,,,,,,,1459.2,,,,,,0.359,100.000,,,,,,2580.31,,2586.02,2685.78,,,226.03,98.77,,,,,,,,,,,,,0.359,0.000,64,2,2,,,,,,,,217,0,,,,,,,,,41.699,,195.12,194.89,,,,
437.197,,0,0,0,256,0,0,0,0,0,0,0,0,1,0,0,0,0,0,,,,,,,,,,,,,,,,,,,,,,6734.0,,,,,1583.5,,,,1.00144,1.00144,274.27,,,22.1120,,0.0,,0.3560,22.0000,13.5,13.5,13.5,13.5,13.5,13.5,,,,,,,,,,,,,4.144,0.300,4.155,3.152,4.146,,,,,,,,3.140,0.0,0.0,0.0,0.0,0.0,18.094,15.875,,0.0,0.7808,40.305,33.975,33.975,40.305,1.430,0.000,,,,,0.97417,,64,,,,,,225.54,,,,,,,225.54,,,,655.4,,,,,,,,,,,1458.4,,,,,,0.359,100.000,,,,,,2580.31,,2589.22,2684.84,,,226.10,98.53,,,,,,,,,,,,,0.359,0.000,64,2,2,,,,,,,,217,0,,,,,,,,,41.724,,194.68,194.68,,,,
437.208,,0,0,0,256,0,0,0,0,0,0,0,0,1,0,0,0,0,0,,,,,,,,,,,,,,,,,,,,,,6740.0,,,,,1583.5,,,,1.00144,1.00144,274.36,,,22.2160,,0.0,,0.3430,22.0000,13.5,13.5,13.5,13.5,13.5,13.5,,,,,,,,,,,,,4.130,0.300,4.155,3.152,4.132,,,,,,,,3.141,0.0,0.0,0.0,0.0,0.0,18.109,15.859,,0.0,0.7793,40.355,33.930,33.930,40.355,1.430,0.000,,,,,0.97478,,64,,,,,,225.45,,,,,,,225.45,,,,655.4,,,,,,,,,,,1457.3,,,,,,0.359,100.000,,,,,,2579.06,,2580.78,2684.06,,,226.10,98.58,,,,,,,,,,,,,0.359,0.000,64,2,2,,,,,,,,217,0,,,,,,,,,41.734,,194.68,194.68,,,,
437.222,,0,0,0,256,0,0,0,0,0,0,0,0,1,0,0,0,0,0,,,,,,,,,,,,,,,,,,,,,,6764.5,,,,,1586.9,,,,1.00144,1.00144,274.59,,,22.0000,,0.0,,0.3700,22.0000,13.5,13.5,13.5,13.5,13.5,13.5,,,,,,,,,,,,,4.130,0.300,4.155,3.152,4.132,,,,,,,,3.144,0.0,0.0,0.0,0.0,0.0,18.266,15.594,,0.0,0.7859,40.310,33.890,33.890,40.310,1.430,0.000,,,,,0.97454,,64,,,,,,225.66,,,,,,,225.66,,,,655.8,,,,,,,,,,,1464.8,,,,,,0.359,100.000,,,,,,2580.16,,2587.11,2682.27,,,226.17,98.67,,,,,,,,,,,,,0.359,0.000,64,2,2,,,,,,,,217,0,,,,,,,,,41.785,,195.21,194.89,,,,
437.240,13.5,0,0,0,256,0,0,0,0,0,0,0,0,1,0,0,0,0,0,992.8,992.8,1000.0,10.0,0.0,0.0,0.03,1,0,0.996,0.996,0.0,0.0,2.562,-0.02,1000.0,1000.0,1000.0,1049.5,1000.0,995.36,6764.5,38.168,499.3,0.0,10.0,1593.9,0.03102,0.00,0.00,1.00144,1.00144,275.30,4,48.0,22.1220,-0.0740,0.0,62.2,0.3540,22.0000,13.5,13.5,13.5,13.5,13.5,13.5,13.5,2.3,0.00,0.00015,0,0,0,1,98,98,98,98,4.135,0.300,4.131,3.146,4.150,992.8,1000.0,1000.0,992.8,1000.0,0.0,18.74,3.147,0.0,0.0,0.0,0.0,0.0,18.516,15.578,0.0,0.0,0.7861,40.180,33.830,33.830,40.180,1.430,0.000,0.7813,0.7813,0.0000,1355.0,0.97530,0.101745,64,41.725,1049.5,0.0,1000.0,1000.0,226.13,237.23,597.9,0.99942,1535.98,400.01,0.99939,226.13,400.01,237.21,237.21,656.0,-200.0,95.1,81.59,81.595,2115.4,898.6,750.0,1098.6,352.03,0.0,1468.4,59.882,0.0,0,992.8,992.8,0.359,100.000,923.01,0,2.1816,0.805,1013.01,2579.77,90.00,2586.02,2681.80,2684.14,81.38,226.88,98.91,361.50,390.75,100.0,0,34.96,36.0,94.5,59.3,36,0,92.94,21.0,0.359,0.000,64,2,2,992.8,1049.4,992.8,992.8,1000.0,1049.4,598.6,217,0,59.798,59.798,1000.0,2000.0,61.781,99.178,100.000,59.798,41.919,12.7,194.82,194.97,194.38,194.08,0.0,0.07
437.247,,0,0,0,256,0,0,0,0,0,0,0,0,1,0,0,0,0,0,,,,,,,,,,,,,,,,,,,,,,6755.0,,,,,1593.9,,,,1.00144,1.00144,275.48,,,22.1600,,0.0,,0.3490,22.0000,13.5,13.5,13.5,13.5,13.5,13.5,,,,,,,,,,,,,4.140,0.300,4.131,3.146,4.150,,,,,,,,3.149,0.0,0.0,0.0,0.0,0.0,18.484,15.875,,0.0,0.7820,40.210,33.775,33.775,40.210,1.430,0.000,,,,,0.97588,,64,,,,,,226.17,,,,,,,226.17,,,,656.0,,,,,,,,,,,1466.9,,,,,,0.359,100.000,,,,,,2579.30,,2588.13,2683.05,,,226.88,98.95,,,,,,,,,,,,,0.359,0.000,64,2,2,,,,,,,,217,0,,,,,,,,,41.609,,194.82,194.97,,,,
437.257,,0,0,0,256,0,0,0,0,0,0,0,0,1,0,0,0,0,0,,,,,,,,,,,,,,,,,,,,,,6761.0,,,,,1598.6,,,,1.00144,1.00144,274.83,,,22.0940,,0.0,,0.3570,22.0000,13.5,13.5,13.5,13.5,13.5,13.5,,,,,,,,,,,,,4.136,0.300,4.131,3.146,4.147,,,,,,,,3.142,0.0,0.0,0.0,0.0,0.0,18.766,15.547,,0.0,0.7793,40.155,33.750,33.750,40.155,1.430,0.000,,,,,0.97542,,64,,,,,,225.75,,,,,,,225.75,,,,656.1,,,,,,,,,,,1474.0,,,,,,0.359,100.000,,,,,,2580.47,,2583.91,2683.98,,,227.27,98.72,,,,,,,,,,,,,0.359,0.000,64,2,2,,,,,,,,217,0,,,,,,,,,41.640,,195.81,195.51,,,,
437.268,,0,0,0,256,0,0,0,0,0,0,0,0,1,0,0,0,0,0,,,,,,,,,,,,,,,,,,,,,,6774.0,,,,,1598.6,,,,1.00144,1.00144,275.72,,,22.0660,,0.0,,0.3600,22.0000,13.5,13.5,13.5,13.5,13.5,13.5,,,,,,,,,,,,,4.136,0.300,4.131,3.146,4.147,,,,,,,,3.152,0.0,0.0,0.0,0.0,0.0,18.969,15.547,,0.0,0.7820,40.130,33.800,33.800,40.130,1.430,0.000,,,,,0.97502,,64,,,,,,226.55,,,,,,,226.55,,,,656.1,,,,,,,,,,,1470.3,,,,,,0.359,100.000,,,,,,2581.88,,2590.23,2683.91,,,227.27,99.05,,,,,,,,,,,,,0.359,0.000,64,2,2,,,,,,,,217,0,,,,,,,,,41.585,,195.81,195.51,,,,
437.277,,0,0,0,256,0,0,0,0,0,0,0,0,1,0,0,0,0,0,,,,,,,,,,,,,,,,,,,,,,6776.0,,,,,1602.9,,,,1.00144,1.00144,275.77,,,22.1700,,0.0,,0.3470,22.0000,13.5,13.5,13.5,13.5,13.5,13.5,,,,,,,,,,,,,4.164,0.300,4.131,3.146,4.152,,,,,,,,3.153,0.0,0.0,0.0,0.0,0.0,19.109,15.547,,0.0,0.7778,40.180,33.795,33.795,40.180,1.430,0.000,,,,,0.97542,,64,,,,,,226.48,,,,,,,226.48,,,,656.9,,,,,,,,,,,1468.7,,,,,,0.359,100.000,,,,,,2581.17,,2586.02,2684.22,,,227.27,99.09,,,,,,,,,,,,,0.359,0.000,64,2,2,,,,,,,,217,0,,,,,,,,,41.559,,195.27,195.59,,,,
437.287,,0,0,0,256,0,0,0,0,0,0,0,0,1,0,0,0,0,0,,,,,,,,,,,,,,,,,,,,,,6785.5,,,,,1602.9,,,,1.00144,1.00144,275.81,,,21.9700,,0.0,,0.3720,22.0000,13.5,13.5,13.5,13.5,13.5,13.5,,,,,,,,,,,,,4.164,0.300,4.131,3.146,4.152,,,,,,,,3.153,0.0,0.0,0.0,0.0,0.0,19.422,15.625,,0.0,0.7813,40.175,33.815,33.815,40.175,1.430,0.000,,,,,0.97481,,64,,,,,,226.64,,,,,,,226.64,,,,656.9,,,,,,,,,,,1479.3,,,,,,0.359,100.000,,,,,,2581.72,,2591.33,2683.75,,,227.27,99.09,,,,,,,,,,,,,0.359,0.000,64,2,2,,,,,,,,217,0,,,,,,,,,41.609,,195.27,195.59,,,,
437.298,,0,0,0,256,0,0,0,0,0,0,0,0,1,0,0,0,0,0,,,,,,,,,,,,,,,,,,,,,,6776.0,,,,,1606.6,,,,1.00144,1.00144,275.77,,,22.1320,,0.0,,0.3515,22.0000,13.5,13.5,13.5,13.5,13.5,13.5,,,,,,,,,,,,,4.171,0.300,4.131,3.146,4.168,,,,,,,,3.149,0.0,0.0,0.0,0.0,0.0,19.563,15.891,,0.0,0.7793,40.195,33.790,33.790,40.195,1.650,0.000,,,,,0.97527,,64,,,,,,226.45,,,,,,,226.45,,,,656.9,,,,,,,,,,,1466.6,,,,,,0.359,100.000,,,,,,2579.69,,2582.89,2684.06,,,227.53,99.09,,,,,,,,,,,,,0.359,0.000,64,2,2,,,,,,,,217,0,,,,,,,,,41.605,,196.11,195.66,,,,
437.306,,0,0,0,256,0,0,0,0,0,0,0,0,1,0,0,0,0,0,,,,,,,,,,,,,,,,,,,,,,6787.5,,,,,1606.6,,,,1.00144,1.00144,275.02,,,22.0080,,0.0,,0.3670,22.0000,13.5,13.5,13.5,13.5,13.5,13.5,,,,,,,,,,,,,4.171,0.300,4.131,3.146,4.161,,,,,,,,3.138,0.0,0.0,0.0,0.0,0.0,19.844,15.547,,0.0,0.7827,40.170,33.795,33.795,40.170,1.430,0.000,,,,,0.97496,,64,,,,,,226.05,,,,,,,226.05,,,,656.9,,,,,,,,,,,1475.1,,,,,,0.359,100.000,,,,,,2580.39,,2591.33,2683.98,,,227.53,98.77,,,,,,,,,,,,,0.359,0.000,64,2,2,,,,,,,,217,0,,,,,,,,,41.844,,196.11,195.66,,,,
437.320,,0,0,0,256,0,0,0,0,0,0,0,0,1,0,0,0,0,0,,,,,,,,,,,,,,,,,,,,,,6774.0,,,,,1600.0,,,,1.00144,1.00144,275.86,,,22.0460,,0.0,,0.3620,22.0000,13.5,13.5,13.5,13.5,13.5,13.5,,,,,,,,,,,,,4.163,0.300,4.131,3.146,4.161,,,,,,,,3.149,0.0,0.0,0.0,0.0,0.0,19.750,15.813,,0.0,0.7781,40.175,33.790,33.790,40.175,1.650,0.000,,,,,0.97548,,64,,,,,,226.55,,,,,,,226.55,,,,656.5,,,,,,,,,,,1465.2,,,,,,0.359,100.000,,,,,,2580.31,,2591.33,2684.22,,,226.52,99.09,,,,,,,,,,,,,0.359,0.000,64,2,2,,,,,,,,217,0,,,,,,,,,41.599,,195.81,196.26,,,,
437.331,,0,0,0,256,0,0,0,0,0,0,0,0,1,0,0,0,0,0,,,,,,,,,,,,,,,,,,,,,,6783.5,,,,,1600.0,,,,1.00144,1.00144,275.39,,,22.0460,,0.0,,0.3620,22.0000,13.5,13.5,13.5,13.5,13.5,13.5,,,,,,,,,,,,,4.167,0.300,4.163,3.149,4.173,,,,,,,,3.143,0.0,0.0,0.0,0.0,0.0,19.922,15.438,,0.0,0.7759,40.170,33.805,33.805,40.170,1.430,0.000,,,,,0.97478,,64,,,,,,226.29,,,,,,,226.29,,,,656.5,,,,,,,,,,,1481.6,,,,,,0.359,100.000,,,,,,2581.02,,2582.89,2684.45,,,226.52,98.91,,,,,,,,,,,,,0.359,0.000,64,2,2,,,,,,,,217,0,,,,,,,,,41.824,,195.81,196.26,,,,
437.347,13.5,0,0,0,256,0,0,0,0,0,0,0,0,1,0,0,0,0,0,992.5,992.5,1000.0,10.0,0.0,0.0,0.03,1,0,0.996,0.996,0.0,0.0,2.562,-0.01,1000.0,1000.0,1000.0,1049.9,1000.0,995.64,6780.0,36.180,500.4,0.0,10.0,1602.6,0.03098,0.00,0.00,1.00144,1.00144,275.91,4,48.0,21.9520,-0.1600,0.0,61.9,0.3745,22.0000,13.5,13.5,13.5,13.5,13.5,13.5,13.5,2.3,0.00,0.00015,0,0,0,1,98,98,98,98,4.166,0.300,4.163,3.149,4.166,992.5,1000.0,1000.0,992.5,1000.0,0.0,18.74,3.155,0.0,0.0,0.0,0.0,0.0,20.109,15.469,0.0,0.0,0.7749,40.195,33.780,33.780,40.195,1.430,0.000,0.7813,0.7813,0.0000,1360.1,0.97435,0.101758,64,41.610,1049.9,0.0,1000.0,1000.0,226.78,237.05,597.1,0.99942,1535.98,400.01,0.99939,226.78,400.01,237.02,237.02,656.9,-200.0,94.0,81.52,81.526,2114.9,897.7,750.0,1097.7,352.93,0.0,1476.5,59.998,0.0,0,992.5,992.5,0.359,100.000,923.01,0,2.1829,0.809,1013.01,2581.72,90.00,2586.02,2683.75,2683.05,81.23,226.31,99.14,361.50,390.75,100.0,0,35.05,36.0,94.5,59.3,36,0,92.94,21.0,0.359,0.000,64,2,2,992.5,1048.7,992.5,992.5,1000.0,1048.7,598.2,217,0,59.714,59.714,1000.0,2000.0,61.792,99.147,100.000,59.758,41.614,12.6,195.81,196.03,194.89,195.66,0.0,0.76
437.357,,0,0,0,256,0,0,0,0,0,0,0,0,1,0,0,0,0,0,,,,,,,,,,,,,,,,,,,,,,6789.5,,,,,1603.0,,,,1.00144,1.00144,275.95,,,21.7920,,0.0,,0.3950,22.0000,13.5,13.5,13.5,13.5,13.5,13.5,,,,,,,,,,,,,4.166,0.300,4.163,3.149,4.166,,,,,,,,3.151,0.0,0.0,0.0,-1.5,0.0,20.250,15.563,,0.0,0.7778,40.160,33.785,33.785,40.160,1.430,0.000,,,,,0.97390,,64,,,,,,226.88,,,,,,,226.88,,,,656.9,,,,,,,,,,,1478.7,,,,,,0.359,100.000,,,,,,2581.80,,2588.13,2684.14,,,227.16,99.14,,,,,,,,,,,,,0.359,0.000,64,2,2,,,,,,,,217,0,,,,,,,,,41.624,,196.20,196.58,,,,
437.368,,0,0,0,256,0,0,0,0,0,0,0,0,1,0,0,0,0,0,,,,,,,,,,,,,,,,,,,,,,6780.0,,,,,1603.0,,,,1.00144,1.00144,275.67,,,22.0000,,0.0,,0.3690,22.0000,13.5,13.5,13.5,12.0,13.5,12.0,,,,,,,,,,,,,4.173,0.300,4.163,3.149,4.174,,,,,,,,3.148,0.0,0.0,0.0,-1.5,0.0,20.250,15.578,,0.0,0.7742,40.165,33.805,33.805,40.165,1.430,0.000,,,,,0.97417,,64,,,,,,226.62,,,,,,,226.62,,,,656.9,,,,,,,,,,,1475.1,,,,,,0.359,100.000,,,,,,2580.94,,2585.00,2684.22,,,227.16,99.05,,,,,,,,,,,,,0.359,0.000,64,2,2,,,,,,,,217,0,,,,,,,,,41.589,,196.20,196.58,,,,
437.378,,0,0,0,256,0,0,0,0,0,0,0,0,1,0,0,0,0,0,,,,,,,,,,,,,,,,,,,,,,6795.0,,,,,1603.2,,,,1.00144,1.00144,275.53,,,21.9140,,0.0,,0.3795,22.0000,13.5,13.5,13.5,12.0,13.5,13.5,,,,,,,,,,,,,4.173,0.300,4.163,3.149,4.167,,,,,,,,3.146,0.0,0.0,0.0,-1.5,0.0,20.406,15.281,,0.0,0.7786,40.185,33.810,33.810,40.185,1.430,0.000,,,,,0.97344,,64,,,,,,226.66,,,,,,,226.66,,,,656.8,,,,,,,,,,,1478.2,,,,,,0.359,100.000,,,,,,2581.56,,2589.22,2684.06,,,227.65,99.00,,,,,,,,,,,,,0.359,0.000,64,2,2,,,,,,,,217,0,,,,,,,,,41.594,,196.43,196.03,,,,
437.387,,0,0,0,256,0,0,0,0,0,0,0,0,1,0,0,0,0,0,,,,,,,,,,,,,,,,,,,,,,6782.0,,,,,1603.2,,,,1.00144,1.00144,276.09,,,21.9700,,0.0,,0.3725,22.0000,13.5,13.5,13.5,12.0,13.5,13.5,,,,,,,,,,,,,4.169,0.300,4.163,3.149,4.167,,,,,,,,3.153,0.0,0.0,0.0,-1.5,0.0,20.078,15.563,,0.0,0.7739,40.190,33.800,33.800,40.190,1.650,0.000,,,,,0.97393,,64,,,,,,226.97,,,,,,,226.97,,,,656.8,,,,,,,,,,,1469.8,,,,,,0.359,100.000,,,,,,2580.47,,2589.22,2684.14,,,227.65,99.23,,,,,,,,,,,,,0.359,0.000,64,2,2,,,,,,,,217,0,,,,,,,,,41.614,,196.43,196.03,,,,
437.397,,0,0,0,256,0,0,0,0,0,0,0,0,1,0,0,0,0,0,,,,,,,,,,,,,,,,,,,,,,6807.0,,,,,1606.4,,,,1.00144,1.00144,275.91,,,22.0660,,0.0,,0.3605,22.0000,13.5,13.5,13.5,12.0,13.5,13.5,,,,,,,,,,,,,4.169,0.300,4.163,3.149,4.172,,,,,,,,3.151,0.0,0.0,0.0,-1.5,0.0,20.203,15.234,,0.0,0.7732,40.180,33.805,33.805,40.180,1.430,0.000,,,,,0.97313,,64,,,,,,227.02,,,,,,,227.02,,,,657.0,,,,,,,,,,,1483.9,,,,,,0.359,100.000,,,,,,2581.02,,2588.13,2684.38,,,227.86,99.14,,,,,,,,,,,,,0.359,0.000,64,2,2,,,,,,,,217,0,,,,,,,,,41.840,,196.58,196.81,,,,
437.407,,0,0,0,256,0,0,0,0,0,0,0,0,1,0,0,0,0,0,,,,,,,,,,,,,,,,,,,,,,6797.0,,,,,1606.4,,,,1.00144,1.00144,275.34,,,22.0560,,0.0,,0.3620,22.0000,13.5,13.5,13.5,12.0,13.5,13.5,,,,,,,,,,,,,4.164,0.300,4.163,3.149,4.172,,,,,,,,3.143,0.0,0.0,0.0,-1.5,0.0,19.922,15.594,,0.0,0.7720,40.185,33.740,33.740,40.185,1.430,0.000,,,,,0.97277,,64,,,,,,226.66,,,,,,,226.66,,,,657.0,,,,,,,,,,,1481.5,,,,,,0.359,100.000,,,,,,2581.33,,2588.13,2684.06,,,227.86,98.91,,,,,,,,,,,,,0.359,0.000,64,2,2,,,,,,,,217,0,,,,,,,,,41.609,,196.58,196.81,,,,
437.423,,0,0,0,256,0,0,0,0,0,0,0,0,1,0,0,0,0,0,,,,,,,,,,,,,,,,,,,,,,6805.0,,,,,1615.5,,,,1.00144,1.00144,275.81,,,22.2920,,0.0,,0.3320,22.0000,13.5,13.5,13.5,12.0,13.5,12.0,,,,,,,,,,,,,4.165,0.300,4.163,3.149,4.167,,,,,,,,3.149,0.0,0.0,0.0,-1.5,0.0,19.797,15.578,,0.0,0.7742,40.120,33.725,33.725,40.120,1.430,0.000,,,,,0.97225,,64,,,,,,227.23,,,,,,,227.23,,,,657.2,,,,,,,,,,,1484.4,,,,,,0.359,100.000,,,,,,2582.19,,2585.00,2684.84,,,228.07,99.09,,,,,,,,,,,,,0.359,0.000,64,2,2,,,,,,,,217,0,,,,,,,,,41.614,,196.58,196.35,,,,
437.439,13.5,0,0,0,256,0,0,0,0,0,0,0,0,1,0,0,0,0,0,991.5,991.5,1000.0,10.0,0.0,0.0,0.03,1,0,0.996,0.996,0.0,0.0,2.593,0.00,1000.0,1000.0,1000.0,1048.3,1000.0,996.04,6805.0,36.048,500.9,0.0,10.0,1616.0,0.03098,0.00,0.00,1.00144,1.00144,275.39,4,48.0,22.2160,0.0480,0.0,62.3,0.3405,22.0000,13.5,13.5,13.5,12.0,13.5,13.5,13.5,2.3,0.00,0.00015,0,0,0,1,98,98,98,98,4.155,0.300,4.165,3.142,4.163,991.5,1000.0,1000.0,991.5,1000.0,0.0,18.74,3.145,0.0,0.0,0.0,-1.5,0.0,19.516,15.641,0.0,0.0,0.7744,40.145,33.730,33.730,40.145,1.430,0.000,0.7813,0.7813,0.0000,1366.8,0.97258,0.101777,64,41.615,1048.3,0.0,1000.0,1000.0,226.73,237.16,599.5,0.99942,1535.98,400.01,0.99939,226.73,400.01,237.14,237.14,657.7,-200.0,93.1,81.55,81.557,2137.4,898.1,750.0,1098.1,352.73,0.0,1483.5,59.892,0.0,0,991.5,991.5,0.359,100.000,923.01,0,2.1835,0.813,1013.01,2583.28,90.00,2585.00,2684.38,2683.75,81.47,227.27,98.95,361.50,390.75,100.0,0,35.15,36.0,94.5,59.3,36,0,93.34,21.0,0.359,0.000,64,2,2,991.5,1048.2,991.5,991.5,1000.0,1048.2,598.6,217,0,59.953,59.953,1000.0,2000.0,61.806,99.048,100.000,59.798,41.534,12.6,197.03,196.96,196.11,196.43,0.0,0.70
437.448,,0,0,0,256,0,0,0,0,0,0,0,0,1,0,0,0,0,0,,,,,,,,,,,,,,,,,,,,,,6812.5,,,,,1616.0,,,,1.00144,1.00144,275.30,,,22.0660,,0.0,,0.3590,22.0000,13.5,13.5,13.5,12.0,13.5,13.5,,,,,,,,,,,,,4.155,0.300,4.165,3.142,4.150,,,,,,,,3.143,0.0,0.0,0.0,-1.5,0.0,19.297,15.375,,0.0,0.7781,40.110,33.740,33.740,40.110,1.430,0.000,,,,,0.97191,,64,,,,,,226.83,,,,,,,226.83,,,,657.7,,,,,,,,,,,1484.1,,,,,,0.359,100.000,,,,,,2583.83,,2591.33,2684.14,,,227.27,98.91,,,,,,,,,,,,,0.359,0.000,64,2,2,,,,,,,,217,0,,,,,,,,,41.574,,197.03,196.96,,,,
437.457,,0,0,0,256,0,0,0,0,0,0,0,0,1,0,0,0,0,0,,,,,,,,,,,,,,,,,,,,,,6816.5,,,,,1611.6,,,,1.00144,1.00144,275.16,,,22.0740,,0.0,,0.3580,22.0000,13.5,13.5,13.5,12.0,13.5,13.5,,,,,,,,,,,,,4.150,0.300,4.165,3.142,4.150,,,,,,,,3.142,0.0,0.0,0.0,-1.5,0.0,18.859,15.672,,0.0,0.7744,40.120,33.720,33.720,40.120,1.650,0.000,,,,,0.97228,,64,,,,,,226.64,,,,,,,226.64,,,,657.2,,,,,,,,,,,1477.4,,,,,,0.359,100.000,,,,,,2582.19,,2581.80,2684.06,,,227.06,98.86,,,,,,,,,,,,,0.359,0.000,64,2,2,,,,,,,,217,0,,,,,,,,,41.539,,197.11,197.34,,,,
437.468,,0,0,0,256,0,0,0,0,0,0,0,0,1,0,0,0,0,0,,,,,,,,,,,,,,,,,,,,,,6830.0,,,,,1611.6,,,,1.00144,1.00144,275.58,,,21.9420,,0.0,,0.3745,22.0000,13.5,13.5,13.5,12.0,13.5,13.5,,,,,,,,,,,,,4.150,0.300,4.165,3.142,4.161,,,,,,,,3.146,0.0,0.0,0.0,-1.5,0.0,18.844,15.391,,0.0,0.7781,40.100,33.715,33.715,40.100,1.430,0.000,,,,,0.97158,,64,,,,,,227.16,,,,,,,227.16,,,,657.2,,,,,,,,,,,1486.5,,,,,,0.359,100.000,,,,,,2582.73,,2589.22,2683.28,,,227.06,99.00,,,,,,,,,,,,,0.359,0.000,64,2,2,,,,,,,,217,0,,,,,,,,,41.769,,197.11,197.34,,,,
437.477,,0,0,0,256,0,0,0,0,0,0,0,0,1,0,0,0,0,0,,,,,,,,,,,,,,,,,,,,,,6810.5,,,,,1612.8,,,,1.00144,1.00144,275.02,,,21.7920,,0.0,,0.3940,22.0000,13.5,13.5,13.5,12.0,13.5,13.5,,,,,,,,,,,,,4.152,0.300,4.165,3.142,4.161,,,,,,,,3.140,0.0,0.0,0.0,-1.5,0.0,18.500,15.703,,0.0,0.7773,40.095,33.675,33.675,40.095,1.430,0.000,,,,,0.97191,,64,,,,,,226.64,,,,,,,226.64,,,,656.9,,,,,,,,,,,1486.0,,,,,,0.359,100.000,,,,,,2582.66,,2588.13,2683.67,,,226.52,98.81,,,,,,,,,,,,,0.359,0.000,64,2,2,,,,,,,,217,0,,,,,,,,,41.530,,197.58,197.19,,,,
437.487,,0,0,0,256,0,0,0,0,0,0,0,0,1,0,0,0,0,0,,,,,,,,,,,,,,,,,,,,,,6834.0,,,,,1612.8,,,,1.00144,1.00144,274.83,,,21.8760,,0.0,,0.3835,22.0000,13.5,13.5,13.5,12.0,13.5,13.5,,,,,,,,,,,,,4.156,0.300,4.165,3.142,4.170,,,,,,,,3.139,0.0,0.0,0.0,-1.5,0.0,18.547,15.438,,0.0,0.7813,40.055,33.695,33.695,40.055,1.430,0.000,,,,,0.97170,,64,,,,,,226.45,,,,,,,226.45,,,,656.9,,,,,,,,,,,1492.8,,,,,,0.359,100.000,,,,,,2583.20,,2586.02,2683.75,,,226.52,98.77,,,,,,,,,,,,,0.359,0.000,64,2,2,,,,,,,,217,0,,,,,,,,,41.524,,197.58,197.19,,,,
437.498,,0,0,0,256,0,0,0,0,0,0,0,0,1,0,0,0,0,0,,,,,,,,,,,,,,,,,,,,,,6847.5,,,,,1611.8,,,,1.00144,1.00144,275.53,,,21.6880,,0.0,,0.4075,22.0000,13.5,13.5,13.5,12.0,13.5,13.5,,,,,,,,,,,,,4.156,0.300,4.165,3.142,4.170,,,,,,,,3.146,0.0,0.0,0.0,-1.5,0.0,18.469,15.563,,0.0,0.7837,40.075,33.700,33.700,40.075,1.220,0.000,,,,,0.97219,,64,,,,,,226.90,,,,,,,226.90,,,,657.2,,,,,,,,,,,1487.4,,,,,,0.359,100.000,,,,,,2583.44,,2595.47,2683.44,,,226.78,99.00,,,,,,,,,,,,,0.359,0.000,64,2,2,,,,,,,,217,0,,,,,,,,,41.484,,197.49,197.66,,,,
437.507,,0,0,0,256,0,0,0,0,0,0,0,0,1,0,0,0,0,0,,,,,,,,,,,,,,,,,,,,,,6849.5,,,,,1611.8,,,,1.00144,1.00144,275.34,,,21.7920,,0.0,,0.3950,22.0000,13.5,13.5,13.5,12.0,13.5,12.0,,,,,,,,,,,,,4.177,0.300,4.165,3.142,4.178,,,,,,,,3.145,0.0,0.0,0.0,-1.5,0.0,18.391,15.609,,0.0,0.7810,40.080,33.600,33.600,40.080,1.430,0.000,,,,,0.97258,,64,,,,,,226.64,,,,,,,226.64,,,,657.2,,,,,,,,,,,1489.1,,,,,,0.359,100.000,,,,,,2582.34,,2587.11,2684.14,,,226.78,98.95,,,,,,,,,,,,,0.359,0.000,64,2,2,,,,,,,,217,0,,,,,,,,,41.295,,197.49,197.66,,,,
437.520,,0,0,0,256,0,0,0,0,0,0,0,0,1,0,0,0,0,0,,,,,,,,,,,,,,,,,,,,,,6849.5,,,,,1619.5,,,,1.00144,1.00144,275.39,,,21.7340,,0.0,,0.4025,22.0000,13.5,13.5,13.5,12.0,13.5,13.5,,,,,,,,,,,,,4.177,0.300,4.165,3.142,4.178,,,,,,,,3.145,0.0,0.0,0.0,-1.5,0.0,18.359,15.703,,0.0,0.7849,39.980,33.635,33.635,39.980,1.430,0.000,,,,,0.97228,,64,,,,,,226.73,,,,,,,226.73,,,,657.4,,,,,,,,,,,1492.0,,,,,,0.359,100.000,,,,,,2583.44,,2590.23,2683.44,,,227.51,98.95,,,,,,,,,,,,,0.359,0.000,64,2,2,,,,,,,,217,0,,,,,,,,,41.509,,197.82,197.49,,,,
437.531,,0,0,0,256,0,0,0,0,0,0,0,0,1,0,0,0,0,0,,,,,,,,,,,,,,,,,,,,,,6843.5,,,,,1619.5,,,,1.00144,1.00144,275.30,,,21.6020,,0.0,,0.4200,22.0000,13.5,13.5,13.5,12.0,13.5,13.5,,,,,,,,,,,,,4.188,0.300,4.187,3.145,4.188,,,,,,,,3.145,0.0,0.0,0.0,-1.5,0.0,18.094,15.969,,0.0,0.7808,40.015,33.600,33.600,40.015,1.650,0.000,,,,,0.97292,,64,,,,,,226.52,,,,,,,226.52,,,,657.4,,,,,,,,,,,1481.2,,,,,,0.359,100.000,,,,,,2581.72,,2581.80,2683.59,,,227.51,98.95,,,,,,,,,,,,,0.359,0.000,64,2,2,,,,,,,,217,0,,,,,,,,,41.409,,197.82,197.49,,,,
437.544,,0,0,0,256,0,0,0,0,0,0,0,0,1,0,0,0,0,0,,,,,,,,,,,,,,,,,,,,,,6843.5,,,,,1615.6,,,,1.00144,1.00144,275.20,,,21.7440,,0.0,,0.4030,22.0000,13.5,13.5,13.5,12.0,13.5,13.5,,,,,,,,,,,,,4.188,0.300,4.187,3.145,4.199,,,,,,,,3.142,0.0,0.0,0.0,-1.5,0.0,18.250,15.672,,0.0,0.7864,39.980,33.605,33.605,39.980,1.430,0.000,,,,,0.97243,,64,,,,,,226.55,,,,,,,226.55,,,,657.5,,,,,,,,,,,1488.3,,,,,,0.359,100.000,,,,,,2583.13,,2589.22,2682.81,,,227.06,98.86,,,,,,,,,,,,,0.359,0.000,64,2,2,,,,,,,,217,0,,,,,,,,,41.664,,197.66,197.96,,,,
437.557,13.5,0,0,0,256,0,0,0,0,0,0,0,0,1,0,0,0,0,0,992.3,992.3,1000.0,10.0,0.0,0.0,0.03,1,0,0.996,0.996,0.0,0.0,2.468,-0.01,1000.0,1000.0,1000.0,1048.1,1000.0,998.36,6828.0,36.048,500.4,0.0,10.0,1616.8,0.03094,0.00,0.00,1.00144,1.00144,274.64,4,48.0,21.6880,-0.0660,0.0,61.9,0.4110,22.0000,13.5,13.5,13.5,12.0,13.5,13.5,13.5,2.3,0.00,0.00015,0,0,0,1,98,98,98,98,4.183,0.300,4.187,3.145,4.194,992.3,1000.0,1000.0,992.3,1000.0,0.0,18.74,3.136,0.0,0.0,0.0,-1.5,0.0,18.281,15.672,0.0,0.0,0.7805,39.945,33.615,33.615,39.945,1.430,0.000,0.7813,0.7813,0.0000,1372.1,0.97292,0.101772,64,41.575,1048.1,0.0,1000.0,1000.0,226.03,237.14,598.4,0.99942,1535.98,400.01,0.99939,226.03,400.01,237.12,237.12,657.0,-200.0,92.3,81.61,81.618,2139.4,898.9,750.0,1098.9,353.28,0.0,1490.8,60.007,0.0,0,992.3,992.3,0.359,100.000,923.01,0,2.1825,0.816,1013.01,2583.44,90.00,2587.11,2684.14,2684.14,81.52,227.48,98.67,361.50,390.75,100.0,0,35.24,36.0,94.5,59.3,36,0,93.34,21.0,0.359,0.000,64,2,2,992.3,1047.6,992.3,992.3,1000.0,1047.6,598.6,217,0,59.840,59.981,1000.0,2000.0,61.748,99.127,100.000,59.798,41.414,12.6,198.12,197.89,196.81,196.58,0.0,0.60
437.569,,0,0,0,256,0,0,0,0,0,0,0,0,1,0,0,0,0,0,,,,,,,,,,,,,,,,,,,,,,6843.5,,,,,1616.8,,,,1.00144,1.00144,275.25,,,21.7340,,0.0,,0.4055,22.0000,13.5,13.5,13.5,12.0,13.5,13.5,,,,,,,,,,,,,4.183,0.300,4.187,3.145,4.194,,,,,,,,3.143,0.0,0.0,0.0,-1.5,0.0,18.391,15.797,,0.0,0.7817,39.995,33.655,33.655,39.995,1.430,0.000,,,,,0.97274,,64,,,,,,226.52,,,,,,,226.52,,,,657.0,,,,,,,,,,,1482.9,,,,,,0.359,100.000,,,,,,2583.52,,2593.36,2684.14,,,227.48,98.91,,,,,,,,,,,,,0.359,0.000,64,2,2,,,,,,,,217,0,,,,,,,,,41.374,,198.12,197.89,,,,
437.578,,0,0,0,256,0,0,0,0,0,0,0,0,1,0,0,0,0,0,,,,,,,,,,,,,,,,,,,,,,6845.5,,,,,1616.5,,,,1.00144,1.00144,275.16,,,21.8000,,0.0,,0.3980,22.0000,13.5,13.5,13.5,12.0,13.5,12.0,,,,,,,,,,,,,4.184,0.300,4.187,3.145,4.192,,,,,,,,3.142,0.0,0.0,0.0,-1.5,0.0,18.406,15.781,,0.0,0.7788,40.035,33.655,33.655,40.035,1.430,0.000,,,,,0.97295,,64,,,,,,226.36,,,,,,,226.36,,,,657.3,,,,,,,,,,,1488.3,,,,,,0.359,100.000,,,,,,2583.05,,2587.11,2684.92,,,227.37,98.86,,,,,,,,,,,,,0.359,0.000,64,2,2,,,,,,,,217,0,,,,,,,,,41.425,,198.44,198.12,,,,
437.587,,0,0,0,256,0,0,0,0,0,0,0,0,1,0,0,0,0,0,,,,,,,,,,,,,,,,,,,,,,6855.5,,,,,1616.5,,,,1.00144,1.00144,275.16,,,21.9040,,0.0,,0.3855,22.0000,13.5,13.5,13.5,12.0,13.5,13.5,,,,,,,,,,,,,4.184,0.300,4.187,3.145,4.192,,,,,,,,3.143,0.0,0.0,0.0,-1.5,0.0,18.594,15.875,,0.0,0.7798,40.035,33.695,33.695,40.035,1.430,0.000,,,,,0.97255,,64,,,,,,226.45,,,,,,,226.45,,,,657.3,,,,,,,,,,,1491.9,,,,,,0.359,100.000,,,,,,2584.14,,2592.34,2683.98,,,227.37,98.91,,,,,,,,,,,,,0.359,0.000,64,2,2,,,,,,,,217,0,,,,,,,,,41.464,,198.44,198.12,,,,
437.598,,0,0,0,256,0,0,0,0,0,0,0,0,1,0,0,0,0,0,,,,,,,,,,,,,,,,,,,,,,6857.5,,,,,1622.7,,,,1.00144,1.00144,275.16,,,21.8280,,0.0,,0.3950,22.0000,13.5,13.5,13.5,12.0,13.5,13.5,,,,,,,,,,,,,4.169,0.300,4.187,3.145,4.183,,,,,,,,3.143,0.0,0.0,0.0,-1.5,0.0,18.516,16.172,,0.0,0.7756,40.075,33.650,33.650,40.075,1.650,0.000,,,,,0.97268,,64,,,,,,226.50,,,,,,,226.50,,,,657.2,,,,,,,,,,,1488.6,,,,,,0.359,100.000,,,,,,2583.91,,2582.89,2684.38,,,227.13,98.91,,,,,,,,,,,,,0.359,0.000,64,2,2,,,,,,,,217,0,,,,,,,,,41.464,,198.04,197.82,,,,
437.607,,0,0,0,256,0,0,0,0,0,0,0,0,1,0,0,0,0,0,,,,,,,,,,,,,,,,,,,,,,6875.0,,,,,1622.7,,,,1.00144,1.00144,275.02,,,21.9320,,0.0,,0.3825,22.0000,13.5,13.5,13.5,12.0,13.5,13.5,,,,,,,,,,,,,4.169,0.300,4.187,3.145,4.166,,,,,,,,3.142,0.0,0.0,0.0,-1.5,0.0,18.797,15.844,,0.0,0.7817,40.030,33.625,33.625,40.030,1.430,0.000,,,,,0.97200,,64,,,,,,226.50,,,,,,,226.50,,,,657.2,,,,,,,,,,,1494.5,,,,,,0.359,100.000,,,,,,2584.92,,2589.22,2684.22,,,227.13,98.86,,,,,,,,,,,,,0.359,0.000,64,2,2,,,,,,,,217,0,,,,,,,,,41.724,,198.04,197.82,,,,
437.619,,0,0,0,256,0,0,0,0,0,0,0,0,1,0,0,0,0,0,,,,,,,,,,,,,,,,,,,,,,6861.5,,,,,1617.9,,,,1.00144,1.00144,275.34,,,21.9320,,0.0,,0.3825,22.0000,13.5,13.5,13.5,12.0,13.5,13.5,,,,,,,,,,,,,4.159,0.300,4.187,3.145,4.166,,,,,,,,3.143,0.0,0.0,0.0,-1.5,0.0,18.766,16.125,,0.0,0.7793,40.005,33.615,33.615,40.005,1.650,0.000,,,,,0.97280,,64,,,,,,226.52,,,,,,,226.52,,,,656.7,,,,,,,,,,,1482.9,,,,,,0.359,100.000,,,,,,2583.98,,2591.33,2684.61,,,226.03,98.91,,,,,,,,,,,,,0.359,0.000,64,2,2,,,,,,,,217,0,,,,,,,,,41.460,,198.52,198.60,,,,
437.631,,0,0,0,256,0,0,0,0,0,0,0,0,1,0,0,0,0,0,,,,,,,,,,,,,,,,,,,,,,6871.0,,,,,1617.9,,,,1.00144,1.00144,275.06,,,21.8580,,0.0,,0.3915,22.0000,13.5,13.5,13.5,12.0,13.5,13.5,,,,,,,,,,,,,4.168,0.300,4.173,3.145,4.173,,,,,,,,3.140,0.0,0.0,0.0,-1.5,0.0,19.094,15.828,,0.0,0.7795,39.995,33.635,33.635,39.995,1.430,0.000,,,,,0.97246,,64,,,,,,226.34,,,,,,,226.34,,,,656.7,,,,,,,,,,,1499.4,,,,,,0.359,100.000,,,,,,2584.77,,2591.33,2685.16,,,226.03,98.81,,,,,,,,,,,,,0.359,0.000,64,2,2,,,,,,,,217,0,,,,,,,,,41.655,,198.52,198.60,,,,
437.644,,0,0,0,256,0,0,0,0,0,0,0,0,1,0,0,0,0,0,,,,,,,,,,,,,,,,,,,,,,6877.0,,,,,1622.1,,,,1.00144,1.00144,275.67,,,21.8000,,0.0,,0.3995,22.0000,13.5,13.5,13.5,12.0,13.5,13.5,,,,,,,,,,,,,4.168,0.300,4.173,3.145,4.173,,,,,,,,3.150,0.0,0.0,0.0,-1.5,0.0,19.344,15.906,,0.0,0.7795,40.015,33.660,33.660,40.015,1.220,0.000,,,,,0.97246,,64,,,,,,226.92,,,,,,,226.92,,,,656.6,,,,,,,,,,,1496.5,,,,,,0.359,100.000,,,,,,2586.02,,2596.56,2684.45,,,226.52,99.00,,,,,,,,,,,,,0.359,0.000,64,2,2,,,,,,,,217,0,,,,,,,,,41.425,,198.19,198.27,,,,
437.657,13.5,0,0,0,256,0,0,0,0,0,0,0,0,1,0,0,0,0,0,992.0,992.0,1000.0,10.0,0.0,0.0,0.03,1,0,0.996,0.996,0.0,0.0,2.468,0.00,1000.0,1000.0,1000.0,1047.1,1000.0,1002.65,6885.0,36.048,500.6,0.0,10.0,1626.0,0.03094,0.00,0.00,1.00144,1.00144,275.48,4,48.0,21.7060,0.3120,0.0,62.7,0.4120,22.0000,13.5,13.5,13.5,12.0,13.5,13.5,13.5,2.3,0.00,0.00000,0,0,0,1,98,98,98,98,4.186,0.300,4.173,3.145,4.186,992.0,1000.0,1000.0,992.0,1000.0,0.0,18.74,3.149,0.0,0.0,0.0,-1.5,0.0,19.688,15.969,0.0,0.0,0.7793,40.005,33.615,33.615,40.005,1.220,0.000,0.7813,0.7813,0.0000,1370.4,0.97185,0.101777,64,41.415,1047.1,0.0,1000.0,1000.0,226.85,237.12,594.8,0.99942,1535.98,400.01,0.99939,226.85,400.01,237.09,237.09,657.2,-200.0,93.0,82.04,82.044,2143.9,904.5,750.0,1104.5,353.48,0.0,1501.4,59.903,0.0,0,992.0,992.0,0.359,100.000,923.05,0,2.1830,0.820,1013.05,2587.03,90.00,2596.56,2684.14,2684.14,81.19,228.05,98.95,361.50,390.75,100.0,0,35.45,36.0,94.5,59.3,36,0,93.34,21.0,0.359,0.000,64,2,2,992.0,1047.3,992.0,992.0,1000.0,1047.3,593.4,217,0,59.485,59.634,1000.0,2000.0,61.594,99.098,100.000,59.279,41.469,12.6,198.90,198.60,197.96,198.12,0.0,0.39
437.668,,0,0,0,256,0,0,0,0,0,0,0,0,1,0,0,0,0,0,,,,,,,,,,,,,,,,,,,,,,6885.0,,,,,1626.0,,,,1.00144,1.00144,275.48,,,21.5080,,0.0,,0.4380,22.0000,13.5,13.5,13.5,12.0,13.5,13.5,,,,,,,,,,,,,4.199,0.300,4.173,3.145,4.199,,,,,,,,3.149,0.0,0.0,0.0,-1.5,0.0,19.578,16.234,,0.0,0.7747,39.995,33.580,33.580,39.995,1.430,0.000,,,,,0.97225,,64,,,,,,226.78,,,,,,,226.78,,,,657.2,,,,,,,,,,,1494.6,,,,,,0.359,100.000,,,,,,2586.33,,2590.23,2684.14,,,228.05,98.95,,,,,,,,,,,,,0.359,0.000,64,2,2,,,,,,,,217,0,,,,,,,,,41.225,,198.90,198.60,,,,
437.677,,0,0,0,256,0,0,0,0,0,0,0,0,1,0,0,0,0,0,,,,,,,,,,,,,,,,,,,,,,6893.0,,,,,1626.9,,,,1.00144,1.00144,275.30,,,21.4880,,0.0,,0.4415,22.0000,13.5,13.5,13.5,12.0,13.5,13.5,,,,,,,,,,,,,4.199,0.300,4.173,3.145,4.214,,,,,,,,3.147,0.0,0.0,0.0,-1.5,0.0,19.859,15.891,,0.0,0.7795,39.960,33.580,33.580,39.960,1.220,0.000,,,,,0.97146,,64,,,,,,226.88,,,,,,,226.88,,,,657.2,,,,,,,,,,,1500.5,,,,,,0.359,100.000,,,,,,2587.34,,2599.69,2683.83,,,228.12,98.91,,,,,,,,,,,,,0.359,0.000,64,2,2,,,,,,,,217,0,,,,,,,,,41.425,,198.67,198.75,,,,
437.688,,0,0,0,256,0,0,0,0,0,0,0,0,1,0,0,0,0,0,,,,,,,,,,,,,,,,,,,,,,6873.0,,,,,1626.9,,,,1.00144,1.00144,275.48,,,21.5540,,0.0,,0.4340,22.0000,13.5,13.5,13.5,12.0,13.5,13.5,,,,,,,,,,,,,4.208,0.300,4.173,3.145,4.214,,,,,,,,3.150,0.0,0.0,0.0,-1.5,0.0,19.766,16.172,,0.0,0.7793,39.960,33.565,33.565,39.960,1.220,0.000,,,,,0.97203,,64,,,,,,226.83,,,,,,,226.83,,,,657.2,,,,,,,,,,,1485.9,,,,,,0.359,100.000,,,,,,2586.17,,2596.56,2684.38,,,228.12,99.00,,,,,,,,,,,,,0.359,0.000,64,2,2,,,,,,,,217,0,,,,,,,,,41.179,,198.67,198.75,,,,
437.697,,0,0,0,256,0,0,0,0,0,0,0,0,1,0,0,0,0,0,,,,,,,,,,,,,,,,,,,,,,6883.0,,,,,1630.3,,,,1.00144,1.00144,274.83,,,21.4220,,0.0,,0.4515,22.0000,13.5,13.5,13.5,12.0,13.5,13.5,,,,,,,,,,,,,4.200,0.300,4.173,3.145,4.210,,,,,,,,3.139,0.0,0.0,0.0,-1.5,0.0,20.000,15.828,,0.0,0.7800,39.945,33.595,33.595,39.945,1.430,0.000,,,,,0.97197,,64,,,,,,226.31,,,,,,,226.31,,,,656.9,,,,,,,,,,,1500.3,,,,,,0.359,100.000,,,,,,2585.31,,2592.34,2684.14,,,227.98,98.77,,,,,,,,,,,,,0.359,0.000,64,2,2,,,,,,,,217,0,,,,,,,,,41.179,,199.54,199.07,,,,
437.707,,0,0,0,256,0,0,0,0,0,0,0,0,1,0,0,0,0,0,,,,,,,,,,,,,,,,,,,,,,6897.0,,,,,1630.3,,,,1.00144,1.00144,275.48,,,21.5540,,0.0,,0.4360,22.0000,13.5,13.5,13.5,12.0,13.5,13.5,,,,,,,,,,,,,4.200,0.300,4.173,3.145,4.210,,,,,,,,3.146,0.0,0.0,0.0,-1.5,0.0,20.203,15.953,,0.0,0.7805,39.975,33.555,33.555,39.975,1.220,0.000,,,,,0.97207,,64,,,,,,226.83,,,,,,,226.83,,,,656.9,,,,,,,,,,,1494.6,,,,,,0.359,100.000,,,,,,2585.08,,2595.47,2684.22,,,227.98,99.00,,,,,,,,,,,,,0.359,0.000,64,2,2,,,,,,,,217,0,,,,,,,,,41.374,,199.54,199.07,,,,
437.721,,0,0,0,256,0,0,0,0,0,0,0,0,1,0,0,0,0,0,,,,,,,,,,,,,,,,,,,,,,6887.0,,,,,1632.8,,,,1.00144,1.00144,275.20,,,21.5640,,0.0,,0.4360,22.0000,13.5,13.5,13.5,12.0,13.5,12.0,,,,,,,,,,,,,4.210,0.300,4.173,3.145,4.210,,,,,,,,3.147,0.0,0.0,0.0,-1.5,0.0,20.281,16.000,,0.0,0.7786,39.935,33.555,33.555,39.935,1.430,0.000,,,,,0.97213,,64,,,,,,226.62,,,,,,,226.62,,,,657.2,,,,,,,,,,,1500.3,,,,,,0.359,100.000,,,,,,2584.84,,2586.02,2685.16,,,227.65,98.91,,,,,,,,,,,,,0.359,0.000,64,2,2,,,,,,,,217,0,,,,,,,,,41.194,,198.99,199.38,,,,
437.731,,0,0,0,256,0,0,0,0,0,0,0,0,1,0,0,0,0,0,,,,,,,,,,,,,,,,,,,,,,6889.0,,,,,1632.8,,,,1.00144,1.00144,275.25,,,21.6880,,0.0,,0.4210,22.0000,13.5,13.5,13.5,12.0,13.5,13.5,,,,,,,,,,,,,4.210,0.300,4.210,3.147,4.206,,,,,,,,3.147,0.0,0.0,0.0,-1.5,0.0,20.375,15.641,,0.0,0.7815,39.935,33.605,33.605,39.935,1.430,0.000,,,,,0.97182,,64,,,,,,226.78,,,,,,,226.78,,,,657.2,,,,,,,,,,,1507.2,,,,,,0.359,100.000,,,,,,2586.88,,2592.34,2684.69,,,227.65,98.91,,,,,,,,,,,,,0.359,0.000,64,2,2,,,,,,,,217,0,,,,,,,,,41.364,,198.99,199.38,,,,
437.748,13.5,0,0,0,256,0,0,0,0,0,0,0,0,1,0,0,0,0,0,992.5,992.5,1000.0,10.0,0.0,0.0,0.03,1,0,0.996,0.996,0.0,0.0,2.437,0.00,1000.0,1000.0,1000.0,1047.4,1000.0,1002.95,6920.5,36.048,500.4,0.0,10.0,1628.7,0.03098,0.00,0.00,1.00144,1.00144,275.91,4,48.0,21.6200,0.2940,0.0,62.7,0.4305,22.0000,13.5,13.5,13.5,12.0,13.5,13.5,13.5,2.3,0.00,0.00009,0,0,0,1,98,98,98,98,4.206,0.300,4.210,3.147,4.201,992.5,1000.0,1000.0,992.5,1000.0,0.0,18.74,3.151,0.0,0.0,0.0,-1.5,0.0,20.344,15.609,0.0,0.0,0.7786,39.960,33.600,33.600,39.960,1.220,0.000,0.7813,0.7813,0.0000,1386.2,0.97170,0.101768,64,41.470,1047.4,0.0,1000.0,1000.0,227.37,237.07,595.5,0.99942,1535.98,400.01,0.99939,227.37,400.01,237.05,237.05,656.9,-200.0,92.8,82.22,82.225,2164.3,906.9,750.0,1106.9,353.71,0.0,1512.0,59.906,0.0,0,992.5,992.5,0.359,100.000,923.05,0,2.1835,0.824,1013.05,2587.03,90.00,2595.47,2684.84,2684.14,81.52,227.27,99.14,361.50,390.75,100.0,0,35.55,36.0,94.5,59.3,36,0,93.34,21.0,0.359,0.000,64,2,2,992.5,1046.9,992.5,992.5,1000.0,1046.9,595.6,217,0,59.552,59.702,1000.0,2000.0,61.502,99.147,100.000,59.499,41.414,12.6,199.07,199.22,198.36,198.60,0.0,0.54
437.757,,0,0,0,256,0,0,0,0,0,0,0,0,1,0,0,0,0,0,,,,,,,,,,,,,,,,,,,,,,6906.5,,,,,1636.5,,,,1.00144,1.00144,275.39,,,21.7820,,0.0,,0.4105,22.0000,13.5,13.5,13.5,12.0,13.5,13.5,,,,,,,,,,,,,4.195,0.300,4.210,3.147,4.201,,,,,,,,3.149,0.0,0.0,0.0,-1.5,0.0,20.172,15.922,,0.0,0.7734,39.980,33.520,33.520,39.980,1.220,0.000,,,,,0.97170,,64,,,,,,226.90,,,,,,,226.90,,,,657.6,,,,,,,,,,,1506.4,,,,,,0.359,100.000,,,,,,2586.80,,2598.67,2684.22,,,227.58,98.95,,,,,,,,,,,,,0.359,0.000,64,2,2,,,,,,,,217,0,,,,,,,,,41.179,,199.46,199.86,,,,
437.768,,0,0,0,256,0,0,0,0,0,0,0,0,1,0,0,0,0,0,,,,,,,,,,,,,,,,,,,,,,6906.5,,,,,1636.5,,,,1.00144,1.00144,275.11,,,21.6880,,0.0,,0.4230,22.0000,13.5,13.5,13.5,12.0,13.5,12.0,,,,,,,,,,,,,4.197,0.300,4.210,3.147,4.205,,,,,,,,3.146,0.0,0.0,0.0,-1.5,0.0,20.125,15.906,,0.0,0.7739,39.900,33.490,33.490,39.900,1.430,0.000,,,,,0.97081,,64,,,,,,226.85,,,,,,,226.85,,,,657.6,,,,,,,,,,,1500.0,,,,,,0.359,100.000,,,,,,2586.09,,2593.36,2684.92,,,227.58,98.86,,,,,,,,,,,,,0.359,0.000,64,2,2,,,,,,,,217,0,,,,,,,,,41.199,,199.46,199.86,,,,
437.777,,0,0,0,256,0,0,0,0,0,0,0,0,1,0,0,0,0,0,,,,,,,,,,,,,,,,,,,,,,6910.5,,,,,1635.0,,,,1.00144,1.00144,275.06,,,21.5840,,0.0,,0.4370,22.0000,13.5,13.5,13.5,12.0,13.5,13.5,,,,,,,,,,,,,4.197,0.300,4.210,3.147,4.205,,,,,,,,3.140,0.0,0.0,0.0,-1.5,0.0,20.109,16.031,,0.0,0.7744,39.870,33.525,33.525,39.870,1.430,0.000,,,,,0.97060,,64,,,,,,226.90,,,,,,,226.90,,,,657.1,,,,,,,,,,,1505.6,,,,,,0.359,100.000,,,,,,2586.41,,2595.47,2684.77,,,227.27,98.81,,,,,,,,,,,,,0.359,0.000,64,2,2,,,,,,,,217,0,,,,,,,,,41.330,,199.69,199.46,,,,
437.788,,0,0,0,256,0,0,0,0,0,0,0,0,1,0,0,0,0,0,,,,,,,,,,,,,,,,,,,,,,6914.5,,,,,1635.0,,,,1.00144,1.00144,274.27,,,21.8380,,0.0,,0.4055,22.0000,13.5,13.5,13.5,12.0,13.5,12.0,,,,,,,,,,,,,4.185,0.300,4.210,3.147,4.188,,,,,,,,3.131,0.0,0.0,0.0,-1.5,0.0,20.047,15.969,,0.0,0.7698,39.905,33.515,33.515,39.905,1.430,0.000,,,,,0.97039,,64,,,,,,226.29,,,,,,,226.29,,,,657.1,,,,,,,,,,,1499.5,,,,,,0.359,100.000,,,,,,2583.13,,2586.02,2685.00,,,227.27,98.53,,,,,,,,,,,,,0.359,0.000,64,2,2,,,,,,,,217,0,,,,,,,,,41.299,,199.69,199.46,,,,
437.797,,0,0,0,256,0,0,0,0,0,0,0,0,1,0,0,0,0,0,,,,,,,,,,,,,,,,,,,,,,6928.5,,,,,1629.8,,,,1.00144,1.00144,274.41,,,21.7540,,0.0,,0.4165,22.0000,13.5,13.5,13.5,12.0,13.5,13.5,,,,,,,,,,,,,4.185,0.300,4.210,3.147,4.165,,,,,,,,3.135,0.0,0.0,0.0,-1.5,0.0,20.031,15.672,,0.0,0.7761,39.895,33.530,33.530,39.895,1.220,0.000,,,,,0.96938,,64,,,,,,226.45,,,,,,,226.45,,,,657.1,,,,,,,,,,,1500.0,,,,,,0.359,100.000,,,,,,2582.58,,2596.56,2684.69,,,227.53,98.63,,,,,,,,,,,,,0.359,0.000,64,2,2,,,,,,,,217,0,,,,,,,,,41.335,,200.25,199.94,,,,
437.807,,0,0,0,256,0,0,0,0,0,0,0,0,1,0,0,0,0,0,,,,,,,,,,,,,,,,,,,,,,6912.5,,,,,1629.8,,,,1.00144,1.00144,274.92,,,21.8760,,0.0,,0.4015,22.0000,13.5,13.5,13.5,12.0,13.5,13.5,,,,,,,,,,,,,4.166,0.300,4.210,3.147,4.165,,,,,,,,3.139,0.0,0.0,0.0,-1.5,0.0,19.578,15.938,,0.0,0.7737,39.910,33.475,33.475,39.910,1.430,0.000,,,,,0.96996,,64,,,,,,226.73,,,,,,,226.73,,,,657.1,,,,,,,,,,,1496.1,,,,,,0.359,100.000,,,,,,2581.41,,2595.47,2684.14,,,227.53,98.77,,,,,,,,,,,,,0.359,0.000,64,2,2,,,,,,,,217,0,,,,,,,,,41.115,,200.25,199.94,,,,
437.820,,0,0,0,256,0,0,0,0,0,0,0,0,1,0,0,0,0,0,,,,,,,,,,,,,,,,,,,,,,6928.5,,,,,1638.1,,,,1.00144,1.00144,274.78,,,21.7260,,0.0,,0.4205,22.0000,13.5,13.5,13.5,12.0,13.5,13.5,,,,,,,,,,,,,4.166,0.300,4.210,3.147,4.165,,,,,,,,3.136,0.0,0.0,0.0,-1.5,0.0,19.531,15.672,,0.0,0.7764,39.855,33.450,33.450,39.855,1.430,0.000,,,,,0.96950,,64,,,,,,226.80,,,,,,,226.80,,,,657.4,,,,,,,,,,,1510.8,,,,,,0.359,100.000,,,,,,2582.19,,2593.36,2683.67,,,228.07,98.67,,,,,,,,,,,,,0.359,0.000,64,2,2,,,,,,,,217,0,,,,,,,,,41.339,,199.86,200.25,,,,
437.831,,0,0,0,256,0,0,0,0,0,0,0,0,1,0,0,0,0,0,,,,,,,,,,,,,,,,,,,,,,6920.5,,,,,1638.1,,,,1.00144,1.00144,274.41,,,21.6680,,0.0,,0.4285,22.0000,13.5,13.5,13.5,12.0,13.5,13.5,,,,,,,,,,,,,4.158,0.300,4.158,3.132,4.165,,,,,,,,3.133,0.0,0.0,0.0,-1.5,0.0,19.109,16.016,,0.0,0.7739,39.830,33.425,33.425,39.830,1.220,0.000,,,,,0.96966,,64,,,,,,226.48,,,,,,,226.48,,,,657.4,,,,,,,,,,,1508.2,,,,,,0.359,100.000,,,,,,2582.89,,2594.45,2684.53,,,228.07,98.58,,,,,,,,,,,,,0.359,0.000,64,2,2,,,,,,,,217,0,,,,,,,,,41.284,,199.86,200.25,,,,
437.844,,0,0,0,256,0,0,0,0,0,0,0,0,1,0,0,0,0,0,,,,,,,,,,,,,,,,,,,,,,6928.5,,,,,1642.1,,,,1.00144,1.00144,274.88,,,21.7920,,0.0,,0.4135,22.0000,13.5,13.5,13.5,12.0,13.5,12.0,,,,,,,,,,,,,4.186,0.300,4.158,3.132,4.187,,,,,,,,3.139,0.0,0.0,0.0,-1.5,0.0,18.859,15.984,,0.0,0.7754,39.805,33.470,33.470,39.805,1.430,0.000,,,,,0.96908,,64,,,,,,226.97,,,,,,,226.97,,,,657.4,,,,,,,,,,,1507.4,,,,,,0.359,100.000,,,,,,2583.28,,2586.02,2683.91,,,227.88,98.77,,,,,,,,,,,,,0.359,0.000,64,2,2,,,,,,,,217,0,,,,,,,,,41.049,,200.49,200.34,,,,
437.857,13.5,0,0,0,256,0,0,0,0,0,0,0,0,1,0,0,0,0,0,991.9,991.9,1000.0,10.0,0.0,0.0,0.03,1,0,0.996,0.996,0.0,0.0,2.468,0.00,1000.0,1000.0,1000.0,1046.9,1000.0,1004.36,6940.5,36.048,500.6,0.0,10.0,1640.9,0.03094,0.00,0.00,1.00144,1.00144,274.03,4,48.0,21.7540,0.3800,0.0,63.1,0.4195,22.0000,13.5,13.5,13.5,12.0,13.5,13.5,13.5,2.3,0.00,0.00009,0,0,0,1,98,98,98,98,4.180,0.300,4.158,3.132,4.180,991.9,1000.0,1000.0,991.9,1000.0,0.0,18.74,3.129,0.0,0.0,0.0,-1.5,0.0,18.484,16.047,0.0,0.0,0.7769,39.815,33.415,33.415,39.815,1.430,0.000,0.7813,0.7813,0.0000,1395.1,0.96947,0.101763,64,41.415,1046.9,0.0,1000.0,1000.0,226.22,237.12,596.6,0.99942,1535.98,400.01,0.99939,226.22,400.01,237.09,237.09,656.6,-200.0,93.1,82.47,82.477,2167.4,910.2,750.0,1110.2,353.67,0.0,1506.4,59.723,0.0,0,991.9,991.9,0.359,100.000,923.05,0,2.1826,0.828,1013.05,2582.03,90.00,2583.91,2684.22,2684.84,81.66,227.27,98.44,361.50,390.75,100.0,0,35.64,36.8,94.5,59.3,36,0,93.34,21.0,0.359,0.000,64,2,2,991.9,1046.8,991.9,991.9,1000.0,1046.8,595.2,217,0,59.662,59.813,1000.0,2000.0,61.456,99.088,100.000,59.459,41.069,12.6,200.49,200.82,199.22,199.77,0.0,0.70
437.868,,0,0,0,256,0,0,0,0,0,0,0,0,1,0,0,0,0,0,,,,,,,,,,,,,,,,,,,,,,6942.5,,,,,1640.9,,,,1.00144,1.00144,273.98,,,21.8760,,0.0,,0.4045,22.0000,13.5,13.5,13.5,12.0,13.5,13.5,,,,,,,,,,,,,4.180,0.300,4.158,3.132,4.173,,,,,,,,3.127,0.0,0.0,0.0,-1.5,0.0,18.531,15.797,,0.0,0.7803,39.795,33.420,33.420,39.795,1.430,0.000,,,,,0.96902,,64,,,,,,226.29,,,,,,,226.29,,,,656.6,,,,,,,,,,,1512.3,,,,,,0.359,100.000,,,,,,2583.67,,2590.23,2683.67,,,227.27,98.39,,,,,,,,,,,,,0.359,0.000,64,2,2,,,,,,,,217,0,,,,,,,,,41.245,,200.49,200.82,,,,
437.877,,0,0,0,256,0,0,0,0,0,0,0,0,1,0,0,0,0,0,,,,,,,,,,,,,,,,,,,,,,6928.5,,,,,1637.6,,,,1.00144,1.00144,274.50,,,21.7640,,0.0,,0.4190,22.0000,13.5,13.5,13.5,12.0,13.5,13.5,,,,,,,,,,,,,4.173,0.300,4.158,3.132,4.173,,,,,,,,3.139,0.0,0.0,0.0,-1.5,0.0,18.219,16.094,,0.0,0.7778,39.800,33.395,33.395,39.800,1.430,0.000,,,,,0.96941,,64,,,,,,226.57,,,,,,,226.57,,,,656.7,,,,,,,,,,,1500.7,,,,,,0.359,100.000,,,,,,2582.89,,2594.45,2683.83,,,226.97,98.63,,,,,,,,,,,,,0.359,0.000,64,2,2,,,,,,,,217,0,,,,,,,,,41.225,,200.97,200.73,,,,
437.888,,0,0,0,256,0,0,0,0,0,0,0,0,1,0,0,0,0,0,,,,,,,,,,,,,,,,,,,,,,6934.5,,,,,1637.6,,,,1.00144,1.00144,273.61,,,21.9040,,0.0,,0.4015,22.0000,13.5,13.5,13.5,12.0,13.5,13.5,,,,,,,,,,,,,4.146,0.300,4.158,3.132,4.157,,,,,,,,3.129,0.0,0.0,0.0,-1.5,0.0,18.281,15.781,,0.0,0.7810,39.775,33.400,33.400,39.775,1.430,0.000,,,,,0.96902,,64,,,,,,225.98,,,,,,,225.98,,,,656.7,,,,,,,,,,,1506.9,,,,,,0.359,100.000,,,,,,2582.03,,2585.00,2683.98,,,226.97,98.30,,,,,,,,,,,,,0.359,0.000,64,2,2,,,,,,,,217,0,,,,,,,,,41.229,,200.97,200.73,,,,
437.897,,0,0,0,256,0,0,0,0,0,0,0,0,1,0,0,0,0,0,,,,,,,,,,,,,,,,,,,,,,6946.5,,,,,1634.2,,,,1.00144,1.00144,274.36,,,21.8380,,0.0,,0.4100,22.0000,13.5,13.5,13.5,12.0,13.5,13.5,,,,,,,,,,,,,4.146,0.300,4.158,3.132,4.157,,,,,,,,3.132,0.0,0.0,0.0,-1.5,0.0,18.250,15.891,,0.0,0.7795,39.780,33.410,33.410,39.780,1.430,0.000,,,,,0.96941,,64,,,,,,226.43,,,,,,,226.43,,,,656.8,,,,,,,,,,,1505.2,,,,,,0.359,100.000,,,,,,2581.80,,2591.33,2683.75,,,225.82,98.53,,,,,,,,,,,,,0.359,0.000,64,2,2,,,,,,,,217,0,,,,,,,,,41.205,,201.06,200.97,,,,
437.906,,0,0,0,256,0,0,0,0,0,0,0,0,1,0,0,0,0,0,,,,,,,,,,,,,,,,,,,,,,6946.5,,,,,1634.2,,,,1.00144,1.00144,274.03,,,21.7820,,0.0,,0.4175,22.0000,13.5,13.5,13.5,12.0,13.5,12.0,,,,,,,,,,,,,4.152,0.300,4.158,3.132,4.155,,,,,,,,3.129,0.0,0.0,0.0,-1.5,0.0,18.234,15.938,,0.0,0.7781,39.790,33.385,33.385,39.790,1.430,0.000,,,,,0.96923,,64,,,,,,226.24,,,,,,,226.24,,,,656.8,,,,,,,,,,,1501.7,,,,,,0.359,100.000,,,,,,2580.00,,2583.91,2684.06,,,225.82,98.44,,,,,,,,,,,,,0.359,0.000,64,2,2,,,,,,,,217,0,,,,,,,,,41.209,,201.06,200.97,,,,
437.920,,0,0,0,256,0,0,0,0,0,0,0,0,1,0,0,0,0,0,,,,,,,,,,,,,,,,,,,,,,6950.5,,,,,1636.6,,,,1.00144,1.00144,273.84,,,21.8280,,0.0,,0.4120,22.0000,13.5,13.5,13.5,12.0,13.5,13.5,,,,,,,,,,,,,4.152,0.300,4.158,3.132,4.155,,,,,,,,3.127,0.0,0.0,0.0,-1.5,0.0,18.313,16.047,,0.0,0.7786,39.765,33.405,33.405,39.765,1.430,0.000,,,,,0.96895,,64,,,,,,226.10,,,,,,,226.10,,,,657.0,,,,,,,,,,,1513.9,,,,,,0.359,100.000,,,,,,2580.55,,2590.23,2685.00,,,226.08,98.39,,,,,,,,,,,,,0.359,0.000,64,2,2,,,,,,,,217,0,,,,,,,,,41.219,,201.06,200.82,,,,
437.930,,0,0,0,256,0,0,0,0,0,0,0,0,1,0,0,0,0,0,,,,,,,,,,,,,,,,,,,,,,6948.5,,,,,1636.6,,,,1.00144,1.00144,273.61,,,21.6780,,0.0,,0.4315,22.0000,13.5,13.5,13.5,12.0,13.5,13.5,,,,,,,,,,,,,4.161,0.300,4.164,3.127,4.164,,,,,,,,3.125,0.0,0.0,0.0,-1.5,0.0,18.203,16.344,,0.0,0.7744,39.785,33.455,33.455,39.785,1.430,0.000,,,,,0.96892,,64,,,,,,225.94,,,,,,,225.94,,,,657.0,,,,,,,,,,,1502.3,,,,,,0.359,100.000,,,,,,2578.98,,2586.02,2685.00,,,226.08,98.30,,,,,,,,,,,,,0.359,0.000,64,2,2,,,,,,,,217,0,,,,,,,,,41.194,,201.06,200.82,,,,
437.944,,0,0,0,256,0,0,0,0,0,0,0,0,1,0,0,0,0,0,,,,,,,,,,,,,,,,,,,,,,6956.5,,,,,1635.5,,,,1.00144,1.00144,273.38,,,21.8100,,0.0,,0.4150,22.0000,13.5,13.5,13.5,12.0,13.5,13.5,,,,,,,,,,,,,4.161,0.300,4.164,3.127,4.164,,,,,,,,3.122,0.0,0.0,0.0,-1.5,0.0,18.469,16.063,,0.0,0.7781,39.835,33.455,33.455,39.835,1.430,0.000,,,,,0.96816,,64,,,,,,225.94,,,,,,,225.94,,,,656.5,,,,,,,,,,,1510.3,,,,,,0.359,100.000,,,,,,2580.31,,2590.23,2684.69,,,226.99,98.20,,,,,,,,,,,,,0.359,0.000,64,2,2,,,,,,,,217,0,,,,,,,,,41.214,,201.38,201.14,,,,
437.958,13.5,0,0,0,256,0,0,0,0,0,0,0,0,1,0,0,0,0,0,991.8,991.8,1000.0,10.0,0.0,0.0,0.03,1,0,0.996,0.996,0.0,0.0,2.500,0.00,1000.0,1000.0,1000.0,1046.4,1000.0,1004.15,6946.5,36.048,500.4,0.0,10.0,1638.1,0.03094,0.00,0.00,1.00144,1.00144,272.63,4,48.0,21.6880,0.2460,0.0,62.6,0.4315,22.0000,13.5,13.5,13.5,12.0,13.5,12.0,13.5,2.3,0.00,0.00009,0,0,0,1,98,98,98,98,4.139,0.300,4.164,3.127,4.149,991.8,1000.0,1000.0,991.8,1000.0,0.0,18.74,3.116,0.0,0.0,0.0,-1.5,0.0,18.531,16.000,0.0,0.0,0.7803,39.815,33.450,33.450,39.815,1.430,0.000,0.7813,0.7813,0.0000,1389.8,0.96804,0.101777,64,41.070,1046.4,0.0,1000.0,1000.0,225.35,237.05,595.2,0.99942,1535.98,400.01,0.99939,225.35,400.01,237.02,237.02,656.5,-200.0,93.4,82.81,82.817,2169.1,914.7,750.0,1114.7,353.71,0.0,1507.9,59.694,0.0,0,991.8,991.8,0.359,100.000,923.05,0,2.1836,0.832,1013.05,2579.38,90.00,2585.00,2684.22,2684.22,81.28,226.83,97.92,361.50,390.75,100.0,0,35.64,36.8,94.5,59.3,36,0,93.34,21.0,0.359,0.000,64,2,2,991.8,1046.5,991.8,991.8,1000.0,1046.5,595.1,217,0,59.526,58.925,1000.0,2000.0,61.412,99.077,100.000,59.448,41.484,12.6,201.21,200.82,200.57,200.49,0.0,0.41
437.969,,0,0,0,256,0,0,0,0,0,0,0,0,1,0,0,0,0,0,,,,,,,,,,,,,,,,,,,,,,6971.0,,,,,1638.1,,,,1.00144,1.00144,273.70,,,22.0660,,0.0,,0.3840,22.0000,13.5,13.5,13.5,12.0,13.5,13.5,,,,,,,,,,,,,4.139,0.300,4.164,3.127,4.149,,,,,,,,3.130,0.0,0.0,0.0,-1.5,0.0,18.672,16.094,,0.0,0.7800,39.830,33.400,33.400,39.830,1.430,0.000,,,,,0.96856,,64,,,,,,226.10,,,,,,,226.10,,,,656.5,,,,,,,,,,,1507.2,,,,,,0.359,100.000,,,,,,2580.23,,2593.36,2684.14,,,226.83,98.34,,,,,,,,,,,,,0.359,0.000,64,2,2,,,,,,,,217,0,,,,,,,,,41.245,,201.21,200.82,,,,
437.978,,0,0,0,256,0,0,0,0,0,0,0,0,1,0,0,0,0,0,,,,,,,,,,,,,,,,,,,,,,6975.0,,,,,1646.0,,,,1.00144,1.00144,273.38,,,21.9140,,0.0,,0.4030,22.0000,13.5,13.5,13.5,12.0,13.5,13.5,,,,,,,,,,,,,4.133,0.300,4.164,3.127,4.154,,,,,,,,3.126,0.0,0.0,0.0,-1.5,0.0,18.813,16.141,,0.0,0.7798,39.780,33.400,33.400,39.780,1.430,0.000,,,,,0.96853,,64,,,,,,225.87,,,,,,,225.87,,,,656.6,,,,,,,,,,,1514.7,,,,,,0.359,100.000,,,,,,2579.53,,2590.23,2684.45,,,227.23,98.20,,,,,,,,,,,,,0.359,0.000,64,2,2,,,,,,,,217,0,,,,,,,,,41.260,,201.69,201.38,,,,
437.988,,0,0,0,256,0,0,0,0,0,0,0,0,1,0,0,0,0,0,,,,,,,,,,,,,,,,,,,,,,6997.5,,,,,1646.0,,,,1.00144,1.00144,273.70,,,21.8000,,0.0,,0.4180,22.0000,13.5,13.5,13.5,12.0,13.5,13.5,,,,,,,,,,,,,4.133,0.300,4.164,3.127,4.133,,,,,,,,3.130,0.0,0.0,0.0,-1.5,0.0,19.031,15.859,,0.0,0.7805,39.780,33.415,33.415,39.780,1.430,0.000,,,,,0.96850,,64,,,,,,226.08,,,,,,,226.08,,,,656.6,,,,,,,,,,,1517.0,,,,,,0.359,100.000,,,,,,2580.94,,2590.23,2683.67,,,227.23,98.34,,,,,,,,,,,,,0.359,0.000,64,2,2,,,,,,,,217,0,,,,,,,,,41.209,,201.69,201.38,,,,
437.997,,0,0,0,256,0,0,0,0,0,0,0,0,1,0,0,0,0,0,,,,,,,,,,,,,,,,,,,,,,6975.0,,,,,1650.2,,,,1.00144,1.00144,273.52,,,21.9320,,0.0,,0.4015,22.0000,13.5,13.5,13.5,12.0,13.5,13.5,,,,,,,,,,,,,4.132,0.300,4.164,3.127,4.133,,,,,,,,3.127,0.0,0.0,0.0,-1.5,0.0,18.984,16.188,,0.0,0.7778,39.795,33.375,33.375,39.795,1.650,0.000,,,,,0.96859,,64,,,,,,225.94,,,,,,,225.94,,,,656.0,,,,,,,,,,,1508.3,,,,,,0.359,100.000,,,,,,2579.69,,2581.80,2684.14,,,227.02,98.25,,,,,,,,,,,,,0.359,0.000,64,2,2,,,,,,,,217,0,,,,,,,,,41.209,,201.21,201.21,,,,
438.006,,0,0,0,256,0,0,0,0,0,0,0,0,1,0,0,0,0,0,,,,,,,,,,,,,,,,,,,,,,6991.0,,,,,1650.2,,,,1.00144,1.00144,274.13,,,21.7720,,0.0,,0.4220,22.0000,13.5,13.5,13.5,12.0,13.5,13.5,,,,,,,,,,,,,4.132,0.300,4.164,3.127,4.160,,,,,,,,3.134,0.0,0.0,0.0,-1.5,0.0,19.328,15.875,,0.0,0.7808,39.755,33.350,33.350,39.755,1.430,0.000,,,,,0.96816,,64,,,,,,226.55,,,,,,,226.55,,,,656.0,,,,,,,,,,,1520.5,,,,,,0.359,100.000,,,,,,2580.86,,2588.13,2684.14,,,227.02,98.48,,,,,,,,,,,,,0.359,0.000,64,2,2,,,,,,,,217,0,,,,,,,,,41.444,,201.21,201.21,,,,
438.020,,0,0,0,256,0,0,0,0,0,0,0,0,1,0,0,0,0,0,,,,,,,,,,,,,,,,,,,,,,6979.0,,,,,1645.2,,,,1.00144,1.00144,273.52,,,21.9520,,0.0,,0.3995,22.0000,13.5,13.5,13.5,12.0,13.5,13.5,,,,,,,,,,,,,4.152,0.300,4.164,3.127,4.160,,,,,,,,3.127,0.0,0.0,0.0,-1.5,0.0,19.281,16.203,,0.0,0.7791,39.730,33.350,33.350,39.730,1.430,0.000,,,,,0.96853,,64,,,,,,226.05,,,,,,,226.05,,,,656.2,,,,,,,,,,,1518.2,,,,,,0.359,100.000,,,,,,2580.70,,2590.23,2684.53,,,226.43,98.25,,,,,,,,,,,,,0.359,0.000,64,2,2,,,,,,,,217,0,,,,,,,,,41.185,,201.94,201.61,,,,
438.031,,0,0,0,256,0,0,0,0,0,0,0,0,1,0,0,0,0,0,,,,,,,,,,,,,,,,,,,,,,6975.0,,,,,1645.2,,,,1.00144,1.00144,274.27,,,21.9040,,0.0,,0.4060,22.0000,13.5,13.5,13.5,12.0,13.5,12.0,,,,,,,,,,,,,4.170,0.300,4.168,3.134,4.170,,,,,,,,3.136,0.0,0.0,0.0,-1.5,0.0,19.375,16.172,,0.0,0.7791,39.730,33.370,33.370,39.730,1.430,0.000,,,,,0.96825,,64,,,,,,226.59,,,,,,,226.59,,,,656.2,,,,,,,,,,,1517.3,,,,,,0.359,100.000,,,,,,2581.56,,2587.11,2684.61,,,226.43,98.53,,,,,,,,,,,,,0.359,0.000,64,2,2,,,,,,,,217,0,,,,,,,,,41.159,,201.94,201.61,,,,
438.044,,0,0,0,256,0,0,0,0,0,0,0,0,1,0,0,0,0,0,,,,,,,,,,,,,,,,,,,,,,6987.0,,,,,1643.9,,,,1.00144,1.00144,273.66,,,21.8100,,0.0,,0.4180,22.0000,13.5,13.5,13.5,12.0,13.5,13.5,,,,,,,,,,,,,4.170,0.300,4.168,3.134,4.170,,,,,,,,3.129,0.0,0.0,0.0,-1.5,0.0,19.531,16.219,,0.0,0.7791,39.750,33.375,33.375,39.750,1.430,0.000,,,,,0.96816,,64,,,,,,226.20,,,,,,,226.20,,,,655.9,,,,,,,,,,,1519.8,,,,,,0.359,100.000,,,,,,2582.27,,2590.23,2685.16,,,226.64,98.30,,,,,,,,,,,,,0.359,0.000,64,2,2,,,,,,,,217,0,,,,,,,,,41.159,,201.54,201.61,,,,
438.057,12.0,0,0,0,256,0,0,0,0,0,0,0,0,1,0,0,0,0,0,991.6,991.6,1000.0,10.0,0.0,0.0,0.03,1,0,0.996,0.996,0.0,0.0,2.468,0.00,1000.0,1000.0,1000.0,1045.9,1000.0,1006.05,6997.5,36.048,500.1,0.0,10.0,1646.7,0.03098,0.00,0.00,1.00144,1.00144,273.42,4,48.0,21.7920,0.3120,0.0,62.6,0.4210,22.0000,13.5,13.5,13.5,12.0,13.5,13.5,12.0,2.3,0.00,0.00009,0,0,0,1,98,98,98,98,4.147,0.300,4.168,3.134,4.150,991.6,1000.0,1000.0,991.6,1000.0,0.0,18.74,3.127,0.0,0.0,0.0,-1.5,0.0,19.938,15.953,0.0,0.0,0.7769,39.780,33.335,33.335,39.780,1.430,0.000,0.7813,0.7813,0.0000,1384.1,0.96758,0.101768,64,41.485,1045.9,0.0,1000.0,1000.0,226.13,237.00,594.2,0.99942,1535.98,400.01,0.99939,226.13,400.01,236.98,236.98,655.4,-200.0,93.5,83.07,83.075,2162.2,918.1,750.0,1118.1,354.41,0.0,1520.0,59.604,0.0,0,991.6,991.6,0.359,100.000,923.05,0,2.1832,0.836,1013.05,2582.03,90.00,2588.13,2684.06,2684.22,80.95,226.88,98.25,361.50,390.75,100.0,0,35.76,36.8,94.5,58.5,36,0,93.34,21.0,0.359,0.000,64,2,2,991.6,1045.9,991.6,991.6,1000.0,1045.9,593.0,217,0,59.425,59.576,1000.0,2000.0,61.412,99.057,100.000,59.238,41.405,12.6,201.94,201.86,201.02,200.89,0.0,0.26
438.067,,0,0,0,256,0,0,0,0,0,0,0,0,1,0,0,0,0,0,,,,,,,,,,,,,,,,,,,,,,6977.0,,,,,1646.7,,,,1.00144,1.00144,273.66,,,21.7720,,0.0,,0.4240,22.0000,13.5,13.5,13.5,12.0,13.5,13.5,,,,,,,,,,,,,4.149,0.300,4.168,3.134,4.150,,,,,,,,3.129,0.0,0.0,0.0,-1.5,0.0,19.859,16.281,,0.0,0.7717,39.715,33.325,33.325,39.715,1.650,0.000,,,,,0.96746,,64,,,,,,226.31,,,,,,,226.31,,,,655.4,,,,,,,,,,,1506.9,,,,,,0.359,100.000,,,,,,2580.00,,2587.11,2684.84,,,226.88,98.30,,,,,,,,,,,,,0.359,0.000,64,2,2,,,,,,,,217,0,,,,,,,,,41.209,,201.94,201.86,,,,
438.078,,0,0,0,256,0,0,0,0,0,0,0,0,1,0,0,0,0,0,,,,,,,,,,,,,,,,,,,,,,6991.0,,,,,1651.4,,,,1.00144,1.00144,272.72,,,21.9900,,0.0,,0.3965,22.0000,13.5,13.5,13.5,12.0,13.5,13.5,,,,,,,,,,,,,4.146,0.300,4.168,3.134,4.157,,,,,,,,3.124,0.0,0.0,0.0,-1.5,0.0,20.141,15.984,,0.0,0.7766,39.705,33.365,33.365,39.705,1.430,0.000,,,,,0.96648,,64,,,,,,225.70,,,,,,,225.70,,,,655.2,,,,,,,,,,,1516.8,,,,,,0.359,100.000,,,,,,2578.52,,2586.02,2684.92,,,226.92,98.02,,,,,,,,,,,,,0.359,0.000,64,2,2,,,,,,,,217,0,,,,,,,,,41.364,,201.86,202.35,,,,
438.088,,0,0,0,256,0,0,0,0,0,0,0,0,1,0,0,0,0,0,,,,,,,,,,,,,,,,,,,,,,7001.5,,,,,1651.4,,,,1.00144,1.00144,273.38,,,21.9320,,0.0,,0.4040,22.0000,13.5,13.5,13.5,12.0,13.5,13.5,,,,,,,,,,,,,4.146,0.300,4.168,3.134,4.157,,,,,,,,3.130,0.0,0.0,0.0,-1.5,0.0,20.250,16.109,,0.0,0.7751,39.745,33.365,33.365,39.745,1.430,0.000,,,,,0.96688,,64,,,,,,226.15,,,,,,,226.15,,,,655.2,,,,,,,,,,,1512.4,,,,,,0.359,100.000,,,,,,2578.75,,2591.33,2684.38,,,226.92,98.20,,,,,,,,,,,,,0.359,0.000,64,2,2,,,,,,,,217,0,,,,,,,,,41.135,,201.86,202.35,,,,
438.098,,0,0,0,256,0,0,0,0,0,0,0,0,1,0,0,0,0,0,,,,,,,,,,,,,,,,,,,,,,6991.0,,,,,1651.0,,,,1.00144,1.00144,272.72,,,21.9240,,0.0,,0.4050,22.0000,13.5,13.5,13.5,12.0,13.5,12.0,,,,,,,,,,,,,4.140,0.300,4.168,3.134,4.155,,,,,,,,3.123,0.0,0.0,0.0,-1.5,0.0,20.281,16.125,,0.0,0.7759,39.745,33.340,33.340,39.745,1.650,0.000,,,,,0.96651,,64,,,,,,225.73,,,,,,,225.73,,,,655.8,,,,,,,,,,,1515.5,,,,,,0.359,100.000,,,,,,2577.03,,2577.58,2684.84,,,227.11,98.02,,,,,,,,,,,,,0.359,0.000,64,2,2,,,,,,,,217,0,,,,,,,,,41.174,,202.11,202.18,,,,
438.107,,0,0,0,256,0,0,0,0,0,0,0,0,1,0,0,0,0,0,,,,,,,,,,,,,,,,,,,,,,7007.5,,,,,1651.0,,,,1.00144,1.00144,272.86,,,21.9520,,0.0,,0.4020,22.0000,13.5,13.5,13.5,12.0,13.5,13.5,,,,,,,,,,,,,4.140,0.300,4.168,3.134,4.155,,,,,,,,3.123,0.0,0.0,0.0,-1.5,0.0,20.359,16.219,,0.0,0.7778,39.720,33.345,33.345,39.720,1.430,0.000,,,,,0.96648,,64,,,,,,225.87,,,,,,,225.87,,,,655.8,,,,,,,,,,,1522.1,,,,,,0.359,100.000,,,,,,2578.52,,2589.22,2684.38,,,227.11,98.02,,,,,,,,,,,,,0.359,0.000,64,2,2,,,,,,,,217,0,,,,,,,,,41.394,,202.11,202.18,,,,
438.119,,0,0,0,256,0,0,0,0,0,0,0,0,1,0,0,0,0,0,,,,,,,,,,,,,,,,,,,,,,7009.5,,,,,1653.6,,,,1.00144,1.00144,272.77,,,21.7540,,0.0,,0.4270,22.0000,13.5,13.5,13.5,12.0,13.5,13.5,,,,,,,,,,,,,4.136,0.300,4.168,3.134,4.136,,,,,,,,3.119,0.0,0.0,0.0,-1.5,0.0,20.203,16.531,,0.0,0.7756,39.725,33.320,33.320,39.725,1.430,0.000,,,,,0.96661,,64,,,,,,225.75,,,,,,,225.75,,,,655.8,,,,,,,,,,,1513.1,,,,,,0.359,100.000,,,,,,2576.64,,2585.00,2684.38,,,226.83,98.02,,,,,,,,,,,,,0.359,0.000,64,2,2,,,,,,,,217,0,,,,,,,,,41.150,,202.35,202.68,,,,
438.130,,0,0,0,256,0,0,0,0,0,0,0,0,1,0,0,0,0,0,,,,,,,,,,,,,,,,,,,,,,7022.0,,,,,1653.6,,,,1.00144,1.00144,272.77,,,21.8200,,0.0,,0.4190,22.0000,13.5,13.5,13.5,12.0,13.5,13.5,,,,,,,,,,,,,4.136,0.300,4.136,3.117,4.125,,,,,,,,3.119,0.0,0.0,0.0,-1.5,0.0,20.359,16.203,,0.0,0.7783,39.700,33.320,33.320,39.700,1.430,0.000,,,,,0.96615,,64,,,,,,225.82,,,,,,,225.82,,,,655.8,,,,,,,,,,,1524.3,,,,,,0.359,100.000,,,,,,2578.59,,2589.22,2684.14,,,226.83,98.02,,,,,,,,,,,,,0.359,0.000,64,2,2,,,,,,,,217,0,,,,,,,,,41.155,,202.35,202.68,,,,
438.143,,0,0,0,256,0,0,0,0,0,0,0,0,1,0,0,0,0,0,,,,,,,,,,,,,,,,,,,,,,7018.0,,,,,1649.5,,,,1.00144,1.00144,272.30,,,21.8760,,0.0,,0.4125,22.0000,13.5,13.5,13.5,12.0,13.5,13.5,,,,,,,,,,,,,4.118,0.300,4.136,3.117,4.125,,,,,,,,3.113,0.0,0.0,0.0,-1.5,0.0,20.125,16.500,,0.0,0.7749,39.700,33.305,33.305,39.700,1.430,0.000,,,,,0.96636,,64,,,,,,225.42,,,,,,,225.42,,,,655.4,,,,,,,,,,,1521.0,,,,,,0.359,100.000,,,,,,2579.06,,2587.11,2683.36,,,226.27,97.83,,,,,,,,,,,,,0.359,0.000,64,2,2,,,,,,,,217,0,,,,,,,,,41.129,,202.59,202.29,,,,
438.157,13.5,0,0,0,256,0,0,0,0,0,0,0,0,1,0,0,0,0,0,992.5,992.5,1000.0,10.0,0.0,0.0,0.06,1,0,0.996,0.996,0.0,0.0,2.406,-0.01,1000.0,1000.0,1000.0,1046.1,1000.0,1006.96,7013.5,36.048,502.0,0.0,10.0,1646.2,0.03098,0.00,0.00,1.00144,1.00144,272.02,4,48.0,22.0380,0.2080,0.0,62.4,0.3920,22.0000,13.5,13.5,13.5,12.0,13.5,13.5,13.5,2.3,0.00,0.00009,0,0,0,1,98,98,98,98,4.136,0.300,4.136,3.117,4.140,992.5,1000.0,1000.0,992.5,1000.0,0.0,18.74,3.110,0.0,0.0,0.0,-1.5,0.0,19.844,16.484,0.0,0.0,0.7764,39.645,33.250,33.250,39.645,1.430,0.000,0.7813,0.7813,0.0000,1398.0,0.96581,0.101745,64,41.405,1046.1,0.0,1000.0,1000.0,225.28,236.98,594.9,0.99942,1535.98,400.01,0.99939,225.28,400.01,236.95,236.95,655.0,-200.0,94.6,83.54,83.547,2177.5,924.3,750.0,1124.3,354.80,0.0,1518.3,59.630,0.0,0,992.5,992.5,0.359,100.000,923.05,0,2.1832,0.840,1013.05,2576.88,90.00,2587.11,2684.38,2684.06,81.23,225.33,97.73,361.50,390.75,100.0,0,35.94,36.8,94.5,58.5,36,0,93.34,21.0,0.359,0.000,64,2,2,992.5,1046.1,992.5,992.5,1000.0,1046.1,595.0,217,0,59.497,59.647,1000.0,2000.0,61.415,99.147,100.000,59.438,41.335,12.6,203.00,203.00,202.26,202.43,0.0,0.89
438.168,,0,0,0,256,0,0,0,0,0,0,0,0,1,0,0,0,0,0,,,,,,,,,,,,,,,,,,,,,,7005.5,,,,,1646.2,,,,1.00144,1.00144,271.78,,,21.9620,,0.0,,0.4020,22.0000,13.5,13.5,13.5,12.0,13.5,13.5,,,,,,,,,,,,,4.136,0.300,4.136,3.117,4.137,,,,,,,,3.109,0.0,0.0,0.0,-1.5,0.0,19.641,16.406,,0.0,0.7764,39.630,33.300,33.300,39.630,1.650,0.000,,,,,0.96554,,64,,,,,,225.16,,,,,,,225.16,,,,655.0,,,,,,,,,,,1506.8,,,,,,0.359,100.000,,,,,,2574.30,,2583.91,2685.00,,,225.33,97.69,,,,,,,,,,,,,0.359,0.000,64,2,2,,,,,,,,217,0,,,,,,,,,41.074,,203.00,203.00,,,,
438.177,,0,0,0,256,0,0,0,0,0,0,0,0,1,0,0,0,0,0,,,,,,,,,,,,,,,,,,,,,,7026.0,,,,,1641.5,,,,1.00144,1.00144,271.73,,,21.8860,,0.0,,0.4115,22.0000,13.5,13.5,13.5,12.0,13.5,13.5,,,,,,,,,,,,,4.136,0.300,4.136,3.117,4.110,,,,,,,,3.111,0.0,0.0,0.0,-1.5,0.0,19.625,16.063,,0.0,0.7791,39.680,33.330,33.330,39.680,1.430,0.000,,,,,0.96536,,64,,,,,,225.21,,,,,,,225.21,,,,655.1,,,,,,,,,,,1516.0,,,,,,0.359,100.000,,,,,,2574.69,,2582.89,2685.78,,,226.50,97.64,,,,,,,,,,,,,0.359,0.000,64,2,2,,,,,,,,217,0,,,,,,,,,41.280,,202.92,203.34,,,,
438.187,,0,0,0,256,0,0,0,0,0,0,0,0,1,0,0,0,0,0,,,,,,,,,,,,,,,,,,,,,,7015.5,,,,,1641.5,,,,1.00144,1.00144,272.39,,,21.9620,,0.0,,0.4020,22.0000,13.5,13.5,13.5,12.0,13.5,13.5,,,,,,,,,,,,,4.110,0.300,4.136,3.117,4.110,,,,,,,,3.120,0.0,0.0,0.0,-1.5,0.0,19.281,16.359,,0.0,0.7756,39.710,33.375,33.375,39.710,1.650,0.000,,,,,0.96560,,64,,,,,,225.63,,,,,,,225.63,,,,655.1,,,,,,,,,,,1509.7,,,,,,0.359,100.000,,,,,,2573.67,,2582.89,2684.92,,,226.50,97.88,,,,,,,,,,,,,0.359,0.000,64,2,2,,,,,,,,217,0,,,,,,,,,41.109,,202.92,203.34,,,,
438.197,,0,0,0,256,0,0,0,0,0,0,0,0,1,0,0,0,0,0,,,,,,,,,,,,,,,,,,,,,,7026.0,,,,,1653.9,,,,1.00144,1.00144,271.50,,,21.9320,,0.0,,0.4060,22.0000,13.5,13.5,13.5,12.0,13.5,13.5,,,,,,,,,,,,,4.107,0.300,4.136,3.117,4.118,,,,,,,,3.104,0.0,0.0,0.0,-1.5,0.0,19.359,16.063,,0.0,0.7781,39.755,33.325,33.325,39.755,1.650,0.000,,,,,0.96502,,64,,,,,,225.09,,,,,,,225.09,,,,654.9,,,,,,,,,,,1523.4,,,,,,0.359,100.000,,,,,,2573.05,,2579.69,2685.70,,,226.73,97.55,,,,,,,,,,,,,0.359,0.000,64,2,2,,,,,,,,217,0,,,,,,,,,41.359,,203.40,203.25,,,,
438.208,,0,0,0,256,0,0,0,0,0,0,0,0,1,0,0,0,0,0,,,,,,,,,,,,,,,,,,,,,,7036.5,,,,,1653.9,,,,1.00144,1.00144,272.20,,,21.8660,,0.0,,0.4145,22.0000,13.5,13.5,13.5,12.0,14.3,13.5,,,,,,,,,,,,,4.107,0.300,4.136,3.117,4.118,,,,,,,,3.113,0.0,0.0,0.0,-1.5,0.0,19.250,16.172,,0.0,0.7766,39.705,33.370,33.370,39.705,1.650,0.000,,,,,0.96520,,64,,,,,,225.56,,,,,,,225.56,,,,654.9,,,,,,,,,,,1518.4,,,,,,0.359,100.000,,,,,,2573.05,,2582.89,2684.22,,,226.73,97.83,,,,,,,,,,,,,0.359,0.000,64,2,2,,,,,,,,217,0,,,,,,,,,41.405,,203.40,203.25,,,,
438.220,,0,0,0,256,0,0,0,0,0,0,0,0,1,0,0,0,0,0,,,,,,,,,,,,,,,,,,,,,,7036.5,,,,,1656.6,,,,1.00144,1.00144,271.55,,,22.0460,,0.0,,0.3920,22.0000,13.5,13.5,13.5,12.0,13.5,13.5,,,,,,,,,,,,,4.120,0.300,4.136,3.117,4.115,,,,,,,,3.106,0.0,0.0,0.0,-1.5,0.0,19.125,16.109,,0.0,0.7781,39.750,33.290,33.290,39.750,1.650,0.000,,,,,0.96487,,64,,,,,,225.16,,,,,,,225.16,,,,655.1,,,,,,,,,,,1518.3,,,,,,0.359,100.000,,,,,,2570.94,,2579.69,2684.14,,,226.50,97.59,,,,,,,,,,,,,0.359,0.000,64,2,2,,,,,,,,217,0,,,,,,,,,41.354,,203.26,203.58,,,,
438.231,,0,0,0,256,0,0,0,0,0,0,0,0,1,0,0,0,0,0,,,,,,,,,,,,,,,,,,,,,,7048.5,,,,,1656.6,,,,1.00144,1.00144,271.64,,,21.9240,,0.0,,0.4075,22.0000,13.5,13.5,13.5,12.0,13.5,13.5,,,,,,,,,,,,,4.120,0.300,4.115,3.106,4.117,,,,,,,,3.106,0.0,0.0,0.0,-1.5,0.0,19.156,15.813,,0.0,0.7793,39.670,33.285,33.285,39.670,1.650,0.000,,,,,0.96496,,64,,,,,,225.21,,,,,,,225.21,,,,655.1,,,,,,,,,,,1521.9,,,,,,0.359,100.000,,,,,,2570.47,,2578.67,2684.14,,,226.50,97.59,,,,,,,,,,,,,0.359,0.000,64,2,2,,,,,,,,217,0,,,,,,,,,41.399,,203.26,203.58,,,,
438.244,,0,0,0,256,0,0,0,0,0,0,0,0,1,0,0,0,0,0,,,,,,,,,,,,,,,,,,,,,,7032.0,,,,,1651.3,,,,1.00144,1.00144,271.92,,,22.1320,,0.0,,0.3815,22.0000,14.3,13.5,13.5,12.0,14.3,14.3,,,,,,,,,,,,,4.116,0.300,4.115,3.106,4.117,,,,,,,,3.110,0.0,0.0,0.0,-1.5,0.0,18.844,16.156,,0.0,0.7756,39.665,33.285,33.285,39.665,2.095,0.000,,,,,0.96505,,64,,,,,,225.42,,,,,,,225.42,,,,655.3,,,,,,,,,,,1509.9,,,,,,0.359,100.000,,,,,,2568.20,,2577.58,2683.91,,,225.52,97.69,,,,,,,,,,,,,0.359,0.000,64,2,2,,,,,,,,217,0,,,,,,,,,41.319,,203.25,203.25,,,,
438.257,13.5,0,0,0,256,0,0,0,0,0,0,0,0,1,0,0,0,0,0,992.1,992.1,1000.0,10.0,0.0,0.0,0.03,1,0,0.996,0.996,0.0,0.0,2.437,0.00,1000.0,1000.0,1000.0,1045.6,1000.0,1009.35,7038.5,36.048,503.1,0.0,10.0,1650.9,0.03098,0.00,0.00,1.00144,1.00144,271.22,4,48.0,21.8100,-0.0380,0.0,61.7,0.4215,22.0000,14.3,14.3,13.5,12.8,14.3,14.3,13.5,2.3,0.00,0.00000,0,0,0,1,98,98,98,98,4.108,0.300,4.115,3.106,4.120,992.1,1000.0,1000.0,992.1,1000.0,0.0,18.74,3.097,0.0,0.0,0.0,-1.5,0.0,18.688,16.219,0.0,0.0,0.7808,39.655,33.230,33.230,39.655,1.650,0.000,0.7813,0.7813,0.0000,1394.2,0.96502,0.101758,64,41.335,1045.6,0.0,1000.0,1000.0,224.88,237.05,589.4,0.99942,1535.98,400.01,0.99939,224.88,400.01,237.02,237.02,655.6,-200.0,95.0,83.87,83.873,2182.1,928.6,750.0,1128.6,354.57,0.0,1523.2,59.250,0.0,0,992.1,992.1,0.359,100.000,923.09,0,2.1832,0.844,1013.09,2567.89,90.00,2577.58,2684.30,2684.38,80.95,225.59,97.45,361.50,390.75,100.0,0,36.04,36.8,94.5,58.5,36,0,94.75,21.0,0.359,0.000,64,2,2,992.1,1045.6,992.1,992.1,1000.0,1045.6,590.3,217,0,58.949,59.111,1000.0,2000.0,61.295,99.107,100.000,58.969,41.315,12.6,204.03,203.73,202.68,202.43,0.0,0.89
438.268,,0,0,0,256,0,0,0,0,0,0,0,0,1,0,0,0,0,0,,,,,,,,,,,,,,,,,,,,,,7048.5,,,,,1650.9,,,,1.00144,1.00144,271.83,,,21.7820,,0.0,,0.4255,22.0000,14.3,13.5,13.5,12.0,13.5,12.0,,,,,,,,,,,,,4.106,0.300,4.115,3.106,4.106,,,,,,,,3.103,0.0,0.0,0.0,-1.5,0.0,18.656,16.203,,0.0,0.7820,39.610,33.295,33.295,39.610,2.095,0.000,,,,,0.96505,,64,,,,,,225.38,,,,,,,225.38,,,,655.6,,,,,,,,,,,1524.1,,,,,,0.359,100.000,,,,,,2568.28,,2571.25,2685.08,,,225.59,97.64,,,,,,,,,,,,,0.359,0.000,64,2,2,,,,,,,,217,0,,,,,,,,,41.304,,204.03,203.73,,,,
438.277,,0,0,0,256,0,0,0,0,0,0,0,0,1,0,0,0,0,0,,,,,,,,,,,,,,,,,,,,,,7057.0,,,,,1651.7,,,,1.00144,1.00144,271.27,,,21.9140,,0.0,,0.4090,22.0000,14.3,14.3,14.3,12.0,14.3,14.3,,,,,,,,,,,,,4.106,0.300,4.115,3.106,4.106,,,,,,,,3.097,0.0,0.0,0.0,-1.5,0.0,18.641,16.297,,0.0,0.7803,39.675,33.335,33.335,39.675,1.650,0.000,,,,,0.96526,,64,,,,,,224.84,,,,,,,224.84,,,,655.0,,,,,,,,,,,1523.3,,,,,,0.359,100.000,,,,,,2568.36,,2577.58,2685.16,,,225.23,97.45,,,,,,,,,,,,,0.359,0.000,64,2,2,,,,,,,,217,0,,,,,,,,,41.704,,203.82,203.49,,,,
438.288,,0,0,0,256,0,0,0,0,0,0,0,0,1,0,0,0,0,0,,,,,,,,,,,,,,,,,,,,,,7044.5,,,,,1651.7,,,,1.00144,1.00144,270.98,,,21.9140,,0.0,,0.4095,22.0000,14.3,14.3,14.3,12.8,14.3,14.3,,,,,,,,,,,,,4.124,0.300,4.115,3.106,4.124,,,,,,,,3.096,0.0,0.0,0.0,-1.5,0.0,18.422,16.547,,0.0,0.7783,39.715,33.340,33.340,39.715,2.095,0.000,,,,,0.96505,,64,,,,,,224.65,,,,,,,224.65,,,,655.0,,,,,,,,,,,1512.6,,,,,,0.359,100.000,,,,,,2566.64,,2571.25,2685.08,,,225.23,97.41,,,,,,,,,,,,,0.359,0.000,64,2,2,,,,,,,,217,0,,,,,,,,,41.324,,203.82,203.49,,,,
438.298,,0,0,0,256,0,0,0,0,0,0,0,0,1,0,0,0,0,0,,,,,,,,,,,,,,,,,,,,,,7065.5,,,,,1649.5,,,,1.00144,1.00144,270.75,,,22.0560,,0.0,,0.3915,22.0000,14.3,14.3,14.3,12.8,14.3,14.3,,,,,,,,,,,,,4.124,0.300,4.115,3.106,4.104,,,,,,,,3.096,0.0,0.0,0.0,-1.5,0.0,18.594,16.203,,0.0,0.7805,39.720,33.335,33.335,39.720,1.650,0.000,,,,,0.96471,,64,,,,,,224.53,,,,,,,224.53,,,,655.1,,,,,,,,,,,1523.0,,,,,,0.359,100.000,,,,,,2567.66,,2577.58,2684.92,,,225.52,97.27,,,,,,,,,,,,,0.359,0.000,64,2,2,,,,,,,,217,0,,,,,,,,,41.809,,204.32,203.88,,,,
438.306,,0,0,0,256,0,0,0,0,0,0,0,0,1,0,0,0,0,0,,,,,,,,,,,,,,,,,,,,,,7061.0,,,,,1649.5,,,,1.00144,1.00144,270.19,,,21.9900,,0.0,,0.3995,22.0000,14.3,14.3,14.3,12.8,14.3,14.3,,,,,,,,,,,,,4.096,0.300,4.115,3.106,4.104,,,,,,,,3.090,0.0,0.0,0.0,-1.5,0.0,18.484,16.531,,0.0,0.7781,39.715,33.325,33.325,39.715,1.650,0.000,,,,,0.96499,,64,,,,,,224.06,,,,,,,224.06,,,,655.1,,,,,,,,,,,1518.9,,,,,,0.359,100.000,,,,,,2566.88,,2578.67,2684.22,,,225.52,97.08,,,,,,,,,,,,,0.359,0.000,64,2,2,,,,,,,,217,0,,,,,,,,,41.370,,204.32,203.88,,,,
438.321,,0,0,0,256,0,0,0,0,0,0,0,0,1,0,0,0,0,0,,,,,,,,,,,,,,,,,,,,,,7067.5,,,,,1657.4,,,,1.00144,1.00144,270.70,,,21.8580,,0.0,,0.4165,22.0000,14.3,14.3,14.3,12.8,14.3,12.8,,,,,,,,,,,,,4.095,0.300,4.115,3.106,4.099,,,,,,,,3.096,0.0,0.0,0.0,-1.5,0.0,18.578,16.531,,0.0,0.7810,39.705,33.290,33.290,39.705,2.095,0.000,,,,,0.96462,,64,,,,,,224.48,,,,,,,224.48,,,,655.6,,,,,,,,,,,1522.7,,,,,,0.359,100.000,,,,,,2567.34,,2571.25,2684.06,,,225.52,97.27,,,,,,,,,,,,,0.359,0.000,64,2,2,,,,,,,,217,0,,,,,,,,,41.364,,203.82,203.74,,,,
438.330,,0,0,0,256,0,0,0,0,0,0,0,0,1,0,0,0,0,0,,,,,,,,,,,,,,,,,,,,,,7069.5,,,,,1657.4,,,,1.00144,1.00144,270.38,,,21.9320,,0.0,,0.4075,22.0000,14.3,14.3,14.3,12.8,14.3,14.3,,,,,,,,,,,,,4.095,0.300,4.095,3.090,4.099,,,,,,,,3.093,0.0,0.0,0.0,-1.5,0.0,18.703,16.625,,0.0,0.7800,39.670,33.280,33.280,39.670,1.650,0.000,,,,,0.96499,,64,,,,,,224.23,,,,,,,224.23,,,,655.6,,,,,,,,,,,1523.9,,,,,,0.359,100.000,,,,,,2568.36,,2576.56,2684.06,,,225.52,97.17,,,,,,,,,,,,,0.359,0.000,64,2,2,,,,,,,,217,0,,,,,,,,,41.800,,203.82,203.74,,,,
438.341,,0,0,0,256,0,0,0,0,0,0,0,0,1,0,0,0,0,0,,,,,,,,,,,,,,,,,,,,,,7059.0,,,,,1655.3,,,,1.00144,1.00144,270.19,,,22.0460,,0.0,,0.3930,22.0000,14.3,14.3,14.3,12.8,14.3,14.3,,,,,,,,,,,,,4.097,0.300,4.095,3.090,4.092,,,,,,,,3.086,0.0,0.0,0.0,-1.5,0.0,18.750,16.594,,0.0,0.7813,39.660,33.280,33.280,39.660,2.095,0.000,,,,,0.96487,,64,,,,,,224.04,,,,,,,224.04,,,,655.2,,,,,,,,,,,1518.9,,,,,,0.359,100.000,,,,,,2566.95,,2571.25,2684.06,,,224.91,97.08,,,,,,,,,,,,,0.359,0.000,64,2,2,,,,,,,,217,0,,,,,,,,,41.319,,204.57,204.33,,,,
438.352,14.3,0,0,0,256,0,0,0,0,0,0,0,0,1,0,0,0,0,0,992.1,992.1,1000.0,10.0,0.0,0.0,0.03,1,0,0.996,0.996,0.0,0.0,2.375,0.00,1000.0,1000.0,1000.0,1045.3,1000.0,1012.35,7073.5,36.048,501.2,0.0,10.0,1655.3,0.03094,0.00,0.00,1.00144,1.00144,270.38,4,48.0,21.9800,0.1900,0.0,62.1,0.4015,22.0000,14.3,14.3,14.3,12.8,14.3,14.3,14.3,2.3,0.00,0.01888,0,0,0,1,98,98,98,98,4.097,0.300,4.095,3.090,4.097,992.1,1000.0,1000.0,992.1,1000.0,0.0,18.74,3.089,0.0,0.0,0.0,-1.5,0.0,18.953,16.234,0.0,0.0,0.7813,39.660,33.280,33.280,39.660,2.095,0.000,0.7813,0.7813,0.0000,1394.9,0.96502,0.101763,64,41.315,1045.3,0.0,1000.0,1000.0,224.13,237.09,590.4,0.99942,1535.98,400.01,0.99939,224.13,400.01,237.07,237.07,655.2,-200.0,94.4,83.97,83.972,2185.0,929.9,750.0,1129.9,354.34,0.0,1521.5,59.177,0.0,0,992.1,992.1,0.359,100.000,923.09,0,2.1816,0.848,1013.09,2567.34,90.00,2571.25,2683.44,2684.30,80.77,224.91,97.17,361.50,390.75,100.0,0,36.15,36.8,94.5,58.5,36,0,94.75,21.0,0.359,0.000,64,2,2,992.1,1045.3,992.1,992.1,1000.0,1045.3,590.6,217,0,59.049,59.421,1000.0,2000.0,61.180,99.107,100.000,58.998,41.754,12.6,204.57,204.33,203.81,203.58,0.0,0.37
438.358,,0,0,0,256,0,0,0,0,0,0,0,0,1,0,0,0,0,0,,,,,,,,,,,,,,,,,,,,,,7063.0,,,,,1652.9,,,,1.00144,1.00144,270.23,,,22.1600,,0.0,,0.3790,22.0000,14.3,14.3,14.3,12.8,14.3,14.3,,,,,,,,,,,,,4.097,0.300,4.095,3.090,4.097,,,,,,,,3.090,0.0,0.0,0.0,-1.5,0.0,18.813,16.500,,0.0,0.7783,39.660,33.250,33.250,39.660,2.095,0.000,,,,,0.96502,,64,,,,,,224.06,,,,,,,224.06,,,,655.4,,,,,,,,,,,1519.3,,,,,,0.359,100.000,,,,,,2566.48,,2572.34,2684.38,,,224.30,97.08,,,,,,,,,,,,,0.359,0.000,64,2,2,,,,,,,,217,0,,,,,,,,,41.754,,204.11,204.32,,,,
438.369,,0,0,0,256,0,0,0,0,0,0,0,0,1,0,0,0,0,0,,,,,,,,,,,,,,,,,,,,,,7055.0,,,,,1652.9,,,,1.00144,1.00144,270.28,,,22.0080,,0.0,,0.3975,22.0000,14.3,14.3,14.3,12.8,14.3,12.8,,,,,,,,,,,,,4.089,0.300,4.095,3.090,4.099,,,,,,,,3.091,0.0,0.0,0.0,-1.5,0.0,18.906,16.453,,0.0,0.7751,39.630,33.300,33.300,39.630,2.095,0.000,,,,,0.96456,,64,,,,,,224.18,,,,,,,224.18,,,,655.4,,,,,,,,,,,1514.9,,,,,,0.359,100.000,,,,,,2566.02,,2569.14,2684.38,,,224.30,97.13,,,,,,,,,,,,,0.359,0.000,64,2,2,,,,,,,,217,0,,,,,,,,,41.754,,204.11,204.32,,,,
438.378,,0,0,0,256,0,0,0,0,0,0,0,0,1,0,0,0,0,0,,,,,,,,,,,,,,,,,,,,,,7063.0,,,,,1647.9,,,,1.00144,1.00144,270.14,,,22.0000,,0.0,,0.3985,22.0000,14.3,14.3,14.3,12.8,14.3,14.3,,,,,,,,,,,,,4.089,0.300,4.095,3.090,4.099,,,,,,,,3.086,0.0,0.0,0.0,-1.5,0.0,19.031,16.469,,0.0,0.7751,39.680,33.300,33.300,39.680,1.650,0.000,,,,,0.96407,,64,,,,,,224.23,,,,,,,224.23,,,,655.7,,,,,,,,,,,1516.4,,,,,,0.359,100.000,,,,,,2565.55,,2576.56,2684.45,,,224.53,97.08,,,,,,,,,,,,,0.359,0.000,64,2,2,,,,,,,,217,0,,,,,,,,,41.724,,204.40,204.33,,,,
438.388,,0,0,0,256,0,0,0,0,0,0,0,0,1,0,0,0,0,0,,,,,,,,,,,,,,,,,,,,,,7071.5,,,,,1647.9,,,,1.00144,1.00144,269.81,,,22.1500,,0.0,,0.3795,22.0000,14.3,14.3,14.3,12.8,14.3,12.8,,,,,,,,,,,,,4.084,0.300,4.095,3.090,4.086,,,,,,,,3.081,0.0,0.0,0.0,-1.5,0.0,19.156,16.469,,0.0,0.7761,39.680,33.300,33.300,39.680,2.095,0.000,,,,,0.96383,,64,,,,,,223.97,,,,,,,223.97,,,,655.7,,,,,,,,,,,1512.5,,,,,,0.359,100.000,,,,,,2562.50,,2572.34,2684.38,,,224.53,96.94,,,,,,,,,,,,,0.359,0.000,64,2,2,,,,,,,,217,0,,,,,,,,,41.330,,204.40,204.33,,,,
438.398,,0,0,0,256,0,0,0,0,0,0,0,0,1,0,0,0,0,0,,,,,,,,,,,,,,,,,,,,,,7098.5,,,,,1652.0,,,,1.00144,1.00144,269.86,,,22.0660,,0.0,,0.3900,22.0000,14.3,14.3,14.3,12.8,14.3,14.3,,,,,,,,,,,,,4.084,0.300,4.095,3.090,4.069,,,,,,,,3.081,0.0,0.0,0.0,-1.5,0.0,19.359,16.141,,0.0,0.7744,39.680,33.300,33.300,39.680,2.095,0.000,,,,,0.96383,,64,,,,,,224.06,,,,,,,224.06,,,,656.0,,,,,,,,,,,1524.6,,,,,,0.359,100.000,,,,,,2563.20,,2571.25,2684.38,,,225.23,96.94,,,,,,,,,,,,,0.359,0.000,64,2,2,,,,,,,,217,0,,,,,,,,,41.774,,204.95,204.82,,,,
438.407,,0,0,0,256,0,0,0,0,0,0,0,0,1,0,0,0,0,0,,,,,,,,,,,,,,,,,,,,,,7088.0,,,,,1652.0,,,,1.00144,1.00144,270.38,,,21.9520,,0.0,,0.4045,22.0000,14.3,14.3,14.3,12.8,14.3,14.3,,,,,,,,,,,,,4.068,0.300,4.095,3.090,4.069,,,,,,,,3.087,0.0,0.0,0.0,-1.5,0.0,19.313,16.406,,0.0,0.7732,39.680,33.300,33.300,39.680,2.590,0.000,,,,,0.96334,,64,,,,,,224.58,,,,,,,224.58,,,,656.0,,,,,,,,,,,1520.2,,,,,,0.359,100.000,,,,,,2562.50,,2569.14,2684.22,,,225.23,97.13,,,,,,,,,,,,,0.359,0.000,64,2,2,,,,,,,,217,0,,,,,,,,,41.774,,204.95,204.82,,,,
438.422,,0,0,0,256,0,0,0,0,0,0,0,0,1,0,0,0,0,0,,,,,,,,,,,,,,,,,,,,,,7094.5,,,,,1663.2,,,,1.00144,1.00144,269.63,,,22.0380,,0.0,,0.3935,22.0000,14.3,14.3,14.3,12.8,14.3,14.3,,,,,,,,,,,,,4.079,0.300,4.095,3.090,4.090,,,,,,,,3.075,0.0,0.0,0.0,-1.5,0.0,19.656,16.078,,0.0,0.7769,39.680,33.290,33.290,39.680,2.095,0.000,,,,,0.96301,,64,,,,,,224.04,,,,,,,224.04,,,,655.7,,,,,,,,,,,1531.7,,,,,,0.359,100.000,,,,,,2561.80,,2568.13,2683.83,,,225.47,96.84,,,,,,,,,,,,,0.359,0.000,64,2,2,,,,,,,,217,0,,,,,,,,,42.270,,204.48,204.82,,,,
438.441,14.3,0,0,0,256,0,0,0,0,0,0,0,0,1,0,0,0,0,0,992.1,992.1,1000.0,10.0,0.0,0.0,0.06,1,0,0.996,0.996,0.0,0.0,2.406,0.00,1000.0,1000.0,1000.0,1045.1,1000.0,1010.36,7105.0,36.048,501.5,0.0,10.0,1663.9,0.03098,0.00,0.00,1.00144,1.00144,270.19,4,48.0,21.9520,-0.1600,0.0,61.2,0.4045,22.0000,14.3,14.3,14.3,12.8,14.3,12.8,14.3,2.3,0.00,0.00009,0,0,0,1,98,98,98,98,4.074,0.300,4.079,3.075,4.075,992.1,1000.0,1000.0,992.1,1000.0,0.0,18.74,3.086,0.0,0.0,0.0,-1.5,0.0,19.844,16.063,0.0,0.0,0.7791,39.650,33.235,33.235,39.650,2.095,0.000,0.7813,0.7813,0.0000,1394.9,0.96285,0.101768,64,41.755,1045.1,0.0,1000.0,1000.0,224.48,237.09,591.1,0.99942,1535.98,400.01,0.99939,224.48,400.01,237.07,237.07,655.7,-200.0,94.6,84.25,84.253,2181.1,933.6,750.0,1133.6,353.71,0.0,1528.8,59.042,0.0,0,992.1,992.1,0.359,100.000,923.09,0,2.1803,0.852,1013.09,2560.78,90.00,2564.92,2683.91,2684.38,80.48,225.47,97.08,361.50,390.75,100.0,0,36.25,36.8,94.5,58.5,36,0,94.75,21.0,0.359,0.000,64,2,2,992.1,1045.1,992.1,992.1,1000.0,1045.1,591.4,217,0,59.119,59.268,1000.0,2000.0,61.282,99.107,100.000,59.079,41.765,12.6,204.95,205.33,204.57,204.82,0.0,0.96
438.448,,0,0,0,256,0,0,0,0,0,0,0,0,1,0,0,0,0,0,,,,,,,,,,,,,,,,,,,,,,7101.0,,,,,1663.9,,,,1.00144,1.00144,270.05,,,22.1700,,0.0,,0.3765,22.0000,14.3,14.3,14.3,12.8,14.3,14.3,,,,,,,,,,,,,4.074,0.300,4.079,3.075,4.075,,,,,,,,3.084,0.0,0.0,0.0,-1.5,0.0,19.922,16.109,,0.0,0.7781,39.615,33.275,33.275,39.615,2.095,0.000,,,,,0.96325,,64,,,,,,224.27,,,,,,,224.27,,,,655.7,,,,,,,,,,,1527.9,,,,,,0.359,100.000,,,,,,2559.84,,2568.13,2683.13,,,225.47,97.03,,,,,,,,,,,,,0.359,0.000,64,2,2,,,,,,,,217,0,,,,,,,,,41.745,,204.95,205.33,,,,
438.457,,0,0,0,256,0,0,0,0,0,0,0,0,1,0,0,0,0,0,,,,,,,,,,,,,,,,,,,,,,7084.0,,,,,1662.2,,,,1.00144,1.00144,269.77,,,21.9800,,0.0,,0.4005,22.0000,14.3,14.3,14.3,12.8,14.3,14.3,,,,,,,,,,,,,4.071,0.300,4.079,3.075,4.072,,,,,,,,3.077,0.0,0.0,0.0,-1.5,0.0,19.859,16.375,,0.0,0.7793,39.655,33.230,33.230,39.655,2.590,0.000,,,,,0.96301,,64,,,,,,224.16,,,,,,,224.16,,,,655.9,,,,,,,,,,,1518.3,,,,,,0.359,100.000,,,,,,2558.44,,2568.13,2684.38,,,224.98,96.94,,,,,,,,,,,,,0.359,0.000,64,2,2,,,,,,,,217,0,,,,,,,,,41.710,,204.99,205.41,,,,
438.468,,0,0,0,256,0,0,0,0,0,0,0,0,1,0,0,0,0,0,,,,,,,,,,,,,,,,,,,,,,7105.0,,,,,1662.2,,,,1.00144,1.00144,269.81,,,21.9040,,0.0,,0.4100,22.0000,14.3,14.3,14.3,12.8,14.3,14.3,,,,,,,,,,,,,4.071,0.300,4.079,3.075,4.060,,,,,,,,3.079,0.0,0.0,0.0,-1.5,0.0,20.172,16.078,,0.0,0.7781,39.610,33.300,33.300,39.610,2.095,0.000,,,,,0.96310,,64,,,,,,224.16,,,,,,,224.16,,,,655.9,,,,,,,,,,,1528.2,,,,,,0.359,100.000,,,,,,2558.52,,2570.23,2684.14,,,224.98,96.98,,,,,,,,,,,,,0.359,0.000,64,2,2,,,,,,,,217,0,,,,,,,,,42.244,,204.99,205.41,,,,
438.478,,0,0,0,256,0,0,0,0,0,0,0,0,1,0,0,0,0,0,,,,,,,,,,,,,,,,,,,,,,7086.0,,,,,1655.6,,,,1.00144,1.00144,269.53,,,22.2640,,0.0,,0.3645,22.0000,14.3,14.3,14.3,12.8,14.3,14.3,,,,,,,,,,,,,4.052,0.300,4.079,3.075,4.060,,,,,,,,3.075,0.0,0.0,0.0,-1.5,0.0,20.281,16.141,,0.0,0.7820,39.680,33.285,33.285,39.680,2.095,0.000,,,,,0.96282,,64,,,,,,223.80,,,,,,,223.80,,,,655.3,,,,,,,,,,,1525.6,,,,,,0.359,100.000,,,,,,2558.75,,2569.14,2684.22,,,224.34,96.84,,,,,,,,,,,,,0.359,0.000,64,2,2,,,,,,,,217,0,,,,,,,,,41.704,,205.65,205.50,,,,
438.488,,0,0,0,256,0,0,0,0,0,0,0,0,1,0,0,0,0,0,,,,,,,,,,,,,,,,,,,,,,7096.5,,,,,1655.6,,,,1.00144,1.00144,270.28,,,22.2540,,0.0,,0.3650,22.0000,14.3,14.3,14.3,12.8,14.3,12.8,,,,,,,,,,,,,4.096,0.300,4.079,3.075,4.096,,,,,,,,3.083,0.0,0.0,0.0,-1.5,0.0,20.313,16.063,,0.0,0.7820,39.665,33.290,33.290,39.665,2.095,0.000,,,,,0.96328,,64,,,,,,224.25,,,,,,,224.25,,,,655.3,,,,,,,,,,,1525.9,,,,,,0.359,100.000,,,,,,2558.98,,2566.02,2684.22,,,224.34,97.13,,,,,,,,,,,,,0.359,0.000,64,2,2,,,,,,,,217,0,,,,,,,,,41.774,,205.65,205.50,,,,
438.498,,0,0,0,256,0,0,0,0,0,0,0,0,1,0,0,0,0,0,,,,,,,,,,,,,,,,,,,,,,7105.0,,,,,1657.4,,,,1.00144,1.00144,270.14,,,22.2160,,0.0,,0.3695,22.0000,14.3,14.3,14.3,12.8,14.3,14.3,,,,,,,,,,,,,4.096,0.300,4.079,3.075,4.096,,,,,,,,3.086,0.0,0.0,0.0,-1.5,0.0,20.328,16.125,,0.0,0.7793,39.670,33.290,33.290,39.670,2.095,0.000,,,,,0.96334,,64,,,,,,224.18,,,,,,,224.18,,,,655.6,,,,,,,,,,,1532.4,,,,,,0.359,100.000,,,,,,2559.38,,2570.23,2684.22,,,224.37,97.08,,,,,,,,,,,,,0.359,0.000,64,2,2,,,,,,,,217,0,,,,,,,,,41.759,,205.41,205.74,,,,
438.506,,0,0,0,256,0,0,0,0,0,0,0,0,1,0,0,0,0,0,,,,,,,,,,,,,,,,,,,,,,7105.0,,,,,1657.4,,,,1.00144,1.00144,270.00,,,22.0840,,0.0,,0.3860,22.0000,14.3,14.3,14.3,12.8,14.3,14.3,,,,,,,,,,,,,4.060,0.300,4.079,3.075,4.062,,,,,,,,3.084,0.0,0.0,0.0,-1.5,0.0,20.328,16.391,,0.0,0.7786,39.670,33.290,33.290,39.670,2.590,0.000,,,,,0.96301,,64,,,,,,224.11,,,,,,,224.11,,,,655.6,,,,,,,,,,,1520.0,,,,,,0.359,100.000,,,,,,2556.80,,2561.80,2684.22,,,224.37,97.03,,,,,,,,,,,,,0.359,0.000,64,2,2,,,,,,,,217,0,,,,,,,,,41.765,,205.41,205.74,,,,
438.520,,0,0,0,256,0,0,0,0,0,0,0,0,1,0,0,0,0,0,,,,,,,,,,,,,,,,,,,,,,7124.0,,,,,1659.8,,,,1.00144,1.00144,269.95,,,21.9520,,0.0,,0.4025,22.0000,14.3,14.3,14.3,12.8,14.3,14.3,,,,,,,,,,,,,4.060,0.300,4.079,3.075,4.069,,,,,,,,3.080,0.0,0.0,0.0,-1.5,0.0,20.453,16.031,,0.0,0.7813,39.670,33.290,33.290,39.670,2.095,0.000,,,,,0.96279,,64,,,,,,224.16,,,,,,,224.16,,,,655.5,,,,,,,,,,,1533.1,,,,,,0.359,100.000,,,,,,2557.97,,2566.02,2683.52,,,225.05,97.03,,,,,,,,,,,,,0.359,0.000,64,2,2,,,,,,,,217,0,,,,,,,,,42.259,,205.96,205.50,,,,
438.531,,0,0,0,256,0,0,0,0,0,0,0,0,1,0,0,0,0,0,,,,,,,,,,,,,,,,,,,,,,7117.5,,,,,1659.8,,,,1.00144,1.00144,269.39,,,21.8660,,0.0,,0.4135,22.0000,14.3,14.3,14.3,12.8,14.3,14.3,,,,,,,,,,,,,4.063,0.300,4.063,3.075,4.069,,,,,,,,3.073,0.0,0.0,0.0,-1.5,0.0,20.266,16.313,,0.0,0.7793,39.670,33.250,33.250,39.670,2.095,0.000,,,,,0.96310,,64,,,,,,223.71,,,,,,,223.71,,,,655.5,,,,,,,,,,,1530.2,,,,,,0.359,100.000,,,,,,2557.66,,2568.13,2683.52,,,225.05,96.80,,,,,,,,,,,,,0.359,0.000,64,2,2,,,,,,,,217,0,,,,,,,,,41.765,,205.96,205.50,,,,
438.543,,0,0,0,256,0,0,0,0,0,0,0,0,1,0,0,0,0,0,,,,,,,,,,,,,,,,,,,,,,7130.5,,,,,1668.5,,,,1.00144,1.00144,270.14,,,21.9900,,0.0,,0.3980,22.0000,14.3,14.3,14.3,12.8,14.3,12.8,,,,,,,,,,,,,4.093,0.300,4.063,3.075,4.093,,,,,,,,3.082,0.0,0.0,0.0,-1.5,0.0,20.297,16.297,,0.0,0.7776,39.630,33.250,33.250,39.630,2.095,0.000,,,,,0.96282,,64,,,,,,224.25,,,,,,,224.25,,,,655.4,,,,,,,,,,,1532.6,,,,,,0.359,100.000,,,,,,2557.66,,2563.91,2682.73,,,225.56,97.08,,,,,,,,,,,,,0.359,0.000,64,2,2,,,,,,,,217,0,,,,,,,,,41.765,,206.25,205.98,,,,
438.557,14.3,0,0,0,256,0,0,0,0,0,0,0,0,1,0,0,0,0,0,992.1,992.1,1000.0,10.0,0.0,0.0,0.03,1,0,0.996,0.996,0.0,0.0,2.343,-0.01,1000.0,1000.0,1000.0,1045.0,1000.0,1009.54,7122.0,36.048,500.6,0.0,10.0,1665.0,0.03094,0.00,0.00,1.00144,1.00144,269.30,4,48.0,21.9620,-0.1700,0.0,61.1,0.4015,22.0000,14.3,14.3,14.3,12.8,14.3,14.3,14.3,2.3,0.00,0.01205,0,0,0,1,98,98,98,98,4.071,0.300,4.063,3.075,4.086,992.1,1000.0,1000.0,992.1,1000.0,0.0,18.74,3.072,0.0,0.0,0.0,-1.5,0.0,20.250,16.266,0.0,0.0,0.7815,39.590,33.215,33.215,39.590,2.590,0.000,0.7813,0.7813,0.0000,1401.1,0.96276,0.101763,64,41.745,1045.0,0.0,1000.0,1000.0,223.71,237.09,591.6,0.99942,1535.98,400.01,0.99939,223.71,400.01,237.07,237.07,654.8,-200.0,94.3,84.36,84.366,2181.1,935.1,750.0,1135.1,353.13,0.0,1524.0,59.309,0.0,0,992.1,992.1,0.359,100.000,923.09,0,2.1798,0.855,1013.09,2556.33,90.00,2557.58,2684.38,2683.13,80.58,224.65,96.75,361.50,390.75,100.0,0,36.46,36.8,94.5,58.5,36,0,94.75,21.0,0.359,0.000,64,2,2,992.1,1045.0,992.1,992.1,1000.0,1045.0,592.0,217,0,59.166,59.314,1000.0,2000.0,61.357,99.107,100.000,59.139,41.724,12.6,205.73,205.90,204.95,204.90,0.0,0.43
438.568,,0,0,0,256,0,0,0,0,0,0,0,0,1,0,0,0,0,0,,,,,,,,,,,,,,,,,,,,,,7134.5,,,,,1665.0,,,,1.00144,1.00144,269.20,,,22.2640,,0.0,,0.3635,22.0000,14.3,14.3,14.3,12.8,14.3,14.3,,,,,,,,,,,,,4.071,0.300,4.063,3.075,4.067,,,,,,,,3.069,0.0,0.0,0.0,-1.5,0.0,20.313,15.906,,0.0,0.7788,39.595,33.300,33.300,39.595,2.095,0.000,,,,,0.96295,,64,,,,,,223.57,,,,,,,223.57,,,,654.8,,,,,,,,,,,1530.9,,,,,,0.359,100.000,,,,,,2556.25,,2564.92,2684.61,,,224.65,96.70,,,,,,,,,,,,,0.359,0.000,64,2,2,,,,,,,,217,0,,,,,,,,,42.180,,205.73,205.90,,,,
438.578,,0,0,0,256,0,0,0,0,0,0,0,0,1,0,0,0,0,0,,,,,,,,,,,,,,,,,,,,,,7111.5,,,,,1661.2,,,,1.00144,1.00144,269.25,,,22.1780,,0.0,,0.3735,22.0000,14.3,14.3,14.3,12.8,14.3,14.3,,,,,,,,,,,,,4.069,0.300,4.063,3.075,4.067,,,,,,,,3.076,0.0,0.0,0.0,-1.5,0.0,20.016,16.172,,0.0,0.7810,39.680,33.310,33.310,39.680,2.095,0.000,,,,,0.96255,,64,,,,,,223.69,,,,,,,223.69,,,,655.3,,,,,,,,,,,1526.8,,,,,,0.359,100.000,,,,,,2555.00,,2564.92,2684.53,,,224.23,96.75,,,,,,,,,,,,,0.359,0.000,64,2,2,,,,,,,,217,0,,,,,,,,,41.689,,206.51,206.19,,,,
438.588,,0,0,0,256,0,0,0,0,0,0,0,0,1,0,0,0,0,0,,,,,,,,,,,,,,,,,,,,,,7120.0,,,,,1661.2,,,,1.00144,1.00144,269.81,,,22.0180,,0.0,,0.3935,22.0000,14.3,14.3,14.3,12.8,14.3,12.8,,,,,,,,,,,,,4.054,0.300,4.063,3.075,4.055,,,,,,,,3.081,0.0,0.0,0.0,-1.5,0.0,19.859,16.078,,0.0,0.7769,39.690,33.305,33.305,39.690,2.590,0.000,,,,,0.96279,,64,,,,,,224.04,,,,,,,224.04,,,,655.3,,,,,,,,,,,1527.3,,,,,,0.359,100.000,,,,,,2553.98,,2559.69,2685.16,,,224.23,96.94,,,,,,,,,,,,,0.359,0.000,64,2,2,,,,,,,,217,0,,,,,,,,,41.774,,206.51,206.19,,,,
438.599,,0,0,0,256,0,0,0,0,0,0,0,0,1,0,0,0,0,0,,,,,,,,,,,,,,,,,,,,,,7130.5,,,,,1658.4,,,,1.00144,1.00144,269.11,,,21.9520,,0.0,,0.4020,22.0000,14.3,14.3,14.3,12.8,14.3,14.3,,,,,,,,,,,,,4.054,0.300,4.063,3.075,4.055,,,,,,,,3.069,0.0,0.0,0.0,-1.5,0.0,19.656,16.188,,0.0,0.7781,39.685,33.340,33.340,39.685,2.095,0.000,,,,,0.96212,,64,,,,,,223.69,,,,,,,223.69,,,,654.9,,,,,,,,,,,1535.0,,,,,,0.359,100.000,,,,,,2554.38,,2568.13,2684.45,,,224.20,96.70,,,,,,,,,,,,,0.359,0.000,64,2,2,,,,,,,,217,0,,,,,,,,,42.279,,205.96,206.51,,,,
438.608,,0,0,0,256,0,0,0,0,0,0,0,0,1,0,0,0,0,0,,,,,,,,,,,,,,,,,,,,,,7130.5,,,,,1658.4,,,,1.00144,1.00144,269.34,,,22.1120,,0.0,,0.3820,22.0000,14.3,14.3,14.3,12.8,14.3,14.3,,,,,,,,,,,,,4.070,0.300,4.063,3.075,4.069,,,,,,,,3.072,0.0,0.0,0.0,-1.5,0.0,19.469,16.125,,0.0,0.7788,39.720,33.300,33.300,39.720,2.590,0.000,,,,,0.96218,,64,,,,,,223.73,,,,,,,223.73,,,,654.9,,,,,,,,,,,1528.0,,,,,,0.359,100.000,,,,,,2553.91,,2556.56,2684.30,,,224.20,96.80,,,,,,,,,,,,,0.359,0.000,64,2,2,,,,,,,,217,0,,,,,,,,,41.779,,205.96,206.51,,,,
438.622,,0,0,0,256,0,0,0,0,0,0,0,0,1,0,0,0,0,0,,,,,,,,,,,,,,,,,,,,,,7139.0,,,,,1661.1,,,,1.00144,1.00144,269.63,,,22.1040,,0.0,,0.3825,22.0000,14.3,14.3,14.3,12.8,14.3,14.3,,,,,,,,,,,,,4.070,0.300,4.063,3.075,4.065,,,,,,,,3.080,0.0,0.0,0.0,-1.5,0.0,19.406,15.844,,0.0,0.7764,39.680,33.295,33.295,39.680,2.095,0.000,,,,,0.96218,,64,,,,,,223.99,,,,,,,223.99,,,,654.0,,,,,,,,,,,1536.5,,,,,,0.359,100.000,,,,,,2555.86,,2563.91,2683.75,,,224.58,96.89,,,,,,,,,,,,,0.359,0.000,64,2,2,,,,,,,,217,0,,,,,,,,,42.310,,206.59,206.34,,,,
438.631,,0,0,0,256,0,0,0,0,0,0,0,0,1,0,0,0,0,0,,,,,,,,,,,,,,,,,,,,,,7141.0,,,,,1661.1,,,,1.00144,1.00144,269.91,,,22.2360,,0.0,,0.3660,22.0000,14.3,14.3,14.3,12.8,14.3,14.3,,,,,,,,,,,,,4.065,0.300,4.061,3.080,4.065,,,,,,,,3.083,0.0,0.0,0.0,-1.5,0.0,18.938,16.078,,0.0,0.7798,39.675,33.265,33.265,39.675,2.590,0.000,,,,,0.96179,,64,,,,,,224.32,,,,,,,224.32,,,,654.0,,,,,,,,,,,1528.1,,,,,,0.359,100.000,,,,,,2555.16,,2567.03,2683.75,,,224.58,96.98,,,,,,,,,,,,,0.359,0.000,64,2,2,,,,,,,,217,0,,,,,,,,,41.774,,206.59,206.34,,,,
438.641,,0,0,0,256,0,0,0,0,0,0,0,0,1,0,0,0,0,0,,,,,,,,,,,,,,,,,,,,,,7147.5,,,,,1673.5,,,,1.00144,1.00144,269.63,,,22.2540,,0.0,,0.3630,22.0000,14.3,14.3,14.3,12.8,14.3,14.3,,,,,,,,,,,,,4.050,0.300,4.061,3.080,4.055,,,,,,,,3.084,0.0,0.0,0.0,-1.5,0.0,18.859,15.766,,0.0,0.7791,39.645,33.265,33.265,39.645,2.095,0.000,,,,,0.96212,,64,,,,,,224.04,,,,,,,224.04,,,,653.5,,,,,,,,,,,1540.9,,,,,,0.359,100.000,,,,,,2555.23,,2558.59,2683.83,,,225.56,96.89,,,,,,,,,,,,,0.359,0.000,64,2,2,,,,,,,,217,0,,,,,,,,,42.264,,206.41,206.75,,,,
438.651,14.3,0,0,0,256,0,0,0,0,0,0,0,0,1,0,0,0,0,0,992.1,992.1,1000.0,10.0,0.0,0.0,0.03,1,0,0.996,0.996,0.0,0.0,2.343,0.00,1000.0,1000.0,1000.0,1044.9,1000.0,1008.15,7158.0,36.048,500.9,0.0,10.0,1673.5,0.03090,0.00,0.00,1.00144,1.00144,270.19,4,48.0,22.1880,0.0380,0.0,61.5,0.3710,22.0000,14.3,14.3,14.3,12.8,14.3,14.3,14.3,2.3,0.00,0.00009,0,0,0,1,98,98,98,98,4.050,0.300,4.061,3.080,4.055,992.1,1000.0,1000.0,992.1,1000.0,0.0,18.74,3.090,0.0,0.0,0.0,-1.5,0.0,18.609,15.844,0.0,0.0,0.7847,39.645,33.270,33.270,39.645,2.590,0.000,0.7813,0.7813,0.0000,1401.6,0.96200,0.101768,64,41.725,1044.9,0.0,1000.0,1000.0,224.55,237.30,590.8,0.99942,1535.98,400.01,0.99939,224.55,400.01,237.28,237.28,653.5,-200.0,95.2,84.85,84.853,2190.5,941.5,750.0,1141.5,351.88,0.0,1541.6,59.200,0.0,0,992.1,992.1,0.359,100.000,923.09,0,2.1796,0.859,1013.09,2556.64,90.00,2564.92,2683.83,2684.38,80.34,225.56,97.08,361.50,390.75,100.0,0,36.55,36.8,94.5,58.5,36,0,94.75,21.0,0.359,0.000,64,2,2,992.1,1044.9,992.1,992.1,1000.0,1044.9,590.8,217,0,59.082,58.485,1000.0,2000.0,61.404,99.107,100.000,59.018,41.739,12.6,206.41,206.75,205.90,206.26,0.0,0.53
438.658,,0,0,0,256,0,0,0,0,0,0,0,0,1,0,0,0,0,0,,,,,,,,,,,,,,,,,,,,,,7151.5,,,,,1676.5,,,,1.00144,1.00144,269.81,,,22.2820,,0.0,,0.3585,22.0000,14.3,14.3,14.3,12.8,14.3,12.8,,,,,,,,,,,,,4.067,0.300,4.061,3.080,4.063,,,,,,,,3.087,0.0,0.0,0.0,-1.5,0.0,18.406,15.844,,0.0,0.7817,39.650,33.270,33.270,39.650,2.590,0.000,,,,,0.96282,,64,,,,,,224.13,,,,,,,224.13,,,,653.6,,,,,,,,,,,1536.7,,,,,,0.359,100.000,,,,,,2554.38,,2559.69,2684.22,,,225.16,96.98,,,,,,,,,,,,,0.359,0.000,64,2,2,,,,,,,,217,0,,,,,,,,,42.235,,206.59,206.49,,,,
438.668,,0,0,0,256,0,0,0,0,0,0,0,0,1,0,0,0,0,0,,,,,,,,,,,,,,,,,,,,,,7166.5,,,,,1676.5,,,,1.00144,1.00144,269.72,,,22.2360,,0.0,,0.3640,22.0000,14.3,14.3,14.3,12.8,14.3,14.3,,,,,,,,,,,,,4.067,0.300,4.061,3.080,4.058,,,,,,,,3.086,0.0,0.0,0.0,-1.5,0.0,18.438,15.578,,0.0,0.7793,39.650,33.290,33.290,39.650,2.095,0.000,,,,,0.96252,,64,,,,,,224.13,,,,,,,224.13,,,,653.6,,,,,,,,,,,1543.4,,,,,,0.359,100.000,,,,,,2555.00,,2563.91,2684.22,,,225.16,96.94,,,,,,,,,,,,,0.359,0.000,64,2,2,,,,,,,,217,0,,,,,,,,,42.239,,206.59,206.49,,,,
438.678,,0,0,0,256,0,0,0,0,0,0,0,0,1,0,0,0,0,0,,,,,,,,,,,,,,,,,,,,,,7160.0,,,,,1672.6,,,,1.00144,1.00144,270.05,,,22.0560,,0.0,,0.3865,22.0000,14.3,14.3,14.3,12.8,14.3,14.3,,,,,,,,,,,,,4.056,0.300,4.061,3.080,4.058,,,,,,,,3.088,0.0,0.0,0.0,-1.5,0.0,18.109,15.891,,0.0,0.7810,39.670,33.290,33.290,39.670,2.590,0.000,,,,,0.96218,,64,,,,,,224.44,,,,,,,224.44,,,,653.3,,,,,,,,,,,1534.4,,,,,,0.359,100.000,,,,,,2553.75,,2562.81,2684.22,,,224.77,97.03,,,,,,,,,,,,,0.359,0.000,64,2,2,,,,,,,,217,0,,,,,,,,,41.745,,207.37,207.14,,,,
438.688,,0,0,0,256,0,0,0,0,0,0,0,0,1,0,0,0,0,0,,,,,,,,,,,,,,,,,,,,,,7158.0,,,,,1672.6,,,,1.00144,1.00144,269.34,,,21.9800,,0.0,,0.3960,22.0000,14.3,14.3,14.3,12.8,14.3,14.3,,,,,,,,,,,,,4.046,0.300,4.061,3.080,4.061,,,,,,,,3.081,0.0,0.0,0.0,-1.5,0.0,18.203,15.641,,0.0,0.7778,39.670,33.290,33.290,39.670,2.590,0.000,,,,,0.96237,,64,,,,,,223.78,,,,,,,223.78,,,,653.3,,,,,,,,,,,1544.8,,,,,,0.359,100.000,,,,,,2553.20,,2559.69,2684.14,,,224.77,96.80,,,,,,,,,,,,,0.359,0.000,64,2,2,,,,,,,,217,0,,,,,,,,,42.259,,207.37,207.14,,,,
438.698,,0,0,0,256,0,0,0,0,0,0,0,0,1,0,0,0,0,0,,,,,,,,,,,,,,,,,,,,,,7164.5,,,,,1668.5,,,,1.00144,1.00144,269.53,,,22.2820,,0.0,,0.3575,22.0000,14.3,14.3,14.3,12.8,14.3,14.3,,,,,,,,,,,,,4.046,0.300,4.061,3.080,4.061,,,,,,,,3.083,0.0,0.0,0.0,-1.5,0.0,18.094,15.750,,0.0,0.7817,39.670,33.285,33.285,39.670,2.590,0.000,,,,,0.96188,,64,,,,,,224.06,,,,,,,224.06,,,,652.6,,,,,,,,,,,1535.1,,,,,,0.359,100.000,,,,,,2552.73,,2564.92,2684.22,,,224.27,96.84,,,,,,,,,,,,,0.359,0.000,64,2,2,,,,,,,,217,0,,,,,,,,,42.259,,206.75,207.06,,,,
438.707,,0,0,0,256,0,0,0,0,0,0,0,0,1,0,0,0,0,0,,,,,,,,,,,,,,,,,,,,,,7151.5,,,,,1668.5,,,,1.00144,1.00144,269.16,,,22.1220,,0.0,,0.3770,22.0000,14.3,14.3,14.3,12.8,14.3,12.8,,,,,,,,,,,,,4.079,0.300,4.061,3.080,4.077,,,,,,,,3.078,0.0,0.0,0.0,-1.5,0.0,18.016,15.719,,0.0,0.7820,39.665,33.290,33.290,39.665,2.590,0.000,,,,,0.96234,,64,,,,,,223.71,,,,,,,223.71,,,,652.6,,,,,,,,,,,1538.0,,,,,,0.359,100.000,,,,,,2551.72,,2556.56,2684.30,,,224.27,96.70,,,,,,,,,,,,,0.359,0.000,64,2,2,,,,,,,,217,0,,,,,,,,,42.259,,206.75,207.06,,,,
438.722,,0,0,0,256,0,0,0,0,0,0,0,0,1,0,0,0,0,0,,,,,,,,,,,,,,,,,,,,,,7171.0,,,,,1667.9,,,,1.00144,1.00144,269.39,,,22.1320,,0.0,,0.3760,22.0000,14.3,14.3,14.3,12.8,14.3,14.3,,,,,,,,,,,,,4.079,0.300,4.061,3.080,4.062,,,,,,,,3.085,0.0,0.0,0.0,-1.5,0.0,18.125,15.484,,0.0,0.7793,39.670,33.295,33.295,39.670,2.590,0.000,,,,,0.96243,,64,,,,,,223.76,,,,,,,223.76,,,,652.7,,,,,,,,,,,1540.5,,,,,,0.359,100.000,,,,,,2551.95,,2561.80,2684.30,,,224.18,96.80,,,,,,,,,,,,,0.359,0.000,64,2,2,,,,,,,,217,0,,,,,,,,,42.255,,207.53,207.29,,,,
438.732,,0,0,0,256,0,0,0,0,0,0,0,0,1,0,0,0,0,0,,,,,,,,,,,,,,,,,,,,,,7160.0,,,,,1667.9,,,,1.00144,1.00144,269.58,,,22.2440,,0.0,,0.3615,22.0000,14.3,14.3,14.3,12.8,14.3,14.3,,,,,,,,,,,,,4.059,0.300,4.059,3.082,4.062,,,,,,,,3.087,0.0,0.0,0.0,-1.5,0.0,17.938,15.813,,0.0,0.7788,39.675,33.295,33.295,39.675,2.590,0.000,,,,,0.96209,,64,,,,,,224.02,,,,,,,224.02,,,,652.7,,,,,,,,,,,1530.4,,,,,,0.359,100.000,,,,,,2550.70,,2559.69,2684.30,,,224.18,96.84,,,,,,,,,,,,,0.359,0.000,64,2,2,,,,,,,,217,0,,,,,,,,,42.259,,207.53,207.29,,,,
438.744,,0,0,0,256,0,0,0,0,0,0,0,0,1,0,0,0,0,0,,,,,,,,,,,,,,,,,,,,,,7168.5,,,,,1673.4,,,,1.00144,1.00144,268.92,,,22.2820,,0.0,,0.3560,22.0000,14.3,14.3,14.3,12.8,14.3,14.3,,,,,,,,,,,,,4.041,0.300,4.059,3.082,4.050,,,,,,,,3.079,0.0,0.0,0.0,-1.5,0.0,18.109,15.531,,0.0,0.7756,39.675,33.295,33.295,39.675,2.590,0.000,,,,,0.96191,,64,,,,,,223.55,,,,,,,223.55,,,,652.1,,,,,,,,,,,1542.4,,,,,,0.359,100.000,,,,,,2550.78,,2553.36,2684.22,,,224.98,96.61,,,,,,,,,,,,,0.359,0.000,64,2,2,,,,,,,,217,0,,,,,,,,,42.264,,207.18,207.61,,,,
438.757,12.8,0,0,0,256,0,0,0,0,0,0,0,0,1,0,0,0,0,0,992.1,992.1,1000.0,10.0,0.0,0.0,0.06,1,0,0.996,0.996,0.0,0.0,2.375,-0.01,1000.0,1000.0,1000.0,1044.9,1000.0,1009.14,7173.0,36.048,506.6,0.0,10.0,1677.0,0.03098,0.00,0.00,1.00144,1.00144,268.78,4,48.0,22.2820,-0.2820,0.0,60.8,0.3545,22.0000,14.3,14.3,14.3,12.8,14.3,12.8,12.8,2.3,0.00,0.00009,0,0,0,1,98,98,98,98,4.043,0.300,4.059,3.082,4.044,992.1,1000.0,1000.0,992.1,1000.0,0.0,18.74,3.078,0.0,0.0,0.0,-1.5,0.0,18.172,15.719,0.0,0.0,0.7756,39.670,33.300,33.300,39.670,3.135,0.000,0.7813,0.7813,0.0000,1409.5,0.96151,0.101763,64,42.235,1044.9,0.0,1000.0,1000.0,223.52,237.23,591.9,0.99942,1535.98,400.01,0.99939,223.52,400.01,237.21,237.21,651.6,-200.0,96.4,85.36,85.368,2205.6,948.3,750.0,1148.3,352.03,0.0,1539.0,59.306,0.0,0,992.1,992.1,0.359,100.000,923.09,0,2.1792,0.863,1013.09,2547.81,90.00,2555.47,2684.45,2684.22,80.53,224.70,96.56,361.50,390.75,100.0,0,36.65,37.5,94.5,58.5,36,0,94.75,21.0,0.359,0.000,64,2,2,992.1,1044.9,992.1,992.1,1000.0,1044.9,591.3,217,0,59.198,58.601,1000.0,2000.0,61.432,99.107,100.000,59.068,42.264,12.6,207.76,207.45,206.41,206.91,0.0,0.60
438.769,,0,0,0,256,0,0,0,0,0,0,0,0,1,0,0,0,0,0,,,,,,,,,,,,,,,,,,,,,,7186.0,,,,,1677.0,,,,1.00144,1.00144,268.69,,,22.2160,,0.0,,0.3630,22.0000,14.3,14.3,14.3,12.8,14.3,14.3,,,,,,,,,,,,,4.043,0.300,4.059,3.082,4.036,,,,,,,,3.078,0.0,0.0,0.0,-1.5,0.0,18.219,15.453,,0.0,0.7771,39.680,33.300,33.300,39.680,2.590,0.000,,,,,0.96118,,64,,,,,,223.45,,,,,,,223.45,,,,651.6,,,,,,,,,,,1541.4,,,,,,0.359,100.000,,,,,,2548.13,,2555.47,2684.53,,,224.70,96.56,,,,,,,,,,,,,0.359,0.000,64,2,2,,,,,,,,217,0,,,,,,,,,42.804,,207.76,207.45,,,,
438.778,,0,0,0,256,0,0,0,0,0,0,0,0,1,0,0,0,0,0,,,,,,,,,,,,,,,,,,,,,,7183.5,,,,,1673.9,,,,1.00144,1.00144,269.16,,,22.2440,,0.0,,0.3590,22.0000,14.3,14.3,14.3,12.8,14.3,14.3,,,,,,,,,,,,,4.035,0.300,4.059,3.082,4.036,,,,,,,,3.081,0.0,0.0,0.0,-1.5,0.0,18.078,15.828,,0.0,0.7773,39.680,33.305,33.305,39.680,3.135,0.000,,,,,0.96118,,64,,,,,,223.80,,,,,,,223.80,,,,651.1,,,,,,,,,,,1531.9,,,,,,0.359,100.000,,,,,,2546.25,,2556.56,2684.53,,,224.13,96.66,,,,,,,,,,,,,0.359,0.000,64,2,2,,,,,,,,217,0,,,,,,,,,42.270,,207.61,207.84,,,,
438.787,,0,0,0,256,0,0,0,0,0,0,0,0,1,0,0,0,0,0,,,,,,,,,,,,,,,,,,,,,,7183.5,,,,,1673.9,,,,1.00144,1.00144,268.50,,,22.3200,,0.0,,0.3485,22.0000,14.3,14.3,14.3,12.8,14.3,14.3,,,,,,,,,,,,,4.042,0.300,4.059,3.082,4.051,,,,,,,,3.075,0.0,0.0,0.0,-1.5,0.0,18.359,15.578,,0.0,0.7732,39.685,33.305,33.305,39.685,3.135,0.000,,,,,0.96112,,64,,,,,,223.22,,,,,,,223.22,,,,651.1,,,,,,,,,,,1547.0,,,,,,0.359,100.000,,,,,,2546.72,,2552.34,2684.38,,,224.13,96.47,,,,,,,,,,,,,0.359,0.000,64,2,2,,,,,,,,217,0,,,,,,,,,42.815,,207.61,207.84,,,,
438.797,,0,0,0,256,0,0,0,0,0,0,0,0,1,0,0,0,0,0,,,,,,,,,,,,,,,,,,,,,,7177.5,,,,,1671.6,,,,1.00144,1.00144,268.27,,,22.3680,,0.0,,0.3420,22.0000,14.3,14.3,14.3,12.8,14.3,14.3,,,,,,,,,,,,,4.042,0.300,4.059,3.082,4.051,,,,,,,,3.076,0.0,0.0,0.0,-1.5,0.0,18.500,15.797,,0.0,0.7747,39.685,33.295,33.295,39.685,2.590,0.000,,,,,0.96048,,64,,,,,,223.27,,,,,,,223.27,,,,651.1,,,,,,,,,,,1542.6,,,,,,0.359,100.000,,,,,,2547.19,,2558.59,2684.38,,,223.73,96.38,,,,,,,,,,,,,0.359,0.000,64,2,2,,,,,,,,217,0,,,,,,,,,42.819,,207.68,207.53,,,,
438.807,,0,0,0,256,0,0,0,0,0,0,0,0,1,0,0,0,0,0,,,,,,,,,,,,,,,,,,,,,,7190.0,,,,,1671.6,,,,1.00144,1.00144,268.27,,,22.1320,,0.0,,0.3710,22.0000,14.3,14.3,14.3,12.8,14.3,12.8,,,,,,,,,,,,,4.039,0.300,4.059,3.082,4.042,,,,,,,,3.076,0.0,0.0,0.0,-1.5,0.0,18.625,15.859,,0.0,0.7737,39.675,33.295,33.295,39.675,3.135,0.000,,,,,0.96035,,64,,,,,,223.22,,,,,,,223.22,,,,651.1,,,,,,,,,,,1539.5,,,,,,0.359,100.000,,,,,,2545.63,,2547.03,2684.38,,,223.73,96.38,,,,,,,,,,,,,0.359,0.000,64,2,2,,,,,,,,217,0,,,,,,,,,42.275,,207.68,207.53,,,,
438.824,,0,0,0,256,0,0,0,0,0,0,0,0,1,0,0,0,0,0,,,,,,,,,,,,,,,,,,,,,,7194.5,,,,,1673.0,,,,1.00144,1.00144,268.41,,,22.1600,,0.0,,0.3675,22.0000,14.3,14.3,14.3,12.8,14.3,14.3,,,,,,,,,,,,,4.039,0.300,4.059,3.082,4.048,,,,,,,,3.078,0.0,0.0,0.0,-1.5,0.0,18.719,16.031,,0.0,0.7756,39.675,33.295,33.295,39.675,3.135,0.000,,,,,0.95990,,64,,,,,,223.48,,,,,,,223.48,,,,650.7,,,,,,,,,,,1549.9,,,,,,0.359,100.000,,,,,,2548.13,,2552.34,2684.53,,,223.34,96.42,,,,,,,,,,,,,0.359,0.000,64,2,2,,,,,,,,217,0,,,,,,,,,42.809,,208.30,208.16,,,,
438.840,12.8,0,0,0,256,0,0,0,0,0,0,0,0,1,0,0,0,0,0,992.1,992.1,1000.0,10.0,0.0,0.0,0.03,1,0,0.996,0.996,0.0,0.0,2.343,0.00,1000.0,1000.0,1000.0,1044.9,1000.0,1009.65,7199.0,36.048,505.0,0.0,10.0,1672.2,0.03102,0.00,0.00,1.00144,1.00144,267.38,4,48.0,22.0280,-0.2820,0.0,60.6,0.3835,22.0000,14.3,14.3,14.3,12.8,14.3,14.3,12.8,2.3,0.00,0.00009,0,0,0,1,98,98,98,98,4.026,0.300,4.048,3.078,4.038,992.1,1000.0,1000.0,992.1,1000.0,0.0,18.74,3.065,0.0,0.0,0.0,-1.5,0.0,18.891,16.094,0.0,0.0,0.7756,39.685,33.260,33.260,39.685,3.135,0.000,0.7813,0.7813,0.0000,1411.2,0.96032,0.101763,64,42.265,1044.9,0.0,1000.0,1000.0,222.59,237.28,590.7,0.99942,1535.98,400.01,0.99939,222.59,400.01,237.26,237.26,651.3,-200.0,98.4,85.49,85.498,2196.5,950.0,750.0,1157.6,351.91,0.0,1544.7,59.230,0.0,0,992.1,992.1,0.359,100.000,923.13,0,2.1788,0.867,1013.13,2547.27,90.00,2548.13,2684.61,2684.45,80.30,224.04,96.05,361.50,390.75,100.0,0,36.74,37.5,94.5,58.5,36,0,94.75,21.0,0.359,0.000,64,2,2,992.1,1044.9,992.1,992.1,1000.0,1044.9,590.1,217,0,59.077,58.482,1000.0,2000.0,61.449,99.107,100.000,58.949,42.809,12.6,207.76,208.08,207.61,207.61,0.0,0.31
438.848,,0,0,0,256,0,0,0,0,0,0,0,0,1,0,0,0,0,0,,,,,,,,,,,,,,,,,,,,,,7207.5,,,,,1672.2,,,,1.00144,1.00144,267.75,,,21.9240,,0.0,,0.3965,22.0000,14.3,14.3,14.3,12.8,14.3,14.3,,,,,,,,,,,,,4.026,0.300,4.048,3.078,4.038,,,,,,,,3.069,0.0,0.0,0.0,-1.5,0.0,18.969,16.203,,0.0,0.7771,39.640,33.310,33.310,39.640,3.135,0.000,,,,,0.95977,,64,,,,,,222.96,,,,,,,222.96,,,,651.3,,,,,,,,,,,1532.7,,,,,,0.359,100.000,,,,,,2545.47,,2552.34,2683.28,,,224.04,96.19,,,,,,,,,,,,,0.359,0.000,64,2,2,,,,,,,,217,0,,,,,,,,,42.819,,207.76,208.08,,,,
438.858,,0,0,0,256,0,0,0,0,0,0,0,0,1,0,0,0,0,0,,,,,,,,,,,,,,,,,,,,,,7201.0,,,,,1675.0,,,,1.00144,1.00144,267.42,,,22.0660,,0.0,,0.3785,22.0000,14.3,14.3,14.3,12.8,14.3,12.8,,,,,,,,,,,,,4.059,0.300,4.048,3.078,4.031,,,,,,,,3.061,0.0,0.0,0.0,-1.5,0.0,19.094,16.234,,0.0,0.7754,39.690,33.240,33.240,39.690,3.135,0.000,,,,,0.95974,,64,,,,,,222.73,,,,,,,222.73,,,,651.3,,,,,,,,,,,1540.0,,,,,,0.359,100.000,,,,,,2544.14,,2551.25,2684.38,,,223.64,96.05,,,,,,,,,,,,,0.359,0.000,64,2,2,,,,,,,,217,0,,,,,,,,,42.775,,208.71,208.32,,,,
438.867,,0,0,0,256,0,0,0,0,0,0,0,0,1,0,0,0,0,0,,,,,,,,,,,,,,,,,,,,,,7216.0,,,,,1675.0,,,,1.00144,1.00144,267.47,,,22.1600,,0.0,,0.3665,22.0000,14.3,14.3,14.3,12.8,14.3,14.3,,,,,,,,,,,,,4.059,0.300,4.048,3.078,4.031,,,,,,,,3.062,0.0,0.0,0.0,-1.5,0.0,19.266,16.375,,0.0,0.7744,39.620,33.295,33.295,39.620,3.135,0.000,,,,,0.95941,,64,,,,,,222.87,,,,,,,222.87,,,,651.3,,,,,,,,,,,1547.3,,,,,,0.359,100.000,,,,,,2545.55,,2552.34,2683.67,,,223.64,96.09,,,,,,,,,,,,,0.359,0.000,64,2,2,,,,,,,,217,0,,,,,,,,,42.824,,208.71,208.32,,,,
438.878,,0,0,0,256,0,0,0,0,0,0,0,0,1,0,0,0,0,0,,,,,,,,,,,,,,,,,,,,,,7212.0,,,,,1677.6,,,,1.00144,1.00144,266.91,,,22.0280,,0.0,,0.3830,22.0000,14.3,14.3,14.3,12.8,14.3,14.3,,,,,,,,,,,,,4.026,0.300,4.048,3.078,4.055,,,,,,,,3.055,0.0,0.0,0.0,-1.5,0.0,19.250,16.734,,0.0,0.7751,39.675,33.260,33.260,39.675,3.135,0.000,,,,,0.95901,,64,,,,,,222.49,,,,,,,222.49,,,,651.3,,,,,,,,,,,1536.3,,,,,,0.359,100.000,,,,,,2544.06,,2553.36,2683.59,,,223.22,95.86,,,,,,,,,,,,,0.359,0.000,64,2,2,,,,,,,,217,0,,,,,,,,,42.754,,208.20,208.71,,,,
438.888,,0,0,0,256,0,0,0,0,0,0,0,0,1,0,0,0,0,0,,,,,,,,,,,,,,,,,,,,,,7214.0,,,,,1677.6,,,,1.00144,1.00144,266.06,,,22.1400,,0.0,,0.3690,22.0000,14.3,14.3,14.3,12.8,14.3,14.3,,,,,,,,,,,,,4.007,0.300,4.048,3.078,4.018,,,,,,,,3.046,0.0,0.0,0.0,-1.5,0.0,19.563,16.422,,0.0,0.7744,39.640,33.255,33.255,39.640,3.135,0.000,,,,,0.95895,,64,,,,,,221.84,,,,,,,221.84,,,,651.3,,,,,,,,,,,1542.5,,,,,,0.359,100.000,,,,,,2542.89,,2549.14,2683.36,,,223.22,95.58,,,,,,,,,,,,,0.359,0.000,64,2,2,,,,,,,,217,0,,,,,,,,,42.809,,208.20,208.71,,,,
438.899,,0,0,0,256,0,0,0,0,0,0,0,0,1,0,0,0,0,0,,,,,,,,,,,,,,,,,,,,,,7214.0,,,,,1668.0,,,,1.00144,1.00144,266.58,,,22.2740,,0.0,,0.3515,22.0000,14.3,14.3,14.3,12.8,14.3,14.3,,,,,,,,,,,,,4.007,0.300,4.048,3.078,4.018,,,,,,,,3.047,0.0,0.0,0.0,-1.5,0.0,19.688,16.531,,0.0,0.7786,39.635,33.240,33.240,39.635,3.135,0.000,,,,,0.95855,,64,,,,,,222.30,,,,,,,222.30,,,,651.4,,,,,,,,,,,1534.3,,,,,,0.359,100.000,,,,,,2542.66,,2550.23,2683.44,,,222.52,95.77,,,,,,,,,,,,,0.359,0.000,64,2,2,,,,,,,,217,0,,,,,,,,,42.775,,208.80,208.47,,,,
438.907,,0,0,0,256,0,0,0,0,0,0,0,0,1,0,0,0,0,0,,,,,,,,,,,,,,,,,,,,,,7205.5,,,,,1668.0,,,,1.00144,1.00144,266.53,,,22.1600,,0.0,,0.3655,22.0000,14.3,14.3,14.3,12.8,14.3,12.8,,,,,,,,,,,,,4.014,0.300,4.048,3.078,4.014,,,,,,,,3.046,0.0,0.0,0.0,-1.5,0.0,19.781,16.500,,0.0,0.7739,39.620,33.245,33.245,39.620,3.135,0.000,,,,,0.95898,,64,,,,,,222.19,,,,,,,222.19,,,,651.4,,,,,,,,,,,1531.2,,,,,,0.359,100.000,,,,,,2541.41,,2543.91,2684.38,,,222.52,95.72,,,,,,,,,,,,,0.359,0.000,64,2,2,,,,,,,,217,0,,,,,,,,,42.769,,208.80,208.47,,,,
438.922,,0,0,0,256,0,0,0,0,0,0,0,0,1,0,0,0,0,0,,,,,,,,,,,,,,,,,,,,,,7214.0,,,,,1663.1,,,,1.00144,1.00144,265.97,,,22.0840,,0.0,,0.3750,22.0000,14.3,14.3,14.3,12.8,14.3,14.3,,,,,,,,,,,,,4.014,0.300,4.048,3.078,4.005,,,,,,,,3.040,0.0,0.0,0.0,-1.5,0.0,19.938,16.609,,0.0,0.7734,39.625,33.295,33.295,39.625,3.135,0.000,,,,,0.95810,,64,,,,,,221.91,,,,,,,221.91,,,,651.8,,,,,,,,,,,1535.8,,,,,,0.359,100.000,,,,,,2540.63,,2549.14,2685.08,,,221.72,95.53,,,,,,,,,,,,,0.359,0.000,64,2,2,,,,,,,,217,0,,,,,,,,,42.754,,208.88,209.04,,,,
438.940,14.3,0,0,0,256,0,0,0,0,0,0,0,0,1,0,0,0,0,0,992.1,992.1,1000.0,10.0,0.0,0.0,0.03,1,0,0.996,0.996,0.0,0.0,2.343,0.00,1000.0,1000.0,1000.0,1044.9,1000.0,1009.84,7222.5,36.048,505.2,0.0,10.0,1666.2,0.03107,0.00,0.00,1.00144,1.00144,265.08,4,48.0,22.0740,0.0760,0.0,61.1,0.3755,22.0000,14.3,14.3,14.3,12.8,14.3,14.3,14.3,2.3,0.00,0.00009,0,0,0,1,98,98,98,98,3.992,0.300,4.004,3.040,4.001,992.1,1000.0,1000.0,992.1,1000.0,0.0,18.74,3.030,0.0,0.0,0.0,-1.5,0.0,20.156,16.531,0.0,0.0,0.7749,39.715,33.290,33.290,39.715,3.135,0.000,0.7813,0.7813,0.0000,1403.5,0.95788,0.101754,64,42.820,1044.9,0.0,1000.0,1000.0,221.23,237.28,588.3,0.99942,1535.98,400.01,0.99939,221.23,400.01,237.26,237.26,652.2,-200.0,98.7,85.49,85.498,2200.6,950.0,750.0,1161.2,351.09,0.0,1538.2,59.119,0.0,0,992.1,992.1,0.359,100.000,923.13,0,2.1774,0.871,1013.13,2539.45,90.00,2548.13,2685.00,2683.28,80.11,222.75,95.20,361.50,390.75,100.0,0,36.95,37.5,94.5,57.8,36,0,94.75,21.0,0.359,0.000,64,2,2,992.1,1044.9,992.1,992.1,1000.0,1044.9,589.7,217,0,58.833,58.981,1000.0,2000.0,61.456,99.107,100.000,58.908,42.809,12.6,208.56,208.56,208.24,208.56,0.0,0.96
438.948,,0,0,0,256,0,0,0,0,0,0,0,0,1,0,0,0,0,0,,,,,,,,,,,,,,,,,,,,,,7231.5,,,,,1666.2,,,,1.00144,1.00144,265.78,,,22.0000,,0.0,,0.3850,22.0000,14.3,14.3,14.3,12.8,14.3,14.3,,,,,,,,,,,,,3.992,0.300,4.004,3.040,4.001,,,,,,,,3.040,0.0,0.0,0.0,-1.5,0.0,20.250,16.594,,0.0,0.7800,39.670,33.330,33.330,39.670,3.135,0.000,,,,,0.95764,,64,,,,,,221.77,,,,,,,221.77,,,,652.2,,,,,,,,,,,1533.5,,,,,,0.359,100.000,,,,,,2540.00,,2549.14,2684.38,,,222.75,95.53,,,,,,,,,,,,,0.359,0.000,64,2,2,,,,,,,,217,0,,,,,,,,,42.850,,208.56,208.56,,,,
438.958,,0,0,0,256,0,0,0,0,0,0,0,0,1,0,0,0,0,0,,,,,,,,,,,,,,,,,,,,,,7231.5,,,,,1671.4,,,,1.00144,1.00144,265.69,,,22.0940,,0.0,,0.3730,22.0000,14.3,14.3,14.3,12.8,14.3,14.3,,,,,,,,,,,,,4.015,0.300,4.004,3.040,4.015,,,,,,,,3.033,0.0,0.0,0.0,-1.5,0.0,20.297,16.516,,0.0,0.7778,39.710,33.295,33.295,39.710,3.135,0.000,,,,,0.95816,,64,,,,,,221.74,,,,,,,221.74,,,,652.5,,,,,,,,,,,1537.2,,,,,,0.359,100.000,,,,,,2539.84,,2549.14,2684.45,,,222.70,95.44,,,,,,,,,,,,,0.359,0.000,64,2,2,,,,,,,,217,0,,,,,,,,,42.804,,209.36,209.19,,,,
438.968,,0,0,0,256,0,0,0,0,0,0,0,0,1,0,0,0,0,0,,,,,,,,,,,,,,,,,,,,,,7244.5,,,,,1671.4,,,,1.00144,1.00144,266.16,,,22.0940,,0.0,,0.3725,22.0000,14.3,14.3,14.3,12.8,14.3,14.3,,,,,,,,,,,,,4.015,0.300,4.004,3.040,4.022,,,,,,,,3.037,0.0,0.0,0.0,-1.5,0.0,20.328,16.141,,0.0,0.7803,39.675,33.300,33.300,39.675,2.590,0.000,,,,,0.95782,,64,,,,,,222.12,,,,,,,222.12,,,,652.5,,,,,,,,,,,1545.6,,,,,,0.359,100.000,,,,,,2541.48,,2553.36,2684.61,,,222.70,95.58,,,,,,,,,,,,,0.359,0.000,64,2,2,,,,,,,,217,0,,,,,,,,,42.844,,209.36,209.19,,,,
438.978,,0,0,0,256,0,0,0,0,0,0,0,0,1,0,0,0,0,0,,,,,,,,,,,,,,,,,,,,,,7233.5,,,,,1677.1,,,,1.00144,1.00144,266.30,,,22.0740,,0.0,,0.3750,22.0000,14.3,14.3,14.3,12.8,14.3,14.3,,,,,,,,,,,,,4.018,0.300,4.004,3.040,4.022,,,,,,,,3.046,0.0,0.0,0.0,-1.5,0.0,20.172,16.422,,0.0,0.7834,39.680,33.310,33.310,39.680,3.735,0.000,,,,,0.95804,,64,,,,,,222.33,,,,,,,222.33,,,,652.5,,,,,,,,,,,1529.9,,,,,,0.359,100.000,,,,,,2538.91,,2549.14,2684.69,,,223.24,95.72,,,,,,,,,,,,,0.359,0.000,64,2,2,,,,,,,,217,0,,,,,,,,,42.264,,208.81,209.28,,,,
438.988,,0,0,0,256,0,0,0,0,0,0,0,0,1,0,0,0,0,0,,,,,,,,,,,,,,,,,,,,,,7238.0,,,,,1677.1,,,,1.00144,1.00144,265.97,,,22.1320,,0.0,,0.3675,22.0000,14.3,14.3,14.3,12.8,14.3,14.3,,,,,,,,,,,,,4.012,0.300,4.004,3.040,4.019,,,,,,,,3.041,0.0,0.0,0.0,-1.5,0.0,20.375,16.078,,0.0,0.7793,39.690,33.315,33.315,39.690,3.135,0.000,,,,,0.95846,,64,,,,,,221.93,,,,,,,221.93,,,,652.5,,,,,,,,,,,1550.0,,,,,,0.359,100.000,,,,,,2539.06,,2542.81,2684.53,,,223.24,95.58,,,,,,,,,,,,,0.359,0.000,64,2,2,,,,,,,,217,0,,,,,,,,,43.414,,208.81,209.28,,,,
438.998,,0,0,0,256,0,0,0,0,0,0,0,0,1,0,0,0,0,0,,,,,,,,,,,,,,,,,,,,,,7244.5,,,,,1674.2,,,,1.00144,1.00144,266.72,,,22.2360,,0.0,,0.3540,22.0000,14.3,14.3,14.3,12.8,14.3,14.3,,,,,,,,,,,,,4.012,0.300,4.004,3.040,4.019,,,,,,,,3.045,0.0,0.0,0.0,-1.5,0.0,20.406,16.188,,0.0,0.7781,39.695,33.305,33.305,39.695,3.135,0.000,,,,,0.95794,,64,,,,,,222.56,,,,,,,222.56,,,,653.4,,,,,,,,,,,1543.4,,,,,,0.359,100.000,,,,,,2540.31,,2551.25,2684.53,,,222.35,95.81,,,,,,,,,,,,,0.359,0.000,64,2,2,,,,,,,,217,0,,,,,,,,,42.824,,209.60,209.28,,,,
439.007,,0,0,0,256,0,0,0,0,0,0,0,0,1,0,0,0,0,0,,,,,,,,,,,,,,,,,,,,,,7231.5,,,,,1674.2,,,,1.00144,1.00144,266.20,,,22.1040,,0.0,,0.3705,22.0000,14.3,14.3,14.3,12.8,14.3,12.8,,,,,,,,,,,,,4.021,0.300,4.004,3.040,4.023,,,,,,,,3.039,0.0,0.0,0.0,-1.5,0.0,20.359,16.078,,0.0,0.7744,39.685,33.305,33.305,39.685,3.135,0.000,,,,,0.95773,,64,,,,,,222.19,,,,,,,222.19,,,,653.4,,,,,,,,,,,1542.6,,,,,,0.359,100.000,,,,,,2538.13,,2543.91,2684.38,,,222.35,95.63,,,,,,,,,,,,,0.359,0.000,64,2,2,,,,,,,,217,0,,,,,,,,,42.830,,209.60,209.28,,,,
439.021,,0,0,0,256,0,0,0,0,0,0,0,0,1,0,0,0,0,0,,,,,,,,,,,,,,,,,,,,,,7251.0,,,,,1675.2,,,,1.00144,1.00144,266.30,,,22.2160,,0.0,,0.3560,22.0000,14.3,14.3,14.3,12.8,14.3,14.3,,,,,,,,,,,,,4.021,0.300,4.004,3.040,4.017,,,,,,,,3.040,0.0,0.0,0.0,-1.5,0.0,20.406,15.781,,0.0,0.7751,39.685,33.295,33.295,39.685,3.135,0.000,,,,,0.95700,,64,,,,,,222.47,,,,,,,222.47,,,,653.4,,,,,,,,,,,1547.7,,,,,,0.359,100.000,,,,,,2539.53,,2548.13,2684.45,,,223.45,95.67,,,,,,,,,,,,,0.359,0.000,64,2,2,,,,,,,,217,0,,,,,,,,,42.819,,209.43,209.85,,,,
439.031,,0,0,0,256,0,0,0,0,0,0,0,0,1,0,0,0,0,0,,,,,,,,,,,,,,,,,,,,,,7240.0,,,,,1675.2,,,,1.00144,1.00144,266.95,,,22.2540,,0.0,,0.3505,22.0000,14.3,14.3,14.3,12.8,14.3,14.3,,,,,,,,,,,,,4.017,0.300,4.015,3.040,4.017,,,,,,,,3.048,0.0,0.0,0.0,-1.5,0.0,19.969,16.016,,0.0,0.7744,39.675,33.300,33.300,39.675,3.135,0.000,,,,,0.95694,,64,,,,,,222.96,,,,,,,222.96,,,,653.4,,,,,,,,,,,1543.1,,,,,,0.359,100.000,,,,,,2539.45,,2551.25,2684.30,,,223.45,95.91,,,,,,,,,,,,,0.359,0.000,64,2,2,,,,,,,,217,0,,,,,,,,,42.819,,209.43,209.85,,,,
439.044,,0,0,0,256,0,0,0,0,0,0,0,0,1,0,0,0,0,0,,,,,,,,,,,,,,,,,,,,,,7251.0,,,,,1687.0,,,,1.00144,1.00144,266.39,,,22.1980,,0.0,,0.3570,22.0000,14.3,14.3,14.3,12.8,14.3,14.3,,,,,,,,,,,,,4.006,0.300,4.015,3.040,4.014,,,,,,,,3.040,0.0,0.0,0.0,-1.5,0.0,19.922,15.688,,0.0,0.7730,39.680,33.290,33.290,39.680,3.135,0.000,,,,,0.95657,,64,,,,,,222.63,,,,,,,222.63,,,,653.7,,,,,,,,,,,1556.1,,,,,,0.359,100.000,,,,,,2539.92,,2542.81,2684.61,,,224.18,95.67,,,,,,,,,,,,,0.359,0.000,64,2,2,,,,,,,,217,0,,,,,,,,,42.809,,209.60,209.43,,,,
439.058,14.3,0,0,0,256,0,0,0,0,0,0,0,0,1,0,0,0,0,0,992.1,992.1,1000.0,9.8,0.0,0.0,0.06,1,0,0.996,0.996,0.0,0.0,2.375,0.02,1000.0,1000.0,1000.0,1044.9,1000.0,1010.24,7257.5,36.048,504.2,0.0,9.8,1687.5,0.03098,0.00,0.00,1.00144,1.00144,266.58,4,48.0,22.2260,0.0000,0.0,60.7,0.3530,22.0000,14.3,14.3,14.3,12.8,14.3,12.8,14.3,2.3,0.00,0.00009,0,0,0,1,98,98,98,98,4.027,0.300,4.015,3.040,4.013,992.1,1000.0,1000.0,992.1,1000.0,0.0,18.74,3.038,0.0,0.0,0.0,-1.5,0.0,19.406,15.719,0.0,0.0,0.7781,39.690,33.315,33.315,39.690,3.135,0.000,0.7813,0.7813,0.0000,1397.5,0.95669,0.101754,64,42.850,1044.9,0.0,1000.0,1000.0,222.77,237.42,586.1,0.99942,1535.98,400.01,0.99939,222.77,400.01,237.40,237.40,654.0,-200.0,97.8,85.48,85.489,2183.8,950.0,750.0,1161.6,350.00,0.0,1550.5,58.893,0.0,0,992.1,992.1,0.359,100.000,923.13,0,2.1769,0.875,1013.13,2537.19,90.00,2540.70,2684.38,2684.38,79.69,223.69,95.72,361.50,390.75,100.0,0,37.05,37.5,94.5,57.8,36,0,94.75,21.0,0.359,0.000,64,2,2,992.1,1044.9,992.1,992.1,1000.0,1044.9,587.1,217,0,58.618,58.765,1000.0,2000.0,61.484,99.107,100.000,58.649,42.804,12.6,210.00,209.93,208.71,209.19,0.0,0.78
439.068,,0,0,0,256,0,0,0,0,0,0,0,0,1,0,0,0,0,0,,,,,,,,,,,,,,,,,,,,,,7279.5,,,,,1687.5,,,,1.00144,1.00144,266.86,,,22.2740,,0.0,,0.3465,22.0000,14.3,14.3,14.3,12.8,14.3,14.3,,,,,,,,,,,,,4.027,0.300,4.015,3.040,4.025,,,,,,,,3.042,0.0,0.0,0.0,-1.5,0.0,19.313,15.438,,0.0,0.7759,39.695,33.295,33.295,39.695,3.135,0.000,,,,,0.95660,,64,,,,,,223.01,,,,,,,223.01,,,,654.0,,,,,,,,,,,1556.8,,,,,,0.359,100.000,,,,,,2538.28,,2544.92,2684.38,,,223.69,95.86,,,,,,,,,,,,,0.359,0.000,64,2,2,,,,,,,,217,0,,,,,,,,,42.824,,210.00,209.93,,,,
439.078,,0,0,0,256,0,0,0,0,0,0,0,0,1,0,0,0,0,0,,,,,,,,,,,,,,,,,,,,,,7268.5,,,,,1689.3,,,,1.00144,1.00144,267.05,,,22.1700,,0.0,,0.3590,22.0000,14.3,14.3,14.3,12.8,14.3,14.3,,,,,,,,,,,,,4.023,0.300,4.015,3.040,4.025,,,,,,,,3.045,0.0,0.0,0.0,-1.5,0.0,18.844,15.766,,0.0,0.7771,39.675,33.295,33.295,39.675,3.735,0.000,,,,,0.95611,,64,,,,,,223.24,,,,,,,223.24,,,,654.6,,,,,,,,,,,1548.1,,,,,,0.359,100.000,,,,,,2536.72,,2548.13,2684.38,,,223.41,95.95,,,,,,,,,,,,,0.359,0.000,64,2,2,,,,,,,,217,0,,,,,,,,,42.830,,209.70,209.85,,,,
439.088,,0,0,0,256,0,0,0,0,0,0,0,0,1,0,0,0,0,0,,,,,,,,,,,,,,,,,,,,,,7268.5,,,,,1689.3,,,,1.00144,1.00144,266.34,,,22.0280,,0.0,,0.3770,22.0000,14.3,14.3,14.3,12.8,14.3,12.8,,,,,,,,,,,,,4.005,0.300,4.015,3.040,4.014,,,,,,,,3.036,0.0,0.0,0.0,-1.5,0.0,18.781,15.500,,0.0,0.7747,39.675,33.295,33.295,39.675,3.135,0.000,,,,,0.95614,,64,,,,,,222.68,,,,,,,222.68,,,,654.6,,,,,,,,,,,1559.4,,,,,,0.359,100.000,,,,,,2536.56,,2544.92,2684.22,,,223.41,95.67,,,,,,,,,,,,,0.359,0.000,64,2,2,,,,,,,,217,0,,,,,,,,,43.410,,209.70,209.85,,,,
439.100,,0,0,0,256,0,0,0,0,0,0,0,0,1,0,0,0,0,0,,,,,,,,,,,,,,,,,,,,,,7282.0,,,,,1686.8,,,,1.00144,1.00144,266.53,,,22.3100,,0.0,,0.3410,22.0000,14.3,14.3,14.3,12.8,14.3,14.3,,,,,,,,,,,,,4.005,0.300,4.015,3.040,4.014,,,,,,,,3.035,0.0,0.0,0.0,-1.5,0.0,18.453,15.656,,0.0,0.7756,39.675,33.290,33.290,39.675,3.135,0.000,,,,,0.95556,,64,,,,,,222.98,,,,,,,222.98,,,,655.2,,,,,,,,,,,1555.5,,,,,,0.359,100.000,,,,,,2536.41,,2550.23,2684.30,,,223.34,95.77,,,,,,,,,,,,,0.359,0.000,64,2,2,,,,,,,,217,0,,,,,,,,,42.809,,210.66,210.25,,,,
439.107,,0,0,0,256,0,0,0,0,0,0,0,0,1,0,0,0,0,0,,,,,,,,,,,,,,,,,,,,,,7262.0,,,,,1686.8,,,,1.00144,1.00144,266.16,,,22.3020,,0.0,,0.3415,22.0000,14.3,14.3,14.3,12.8,14.3,14.3,,,,,,,,,,,,,4.024,0.300,4.015,3.040,4.027,,,,,,,,3.028,0.0,0.0,0.0,-1.5,0.0,18.172,15.594,,0.0,0.7730,39.670,33.290,33.290,39.670,3.735,0.000,,,,,0.95556,,64,,,,,,222.63,,,,,,,222.63,,,,655.2,,,,,,,,,,,1541.1,,,,,,0.359,100.000,,,,,,2532.89,,2539.69,2684.53,,,223.34,95.58,,,,,,,,,,,,,0.359,0.000,64,2,2,,,,,,,,217,0,,,,,,,,,42.809,,210.66,210.25,,,,
439.122,,0,0,0,256,0,0,0,0,0,0,0,0,1,0,0,0,0,0,,,,,,,,,,,,,,,,,,,,,,7275.0,,,,,1683.4,,,,1.00144,1.00144,265.55,,,22.2540,,0.0,,0.3470,22.0000,14.3,14.3,14.3,12.8,14.3,14.3,,,,,,,,,,,,,4.024,0.300,4.015,3.040,3.992,,,,,,,,3.019,0.0,0.0,0.0,-1.5,0.0,18.156,15.344,,0.0,0.7744,39.670,33.305,33.305,39.670,3.735,0.000,,,,,0.95489,,64,,,,,,222.35,,,,,,,222.35,,,,655.6,,,,,,,,,,,1553.0,,,,,,0.359,100.000,,,,,,2533.52,,2540.70,2684.45,,,223.48,95.39,,,,,,,,,,,,,0.359,0.000,64,2,2,,,,,,,,217,0,,,,,,,,,43.404,,210.09,210.57,,,,
439.139,12.8,0,0,0,256,0,0,0,0,0,0,0,0,1,0,0,0,0,0,992.1,992.1,1000.0,10.0,0.0,0.0,0.03,1,0,0.996,0.996,0.0,0.0,2.250,0.01,1000.0,1000.0,1000.0,1044.9,1000.0,1010.76,7275.0,36.180,501.5,0.0,10.0,1689.0,0.03090,0.00,0.00,1.00144,1.00144,266.30,4,48.0,22.2440,-0.2260,0.0,60.3,0.3475,22.0000,14.3,14.3,14.3,12.8,14.3,12.8,12.8,2.3,0.00,0.00009,0,0,0,1,98,98,98,98,4.002,0.300,3.991,3.019,4.002,992.1,1000.0,1000.0,992.1,1000.0,0.0,18.74,3.027,0.0,0.0,0.0,-1.5,0.0,17.734,15.672,0.0,0.0,0.7742,39.680,33.290,33.290,39.680,3.735,0.000,0.7813,0.7813,0.0000,1414.3,0.95508,0.101749,64,42.805,1044.9,0.0,1000.0,1000.0,222.84,237.40,589.4,0.99942,1535.98,400.01,0.99939,222.84,400.01,237.38,237.38,656.7,-200.0,96.0,85.49,85.498,2206.6,950.0,750.0,1159.7,350.23,0.0,1556.0,59.059,0.0,0,992.1,992.1,0.359,100.000,923.13,0,2.1768,0.879,1013.13,2534.61,90.00,2539.69,2684.38,2684.38,80.02,224.04,95.67,361.50,390.75,100.0,0,37.05,37.5,94.5,57.8,36,0,94.35,21.0,0.359,0.000,64,2,2,992.1,1044.9,992.1,992.1,1000.0,1044.9,588.5,217,0,58.942,58.348,1000.0,2000.0,61.485,99.107,100.000,58.789,43.419,12.6,210.66,210.33,209.70,209.43,0.0,0.80
439.147,,0,0,0,256,0,0,0,0,0,0,0,0,1,0,0,0,0,0,,,,,,,,,,,,,,,,,,,,,,7286.0,,,,,1689.0,,,,1.00144,1.00144,265.13,,,22.1980,,0.0,,0.3525,22.0000,14.3,14.3,14.3,12.8,14.3,14.3,,,,,,,,,,,,,4.002,0.300,3.991,3.019,4.002,,,,,,,,3.014,0.0,0.0,0.0,-1.5,0.0,17.594,15.828,,0.0,0.7756,39.670,33.295,33.295,39.670,3.735,0.000,,,,,0.95456,,64,,,,,,222.09,,,,,,,222.09,,,,656.7,,,,,,,,,,,1553.1,,,,,,0.359,100.000,,,,,,2534.14,,2543.91,2684.69,,,224.04,95.25,,,,,,,,,,,,,0.359,0.000,64,2,2,,,,,,,,217,0,,,,,,,,,43.414,,210.66,210.33,,,,
439.157,,0,0,0,256,0,0,0,0,0,0,0,0,1,0,0,0,0,0,,,,,,,,,,,,,,,,,,,,,,7275.0,,,,,1686.3,,,,1.00144,1.00144,264.89,,,22.0280,,0.0,,0.3740,22.0000,14.3,14.3,14.3,12.8,14.3,14.3,,,,,,,,,,,,,3.991,0.300,3.991,3.019,3.983,,,,,,,,3.008,0.0,0.0,0.0,-1.5,0.0,17.516,15.844,,0.0,0.7739,39.675,33.315,33.315,39.675,3.735,0.000,,,,,0.95447,,64,,,,,,221.81,,,,,,,221.81,,,,657.1,,,,,,,,,,,1542.4,,,,,,0.359,100.000,,,,,,2532.03,,2536.48,2684.30,,,222.84,95.20,,,,,,,,,,,,,0.359,0.000,64,2,2,,,,,,,,217,0,,,,,,,,,43.404,,210.66,210.82,,,,
439.168,,0,0,0,256,0,0,0,0,0,0,0,0,1,0,0,0,0,0,,,,,,,,,,,,,,,,,,,,,,7293.0,,,,,1686.3,,,,1.00144,1.00144,264.66,,,22.1700,,0.0,,0.3555,22.0000,14.3,14.3,14.3,12.8,14.3,14.3,,,,,,,,,,,,,3.991,0.300,3.991,3.019,3.985,,,,,,,,3.004,0.0,0.0,0.0,-1.5,0.0,17.609,15.547,,0.0,0.7756,39.695,33.290,33.290,39.695,3.735,0.000,,,,,0.95410,,64,,,,,,221.67,,,,,,,221.67,,,,657.1,,,,,,,,,,,1551.6,,,,,,0.359,100.000,,,,,,2532.97,,2541.80,2684.22,,,222.84,95.06,,,,,,,,,,,,,0.359,0.000,64,2,2,,,,,,,,217,0,,,,,,,,,43.410,,210.66,210.82,,,,
439.177,,0,0,0,256,0,0,0,0,0,0,0,0,1,0,0,0,0,0,,,,,,,,,,,,,,,,,,,,,,7277.5,,,,,1680.3,,,,1.00144,1.00144,264.52,,,22.3300,,0.0,,0.3350,22.0000,14.3,14.3,14.3,12.8,14.3,14.3,,,,,,,,,,,,,3.984,0.300,3.991,3.019,3.985,,,,,,,,3.002,0.0,0.0,0.0,-1.5,0.0,17.375,15.875,,0.0,0.7776,39.670,33.290,33.290,39.670,3.735,0.000,,,,,0.95404,,64,,,,,,221.60,,,,,,,221.60,,,,657.1,,,,,,,,,,,1548.7,,,,,,0.359,100.000,,,,,,2532.11,,2538.59,2684.22,,,222.30,95.02,,,,,,,,,,,,,0.359,0.000,64,2,2,,,,,,,,217,0,,,,,,,,,43.430,,210.66,210.57,,,,
439.188,,0,0,0,256,0,0,0,0,0,0,0,0,1,0,0,0,0,0,,,,,,,,,,,,,,,,,,,,,,7288.5,,,,,1680.3,,,,1.00144,1.00144,264.98,,,22.1780,,0.0,,0.3535,22.0000,14.3,14.3,14.3,12.8,14.3,12.8,,,,,,,,,,,,,3.990,0.300,3.991,3.019,3.992,,,,,,,,3.008,0.0,0.0,0.0,-1.5,0.0,17.438,15.922,,0.0,0.7749,39.670,33.290,33.290,39.670,4.385,0.000,,,,,0.95419,,64,,,,,,221.95,,,,,,,221.95,,,,657.1,,,,,,,,,,,1550.0,,,,,,0.359,100.000,,,,,,2531.95,,2533.36,2685.08,,,222.30,95.20,,,,,,,,,,,,,0.359,0.000,64,2,2,,,,,,,,217,0,,,,,,,,,43.404,,210.66,210.57,,,,
439.197,,0,0,0,256,0,0,0,0,0,0,0,0,1,0,0,0,0,0,,,,,,,,,,,,,,,,,,,,,,7295.0,,,,,1680.2,,,,1.00144,1.00144,264.28,,,22.0280,,0.0,,0.3725,22.0000,14.3,14.3,14.3,12.8,14.3,14.3,,,,,,,,,,,,,3.990,0.300,3.991,3.019,3.992,,,,,,,,3.001,0.0,0.0,0.0,-1.5,0.0,17.500,16.094,,0.0,0.7781,39.670,33.335,33.335,39.670,3.735,0.000,,,,,0.95358,,64,,,,,,221.41,,,,,,,221.41,,,,658.5,,,,,,,,,,,1552.3,,,,,,0.359,100.000,,,,,,2531.41,,2538.59,2684.22,,,221.37,94.97,,,,,,,,,,,,,0.359,0.000,64,2,2,,,,,,,,217,0,,,,,,,,,44.054,,210.48,211.06,,,,
439.207,,0,0,0,256,0,0,0,0,0,0,0,0,1,0,0,0,0,0,,,,,,,,,,,,,,,,,,,,,,7286.0,,,,,1680.2,,,,1.00144,1.00144,263.81,,,22.3020,,0.0,,0.3375,22.0000,14.3,14.3,14.3,12.8,14.3,14.3,,,,,,,,,,,,,3.975,0.300,3.991,3.019,3.976,,,,,,,,2.996,0.0,0.0,0.0,-1.5,0.0,17.391,16.406,,0.0,0.7786,39.715,33.290,33.290,39.715,3.735,0.000,,,,,0.95386,,64,,,,,,220.97,,,,,,,220.97,,,,658.5,,,,,,,,,,,1535.6,,,,,,0.359,100.000,,,,,,2527.66,,2535.47,2684.38,,,221.37,94.83,,,,,,,,,,,,,0.359,0.000,64,2,2,,,,,,,,217,0,,,,,,,,,43.404,,210.48,211.06,,,,
439.220,,0,0,0,256,0,0,0,0,0,0,0,0,1,0,0,0,0,0,,,,,,,,,,,,,,,,,,,,,,7299.5,,,,,1673.7,,,,1.00144,1.00144,263.48,,,22.2820,,0.0,,0.3395,22.0000,14.3,14.3,14.3,12.8,14.3,14.3,,,,,,,,,,,,,3.975,0.300,3.991,3.019,3.961,,,,,,,,2.983,0.0,0.0,0.0,-1.5,0.0,17.688,16.078,,0.0,0.7791,39.670,33.295,33.295,39.670,3.735,0.000,,,,,0.95380,,64,,,,,,220.73,,,,,,,220.73,,,,658.6,,,,,,,,,,,1545.4,,,,,,0.359,100.000,,,,,,2527.81,,2535.47,2684.92,,,222.00,94.69,,,,,,,,,,,,,0.359,0.000,64,2,2,,,,,,,,217,0,,,,,,,,,43.449,,210.66,210.97,,,,
439.231,,0,0,0,256,0,0,0,0,0,0,0,0,1,0,0,0,0,0,,,,,,,,,,,,,,,,,,,,,,7288.5,,,,,1673.7,,,,1.00144,1.00144,262.88,,,22.1600,,0.0,,0.3545,22.0000,14.3,14.3,14.3,12.8,14.3,14.3,,,,,,,,,,,,,3.953,0.300,3.953,2.976,3.961,,,,,,,,2.976,0.0,0.0,0.0,-1.5,0.0,17.594,16.375,,0.0,0.7793,39.675,33.325,33.325,39.675,3.735,0.000,,,,,0.95380,,64,,,,,,220.22,,,,,,,220.22,,,,658.6,,,,,,,,,,,1542.6,,,,,,0.359,100.000,,,,,,2526.95,,2535.47,2685.00,,,222.00,94.45,,,,,,,,,,,,,0.359,0.000,64,2,2,,,,,,,,217,0,,,,,,,,,43.404,,210.66,210.97,,,,
439.242,,0,0,0,256,0,0,0,0,0,0,0,0,1,0,0,0,0,0,,,,,,,,,,,,,,,,,,,,,,7299.5,,,,,1677.4,,,,1.00144,1.00144,263.58,,,22.1880,,0.0,,0.3510,22.0000,14.3,14.3,14.3,12.8,14.3,12.8,,,,,,,,,,,,,3.969,0.300,3.953,2.976,3.969,,,,,,,,2.983,0.0,0.0,0.0,-1.5,0.0,17.734,16.313,,0.0,0.7766,39.705,33.330,33.330,39.705,4.385,0.000,,,,,0.95373,,64,,,,,,220.80,,,,,,,220.80,,,,658.6,,,,,,,,,,,1545.2,,,,,,0.359,100.000,,,,,,2527.27,,2533.36,2685.31,,,221.67,94.69,,,,,,,,,,,,,0.359,0.000,64,2,2,,,,,,,,217,0,,,,,,,,,43.410,,211.31,211.31,,,,
439.251,14.3,0,0,0,256,0,0,0,0,0,0,0,0,1,0,0,0,0,0,992.1,992.1,1000.0,10.0,0.0,0.0,0.03,1,0,0.996,0.996,0.0,0.0,2.281,0.01,1000.0,1000.0,1000.0,1044.9,1000.0,1010.94,7315.0,36.180,501.5,0.0,10.0,1677.4,0.03082,0.00,0.00,1.00144,1.00144,263.20,4,48.0,22.3680,-0.1980,0.0,60.1,0.3275,22.0000,14.3,14.3,14.3,12.8,14.3,14.3,14.3,2.3,0.00,0.00009,0,0,0,1,98,98,98,98,3.969,0.300,3.953,2.976,3.963,992.1,1000.0,1000.0,992.1,1000.0,0.0,18.74,2.980,0.0,0.0,0.0,-1.5,0.0,17.906,16.375,0.0,0.0,0.7813,39.710,33.345,33.345,39.710,3.735,0.000,0.7813,0.7813,0.0000,1411.7,0.95325,0.101740,64,43.415,1044.9,0.0,1000.0,1000.0,220.59,237.42,587.7,0.99942,1535.98,400.01,0.99939,220.59,400.01,237.40,237.40,658.6,-200.0,93.3,85.49,85.498,2198.4,950.0,750.0,1154.2,349.34,0.0,1550.6,59.123,0.0,0,992.1,992.1,0.359,100.000,923.13,0,2.1755,0.883,1013.13,2528.59,90.00,2539.69,2683.75,2684.69,79.78,221.67,94.59,361.50,390.75,100.0,0,37.26,37.5,94.5,57.8,36,0,94.35,21.0,0.359,0.000,64,2,2,992.1,1044.9,992.1,992.1,1000.0,1044.9,589.1,217,0,58.778,58.926,1000.0,2000.0,61.485,99.107,100.000,58.849,44.089,12.6,211.31,211.31,210.25,210.48,0.0,0.56
439.258,,0,0,0,256,0,0,0,0,0,0,0,0,1,0,0,0,0,0,,,,,,,,,,,,,,,,,,,,,,7313.0,,,,,1681.1,,,,1.00144,1.00144,263.06,,,22.2640,,0.0,,0.3400,22.0000,14.3,14.3,14.3,12.8,14.3,14.3,,,,,,,,,,,,,3.954,0.300,3.953,2.976,3.963,,,,,,,,2.979,0.0,0.0,0.0,-1.5,0.0,17.953,16.625,,0.0,0.7808,39.725,33.265,33.265,39.725,3.735,0.000,,,,,0.95380,,64,,,,,,220.50,,,,,,,220.50,,,,659.2,,,,,,,,,,,1541.8,,,,,,0.359,100.000,,,,,,2527.89,,2542.81,2684.30,,,221.65,94.55,,,,,,,,,,,,,0.359,0.000,64,2,2,,,,,,,,217,0,,,,,,,,,43.445,,211.06,211.56,,,,
439.268,,0,0,0,256,0,0,0,0,0,0,0,0,1,0,0,0,0,0,,,,,,,,,,,,,,,,,,,,,,7330.5,,,,,1681.1,,,,1.00144,1.00144,263.11,,,22.2360,,0.0,,0.3430,22.0000,14.3,14.3,14.3,12.8,14.3,14.3,,,,,,,,,,,,,3.954,0.300,3.953,2.976,3.956,,,,,,,,2.979,0.0,0.0,0.0,-1.5,0.0,18.391,16.266,,0.0,0.7800,39.645,33.290,33.290,39.645,3.735,0.000,,,,,0.95373,,64,,,,,,220.57,,,,,,,220.57,,,,659.2,,,,,,,,,,,1553.3,,,,,,0.359,100.000,,,,,,2528.59,,2539.69,2684.38,,,221.65,94.55,,,,,,,,,,,,,0.359,0.000,64,2,2,,,,,,,,217,0,,,,,,,,,43.459,,211.06,211.56,,,,
439.278,,0,0,0,256,0,0,0,0,0,0,0,0,1,0,0,0,0,0,,,,,,,,,,,,,,,,,,,,,,7315.0,,,,,1679.9,,,,1.00144,1.00144,262.78,,,22.2740,,0.0,,0.3375,22.0000,14.3,14.3,14.3,12.8,14.3,14.3,,,,,,,,,,,,,3.949,0.300,3.953,2.976,3.956,,,,,,,,2.975,0.0,0.0,0.0,-1.5,0.0,18.609,16.313,,0.0,0.7830,39.670,33.295,33.295,39.670,3.735,0.000,,,,,0.95361,,64,,,,,,220.24,,,,,,,220.24,,,,659.7,,,,,,,,,,,1550.4,,,,,,0.359,100.000,,,,,,2529.14,,2539.69,2684.38,,,221.11,94.41,,,,,,,,,,,,,0.359,0.000,64,2,2,,,,,,,,217,0,,,,,,,,,43.379,,211.71,211.39,,,,
439.288,,0,0,0,256,0,0,0,0,0,0,0,0,1,0,0,0,0,0,,,,,,,,,,,,,,,,,,,,,,7319.5,,,,,1679.9,,,,1.00144,1.00144,263.72,,,22.3300,,0.0,,0.3300,22.0000,14.3,14.3,14.3,12.8,14.3,12.8,,,,,,,,,,,,,3.969,0.300,3.953,2.976,3.970,,,,,,,,2.986,0.0,0.0,0.0,-1.5,0.0,18.797,16.156,,0.0,0.7800,39.675,33.295,33.295,39.675,4.385,0.000,,,,,0.95404,,64,,,,,,220.83,,,,,,,220.83,,,,659.7,,,,,,,,,,,1550.9,,,,,,0.359,100.000,,,,,,2527.58,,2533.36,2684.38,,,221.11,94.78,,,,,,,,,,,,,0.359,0.000,64,2,2,,,,,,,,217,0,,,,,,,,,43.404,,211.71,211.39,,,,
439.298,,0,0,0,256,0,0,0,0,0,0,0,0,1,0,0,0,0,0,,,,,,,,,,,,,,,,,,,,,,7330.5,,,,,1684.1,,,,1.00144,1.00144,264.05,,,22.2260,,0.0,,0.3425,22.0000,14.3,14.3,14.3,12.8,14.3,14.3,,,,,,,,,,,,,3.969,0.300,3.953,2.976,3.970,,,,,,,,2.985,0.0,0.0,0.0,-1.5,0.0,19.031,15.734,,0.0,0.7830,39.675,33.295,33.295,39.675,3.735,0.000,,,,,0.95370,,64,,,,,,221.30,,,,,,,221.30,,,,660.0,,,,,,,,,,,1554.7,,,,,,0.359,100.000,,,,,,2528.28,,2537.58,2684.38,,,221.39,94.88,,,,,,,,,,,,,0.359,0.000,64,2,2,,,,,,,,217,0,,,,,,,,,44.060,,212.04,211.97,,,,
439.308,,0,0,0,256,0,0,0,0,0,0,0,0,1,0,0,0,0,0,,,,,,,,,,,,,,,,,,,,,,7315.0,,,,,1684.1,,,,1.00144,1.00144,265.13,,,22.1220,,0.0,,0.3555,22.0000,14.3,14.3,14.3,12.8,14.3,14.3,,,,,,,,,,,,,3.971,0.300,3.953,2.976,3.970,,,,,,,,2.998,0.0,0.0,0.0,-1.5,0.0,19.078,16.031,,0.0,0.7869,39.675,33.295,33.295,39.675,4.385,0.000,,,,,0.95413,,64,,,,,,221.98,,,,,,,221.98,,,,660.0,,,,,,,,,,,1549.3,,,,,,0.359,100.000,,,,,,2527.81,,2538.59,2684.38,,,221.39,95.25,,,,,,,,,,,,,0.359,0.000,64,2,2,,,,,,,,217,0,,,,,,,,,43.410,,212.04,211.97,,,,
439.322,,0,0,0,256,0,0,0,0,0,0,0,0,1,0,0,0,0,0,,,,,,,,,,,,,,,,,,,,,,7326.0,,,,,1695.6,,,,1.00144,1.00144,264.56,,,22.2740,,0.0,,0.3355,22.0000,14.3,14.3,14.3,12.8,14.3,14.3,,,,,,,,,,,,,3.990,0.300,3.953,2.976,4.001,,,,,,,,2.992,0.0,0.0,0.0,-1.5,0.0,19.438,15.641,,0.0,0.7830,39.675,33.295,33.295,39.675,3.735,0.000,,,,,0.95471,,64,,,,,,221.41,,,,,,,221.41,,,,660.1,,,,,,,,,,,1563.5,,,,,,0.359,100.000,,,,,,2527.50,,2533.36,2684.38,,,223.01,95.06,,,,,,,,,,,,,0.359,0.000,64,2,2,,,,,,,,217,0,,,,,,,,,44.060,,211.47,211.80,,,,
439.331,,0,0,0,256,0,0,0,0,0,0,0,0,1,0,0,0,0,0,,,,,,,,,,,,,,,,,,,,,,7319.5,,,,,1695.6,,,,1.00144,1.00144,265.36,,,22.3100,,0.0,,0.3305,22.0000,14.3,14.3,14.3,12.8,14.3,14.3,,,,,,,,,,,,,3.990,0.300,3.985,2.989,4.001,,,,,,,,3.000,0.0,0.0,0.0,-1.5,0.0,19.641,15.719,,0.0,0.7805,39.675,33.295,33.295,39.675,3.735,0.000,,,,,0.95438,,64,,,,,,222.16,,,,,,,222.16,,,,660.1,,,,,,,,,,,1558.3,,,,,,0.359,100.000,,,,,,2528.52,,2538.59,2684.38,,,223.01,95.34,,,,,,,,,,,,,0.359,0.000,64,2,2,,,,,,,,217,0,,,,,,,,,43.410,,211.47,211.80,,,,
439.342,,0,0,0,256,0,0,0,0,0,0,0,0,1,0,0,0,0,0,,,,,,,,,,,,,,,,,,,,,,7324.0,,,,,1697.1,,,,1.00144,1.00144,264.94,,,22.1500,,0.0,,0.3505,22.0000,14.3,14.3,14.3,12.8,14.3,14.3,,,,,,,,,,,,,3.988,0.300,3.985,2.989,4.003,,,,,,,,2.996,0.0,0.0,0.0,-1.5,0.0,19.813,15.719,,0.0,0.7769,39.675,33.295,33.295,39.675,4.385,0.000,,,,,0.95410,,64,,,,,,221.93,,,,,,,221.93,,,,660.7,,,,,,,,,,,1560.9,,,,,,0.359,100.000,,,,,,2527.58,,2530.16,2684.53,,,222.89,95.20,,,,,,,,,,,,,0.359,0.000,64,2,2,,,,,,,,217,0,,,,,,,,,43.410,,212.30,211.97,,,,
439.352,14.3,0,0,0,256,0,0,0,0,0,0,0,0,1,0,0,0,0,0,992.1,992.1,1000.0,10.0,0.0,0.0,0.03,1,0,0.996,0.996,0.0,0.0,2.312,0.01,1000.0,1000.0,1000.0,1044.9,1000.0,1011.55,7342.0,36.180,502.5,0.0,10.0,1697.1,0.03069,0.00,0.00,1.00144,1.00144,264.84,4,48.0,22.1040,-0.2640,0.0,59.5,0.3560,22.0000,14.3,14.3,14.3,12.8,14.3,14.3,14.3,2.3,0.00,0.00009,0,0,0,1,98,98,98,98,3.988,0.300,3.985,2.989,3.981,992.1,1000.0,1000.0,992.1,1000.0,0.0,18.74,2.995,0.0,0.0,0.0,-1.5,0.0,20.109,15.375,0.0,0.0,0.7800,39.675,33.305,33.305,39.675,4.385,0.000,0.7813,0.7813,0.0000,1405.4,0.95349,0.101731,64,43.445,1044.9,0.0,1000.0,1000.0,222.00,237.54,584.8,0.99942,1535.98,400.01,0.99939,222.00,400.01,237.52,237.52,660.7,-200.0,90.8,85.49,85.498,2192.9,950.0,750.0,1150.5,348.44,0.0,1564.6,58.701,0.0,0,992.1,992.1,0.359,100.000,923.13,0,2.1741,0.887,1013.13,2528.28,90.00,2534.38,2684.61,2684.30,79.22,222.89,95.16,361.50,390.75,100.0,0,37.44,37.5,94.5,57.8,36,0,94.35,21.0,0.359,0.000,64,2,2,992.1,1044.9,992.1,992.1,1000.0,1044.9,584.8,217,0,58.484,58.630,1000.0,2000.0,61.498,99.107,100.000,58.420,44.060,12.6,212.30,211.97,211.31,211.14,0.0,0.67
439.369,,0,0,0,256,0,0,0,0,0,0,0,0,1,0,0,0,0,0,,,,,,,,,,,,,,,,,,,,,,7335.0,,,,,1695.7,,,,1.00144,1.00144,265.22,,,22.2740,,0.0,,0.3335,22.0000,14.3,14.3,14.3,12.8,14.3,12.8,,,,,,,,,,,,,4.000,0.300,3.985,2.989,4.003,,,,,,,,2.995,0.0,0.0,0.0,-1.5,0.0,20.016,15.516,,0.0,0.7744,39.690,33.295,33.295,39.690,4.385,0.000,,,,,0.95358,,64,,,,,,222.33,,,,,,,222.33,,,,661.0,,,,,,,,,,,1560.6,,,,,,0.359,100.000,,,,,,2526.48,,2529.14,2684.30,,,222.66,95.30,,,,,,,,,,,,,0.359,0.000,64,2,2,,,,,,,,217,0,,,,,,,,,43.419,,211.80,212.30,,,,
439.378,,0,0,0,256,0,0,0,0,0,0,0,0,1,0,0,0,0,0,,,,,,,,,,,,,,,,,,,,,,7330.5,,,,,1694.4,,,,1.00144,1.00144,264.61,,,22.3680,,0.0,,0.3215,22.0000,14.3,14.3,14.3,12.8,14.3,14.3,,,,,,,,,,,,,4.000,0.300,3.985,2.989,4.003,,,,,,,,2.987,0.0,0.0,0.0,-1.5,0.0,20.047,15.625,,0.0,0.7769,39.675,33.290,33.290,39.675,3.735,0.000,,,,,0.95297,,64,,,,,,221.93,,,,,,,221.93,,,,660.2,,,,,,,,,,,1564.1,,,,,,0.359,100.000,,,,,,2525.86,,2537.58,2684.14,,,222.47,95.06,,,,,,,,,,,,,0.359,0.000,64,2,2,,,,,,,,217,0,,,,,,,,,44.074,,212.38,211.97,,,,
439.388,,0,0,0,256,0,0,0,0,0,0,0,0,1,0,0,0,0,0,,,,,,,,,,,,,,,,,,,,,,7328.5,,,,,1694.4,,,,1.00144,1.00144,264.66,,,22.4240,,0.0,,0.3135,22.0000,14.3,14.3,14.3,12.8,14.3,14.3,,,,,,,,,,,,,3.981,0.300,3.985,2.989,3.983,,,,,,,,2.988,0.0,0.0,0.0,-1.5,0.0,20.125,15.578,,0.0,0.7722,39.670,33.285,33.285,39.670,4.385,0.000,,,,,0.95306,,64,,,,,,221.91,,,,,,,221.91,,,,660.2,,,,,,,,,,,1554.1,,,,,,0.359,100.000,,,,,,2523.59,,2530.16,2684.14,,,222.47,95.11,,,,,,,,,,,,,0.359,0.000,64,2,2,,,,,,,,217,0,,,,,,,,,43.410,,212.38,211.97,,,,
439.398,,0,0,0,256,0,0,0,0,0,0,0,0,1,0,0,0,0,0,,,,,,,,,,,,,,,,,,,,,,7346.5,,,,,1692.5,,,,1.00144,1.00144,264.38,,,22.5760,,0.0,,0.2935,22.0000,14.3,14.3,14.3,12.8,14.3,14.3,,,,,,,,,,,,,3.981,0.300,3.985,2.989,3.975,,,,,,,,2.985,0.0,0.0,0.0,-1.5,0.0,20.391,15.266,,0.0,0.7710,39.665,33.285,33.285,39.665,3.735,0.000,,,,,0.95233,,64,,,,,,221.79,,,,,,,221.79,,,,660.3,,,,,,,,,,,1563.4,,,,,,0.359,100.000,,,,,,2524.30,,2535.47,2684.06,,,222.89,95.02,,,,,,,,,,,,,0.359,0.000,64,2,2,,,,,,,,217,0,,,,,,,,,44.054,,212.13,212.38,,,,
439.407,,0,0,0,256,0,0,0,0,0,0,0,0,1,0,0,0,0,0,,,,,,,,,,,,,,,,,,,,,,7333.0,,,,,1692.5,,,,1.00144,1.00144,264.05,,,22.5380,,0.0,,0.2970,22.0000,14.3,14.3,14.3,12.8,14.3,14.3,,,,,,,,,,,,,3.973,0.300,3.985,2.989,3.975,,,,,,,,2.981,0.0,0.0,0.0,-1.5,0.0,20.281,15.594,,0.0,0.7747,39.665,33.280,33.280,39.665,3.735,0.000,,,,,0.95172,,64,,,,,,221.72,,,,,,,221.72,,,,660.3,,,,,,,,,,,1562.2,,,,,,0.359,100.000,,,,,,2523.13,,2538.59,2684.30,,,222.89,94.88,,,,,,,,,,,,,0.359,0.000,64,2,2,,,,,,,,217,0,,,,,,,,,43.399,,212.13,212.38,,,,
439.421,,0,0,0,256,0,0,0,0,0,0,0,0,1,0,0,0,0,0,,,,,,,,,,,,,,,,,,,,,,7348.5,,,,,1702.3,,,,1.00144,1.00144,264.84,,,22.5180,,0.0,,0.2985,22.0000,14.3,14.3,14.3,12.8,14.3,12.8,,,,,,,,,,,,,3.975,0.300,3.985,2.989,3.975,,,,,,,,2.990,0.0,0.0,0.0,-1.5,0.0,20.297,15.500,,0.0,0.7717,39.660,33.290,33.290,39.660,4.385,0.000,,,,,0.95200,,64,,,,,,222.40,,,,,,,222.40,,,,660.7,,,,,,,,,,,1569.6,,,,,,0.359,100.000,,,,,,2523.83,,2532.27,2684.22,,,223.57,95.16,,,,,,,,,,,,,0.359,0.000,64,2,2,,,,,,,,217,0,,,,,,,,,43.399,,212.22,212.22,,,,
439.431,,0,0,0,256,0,0,0,0,0,0,0,0,1,0,0,0,0,0,,,,,,,,,,,,,,,,,,,,,,7360.0,,,,,1702.3,,,,1.00144,1.00144,264.14,,,22.4060,,0.0,,0.3115,22.0000,14.3,14.3,14.3,12.8,14.3,14.3,,,,,,,,,,,,,3.975,0.300,3.975,2.978,3.975,,,,,,,,2.983,0.0,0.0,0.0,-1.5,0.0,20.219,15.656,,0.0,0.7744,39.670,33.290,33.290,39.670,3.735,0.000,,,,,0.95123,,64,,,,,,221.93,,,,,,,221.93,,,,660.7,,,,,,,,,,,1573.7,,,,,,0.359,100.000,,,,,,2525.55,,2537.58,2684.30,,,223.57,94.92,,,,,,,,,,,,,0.359,0.000,64,2,2,,,,,,,,217,0,,,,,,,,,44.045,,212.22,212.22,,,,
439.442,,0,0,0,256,0,0,0,0,0,0,0,0,1,0,0,0,0,0,,,,,,,,,,,,,,,,,,,,,,7346.5,,,,,1705.2,,,,1.00144,1.00144,263.86,,,22.3020,,0.0,,0.3240,22.0000,14.3,14.3,14.3,12.8,14.3,14.3,,,,,,,,,,,,,3.974,0.300,3.975,2.978,3.969,,,,,,,,2.978,0.0,0.0,0.0,-1.5,0.0,19.953,15.953,,0.0,0.7734,39.670,33.290,33.290,39.670,4.385,0.000,,,,,0.95123,,64,,,,,,221.74,,,,,,,221.74,,,,660.7,,,,,,,,,,,1560.4,,,,,,0.359,100.000,,,,,,2524.77,,2537.58,2684.45,,,223.05,94.78,,,,,,,,,,,,,0.359,0.000,64,2,2,,,,,,,,217,0,,,,,,,,,43.404,,212.38,212.70,,,,
439.452,,0,0,0,256,0,0,0,0,0,0,0,0,1,0,0,0,0,0,,,,,,,,,,,,,,,,,,,,,,7353.0,,,,,1705.2,,,,1.00144,1.00144,263.44,,,22.4340,,0.0,,0.3065,22.0000,14.3,14.3,14.3,12.8,14.3,14.3,,,,,,,,,,,,,3.961,0.300,3.975,2.978,3.966,,,,,,,,2.974,0.0,0.0,0.0,-1.5,0.0,20.016,15.688,,0.0,0.7754,39.670,33.300,33.300,39.670,4.385,0.000,,,,,0.95096,,64,,,,,,221.39,,,,,,,221.39,,,,660.7,,,,,,,,,,,1569.5,,,,,,0.359,100.000,,,,,,2525.23,,2525.94,2684.45,,,223.05,94.64,,,,,,,,,,,,,0.359,0.000,64,2,2,,,,,,,,217,0,,,,,,,,,44.054,,212.38,212.70,,,,
439.467,14.3,0,0,0,256,0,0,0,0,0,0,0,0,1,0,0,0,0,0,992.1,992.1,1000.0,10.0,0.0,0.0,0.06,1,0,0.996,0.996,0.0,0.0,2.281,0.01,1000.0,1000.0,1000.0,1044.9,1000.0,1011.86,7348.5,36.180,501.5,0.0,10.0,1695.1,0.03061,0.00,0.00,1.00144,1.00144,263.39,4,48.0,22.2740,-0.2260,0.0,59.8,0.3255,22.0000,14.3,14.3,14.3,12.8,14.3,12.8,14.3,2.3,0.00,0.00009,0,0,0,1,98,98,98,98,3.968,0.300,3.975,2.978,3.967,992.1,1000.0,1000.0,992.1,1000.0,0.0,18.74,2.972,0.0,0.0,0.0,-1.5,0.0,19.578,15.781,0.0,0.0,0.7749,39.680,33.300,33.300,39.680,4.385,0.000,0.7813,0.7813,0.0000,1419.1,0.95126,0.101726,64,44.060,1044.9,0.0,1000.0,1000.0,221.34,237.52,587.3,0.99942,1535.98,400.01,0.99939,221.34,400.01,237.49,237.49,660.1,-200.0,89.0,85.36,85.368,2217.6,948.3,750.0,1148.3,348.52,0.0,1563.8,58.878,0.0,0,992.1,992.1,0.359,100.000,923.13,0,2.1744,0.891,1013.13,2523.59,90.00,2533.36,2684.38,2684.38,79.73,221.67,94.59,361.50,390.75,100.0,0,37.44,37.5,94.5,57.8,36,0,94.35,21.0,0.359,0.000,64,2,2,992.1,1044.9,992.1,992.1,1000.0,1044.9,587.6,217,0,58.737,58.885,1000.0,2000.0,61.507,99.107,100.000,58.699,44.064,12.6,212.54,212.96,212.22,212.38,0.0,0.50
439.478,,0,0,0,256,0,0,0,0,0,0,0,0,1,0,0,0,0,0,,,,,,,,,,,,,,,,,,,,,,7362.0,,,,,1694.3,,,,1.00144,1.00144,263.67,,,22.3960,,0.0,,0.3095,22.0000,14.3,14.3,14.3,12.8,14.3,14.3,,,,,,,,,,,,,3.968,0.300,3.975,2.978,3.964,,,,,,,,2.977,0.0,0.0,0.0,-1.5,0.0,19.438,15.531,,0.0,0.7773,39.680,33.295,33.295,39.680,3.735,0.000,,,,,0.95053,,64,,,,,,221.63,,,,,,,221.63,,,,659.8,,,,,,,,,,,1566.8,,,,,,0.359,100.000,,,,,,2524.77,,2536.48,2684.45,,,222.28,94.73,,,,,,,,,,,,,0.359,0.000,64,2,2,,,,,,,,217,0,,,,,,,,,44.064,,213.12,212.70,,,,
439.488,,0,0,0,256,0,0,0,0,0,0,0,0,1,0,0,0,0,0,,,,,,,,,,,,,,,,,,,,,,7346.5,,,,,1694.3,,,,1.00144,1.00144,263.91,,,22.5000,,0.0,,0.2955,22.0000,14.3,14.3,14.3,12.8,14.3,14.3,,,,,,,,,,,,,3.962,0.300,3.975,2.978,3.964,,,,,,,,2.980,0.0,0.0,0.0,-1.5,0.0,18.875,15.797,,0.0,0.7773,39.675,33.300,33.300,39.675,4.385,0.000,,,,,0.95072,,64,,,,,,221.84,,,,,,,221.84,,,,659.8,,,,,,,,,,,1556.3,,,,,,0.359,100.000,,,,,,2523.05,,2535.47,2684.38,,,222.28,94.83,,,,,,,,,,,,,0.359,0.000,64,2,2,,,,,,,,217,0,,,,,,,,,43.414,,213.12,212.70,,,,
439.498,,0,0,0,256,0,0,0,0,0,0,0,0,1,0,0,0,0,0,,,,,,,,,,,,,,,,,,,,,,7364.5,,,,,1699.1,,,,1.00144,1.00144,263.25,,,22.2260,,0.0,,0.3295,22.0000,14.3,14.3,14.3,12.8,14.3,12.8,,,,,,,,,,,,,3.960,0.300,3.975,2.978,3.968,,,,,,,,2.975,0.0,0.0,0.0,-1.5,0.0,18.719,15.500,,0.0,0.7754,39.680,33.295,33.295,39.680,4.385,0.000,,,,,0.95053,,64,,,,,,221.34,,,,,,,221.34,,,,660.2,,,,,,,,,,,1569.1,,,,,,0.359,100.000,,,,,,2522.73,,2531.25,2684.38,,,223.17,94.55,,,,,,,,,,,,,0.359,0.000,64,2,2,,,,,,,,217,0,,,,,,,,,44.060,,213.12,213.46,,,,
439.507,,0,0,0,256,0,0,0,0,0,0,0,0,1,0,0,0,0,0,,,,,,,,,,,,,,,,,,,,,,7376.0,,,,,1699.1,,,,1.00144,1.00144,263.77,,,22.1880,,0.0,,0.3340,22.0000,14.3,14.3,14.3,12.8,14.3,14.3,,,,,,,,,,,,,3.960,0.300,3.975,2.978,3.968,,,,,,,,2.982,0.0,0.0,0.0,-1.5,0.0,18.391,15.641,,0.0,0.7781,39.675,33.295,33.295,39.675,4.385,0.000,,,,,0.95020,,64,,,,,,221.86,,,,,,,221.86,,,,660.2,,,,,,,,,,,1567.6,,,,,,0.359,100.000,,,,,,2523.83,,2533.36,2684.30,,,223.17,94.78,,,,,,,,,,,,,0.359,0.000,64,2,2,,,,,,,,217,0,,,,,,,,,44.064,,213.12,213.46,,,,
439.522,,0,0,0,256,0,0,0,0,0,0,0,0,1,0,0,0,0,0,,,,,,,,,,,,,,,,,,,,,,7378.0,,,,,1705.7,,,,1.00144,1.00144,263.58,,,22.4160,,0.0,,0.3045,22.0000,14.3,14.3,14.3,12.8,14.3,14.3,,,,,,,,,,,,,3.970,0.300,3.975,2.978,3.967,,,,,,,,2.975,0.0,0.0,0.0,-1.5,0.0,18.219,15.656,,0.0,0.7781,39.675,33.290,33.290,39.675,4.385,0.000,,,,,0.95038,,64,,,,,,221.72,,,,,,,221.72,,,,660.3,,,,,,,,,,,1565.4,,,,,,0.359,100.000,,,,,,2522.58,,2531.25,2685.23,,,222.66,94.69,,,,,,,,,,,,,0.359,0.000,64,2,2,,,,,,,,217,0,,,,,,,,,44.060,,212.96,212.96,,,,
439.531,,0,0,0,256,0,0,0,0,0,0,0,0,1,0,0,0,0,0,,,,,,,,,,,,,,,,,,,,,,7391.5,,,,,1705.7,,,,1.00144,1.00144,263.25,,,22.4240,,0.0,,0.3030,22.0000,14.3,14.3,14.3,12.8,14.3,14.3,,,,,,,,,,,,,3.970,0.300,3.970,2.970,3.964,,,,,,,,2.972,0.0,0.0,0.0,-1.5,0.0,18.203,15.406,,0.0,0.7817,39.670,33.340,33.340,39.670,4.385,0.000,,,,,0.95032,,64,,,,,,221.41,,,,,,,221.41,,,,660.3,,,,,,,,,,,1572.9,,,,,,0.359,100.000,,,,,,2524.06,,2534.38,2684.38,,,222.66,94.59,,,,,,,,,,,,,0.359,0.000,64,2,2,,,,,,,,217,0,,,,,,,,,44.060,,212.96,212.96,,,,
439.541,,0,0,0,256,0,0,0,0,0,0,0,0,1,0,0,0,0,0,,,,,,,,,,,,,,,,,,,,,,7378.0,,,,,1702.8,,,,1.00144,1.00144,263.48,,,22.2820,,0.0,,0.3195,22.0000,14.3,14.3,14.3,12.8,14.3,14.3,,,,,,,,,,,,,3.963,0.300,3.970,2.970,3.964,,,,,,,,2.975,0.0,0.0,0.0,-1.5,0.0,17.797,15.719,,0.0,0.7834,39.720,33.295,33.295,39.720,4.385,0.000,,,,,0.95078,,64,,,,,,221.39,,,,,,,221.39,,,,660.1,,,,,,,,,,,1574.2,,,,,,0.359,100.000,,,,,,2524.45,,2531.25,2684.53,,,222.09,94.69,,,,,,,,,,,,,0.359,0.000,64,2,2,,,,,,,,217,0,,,,,,,,,44.054,,213.63,213.46,,,,
439.557,12.8,0,0,0,256,0,0,0,0,0,0,0,0,1,0,0,0,0,0,992.1,992.1,1000.0,10.0,0.0,0.0,0.03,1,0,0.996,0.996,0.0,0.0,2.218,0.00,1000.0,1000.0,1000.0,1044.9,1000.0,1012.26,7385.0,36.180,503.6,0.0,10.0,1698.5,0.03061,0.00,0.00,1.00144,1.00144,262.92,4,48.0,22.2820,-0.2740,0.0,59.4,0.3190,22.0000,14.3,14.3,14.3,12.8,14.3,14.3,12.8,2.3,0.00,0.00009,0,0,0,1,98,98,98,98,3.970,0.300,3.970,2.970,3.971,992.1,1000.0,1000.0,992.1,1000.0,0.0,18.74,2.969,0.0,0.0,0.0,-1.5,0.0,17.484,15.906,0.0,0.0,0.7800,39.680,33.300,33.300,39.680,4.385,0.000,0.7813,0.7813,0.0000,1420.1,0.95056,0.101726,64,44.065,1044.9,0.0,1000.0,1000.0,221.02,237.54,587.0,0.99942,1535.98,400.01,0.99939,221.02,400.01,237.52,237.52,660.2,-200.0,89.9,85.49,85.498,2216.2,950.0,750.0,1153.8,348.44,0.0,1567.1,58.704,0.0,0,992.1,992.1,0.359,100.000,923.13,0,2.1741,0.895,1013.13,2523.75,90.00,2532.27,2684.53,2684.38,79.50,221.63,94.50,361.50,390.75,100.0,0,37.54,38.3,94.5,57.8,36,0,94.35,21.0,0.359,0.000,64,2,2,992.1,1044.9,992.1,992.1,1000.0,1044.9,586.4,217,0,58.708,58.116,1000.0,2000.0,61.507,99.107,100.000,58.579,44.060,12.6,213.54,213.12,213.04,213.12,0.0,0.66
439.568,,0,0,0,256,0,0,0,0,0,0,0,0,1,0,0,0,0,0,,,,,,,,,,,,,,,,,,,,,,7373.5,,,,,1698.5,,,,1.00144,1.00144,262.59,,,22.1780,,0.0,,0.3315,22.0000,14.3,14.3,14.3,12.8,14.3,14.3,,,,,,,,,,,,,3.959,0.300,3.970,2.970,3.959,,,,,,,,2.964,0.0,0.0,0.0,-1.5,0.0,17.266,16.250,,0.0,0.7781,39.680,33.300,33.300,39.680,4.385,0.000,,,,,0.95056,,64,,,,,,220.78,,,,,,,220.78,,,,660.2,,,,,,,,,,,1554.5,,,,,,0.359,100.000,,,,,,2521.56,,2527.03,2684.53,,,221.63,94.36,,,,,,,,,,,,,0.359,0.000,64,2,2,,,,,,,,217,0,,,,,,,,,44.064,,213.54,213.12,,,,
439.578,,0,0,0,256,0,0,0,0,0,0,0,0,1,0,0,0,0,0,,,,,,,,,,,,,,,,,,,,,,7387.0,,,,,1693.0,,,,1.00144,1.00144,261.61,,,22.2160,,0.0,,0.3265,22.0000,14.3,14.3,14.3,12.8,14.3,14.3,,,,,,,,,,,,,3.939,0.300,3.970,2.970,3.952,,,,,,,,2.954,0.0,0.0,0.0,-1.5,0.0,17.359,15.953,,0.0,0.7798,39.680,33.300,33.300,39.680,4.385,0.000,,,,,0.95023,,64,,,,,,219.94,,,,,,,219.94,,,,659.9,,,,,,,,,,,1567.8,,,,,,0.359,100.000,,,,,,2522.58,,2527.03,2684.45,,,221.39,94.03,,,,,,,,,,,,,0.359,0.000,64,2,2,,,,,,,,217,0,,,,,,,,,44.064,,213.96,213.80,,,,
439.588,,0,0,0,256,0,0,0,0,0,0,0,0,1,0,0,0,0,0,,,,,,,,,,,,,,,,,,,,,,7382.5,,,,,1693.0,,,,1.00144,1.00144,261.56,,,22.1780,,0.0,,0.3305,22.0000,14.3,14.3,14.3,12.8,14.3,14.3,,,,,,,,,,,,,3.939,0.300,3.970,2.970,3.952,,,,,,,,2.953,0.0,0.0,0.0,-1.5,0.0,17.359,16.109,,0.0,0.7820,39.680,33.300,33.300,39.680,4.385,0.000,,,,,0.95041,,64,,,,,,219.84,,,,,,,219.84,,,,659.9,,,,,,,,,,,1556.9,,,,,,0.359,100.000,,,,,,2521.80,,2532.27,2684.45,,,221.39,93.98,,,,,,,,,,,,,0.359,0.000,64,2,2,,,,,,,,217,0,,,,,,,,,44.064,,213.96,213.80,,,,
439.597,,0,0,0,256,0,0,0,0,0,0,0,0,1,0,0,0,0,0,,,,,,,,,,,,,,,,,,,,,,7401.0,,,,,1697.4,,,,1.00144,1.00144,262.08,,,22.2740,,0.0,,0.3180,22.0000,14.3,14.3,14.3,12.8,14.3,12.8,,,,,,,,,,,,,3.947,0.300,3.970,2.970,3.949,,,,,,,,2.963,0.0,0.0,0.0,-1.5,0.0,17.391,16.063,,0.0,0.7776,39.680,33.300,33.300,39.680,4.385,0.000,,,,,0.95072,,64,,,,,,220.22,,,,,,,220.22,,,,660.1,,,,,,,,,,,1560.2,,,,,,0.359,100.000,,,,,,2520.94,,2529.14,2684.45,,,221.51,94.17,,,,,,,,,,,,,0.359,0.000,64,2,2,,,,,,,,217,0,,,,,,,,,44.064,,213.63,214.04,,,,
439.607,,0,0,0,256,0,0,0,0,0,0,0,0,1,0,0,0,0,0,,,,,,,,,,,,,,,,,,,,,,7417.0,,,,,1697.4,,,,1.00144,1.00144,261.61,,,22.3100,,0.0,,0.3130,22.0000,14.3,14.3,14.3,12.8,14.3,14.3,,,,,,,,,,,,,3.947,0.300,3.970,2.970,3.939,,,,,,,,2.958,0.0,0.0,0.0,-1.5,0.0,17.391,15.766,,0.0,0.7798,39.680,33.300,33.300,39.680,3.735,0.000,,,,,0.95008,,64,,,,,,219.94,,,,,,,219.94,,,,660.1,,,,,,,,,,,1561.9,,,,,,0.359,100.000,,,,,,2518.98,,2530.16,2684.38,,,221.51,94.03,,,,,,,,,,,,,0.359,0.000,64,2,2,,,,,,,,217,0,,,,,,,,,44.064,,213.63,214.04,,,,
439.621,,0,0,0,256,0,0,0,0,0,0,0,0,1,0,0,0,0,0,,,,,,,,,,,,,,,,,,,,,,7389.5,,,,,1696.0,,,,1.00144,1.00144,261.94,,,22.3400,,0.0,,0.3090,22.0000,14.3,14.3,14.3,12.8,14.3,14.3,,,,,,,,,,,,,3.938,0.300,3.970,2.970,3.939,,,,,,,,2.957,0.0,0.0,0.0,-1.5,0.0,17.266,16.047,,0.0,0.7798,39.680,33.295,33.295,39.680,5.085,0.000,,,,,0.95029,,64,,,,,,220.24,,,,,,,220.24,,,,660.5,,,,,,,,,,,1554.5,,,,,,0.359,100.000,,,,,,2517.73,,2529.14,2684.53,,,220.76,94.13,,,,,,,,,,,,,0.359,0.000,64,2,2,,,,,,,,217,0,,,,,,,,,43.414,,214.04,213.54,,,,
439.631,,0,0,0,256,0,0,0,0,0,0,0,0,1,0,0,0,0,0,,,,,,,,,,,,,,,,,,,,,,7403.0,,,,,1696.0,,,,1.00144,1.00144,261.42,,,22.0740,,0.0,,0.3420,22.0000,14.3,14.3,14.3,12.8,14.3,14.3,,,,,,,,,,,,,3.930,0.300,3.938,2.959,3.942,,,,,,,,2.951,0.0,0.0,0.0,-1.5,0.0,17.547,15.766,,0.0,0.7830,39.675,33.300,33.300,39.675,4.385,0.000,,,,,0.95023,,64,,,,,,219.80,,,,,,,219.80,,,,660.5,,,,,,,,,,,1570.4,,,,,,0.359,100.000,,,,,,2518.52,,2529.14,2684.53,,,220.76,93.94,,,,,,,,,,,,,0.359,0.000,64,2,2,,,,,,,,217,0,,,,,,,,,44.765,,214.04,213.54,,,,
439.642,,0,0,0,256,0,0,0,0,0,0,0,0,1,0,0,0,0,0,,,,,,,,,,,,,,,,,,,,,,7410.0,,,,,1694.7,,,,1.00144,1.00144,262.27,,,22.0940,,0.0,,0.3390,22.0000,14.3,14.3,14.3,12.8,14.3,14.3,,,,,,,,,,,,,3.930,0.300,3.938,2.959,3.942,,,,,,,,2.960,0.0,0.0,0.0,-1.5,0.0,17.625,15.906,,0.0,0.7861,39.680,33.300,33.300,39.680,4.385,0.000,,,,,0.95062,,64,,,,,,220.43,,,,,,,220.43,,,,660.4,,,,,,,,,,,1565.0,,,,,,0.359,100.000,,,,,,2519.69,,2533.36,2685.08,,,220.71,94.22,,,,,,,,,,,,,0.359,0.000,64,2,2,,,,,,,,217,0,,,,,,,,,44.060,,214.56,214.29,,,,
439.651,,0,0,0,256,0,0,0,0,0,0,0,0,1,0,0,0,0,0,,,,,,,,,,,,,,,,,,,,,,7403.0,,,,,1694.7,,,,1.00144,1.00144,262.31,,,22.3480,,0.0,,0.3070,22.0000,14.3,14.3,14.3,12.8,14.3,14.3,,,,,,,,,,,,,3.967,0.300,3.938,2.959,3.967,,,,,,,,2.960,0.0,0.0,0.0,-1.5,0.0,17.750,16.203,,0.0,0.7813,39.680,33.330,33.330,39.680,5.085,0.000,,,,,0.95123,,64,,,,,,220.29,,,,,,,220.29,,,,660.4,,,,,,,,,,,1558.8,,,,,,0.359,100.000,,,,,,2518.44,,2523.91,2684.38,,,220.71,94.22,,,,,,,,,,,,,0.359,0.000,64,2,2,,,,,,,,217,0,,,,,,,,,44.064,,214.56,214.29,,,,
439.658,14.3,0,0,0,256,0,0,0,0,0,0,0,0,1,0,0,0,0,0,992.1,992.1,1000.0,10.0,0.0,0.0,0.03,1,0,0.996,0.996,0.0,0.0,2.156,0.02,1000.0,1000.0,1000.0,1044.9,1000.0,1012.54,7423.5,36.180,500.4,0.0,10.0,1699.1,0.03061,0.00,0.00,1.00144,1.00144,262.41,4,48.0,22.2820,-0.2820,0.0,59.1,0.3145,22.0000,14.3,14.3,14.3,12.8,14.3,14.3,14.3,2.3,0.00,0.01205,0,0,0,1,98,98,98,98,3.967,0.300,3.938,2.959,3.945,992.1,1000.0,1000.0,992.1,1000.0,0.0,18.74,2.963,0.0,0.0,0.0,-1.5,0.0,18.125,15.891,0.0,0.0,0.7856,39.710,33.295,33.295,39.710,4.385,0.000,0.7813,0.7813,0.0000,1418.6,0.95069,0.101722,64,44.060,1044.9,0.0,1000.0,1000.0,220.52,237.61,585.8,0.99942,1535.98,400.01,0.99939,220.52,400.01,237.59,237.59,659.8,-200.0,89.8,85.49,85.498,2220.7,950.0,750.0,1156.4,347.73,0.0,1576.0,58.696,0.0,0,992.1,992.1,0.359,100.000,923.16,0,2.1737,0.898,1013.16,2521.41,90.00,2530.16,2684.61,2684.53,79.41,221.72,94.31,361.50,390.75,100.0,0,37.65,38.3,94.5,57.8,36,0,94.35,21.0,0.359,0.000,64,2,2,992.1,1044.9,992.1,992.1,1000.0,1044.9,587.3,217,0,58.589,58.737,1000.0,2000.0,61.519,99.107,100.000,58.669,44.765,12.6,213.88,214.29,213.12,213.46,0.0,0.76
439.668,,0,0,0,256,0,0,0,0,0,0,0,0,1,0,0,0,0,0,,,,,,,,,,,,,,,,,,,,,,7405.5,,,,,1699.1,,,,1.00144,1.00144,262.17,,,22.1400,,0.0,,0.3320,22.0000,14.3,14.3,14.3,12.8,14.3,14.3,,,,,,,,,,,,,3.941,0.300,3.938,2.959,3.945,,,,,,,,2.960,0.0,0.0,0.0,-1.5,0.0,18.125,16.203,,0.0,0.7854,39.675,33.305,33.305,39.675,4.385,0.000,,,,,0.95142,,64,,,,,,220.10,,,,,,,220.10,,,,659.8,,,,,,,,,,,1568.1,,,,,,0.359,100.000,,,,,,2521.17,,2534.38,2685.08,,,221.72,94.22,,,,,,,,,,,,,0.359,0.000,64,2,2,,,,,,,,217,0,,,,,,,,,44.095,,213.88,214.29,,,,
439.677,,0,0,0,256,0,0,0,0,0,0,0,0,1,0,0,0,0,0,,,,,,,,,,,,,,,,,,,,,,7407.5,,,,,1706.2,,,,1.00144,1.00144,262.78,,,22.1220,,0.0,,0.3340,22.0000,14.3,14.3,14.3,12.8,14.3,12.8,,,,,,,,,,,,,3.964,0.300,3.938,2.959,3.965,,,,,,,,2.971,0.0,0.0,0.0,-1.5,0.0,18.250,16.078,,0.0,0.7817,39.685,33.330,33.330,39.685,4.385,0.000,,,,,0.95151,,64,,,,,,220.59,,,,,,,220.59,,,,660.7,,,,,,,,,,,1564.7,,,,,,0.359,100.000,,,,,,2520.63,,2527.03,2685.00,,,222.00,94.45,,,,,,,,,,,,,0.359,0.000,64,2,2,,,,,,,,217,0,,,,,,,,,44.060,,214.29,214.47,,,,
439.687,,0,0,0,256,0,0,0,0,0,0,0,0,1,0,0,0,0,0,,,,,,,,,,,,,,,,,,,,,,7417.0,,,,,1706.2,,,,1.00144,1.00144,262.08,,,22.2160,,0.0,,0.3220,22.0000,14.3,14.3,14.3,12.8,14.3,14.3,,,,,,,,,,,,,3.964,0.300,3.938,2.959,3.965,,,,,,,,2.963,0.0,0.0,0.0,-1.5,0.0,18.375,16.203,,0.0,0.7815,39.710,33.325,33.325,39.710,4.385,0.000,,,,,0.95114,,64,,,,,,220.17,,,,,,,220.17,,,,660.7,,,,,,,,,,,1571.0,,,,,,0.359,100.000,,,,,,2520.86,,2531.25,2685.08,,,222.00,94.17,,,,,,,,,,,,,0.359,0.000,64,2,2,,,,,,,,217,0,,,,,,,,,44.069,,214.29,214.47,,,,
439.698,,0,0,0,256,0,0,0,0,0,0,0,0,1,0,0,0,0,0,,,,,,,,,,,,,,,,,,,,,,7407.5,,,,,1702.2,,,,1.00144,1.00144,262.36,,,22.1600,,0.0,,0.3285,22.0000,14.3,14.3,14.3,12.8,14.3,14.3,,,,,,,,,,,,,3.952,0.300,3.938,2.959,3.960,,,,,,,,2.961,0.0,0.0,0.0,-1.5,0.0,18.375,16.453,,0.0,0.7781,39.705,33.330,33.330,39.705,5.085,0.000,,,,,0.95114,,64,,,,,,220.36,,,,,,,220.36,,,,661.0,,,,,,,,,,,1563.0,,,,,,0.359,100.000,,,,,,2520.00,,2523.91,2685.08,,,221.11,94.27,,,,,,,,,,,,,0.359,0.000,64,2,2,,,,,,,,217,0,,,,,,,,,44.095,,214.39,214.81,,,,
439.707,,0,0,0,256,0,0,0,0,0,0,0,0,1,0,0,0,0,0,,,,,,,,,,,,,,,,,,,,,,7428.5,,,,,1702.2,,,,1.00144,1.00144,262.22,,,22.2160,,0.0,,0.3210,22.0000,14.3,14.3,14.3,12.8,14.3,14.3,,,,,,,,,,,,,3.952,0.300,3.938,2.959,3.949,,,,,,,,2.960,0.0,0.0,0.0,-1.5,0.0,18.750,16.125,,0.0,0.7791,39.710,33.330,33.330,39.710,4.385,0.000,,,,,0.95062,,64,,,,,,220.36,,,,,,,220.36,,,,661.0,,,,,,,,,,,1573.4,,,,,,0.359,100.000,,,,,,2521.88,,2528.05,2684.53,,,221.11,94.22,,,,,,,,,,,,,0.359,0.000,64,2,2,,,,,,,,217,0,,,,,,,,,44.789,,214.39,214.81,,,,
439.721,,0,0,0,256,0,0,0,0,0,0,0,0,1,0,0,0,0,0,,,,,,,,,,,,,,,,,,,,,,7426.0,,,,,1698.8,,,,1.00144,1.00144,262.41,,,22.2060,,0.0,,0.3220,22.0000,14.3,14.3,14.3,12.8,14.3,14.3,,,,,,,,,,,,,3.942,0.300,3.938,2.959,3.949,,,,,,,,2.959,0.0,0.0,0.0,-1.5,0.0,18.969,16.234,,0.0,0.7786,39.710,33.300,33.300,39.710,4.385,0.000,,,,,0.95069,,64,,,,,,220.57,,,,,,,220.57,,,,660.6,,,,,,,,,,,1564.8,,,,,,0.359,100.000,,,,,,2520.39,,2531.25,2684.84,,,220.55,94.31,,,,,,,,,,,,,0.359,0.000,64,2,2,,,,,,,,217,0,,,,,,,,,44.095,,214.71,214.47,,,,
439.731,,0,0,0,256,0,0,0,0,0,0,0,0,1,0,0,0,0,0,,,,,,,,,,,,,,,,,,,,,,7421.5,,,,,1698.8,,,,1.00144,1.00144,262.17,,,22.3400,,0.0,,0.3045,22.0000,14.3,14.3,14.3,12.8,14.3,12.8,,,,,,,,,,,,,3.951,0.300,3.951,2.959,3.953,,,,,,,,2.956,0.0,0.0,0.0,-1.5,0.0,19.219,16.172,,0.0,0.7742,39.680,33.320,33.320,39.680,4.385,0.000,,,,,0.95059,,64,,,,,,220.34,,,,,,,220.34,,,,660.6,,,,,,,,,,,1570.5,,,,,,0.359,100.000,,,,,,2519.45,,2523.91,2684.77,,,220.55,94.22,,,,,,,,,,,,,0.359,0.000,64,2,2,,,,,,,,217,0,,,,,,,,,44.095,,214.71,214.47,,,,
439.744,,0,0,0,256,0,0,0,0,0,0,0,0,1,0,0,0,0,0,,,,,,,,,,,,,,,,,,,,,,7444.5,,,,,1703.5,,,,1.00144,1.00144,262.45,,,22.4720,,0.0,,0.2870,22.0000,14.3,14.3,14.3,12.8,14.3,14.3,,,,,,,,,,,,,3.951,0.300,3.951,2.959,3.946,,,,,,,,2.963,0.0,0.0,0.0,-1.5,0.0,19.547,15.828,,0.0,0.7754,39.700,33.315,33.315,39.700,4.385,0.000,,,,,0.94977,,64,,,,,,220.73,,,,,,,220.73,,,,660.5,,,,,,,,,,,1580.1,,,,,,0.359,100.000,,,,,,2522.27,,2528.05,2684.84,,,221.48,94.31,,,,,,,,,,,,,0.359,0.000,64,2,2,,,,,,,,217,0,,,,,,,,,44.064,,214.97,214.89,,,,
439.758,14.3,0,0,0,256,0,0,0,0,0,0,0,0,1,0,0,0,0,0,992.1,992.1,1000.0,10.0,0.0,0.0,0.03,1,0,0.996,0.996,0.0,0.0,2.156,0.00,1000.0,1000.0,1000.0,1044.9,1000.0,1011.95,7440.0,36.180,501.5,0.0,10.0,1715.8,0.03061,0.00,0.00,1.00144,1.00144,262.88,4,48.0,22.1600,-0.2820,0.0,59.0,0.3250,22.0000,14.3,14.3,14.3,12.8,14.3,12.8,14.3,2.3,0.00,0.01205,0,0,0,1,98,98,98,98,3.954,0.300,3.951,2.959,3.958,992.1,1000.0,1000.0,992.1,1000.0,0.0,18.74,2.967,0.0,0.0,0.0,-1.5,0.0,19.516,15.922,0.0,0.0,0.7759,39.700,33.320,33.320,39.700,4.385,0.000,0.7813,0.7813,0.0000,1423.2,0.94950,0.101703,64,44.765,1044.9,0.0,1000.0,1000.0,221.23,237.63,584.8,0.99942,1535.98,400.01,0.99939,221.23,400.01,237.61,237.61,660.5,-200.0,90.2,85.49,85.498,2214.7,950.0,750.0,1160.4,347.58,0.0,1575.1,58.711,0.0,0,992.1,992.1,0.359,100.000,923.16,0,2.1727,0.902,1013.16,2521.56,90.00,2528.05,2684.45,2684.61,79.22,222.09,94.45,361.50,390.75,100.0,0,37.75,38.3,94.5,57.8,36,0,94.35,21.0,0.359,0.000,64,2,2,992.1,1044.9,992.1,992.1,1000.0,1044.9,584.8,217,0,58.489,58.635,1000.0,2000.0,61.519,99.107,100.000,58.420,44.780,12.6,214.71,214.81,214.22,214.89,0.0,0.94
439.769,,0,0,0,256,0,0,0,0,0,0,0,0,1,0,0,0,0,0,,,,,,,,,,,,,,,,,,,,,,7446.5,,,,,1715.8,,,,1.00144,1.00144,262.69,,,22.2360,,0.0,,0.3150,22.0000,14.3,14.3,14.3,12.8,14.3,14.3,,,,,,,,,,,,,3.954,0.300,3.951,2.959,3.958,,,,,,,,2.966,0.0,0.0,0.0,-1.5,0.0,19.625,16.047,,0.0,0.7776,39.700,33.300,33.300,39.700,4.385,0.000,,,,,0.94947,,64,,,,,,221.04,,,,,,,221.04,,,,660.5,,,,,,,,,,,1586.2,,,,,,0.359,100.000,,,,,,2522.66,,2532.27,2683.75,,,222.09,94.41,,,,,,,,,,,,,0.359,0.000,64,2,2,,,,,,,,217,0,,,,,,,,,44.084,,214.71,214.81,,,,
439.778,,0,0,0,256,0,0,0,0,0,0,0,0,1,0,0,0,0,0,,,,,,,,,,,,,,,,,,,,,,7435.0,,,,,1718.1,,,,1.00144,1.00144,262.69,,,22.2060,,0.0,,0.3180,22.0000,14.3,14.3,14.3,12.8,14.3,14.3,,,,,,,,,,,,,3.952,0.300,3.951,2.959,3.954,,,,,,,,2.966,0.0,0.0,0.0,-1.5,0.0,19.797,16.297,,0.0,0.7744,39.680,33.260,33.260,39.680,5.085,0.000,,,,,0.94947,,64,,,,,,221.02,,,,,,,221.02,,,,660.3,,,,,,,,,,,1571.9,,,,,,0.359,100.000,,,,,,2521.25,,2521.80,2683.75,,,221.93,94.41,,,,,,,,,,,,,0.359,0.000,64,2,2,,,,,,,,217,0,,,,,,,,,44.084,,215.49,215.22,,,,
439.788,,0,0,0,256,0,0,0,0,0,0,0,0,1,0,0,0,0,0,,,,,,,,,,,,,,,,,,,,,,7437.5,,,,,1718.1,,,,1.00144,1.00144,262.55,,,22.0940,,0.0,,0.3320,22.0000,14.3,14.3,14.3,12.8,14.3,14.3,,,,,,,,,,,,,3.952,0.300,3.951,2.959,3.946,,,,,,,,2.964,0.0,0.0,0.0,-1.5,0.0,20.094,15.953,,0.0,0.7764,39.640,33.260,33.260,39.640,4.385,0.000,,,,,0.94895,,64,,,,,,221.06,,,,,,,221.06,,,,660.3,,,,,,,,,,,1581.8,,,,,,0.359,100.000,,,,,,2523.52,,2527.03,2684.45,,,221.93,94.36,,,,,,,,,,,,,0.359,0.000,64,2,2,,,,,,,,217,0,,,,,,,,,44.765,,215.49,215.22,,,,
439.798,,0,0,0,256,0,0,0,0,0,0,0,0,1,0,0,0,0,0,,,,,,,,,,,,,,,,,,,,,,7428.5,,,,,1708.1,,,,1.00144,1.00144,261.89,,,22.0080,,0.0,,0.3430,22.0000,14.3,14.3,14.3,12.8,14.3,14.3,,,,,,,,,,,,,3.940,0.300,3.951,2.959,3.946,,,,,,,,2.957,0.0,0.0,0.0,-1.5,0.0,19.984,16.219,,0.0,0.7761,39.640,33.300,33.300,39.640,4.385,0.000,,,,,0.94895,,64,,,,,,220.50,,,,,,,220.50,,,,659.9,,,,,,,,,,,1570.5,,,,,,0.359,100.000,,,,,,2521.72,,2532.27,2684.53,,,221.20,94.13,,,,,,,,,,,,,0.359,0.000,64,2,2,,,,,,,,217,0,,,,,,,,,44.025,,215.05,215.05,,,,
439.808,,0,0,0,256,0,0,0,0,0,0,0,0,1,0,0,0,0,0,,,,,,,,,,,,,,,,,,,,,,7442.0,,,,,1708.1,,,,1.00144,1.00144,261.66,,,22.1780,,0.0,,0.3210,22.0000,14.3,14.3,14.3,12.8,14.3,12.8,,,,,,,,,,,,,3.957,0.300,3.951,2.959,3.960,,,,,,,,2.954,0.0,0.0,0.0,-1.5,0.0,19.984,16.047,,0.0,0.7732,39.680,33.300,33.300,39.680,4.385,0.000,,,,,0.94870,,64,,,,,,220.34,,,,,,,220.34,,,,659.9,,,,,,,,,,,1572.7,,,,,,0.359,100.000,,,,,,2519.06,,2527.03,2684.53,,,221.20,94.03,,,,,,,,,,,,,0.359,0.000,64,2,2,,,,,,,,217,0,,,,,,,,,44.025,,215.05,215.05,,,,
439.823,,0,0,0,256,0,0,0,0,0,0,0,0,1,0,0,0,0,0,,,,,,,,,,,,,,,,,,,,,,7463.0,,,,,1707.7,,,,1.00144,1.00144,262.27,,,22.2260,,0.0,,0.3145,22.0000,14.3,14.3,14.3,12.8,14.3,14.3,,,,,,,,,,,,,3.957,0.300,3.951,2.959,3.949,,,,,,,,2.961,0.0,0.0,0.0,-1.5,0.0,19.891,16.156,,0.0,0.7754,39.680,33.300,33.300,39.680,4.385,0.000,,,,,0.94818,,64,,,,,,220.99,,,,,,,220.99,,,,660.2,,,,,,,,,,,1584.7,,,,,,0.359,100.000,,,,,,2522.19,,2528.05,2684.45,,,221.16,94.27,,,,,,,,,,,,,0.359,0.000,64,2,2,,,,,,,,217,0,,,,,,,,,44.064,,215.40,215.05,,,,
439.840,12.8,0,0,0,256,0,0,0,0,0,0,0,0,1,0,0,0,0,0,992.1,992.1,1000.0,10.0,0.0,0.0,0.06,1,0,0.996,0.996,0.0,0.0,2.187,0.01,1000.0,1000.0,1000.0,1044.9,1000.0,1013.05,7456.0,36.180,501.2,0.0,10.0,1710.3,0.03061,0.00,0.00,1.00144,1.00144,261.66,4,48.0,22.3300,-0.1600,0.0,59.2,0.3005,22.0000,14.3,14.3,14.3,12.8,14.3,14.3,12.8,2.3,0.00,0.00009,0,0,0,1,98,98,98,98,3.940,0.300,3.944,2.963,3.947,992.1,1000.0,1000.0,992.1,1000.0,0.0,18.74,2.954,0.0,0.0,0.0,-1.5,0.0,19.750,16.078,0.0,0.0,0.7734,39.680,33.255,33.255,39.680,4.385,0.000,0.7813,0.7813,0.0000,1429.2,0.94788,0.101699,64,44.780,1044.9,0.0,1000.0,1000.0,220.57,237.54,586.4,0.99942,1535.98,400.01,0.99939,220.57,400.01,237.52,237.52,660.4,-200.0,89.5,85.49,85.498,2228.6,950.0,750.0,1161.3,347.11,0.0,1586.5,58.778,0.0,0,992.1,992.1,0.359,100.000,923.16,0,2.1737,0.906,1013.16,2523.44,90.00,2527.03,2684.77,2684.45,79.45,221.11,94.03,361.50,390.75,100.0,0,37.96,38.3,94.5,57.0,36,0,94.35,21.0,0.359,0.000,64,2,2,992.1,1044.9,992.1,992.1,1000.0,1044.9,585.3,217,0,58.647,58.794,1000.0,2000.0,61.514,99.107,100.000,58.469,44.765,12.6,215.83,215.66,214.71,215.32,0.0,0.51
439.848,,0,0,0,256,0,0,0,0,0,0,0,0,1,0,0,0,0,0,,,,,,,,,,,,,,,,,,,,,,7472.0,,,,,1710.3,,,,1.00144,1.00144,262.27,,,22.1780,,0.0,,0.3190,22.0000,14.3,14.3,14.3,12.8,14.3,14.3,,,,,,,,,,,,,3.940,0.300,3.944,2.963,3.947,,,,,,,,2.961,0.0,0.0,0.0,-1.5,0.0,19.531,16.188,,0.0,0.7756,39.635,33.315,33.315,39.635,4.385,0.000,,,,,0.94745,,64,,,,,,221.16,,,,,,,221.16,,,,660.4,,,,,,,,,,,1585.0,,,,,,0.359,100.000,,,,,,2524.84,,2531.25,2684.22,,,221.11,94.27,,,,,,,,,,,,,0.359,0.000,64,2,2,,,,,,,,217,0,,,,,,,,,44.064,,215.83,215.66,,,,
439.858,,0,0,0,256,0,0,0,0,0,0,0,0,1,0,0,0,0,0,,,,,,,,,,,,,,,,,,,,,,7470.0,,,,,1722.8,,,,1.00144,1.00144,262.13,,,22.1980,,0.0,,0.3165,22.0000,14.3,14.3,14.3,12.8,14.3,14.3,,,,,,,,,,,,,3.950,0.300,3.944,2.963,3.950,,,,,,,,2.960,0.0,0.0,0.0,-1.5,0.0,19.141,16.406,,0.0,0.7737,39.695,33.285,33.285,39.695,4.385,0.000,,,,,0.94760,,64,,,,,,220.97,,,,,,,220.97,,,,660.6,,,,,,,,,,,1576.2,,,,,,0.359,100.000,,,,,,2522.97,,2527.03,2684.53,,,221.67,94.22,,,,,,,,,,,,,0.359,0.000,64,2,2,,,,,,,,217,0,,,,,,,,,44.019,,215.40,215.56,,,,
439.868,,0,0,0,256,0,0,0,0,0,0,0,0,1,0,0,0,0,0,,,,,,,,,,,,,,,,,,,,,,7481.5,,,,,1722.8,,,,1.00144,1.00144,261.84,,,22.3780,,0.0,,0.2930,22.0000,14.3,14.3,14.3,12.8,14.3,14.3,,,,,,,,,,,,,3.950,0.300,3.944,2.963,3.943,,,,,,,,2.957,0.0,0.0,0.0,-1.5,0.0,19.094,16.063,,0.0,0.7776,39.665,33.300,33.300,39.665,4.385,0.000,,,,,0.94706,,64,,,,,,220.83,,,,,,,220.83,,,,660.6,,,,,,,,,,,1583.8,,,,,,0.359,100.000,,,,,,2523.05,,2527.03,2684.45,,,221.67,94.13,,,,,,,,,,,,,0.359,0.000,64,2,2,,,,,,,,217,0,,,,,,,,,44.080,,215.40,215.56,,,,
439.878,,0,0,0,256,0,0,0,0,0,0,0,0,1,0,0,0,0,0,,,,,,,,,,,,,,,,,,,,,,7453.5,,,,,1713.2,,,,1.00144,1.00144,261.33,,,22.3480,,0.0,,0.2965,22.0000,14.3,14.3,14.3,12.8,14.3,14.3,,,,,,,,,,,,,3.934,0.300,3.944,2.963,3.943,,,,,,,,2.949,0.0,0.0,0.0,-1.5,0.0,18.609,16.266,,0.0,0.7786,39.680,33.300,33.300,39.680,4.385,0.000,,,,,0.94739,,64,,,,,,220.38,,,,,,,220.38,,,,660.1,,,,,,,,,,,1576.7,,,,,,0.359,100.000,,,,,,2521.56,,2528.05,2684.61,,,220.34,93.89,,,,,,,,,,,,,0.359,0.000,64,2,2,,,,,,,,217,0,,,,,,,,,44.049,,216.26,215.83,,,,
439.888,,0,0,0,256,0,0,0,0,0,0,0,0,1,0,0,0,0,0,,,,,,,,,,,,,,,,,,,,,,7449.0,,,,,1713.2,,,,1.00144,1.00144,261.75,,,22.2360,,0.0,,0.3100,22.0000,14.3,14.3,14.3,12.8,14.3,12.8,,,,,,,,,,,,,3.936,0.300,3.944,2.963,3.940,,,,,,,,2.956,0.0,0.0,0.0,-1.5,0.0,18.422,16.094,,0.0,0.7771,39.680,33.305,33.305,39.680,4.385,0.000,,,,,0.94739,,64,,,,,,220.78,,,,,,,220.78,,,,660.1,,,,,,,,,,,1572.0,,,,,,0.359,100.000,,,,,,2520.55,,2525.94,2684.30,,,220.34,94.08,,,,,,,,,,,,,0.359,0.000,64,2,2,,,,,,,,217,0,,,,,,,,,44.064,,216.26,215.83,,,,
439.898,,0,0,0,256,0,0,0,0,0,0,0,0,1,0,0,0,0,0,,,,,,,,,,,,,,,,,,,,,,7456.0,,,,,1706.7,,,,1.00144,1.00144,261.19,,,22.2160,,0.0,,0.3120,22.0000,14.3,14.3,14.3,12.8,14.3,14.3,,,,,,,,,,,,,3.936,0.300,3.944,2.963,3.940,,,,,,,,2.948,0.0,0.0,0.0,-1.5,0.0,18.141,16.156,,0.0,0.7783,39.685,33.290,33.290,39.685,4.385,0.000,,,,,0.94712,,64,,,,,,220.31,,,,,,,220.31,,,,660.5,,,,,,,,,,,1578.3,,,,,,0.359,100.000,,,,,,2520.94,,2529.14,2684.30,,,220.59,93.84,,,,,,,,,,,,,0.359,0.000,64,2,2,,,,,,,,217,0,,,,,,,,,44.064,,215.90,216.26,,,,
439.907,,0,0,0,256,0,0,0,0,0,0,0,0,1,0,0,0,0,0,,,,,,,,,,,,,,,,,,,,,,7451.5,,,,,1706.7,,,,1.00144,1.00144,261.05,,,22.1120,,0.0,,0.3250,22.0000,14.3,14.3,14.3,12.8,14.3,14.3,,,,,,,,,,,,,3.928,0.300,3.944,2.963,3.929,,,,,,,,2.946,0.0,0.0,0.0,-1.5,0.0,17.797,16.344,,0.0,0.7744,39.670,33.290,33.290,39.670,4.385,0.000,,,,,0.94712,,64,,,,,,220.27,,,,,,,220.27,,,,660.5,,,,,,,,,,,1566.8,,,,,,0.359,100.000,,,,,,2518.28,,2527.03,2684.53,,,220.59,93.80,,,,,,,,,,,,,0.359,0.000,64,2,2,,,,,,,,217,0,,,,,,,,,44.069,,215.90,216.26,,,,
439.922,,0,0,0,256,0,0,0,0,0,0,0,0,1,0,0,0,0,0,,,,,,,,,,,,,,,,,,,,,,7474.5,,,,,1708.4,,,,1.00144,1.00144,260.16,,,22.1220,,0.0,,0.3230,22.0000,14.3,14.3,14.3,12.8,14.3,14.3,,,,,,,,,,,,,3.925,0.300,3.944,2.963,3.934,,,,,,,,2.938,0.0,0.0,0.0,-1.5,0.0,17.891,15.953,,0.0,0.7759,39.670,33.300,33.300,39.670,4.385,0.000,,,,,0.94635,,64,,,,,,219.68,,,,,,,219.68,,,,660.4,,,,,,,,,,,1579.8,,,,,,0.359,100.000,,,,,,2518.59,,2522.81,2684.53,,,221.44,93.52,,,,,,,,,,,,,0.359,0.000,64,2,2,,,,,,,,217,0,,,,,,,,,44.054,,216.08,215.83,,,,
439.941,14.3,0,0,0,256,0,0,0,0,0,0,0,0,1,0,0,0,0,0,992.1,992.1,1000.0,10.0,0.0,0.0,0.06,1,0,0.996,0.996,0.0,0.0,2.125,0.00,1000.0,1000.0,1000.0,1044.9,1000.0,1013.36,7484.0,34.740,500.4,0.0,10.0,1719.0,0.03061,0.00,0.00,1.00144,1.00144,260.77,4,48.0,22.0660,-0.1780,0.0,59.0,0.3295,22.0000,14.3,14.3,14.3,12.8,14.3,14.3,14.3,2.3,0.00,0.00009,0,0,0,1,98,98,98,98,3.931,0.300,3.925,2.936,3.939,992.1,1000.0,1000.0,992.1,1000.0,0.0,18.74,2.943,0.0,0.0,0.0,-1.5,0.0,17.719,15.891,0.0,0.0,0.7781,39.680,33.300,33.300,39.680,4.385,0.000,0.7813,0.7813,0.0000,1431.6,0.94648,0.101694,64,44.065,1044.9,0.0,1000.0,1000.0,220.15,237.54,585.2,0.99942,1535.98,400.01,0.99939,220.15,400.01,237.52,237.52,659.8,-200.0,89.6,85.49,85.498,2225.5,950.0,750.0,1164.0,347.58,0.0,1580.8,58.604,0.0,0,992.1,992.1,0.359,100.000,923.16,0,2.1722,0.910,1013.16,2518.59,90.00,2524.92,2685.00,2684.22,79.45,221.48,93.70,361.50,390.75,100.0,0,38.05,38.3,94.5,57.0,36,0,94.35,21.0,0.359,0.000,64,2,2,992.1,1044.9,992.1,992.1,1000.0,1044.9,585.6,217,0,58.525,58.673,1000.0,2000.0,61.507,99.107,100.000,58.499,44.064,12.7,216.26,216.33,215.74,215.56,0.0,0.19
439.948,,0,0,0,256,0,0,0,0,0,0,0,0,1,0,0,0,0,0,,,,,,,,,,,,,,,,,,,,,,7491.0,,,,,1719.0,,,,1.00144,1.00144,261.00,,,22.0080,,0.0,,0.3370,22.0000,14.3,14.3,14.3,12.8,14.3,14.3,,,,,,,,,,,,,3.931,0.300,3.925,2.936,3.930,,,,,,,,2.946,0.0,0.0,0.0,-1.5,0.0,17.844,15.531,,0.0,0.7822,39.680,33.325,33.325,39.680,4.385,0.000,,,,,0.94648,,64,,,,,,220.31,,,,,,,220.31,,,,659.8,,,,,,,,,,,1586.3,,,,,,0.359,100.000,,,,,,2520.23,,2529.14,2684.22,,,221.48,93.80,,,,,,,,,,,,,0.359,0.000,64,2,2,,,,,,,,217,0,,,,,,,,,44.064,,216.26,216.33,,,,
439.958,,0,0,0,256,0,0,0,0,0,0,0,0,1,0,0,0,0,0,,,,,,,,,,,,,,,,,,,,,,7488.5,,,,,1716.9,,,,1.00144,1.00144,262.17,,,22.3300,,0.0,,0.2960,22.0000,14.3,14.3,14.3,12.8,14.3,14.3,,,,,,,,,,,,,3.934,0.300,3.925,2.936,3.930,,,,,,,,2.960,0.0,0.0,0.0,-1.5,0.0,17.641,15.797,,0.0,0.7800,39.705,33.285,33.285,39.705,4.385,0.000,,,,,0.94699,,64,,,,,,221.13,,,,,,,221.13,,,,660.4,,,,,,,,,,,1581.9,,,,,,0.359,100.000,,,,,,2519.92,,2530.16,2684.53,,,221.04,94.22,,,,,,,,,,,,,0.359,0.000,64,2,2,,,,,,,,217,0,,,,,,,,,44.064,,216.08,216.17,,,,
439.968,,0,0,0,256,0,0,0,0,0,0,0,0,1,0,0,0,0,0,,,,,,,,,,,,,,,,,,,,,,7484.0,,,,,1716.9,,,,1.00144,1.00144,262.08,,,22.2540,,0.0,,0.3050,22.0000,14.3,14.3,14.3,12.8,14.3,12.8,,,,,,,,,,,,,3.961,0.300,3.925,2.936,3.961,,,,,,,,2.959,0.0,0.0,0.0,-1.5,0.0,17.719,15.719,,0.0,0.7783,39.665,33.300,33.300,39.665,4.385,0.000,,,,,0.94672,,64,,,,,,221.11,,,,,,,221.11,,,,660.4,,,,,,,,,,,1586.6,,,,,,0.359,100.000,,,,,,2519.69,,2525.94,2685.31,,,221.04,94.17,,,,,,,,,,,,,0.359,0.000,64,2,2,,,,,,,,217,0,,,,,,,,,44.089,,216.08,216.17,,,,
439.977,,0,0,0,256,0,0,0,0,0,0,0,0,1,0,0,0,0,0,,,,,,,,,,,,,,,,,,,,,,7488.5,,,,,1716.3,,,,1.00144,1.00144,261.61,,,22.2540,,0.0,,0.3045,22.0000,14.3,14.3,14.3,12.8,14.3,14.3,,,,,,,,,,,,,3.961,0.300,3.925,2.936,3.961,,,,,,,,2.953,0.0,0.0,0.0,-1.5,0.0,17.781,15.844,,0.0,0.7808,39.680,33.345,33.345,39.680,4.385,0.000,,,,,0.94638,,64,,,,,,220.78,,,,,,,220.78,,,,660.2,,,,,,,,,,,1595.5,,,,,,0.359,100.000,,,,,,2521.88,,2531.25,2685.31,,,220.62,93.98,,,,,,,,,,,,,0.359,0.000,64,2,2,,,,,,,,217,0,,,,,,,,,44.049,,216.93,216.60,,,,
439.987,,0,0,0,256,0,0,0,0,0,0,0,0,1,0,0,0,0,0,,,,,,,,,,,,,,,,,,,,,,7479.0,,,,,1716.3,,,,1.00144,1.00144,261.56,,,22.2920,,0.0,,0.2995,22.0000,14.3,14.3,14.3,12.8,14.3,14.3,,,,,,,,,,,,,3.938,0.300,3.925,2.936,3.938,,,,,,,,2.950,0.0,0.0,0.0,-1.5,0.0,17.703,16.078,,0.0,0.7786,39.725,33.345,33.345,39.725,4.385,0.000,,,,,0.94666,,64,,,,,,220.69,,,,,,,220.69,,,,660.2,,,,,,,,,,,1576.2,,,,,,0.359,100.000,,,,,,2519.38,,2525.94,2684.77,,,220.62,93.94,,,,,,,,,,,,,0.359,0.000,64,2,2,,,,,,,,217,0,,,,,,,,,44.064,,216.93,216.60,,,,
439.997,,0,0,0,256,0,0,0,0,0,0,0,0,1,0,0,0,0,0,,,,,,,,,,,,,,,,,,,,,,7488.5,,,,,1716.8,,,,1.00144,1.00144,260.95,,,22.2740,,0.0,,0.3010,22.0000,14.3,14.3,14.3,12.8,14.3,14.3,,,,,,,,,,,,,3.924,0.300,3.925,2.936,3.930,,,,,,,,2.945,0.0,0.0,0.0,-1.5,0.0,17.984,15.750,,0.0,0.7810,39.725,33.315,33.315,39.725,4.385,0.000,,,,,0.94629,,64,,,,,,220.24,,,,,,,220.24,,,,659.7,,,,,,,,,,,1589.1,,,,,,0.359,100.000,,,,,,2520.94,,2529.14,2685.31,,,221.77,93.75,,,,,,,,,,,,,0.359,0.000,64,2,2,,,,,,,,217,0,,,,,,,,,44.109,,216.33,216.86,,,,
440.007,,0,0,0,256,0,0,0,0,0,0,0,0,1,0,0,0,0,0,,,,,,,,,,,,,,,,,,,,,,7491.0,,,,,1716.8,,,,1.00144,1.00144,261.84,,,22.4620,,0.0,,0.2765,22.0000,14.3,14.3,14.3,12.8,14.3,14.3,,,,,,,,,,,,,3.924,0.300,3.925,2.936,3.930,,,,,,,,2.956,0.0,0.0,0.0,-1.5,0.0,18.047,15.859,,0.0,0.7795,39.695,33.345,33.345,39.695,4.385,0.000,,,,,0.94657,,64,,,,,,220.92,,,,,,,220.92,,,,659.7,,,,,,,,,,,1583.4,,,,,,0.359,100.000,,,,,,2521.25,,2532.27,2684.45,,,221.77,94.08,,,,,,,,,,,,,0.359,0.000,64,2,2,,,,,,,,217,0,,,,,,,,,44.109,,216.33,216.86,,,,
440.022,,0,0,0,256,0,0,0,0,0,0,0,0,1,0,0,0,0,0,,,,,,,,,,,,,,,,,,,,,,7486.0,,,,,1726.1,,,,1.00144,1.00144,261.61,,,22.3300,,0.0,,0.2920,22.0000,14.3,14.3,14.3,12.8,14.3,14.3,,,,,,,,,,,,,3.938,0.300,3.925,2.936,3.939,,,,,,,,2.957,0.0,0.0,0.0,-1.5,0.0,18.156,15.734,,0.0,0.7751,39.725,33.300,33.300,39.725,4.385,0.000,,,,,0.94638,,64,,,,,,220.76,,,,,,,220.76,,,,660.1,,,,,,,,,,,1585.4,,,,,,0.359,100.000,,,,,,2520.70,,2522.81,2685.47,,,221.63,93.98,,,,,,,,,,,,,0.359,0.000,64,2,2,,,,,,,,217,0,,,,,,,,,44.080,,216.86,216.51,,,,
440.032,,0,0,0,256,0,0,0,0,0,0,0,0,1,0,0,0,0,0,,,,,,,,,,,,,,,,,,,,,,7507.5,,,,,1726.1,,,,1.00144,1.00144,261.70,,,22.2060,,0.0,,0.3075,22.0000,14.3,14.3,14.3,12.8,14.3,14.3,,,,,,,,,,,,,3.938,0.300,3.938,2.957,3.937,,,,,,,,2.958,0.0,0.0,0.0,-1.5,0.0,18.500,15.469,,0.0,0.7759,39.680,33.350,33.350,39.680,4.385,0.000,,,,,0.94559,,64,,,,,,221.04,,,,,,,221.04,,,,660.1,,,,,,,,,,,1593.6,,,,,,0.359,100.000,,,,,,2522.42,,2527.03,2685.47,,,221.63,94.03,,,,,,,,,,,,,0.359,0.000,64,2,2,,,,,,,,217,0,,,,,,,,,44.109,,216.86,216.51,,,,
440.044,,0,0,0,256,0,0,0,0,0,0,0,0,1,0,0,0,0,0,,,,,,,,,,,,,,,,,,,,,,7495.5,,,,,1726.1,,,,1.00144,1.00144,261.61,,,22.1220,,0.0,,0.3175,22.0000,14.3,14.3,14.3,12.8,14.3,14.3,,,,,,,,,,,,,3.935,0.300,3.938,2.957,3.937,,,,,,,,2.953,0.0,0.0,0.0,-1.5,0.0,18.500,15.766,,0.0,0.7756,39.730,33.350,33.350,39.730,4.385,0.000,,,,,0.94556,,64,,,,,,220.95,,,,,,,220.95,,,,660.7,,,,,,,,,,,1590.4,,,,,,0.359,100.000,,,,,,2521.48,,2533.36,2685.23,,,221.53,93.98,,,,,,,,,,,,,0.359,0.000,64,2,2,,,,,,,,217,0,,,,,,,,,44.064,,217.12,217.12,,,,
440.057,14.3,0,0,0,256,0,0,0,0,0,0,0,0,1,0,0,0,0,0,992.1,992.1,1000.0,10.0,0.0,0.0,0.03,1,0,0.996,0.996,0.0,0.0,2.093,0.01,1000.0,1000.0,1000.0,1044.9,1000.0,1013.76,7507.5,34.740,497.9,0.0,10.0,1725.6,0.03061,0.00,0.00,1.00144,1.00144,261.75,4,48.0,22.3200,-0.0080,0.0,59.2,0.2920,22.0000,14.3,14.3,14.3,12.8,14.3,14.3,14.3,2.3,0.00,0.00009,0,0,0,1,98,98,98,98,3.951,0.300,3.938,2.957,3.952,992.1,1000.0,1000.0,992.1,1000.0,0.0,18.74,2.954,0.0,0.0,0.0,-1.5,0.0,18.750,15.875,0.0,0.0,0.7786,39.720,33.340,33.340,39.720,3.735,0.000,0.7813,0.7813,0.0000,1428.5,0.94516,0.101676,64,44.065,1044.9,0.0,1000.0,1000.0,221.13,237.59,584.6,0.99942,1535.98,400.01,0.99939,221.13,400.01,237.56,237.56,660.1,-200.0,90.2,85.49,85.498,2230.3,950.0,750.0,1168.6,345.94,0.0,1597.9,58.670,0.0,0,992.1,992.1,0.359,100.000,923.16,0,2.1700,0.914,1013.16,2522.34,90.00,2535.47,2684.45,2684.22,79.17,221.86,94.03,361.50,390.75,100.0,0,38.15,38.3,94.5,57.0,36,0,95.43,21.0,0.359,0.000,64,2,2,992.1,1044.9,992.1,992.1,1000.0,1044.9,584.6,217,0,58.466,58.612,1000.0,2000.0,61.514,99.107,100.000,58.400,44.115,12.6,216.76,216.93,216.00,216.08,0.0,0.51
440.068,,0,0,0,256,0,0,0,0,0,0,0,0,1,0,0,0,0,0,,,,,,,,,,,,,,,,,,,,,,7505.0,,,,,1725.6,,,,1.00144,1.00144,261.80,,,22.3300,,0.0,,0.2900,22.0000,14.3,14.3,14.3,12.8,14.3,14.3,,,,,,,,,,,,,3.941,0.300,3.938,2.957,3.941,,,,,,,,2.954,0.0,0.0,0.0,-1.5,0.0,18.656,16.094,,0.0,0.7754,39.720,33.300,33.300,39.720,4.385,0.000,,,,,0.94538,,64,,,,,,221.23,,,,,,,221.23,,,,660.1,,,,,,,,,,,1588.1,,,,,,0.359,100.000,,,,,,2521.17,,2525.94,2684.06,,,221.86,94.03,,,,,,,,,,,,,0.359,0.000,64,2,2,,,,,,,,217,0,,,,,,,,,43.454,,216.76,216.93,,,,
440.077,,0,0,0,256,0,0,0,0,0,0,0,0,1,0,0,0,0,0,,,,,,,,,,,,,,,,,,,,,,7526.0,,,,,1726.0,,,,1.00144,1.00144,261.66,,,22.2360,,0.0,,0.3015,22.0000,14.3,14.3,14.3,12.8,14.3,14.3,,,,,,,,,,,,,3.941,0.300,3.938,2.957,3.936,,,,,,,,2.953,0.0,0.0,0.0,-1.5,0.0,18.953,15.781,,0.0,0.7800,39.680,33.275,33.275,39.680,4.385,0.000,,,,,0.94486,,64,,,,,,221.18,,,,,,,221.18,,,,660.4,,,,,,,,,,,1601.0,,,,,,0.359,100.000,,,,,,2522.97,,2530.16,2684.06,,,221.79,93.98,,,,,,,,,,,,,0.359,0.000,64,2,2,,,,,,,,217,0,,,,,,,,,44.104,,216.93,217.29,,,,
440.088,,0,0,0,256,0,0,0,0,0,0,0,0,1,0,0,0,0,0,,,,,,,,,,,,,,,,,,,,,,7519.0,,,,,1726.0,,,,1.00144,1.00144,262.13,,,22.0840,,0.0,,0.3200,22.0000,14.3,14.3,14.3,12.8,14.3,14.3,,,,,,,,,,,,,3.929,0.300,3.938,2.957,3.936,,,,,,,,2.959,0.0,0.0,0.0,-1.5,0.0,19.078,15.938,,0.0,0.7798,39.655,33.275,33.275,39.655,4.385,0.000,,,,,0.94532,,64,,,,,,221.44,,,,,,,221.44,,,,660.4,,,,,,,,,,,1593.4,,,,,,0.359,100.000,,,,,,2523.05,,2536.48,2684.06,,,221.79,94.17,,,,,,,,,,,,,0.359,0.000,64,2,2,,,,,,,,217,0,,,,,,,,,44.064,,216.93,217.29,,,,
440.098,,0,0,0,256,0,0,0,0,0,0,0,0,1,0,0,0,0,0,,,,,,,,,,,,,,,,,,,,,,7514.5,,,,,1736.8,,,,1.00144,1.00144,261.75,,,22.1700,,0.0,,0.3090,22.0000,14.3,14.3,14.3,12.8,14.3,14.3,,,,,,,,,,,,,3.956,0.300,3.938,2.957,3.943,,,,,,,,2.954,0.0,0.0,0.0,-1.5,0.0,19.297,15.906,,0.0,0.7764,39.655,33.275,33.275,39.655,4.385,0.000,,,,,0.94523,,64,,,,,,221.11,,,,,,,221.11,,,,660.7,,,,,,,,,,,1598.3,,,,,,0.359,100.000,,,,,,2521.72,,2529.14,2684.06,,,222.73,94.03,,,,,,,,,,,,,0.359,0.000,64,2,2,,,,,,,,217,0,,,,,,,,,44.040,,217.12,217.56,,,,
440.107,,0,0,0,256,0,0,0,0,0,0,0,0,1,0,0,0,0,0,,,,,,,,,,,,,,,,,,,,,,7531.0,,,,,1736.8,,,,1.00144,1.00144,261.84,,,22.3200,,0.0,,0.2895,22.0000,14.3,14.3,14.3,12.8,14.3,14.3,,,,,,,,,,,,,3.956,0.300,3.938,2.957,3.952,,,,,,,,2.954,0.0,0.0,0.0,-1.5,0.0,19.609,15.625,,0.0,0.7776,39.655,33.275,33.275,39.655,4.385,0.000,,,,,0.94474,,64,,,,,,221.34,,,,,,,221.34,,,,660.7,,,,,,,,,,,1602.8,,,,,,0.359,100.000,,,,,,2523.83,,2533.36,2684.38,,,222.73,94.03,,,,,,,,,,,,,0.359,0.000,64,2,2,,,,,,,,217,0,,,,,,,,,44.040,,217.12,217.56,,,,
440.121,,0,0,0,256,0,0,0,0,0,0,0,0,1,0,0,0,0,0,,,,,,,,,,,,,,,,,,,,,,7507.5,,,,,1732.0,,,,1.00144,1.00144,261.75,,,22.1500,,0.0,,0.3105,22.0000,14.3,14.3,14.3,12.8,14.3,14.3,,,,,,,,,,,,,3.952,0.300,3.938,2.957,3.952,,,,,,,,2.954,0.0,0.0,0.0,-1.5,0.0,19.547,15.906,,0.0,0.7742,39.655,33.295,33.295,39.655,4.385,0.000,,,,,0.94471,,64,,,,,,221.25,,,,,,,221.25,,,,660.3,,,,,,,,,,,1593.9,,,,,,0.359,100.000,,,,,,2522.19,,2534.38,2684.84,,,222.07,94.03,,,,,,,,,,,,,0.359,0.000,64,2,2,,,,,,,,217,0,,,,,,,,,44.040,,217.46,217.19,,,,
440.131,,0,0,0,256,0,0,0,0,0,0,0,0,1,0,0,0,0,0,,,,,,,,,,,,,,,,,,,,,,7521.5,,,,,1732.0,,,,1.00144,1.00144,262.08,,,22.1040,,0.0,,0.3160,22.0000,14.3,14.3,14.3,12.8,14.3,12.8,,,,,,,,,,,,,3.942,0.300,3.944,2.959,3.942,,,,,,,,2.957,0.0,0.0,0.0,-1.5,0.0,19.625,15.797,,0.0,0.7769,39.675,33.320,33.320,39.675,4.385,0.000,,,,,0.94416,,64,,,,,,221.72,,,,,,,221.72,,,,660.3,,,,,,,,,,,1599.6,,,,,,0.359,100.000,,,,,,2522.66,,2530.16,2684.77,,,222.07,94.13,,,,,,,,,,,,,0.359,0.000,64,2,2,,,,,,,,217,0,,,,,,,,,44.040,,217.46,217.19,,,,
440.142,,0,0,0,256,0,0,0,0,0,0,0,0,1,0,0,0,0,0,,,,,,,,,,,,,,,,,,,,,,7523.5,,,,,1729.4,,,,1.00144,1.00144,261.52,,,22.0560,,0.0,,0.3220,22.0000,14.3,14.3,14.3,12.8,14.3,14.3,,,,,,,,,,,,,3.942,0.300,3.944,2.959,3.942,,,,,,,,2.950,0.0,0.0,0.0,-1.5,0.0,19.656,16.000,,0.0,0.7795,39.700,33.315,33.315,39.700,3.735,0.000,,,,,0.94428,,64,,,,,,221.20,,,,,,,221.20,,,,660.4,,,,,,,,,,,1600.1,,,,,,0.359,100.000,,,,,,2522.97,,2538.59,2685.86,,,222.00,93.94,,,,,,,,,,,,,0.359,0.000,64,2,2,,,,,,,,217,0,,,,,,,,,44.060,,217.71,217.71,,,,
440.157,14.3,0,0,0,256,0,0,0,0,0,0,0,0,1,0,0,0,0,0,992.0,992.0,1000.0,10.0,0.0,0.0,0.06,1,0,0.996,0.996,0.0,0.0,2.062,0.00,1000.0,1000.0,1000.0,1044.8,1000.0,1013.36,7535.5,34.740,500.4,0.0,10.0,1732.7,0.03061,0.00,0.00,1.00144,1.00144,261.09,4,48.0,22.0460,-0.3200,0.0,58.5,0.3230,22.0000,14.3,14.3,14.3,12.8,14.3,14.3,14.3,2.3,0.00,0.00009,0,0,0,1,98,98,98,98,3.951,0.300,3.944,2.959,3.953,992.0,1000.0,1000.0,992.0,1000.0,0.0,18.74,2.946,0.0,0.0,0.0,-1.5,0.0,19.750,16.016,0.0,0.0,0.7769,39.755,33.350,33.350,39.755,4.385,0.000,0.7813,0.7813,0.0000,1436.2,0.94391,0.101658,64,44.115,1044.8,0.0,1000.0,1000.0,220.92,237.59,585.9,0.99942,1535.98,400.01,0.99939,220.92,400.01,237.56,237.56,661.0,-200.0,89.9,85.49,85.498,2244.5,950.0,750.0,1171.3,346.05,0.0,1597.0,58.736,0.0,0,992.0,992.0,0.359,100.000,923.16,0,2.1700,0.918,1013.16,2522.34,90.00,2533.36,2684.38,2684.45,79.45,222.38,93.80,361.50,390.75,100.0,0,38.24,38.3,95.3,57.0,36,0,95.43,21.0,0.359,0.000,64,2,2,992.0,1044.9,992.0,992.0,1000.0,1044.9,587.0,217,0,58.600,58.748,1000.0,2000.0,61.528,99.098,100.000,58.640,44.080,12.6,217.46,217.71,216.93,217.29,0.0,0.53
440.168,,0,0,0,256,0,0,0,0,0,0,0,0,1,0,0,0,0,0,,,,,,,,,,,,,,,,,,,,,,7542.5,,,,,1732.7,,,,1.00144,1.00144,261.19,,,22.0000,,0.0,,0.3290,22.0000,14.3,14.3,14.3,12.8,14.3,14.3,,,,,,,,,,,,,3.944,0.300,3.944,2.959,3.953,,,,,,,,2.948,0.0,0.0,0.0,-1.5,0.0,19.781,16.203,,0.0,0.7764,39.730,33.295,33.295,39.730,4.385,0.000,,,,,0.94382,,64,,,,,,221.04,,,,,,,221.04,,,,661.0,,,,,,,,,,,1596.4,,,,,,0.359,100.000,,,,,,2523.44,,2535.47,2683.98,,,222.38,93.84,,,,,,,,,,,,,0.359,0.000,64,2,2,,,,,,,,217,0,,,,,,,,,44.139,,217.46,217.71,,,,
440.178,,0,0,0,256,0,0,0,0,0,0,0,0,1,0,0,0,0,0,,,,,,,,,,,,,,,,,,,,,,7538.0,,,,,1736.4,,,,1.00144,1.00144,260.53,,,21.9140,,0.0,,0.3395,22.0000,14.3,14.3,14.3,12.8,14.3,14.3,,,,,,,,,,,,,3.954,0.300,3.944,2.959,3.956,,,,,,,,2.940,0.0,0.0,0.0,-1.5,0.0,19.875,16.125,,0.0,0.7734,39.675,33.275,33.275,39.675,4.385,0.000,,,,,0.94367,,64,,,,,,220.57,,,,,,,220.57,,,,660.7,,,,,,,,,,,1598.4,,,,,,0.359,100.000,,,,,,2522.27,,2523.91,2683.91,,,221.86,93.61,,,,,,,,,,,,,0.359,0.000,64,2,2,,,,,,,,217,0,,,,,,,,,44.115,,218.33,217.98,,,,
440.189,,0,0,0,256,0,0,0,0,0,0,0,0,1,0,0,0,0,0,,,,,,,,,,,,,,,,,,,,,,7552.0,,,,,1736.4,,,,1.00144,1.00144,260.58,,,22.0000,,0.0,,0.3290,22.0000,14.3,14.3,14.3,12.8,14.3,14.3,,,,,,,,,,,,,3.954,0.300,3.944,2.959,3.945,,,,,,,,2.940,0.0,0.0,0.0,-1.5,0.0,20.078,15.906,,0.0,0.7773,39.655,33.270,33.270,39.655,4.385,0.000,,,,,0.94297,,64,,,,,,220.73,,,,,,,220.73,,,,660.7,,,,,,,,,,,1602.8,,,,,,0.359,100.000,,,,,,2523.75,,2533.36,2683.98,,,221.86,93.61,,,,,,,,,,,,,0.359,0.000,64,2,2,,,,,,,,217,0,,,,,,,,,44.060,,218.33,217.98,,,,
440.197,,0,0,0,256,0,0,0,0,0,0,0,0,1,0,0,0,0,0,,,,,,,,,,,,,,,,,,,,,,7521.5,,,,,1732.6,,,,1.00144,1.00144,260.63,,,22.1400,,0.0,,0.3115,22.0000,14.3,14.3,14.3,12.8,14.3,14.3,,,,,,,,,,,,,3.945,0.300,3.944,2.959,3.945,,,,,,,,2.940,0.0,0.0,0.0,-1.5,0.0,19.828,16.203,,0.0,0.7744,39.650,33.275,33.275,39.650,3.735,0.000,,,,,0.94333,,64,,,,,,220.66,,,,,,,220.66,,,,660.4,,,,,,,,,,,1593.5,,,,,,0.359,100.000,,,,,,2522.34,,2538.59,2684.14,,,221.16,93.61,,,,,,,,,,,,,0.359,0.000,64,2,2,,,,,,,,217,0,,,,,,,,,44.040,,217.71,218.25,,,,
440.208,,0,0,0,256,0,0,0,0,0,0,0,0,1,0,0,0,0,0,,,,,,,,,,,,,,,,,,,,,,7542.5,,,,,1732.6,,,,1.00144,1.00144,261.00,,,22.2160,,0.0,,0.3015,22.0000,14.3,14.3,14.3,12.8,14.3,12.8,,,,,,,,,,,,,3.951,0.300,3.944,2.959,3.953,,,,,,,,2.945,0.0,0.0,0.0,-1.5,0.0,19.766,16.078,,0.0,0.7761,39.655,33.280,33.280,39.655,4.385,0.000,,,,,0.94269,,64,,,,,,221.16,,,,,,,221.16,,,,660.4,,,,,,,,,,,1602.8,,,,,,0.359,100.000,,,,,,2524.14,,2532.27,2684.45,,,221.16,93.75,,,,,,,,,,,,,0.359,0.000,64,2,2,,,,,,,,217,0,,,,,,,,,43.384,,217.71,218.25,,,,
440.223,,0,0,0,256,0,0,0,0,0,0,0,0,1,0,0,0,0,0,,,,,,,,,,,,,,,,,,,,,,7557.0,,,,,1732.0,,,,1.00144,1.00144,261.09,,,22.3480,,0.0,,0.2845,22.0000,14.3,14.3,14.3,12.8,14.3,14.3,,,,,,,,,,,,,3.951,0.300,3.944,2.959,3.932,,,,,,,,2.946,0.0,0.0,0.0,-1.5,0.0,19.625,16.188,,0.0,0.7769,39.660,33.300,33.300,39.660,3.735,0.000,,,,,0.94266,,64,,,,,,221.16,,,,,,,221.16,,,,660.9,,,,,,,,,,,1609.4,,,,,,0.359,100.000,,,,,,2526.17,,2532.27,2684.77,,,221.60,93.80,,,,,,,,,,,,,0.359,0.000,64,2,2,,,,,,,,217,0,,,,,,,,,44.040,,218.16,217.90,,,,
440.241,14.3,0,0,0,256,0,0,0,0,0,0,0,0,1,0,0,0,0,0,992.1,992.1,1000.0,10.0,0.0,0.0,0.03,1,0,0.996,0.996,0.0,0.0,2.093,0.00,1000.0,1000.0,1000.0,1044.9,1000.0,1013.36,7552.0,34.740,503.3,0.0,10.0,1731.3,0.03061,0.00,0.00,1.00144,1.00144,259.83,4,48.0,22.0740,-0.0460,0.0,59.0,0.3180,22.0000,14.3,14.3,14.3,12.8,14.3,14.3,14.3,2.3,0.00,0.00009,0,0,0,1,98,98,98,98,3.914,0.300,3.930,2.946,3.922,992.1,1000.0,1000.0,992.1,1000.0,0.0,18.74,2.932,0.0,0.0,0.0,-1.5,0.0,19.531,16.219,0.0,0.0,0.7756,39.695,33.325,33.325,39.695,4.385,0.000,0.7813,0.7813,0.0000,1437.8,0.94169,0.101612,64,44.080,1044.9,0.0,1000.0,1000.0,220.29,237.42,585.7,0.99942,1535.98,400.01,0.99939,220.29,400.01,237.40,237.40,660.9,-200.0,89.0,85.49,85.498,2243.5,950.0,750.0,1171.6,346.48,0.0,1602.1,58.829,0.0,0,992.1,992.1,0.359,100.000,923.16,0,2.1746,0.922,1013.16,2523.28,90.00,2530.16,2685.55,2684.38,79.36,221.44,93.33,361.50,390.75,100.0,0,38.45,39.0,95.3,57.0,36,0,95.43,21.0,0.359,0.000,64,2,2,992.1,1044.9,992.1,992.1,1000.0,1044.9,586.2,217,0,58.571,58.719,1000.0,2000.0,61.519,99.107,100.000,58.559,44.765,12.6,217.90,218.41,217.81,218.16,0.0,0.80
440.248,,0,0,0,256,0,0,0,0,0,0,0,0,1,0,0,0,0,0,,,,,,,,,,,,,,,,,,,,,,7564.0,,,,,1731.3,,,,1.00144,1.00144,260.34,,,22.2440,,0.0,,0.2965,22.0000,14.3,14.3,14.3,12.8,14.3,14.3,,,,,,,,,,,,,3.914,0.300,3.930,2.946,3.922,,,,,,,,2.938,0.0,0.0,0.0,-1.5,0.0,19.359,16.344,,0.0,0.7756,39.705,33.355,33.355,39.705,4.385,0.000,,,,,0.94196,,64,,,,,,220.66,,,,,,,220.66,,,,660.9,,,,,,,,,,,1594.0,,,,,,0.359,100.000,,,,,,2523.44,,2535.47,2685.55,,,221.44,93.52,,,,,,,,,,,,,0.359,0.000,64,2,2,,,,,,,,217,0,,,,,,,,,44.080,,217.90,218.41,,,,
440.258,,0,0,0,256,0,0,0,0,0,0,0,0,1,0,0,0,0,0,,,,,,,,,,,,,,,,,,,,,,7547.5,,,,,1738.0,,,,1.00144,1.00144,260.25,,,22.2540,,0.0,,0.2945,22.0000,14.3,14.3,14.3,12.8,14.3,14.3,,,,,,,,,,,,,3.914,0.300,3.930,2.946,3.921,,,,,,,,2.938,0.0,0.0,0.0,-1.5,0.0,19.000,16.594,,0.0,0.7730,39.735,33.355,33.355,39.735,4.385,0.000,,,,,0.94172,,64,,,,,,220.62,,,,,,,220.62,,,,660.9,,,,,,,,,,,1596.8,,,,,,0.359,100.000,,,,,,2522.97,,2531.25,2684.53,,,221.51,93.52,,,,,,,,,,,,,0.359,0.000,64,2,2,,,,,,,,217,0,,,,,,,,,44.089,,218.07,218.41,,,,
440.268,,0,0,0,256,0,0,0,0,0,0,0,0,1,0,0,0,0,0,,,,,,,,,,,,,,,,,,,,,,7566.5,,,,,1738.0,,,,1.00144,1.00144,259.59,,,22.2160,,0.0,,0.2990,22.0000,14.3,14.3,14.3,12.8,14.3,14.3,,,,,,,,,,,,,3.914,0.300,3.930,2.946,3.903,,,,,,,,2.930,0.0,0.0,0.0,-1.5,0.0,19.016,16.266,,0.0,0.7756,39.735,33.300,33.300,39.735,3.735,0.000,,,,,0.94123,,64,,,,,,220.27,,,,,,,220.27,,,,660.9,,,,,,,,,,,1607.3,,,,,,0.359,100.000,,,,,,2524.84,,2532.27,2684.69,,,221.51,93.28,,,,,,,,,,,,,0.359,0.000,64,2,2,,,,,,,,217,0,,,,,,,,,44.119,,218.07,218.41,,,,
440.277,,0,0,0,256,0,0,0,0,0,0,0,0,1,0,0,0,0,0,,,,,,,,,,,,,,,,,,,,,,7542.5,,,,,1730.1,,,,1.00144,1.00144,259.50,,,22.2920,,0.0,,0.2890,22.0000,14.3,14.3,14.3,12.8,14.3,14.3,,,,,,,,,,,,,3.903,0.300,3.930,2.946,3.903,,,,,,,,2.928,0.0,0.0,0.0,-1.5,0.0,18.734,16.531,,0.0,0.7771,39.680,33.310,33.310,39.680,4.385,0.000,,,,,0.94126,,64,,,,,,220.15,,,,,,,220.15,,,,660.6,,,,,,,,,,,1595.8,,,,,,0.359,100.000,,,,,,2523.83,,2534.38,2684.77,,,220.38,93.23,,,,,,,,,,,,,0.359,0.000,64,2,2,,,,,,,,217,0,,,,,,,,,43.469,,218.51,218.69,,,,
440.287,,0,0,0,256,0,0,0,0,0,0,0,0,1,0,0,0,0,0,,,,,,,,,,,,,,,,,,,,,,7559.5,,,,,1730.1,,,,1.00144,1.00144,260.16,,,22.2360,,0.0,,0.2955,22.0000,14.3,14.3,14.3,12.8,14.3,12.8,,,,,,,,,,,,,3.918,0.300,3.930,2.946,3.918,,,,,,,,2.936,0.0,0.0,0.0,-1.5,0.0,18.719,16.453,,0.0,0.7795,39.690,33.315,33.315,39.690,4.385,0.000,,,,,0.94132,,64,,,,,,220.66,,,,,,,220.66,,,,660.6,,,,,,,,,,,1599.0,,,,,,0.359,100.000,,,,,,2524.22,,2529.14,2684.69,,,220.38,93.47,,,,,,,,,,,,,0.359,0.000,64,2,2,,,,,,,,217,0,,,,,,,,,44.064,,218.51,218.69,,,,
440.298,,0,0,0,256,0,0,0,0,0,0,0,0,1,0,0,0,0,0,,,,,,,,,,,,,,,,,,,,,,7569.0,,,,,1731.8,,,,1.00144,1.00144,259.73,,,22.2740,,0.0,,0.2900,22.0000,14.3,14.3,14.3,12.8,14.3,14.3,,,,,,,,,,,,,3.918,0.300,3.930,2.946,3.918,,,,,,,,2.929,0.0,0.0,0.0,-1.5,0.0,18.672,16.609,,0.0,0.7820,39.695,33.310,33.310,39.695,3.735,0.000,,,,,0.94154,,64,,,,,,220.29,,,,,,,220.29,,,,660.5,,,,,,,,,,,1605.2,,,,,,0.359,100.000,,,,,,2525.23,,2537.58,2684.77,,,220.85,93.28,,,,,,,,,,,,,0.359,0.000,64,2,2,,,,,,,,217,0,,,,,,,,,44.074,,218.41,218.41,,,,
440.307,,0,0,0,256,0,0,0,0,0,0,0,0,1,0,0,0,0,0,,,,,,,,,,,,,,,,,,,,,,7566.5,,,,,1731.8,,,,1.00144,1.00144,259.45,,,22.3200,,0.0,,0.2835,22.0000,14.3,14.3,14.3,12.8,14.3,14.3,,,,,,,,,,,,,3.907,0.300,3.930,2.946,3.907,,,,,,,,2.928,0.0,0.0,0.0,-1.5,0.0,18.422,16.859,,0.0,0.7781,39.690,33.315,33.315,39.690,4.385,0.000,,,,,0.94187,,64,,,,,,219.98,,,,,,,219.98,,,,660.5,,,,,,,,,,,1591.4,,,,,,0.359,100.000,,,,,,2523.75,,2534.38,2684.45,,,220.85,93.23,,,,,,,,,,,,,0.359,0.000,64,2,2,,,,,,,,217,0,,,,,,,,,43.430,,218.41,218.41,,,,
440.320,,0,0,0,256,0,0,0,0,0,0,0,0,1,0,0,0,0,0,,,,,,,,,,,,,,,,,,,,,,7571.0,,,,,1733.6,,,,1.00144,1.00144,258.61,,,22.2640,,0.0,,0.2900,22.0000,14.3,14.3,14.3,12.8,14.3,14.3,,,,,,,,,,,,,3.890,0.300,3.930,2.946,3.900,,,,,,,,2.918,0.0,0.0,0.0,-1.5,0.0,18.547,16.484,,0.0,0.7813,39.695,33.300,33.300,39.695,4.385,0.000,,,,,0.94135,,64,,,,,,219.45,,,,,,,219.45,,,,660.4,,,,,,,,,,,1600.2,,,,,,0.359,100.000,,,,,,2522.89,,2528.05,2684.30,,,221.13,92.91,,,,,,,,,,,,,0.359,0.000,64,2,2,,,,,,,,217,0,,,,,,,,,44.074,,219.21,218.85,,,,
440.332,,0,0,0,256,0,0,0,0,0,0,0,0,1,0,0,0,0,0,,,,,,,,,,,,,,,,,,,,,,7576.0,,,,,1733.6,,,,1.00144,1.00144,259.45,,,22.3020,,0.0,,0.2845,22.0000,14.3,14.3,14.3,12.8,14.3,14.3,,,,,,,,,,,,,3.890,0.300,3.890,2.918,3.900,,,,,,,,2.928,0.0,0.0,0.0,-1.5,0.0,18.516,16.594,,0.0,0.7817,39.680,33.290,33.290,39.680,4.385,0.000,,,,,0.94172,,64,,,,,,220.03,,,,,,,220.03,,,,660.4,,,,,,,,,,,1594.2,,,,,,0.359,100.000,,,,,,2523.52,,2532.27,2683.52,,,221.13,93.23,,,,,,,,,,,,,0.359,0.000,64,2,2,,,,,,,,217,0,,,,,,,,,44.080,,219.21,218.85,,,,
440.348,14.3,0,0,0,256,0,0,0,0,0,0,0,0,1,0,0,0,0,0,992.1,992.1,1000.0,10.0,0.0,0.0,0.03,1,0,0.996,0.996,0.0,0.0,2.093,0.00,1000.0,1000.0,1000.0,1044.9,1000.0,1014.15,7578.5,34.740,500.4,0.0,10.0,1734.7,0.03061,0.00,0.00,1.00144,1.00144,259.22,4,48.0,22.0000,-0.2440,0.0,58.4,0.3225,22.0000,14.3,14.3,14.3,12.8,14.3,14.3,14.3,2.3,0.00,0.00009,0,0,0,1,98,98,98,98,3.901,0.300,3.890,2.918,3.899,992.1,1000.0,1000.0,992.1,1000.0,0.0,18.74,2.925,0.0,0.0,0.0,-1.5,0.0,18.719,16.438,0.0,0.0,0.7844,39.630,33.305,33.305,39.630,4.385,0.000,0.7813,0.7813,0.0000,1439.0,0.94150,0.101584,64,44.080,1044.9,0.0,1000.0,1000.0,219.82,237.47,584.3,0.99942,1535.98,400.01,0.99939,219.82,400.01,237.45,237.45,660.1,-200.0,89.1,85.49,85.498,2241.8,950.0,750.0,1174.2,346.91,0.0,1599.9,58.661,0.0,0,992.1,992.1,0.359,100.000,923.16,0,2.1741,0.926,1013.16,2522.50,90.00,2529.14,2683.91,2685.55,79.27,220.71,93.14,361.50,390.75,100.0,0,38.55,39.0,95.3,57.0,36,0,95.43,21.0,0.359,0.000,64,2,2,992.1,1044.9,992.1,992.1,1000.0,1044.9,585.3,217,0,58.440,58.588,1000.0,2000.0,61.494,99.107,100.000,58.469,44.054,12.7,219.32,219.04,218.33,218.33,0.0,0.51
440.357,,0,0,0,256,0,0,0,0,0,0,0,0,1,0,0,0,0,0,,,,,,,,,,,,,,,,,,,,,,7561.5,,,,,1725.9,,,,1.00144,1.00144,258.66,,,22.1120,,0.0,,0.3085,22.0000,14.3,14.3,14.3,12.8,14.3,14.3,,,,,,,,,,,,,3.889,0.300,3.890,2.918,3.899,,,,,,,,2.919,0.0,0.0,0.0,-1.5,0.0,18.750,16.547,,0.0,0.7830,39.685,33.270,33.270,39.685,4.385,0.000,,,,,0.94211,,64,,,,,,219.16,,,,,,,219.16,,,,660.2,,,,,,,,,,,1589.7,,,,,,0.359,100.000,,,,,,2520.47,,2531.25,2684.53,,,219.98,92.95,,,,,,,,,,,,,0.359,0.000,64,2,2,,,,,,,,217,0,,,,,,,,,44.014,,219.12,218.76,,,,
440.368,,0,0,0,256,0,0,0,0,0,0,0,0,1,0,0,0,0,0,,,,,,,,,,,,,,,,,,,,,,7583.0,,,,,1725.9,,,,1.00144,1.00144,259.27,,,22.3020,,0.0,,0.2835,22.0000,14.3,14.3,14.3,12.8,12.8,12.8,,,,,,,,,,,,,3.929,0.300,3.890,2.918,3.928,,,,,,,,2.926,0.0,0.0,0.0,-1.5,0.0,18.859,16.406,,0.0,0.7837,39.650,33.300,33.300,39.650,4.385,0.000,,,,,0.94205,,64,,,,,,219.68,,,,,,,219.68,,,,660.2,,,,,,,,,,,1595.5,,,,,,0.359,100.000,,,,,,2519.69,,2529.14,2685.31,,,219.98,93.19,,,,,,,,,,,,,0.359,0.000,64,2,2,,,,,,,,217,0,,,,,,,,,44.069,,219.12,218.76,,,,
440.378,,0,0,0,256,0,0,0,0,0,0,0,0,1,0,0,0,0,0,,,,,,,,,,,,,,,,,,,,,,7595.0,,,,,1733.1,,,,1.00144,1.00144,259.97,,,22.2820,,0.0,,0.2855,22.0000,14.3,14.3,14.3,12.8,14.3,14.3,,,,,,,,,,,,,3.929,0.300,3.890,2.918,3.902,,,,,,,,2.935,0.0,0.0,0.0,-1.5,0.0,19.078,16.063,,0.0,0.7847,39.680,33.345,33.345,39.680,4.385,0.000,,,,,0.94227,,64,,,,,,220.22,,,,,,,220.22,,,,659.9,,,,,,,,,,,1609.7,,,,,,0.359,100.000,,,,,,2522.50,,2530.16,2684.53,,,220.99,93.42,,,,,,,,,,,,,0.359,0.000,64,2,2,,,,,,,,217,0,,,,,,,,,44.034,,219.48,219.30,,,,
440.388,,0,0,0,256,0,0,0,0,0,0,0,0,1,0,0,0,0,0,,,,,,,,,,,,,,,,,,,,,,7576.0,,,,,1733.1,,,,1.00144,1.00144,260.81,,,22.2060,,0.0,,0.2950,22.0000,14.3,14.3,14.3,12.8,14.3,14.3,,,,,,,,,,,,,3.901,0.300,3.890,2.918,3.902,,,,,,,,2.945,0.0,0.0,0.0,-1.5,0.0,18.906,16.266,,0.0,0.7800,39.725,33.300,33.300,39.725,4.385,0.000,,,,,0.94248,,64,,,,,,220.83,,,,,,,220.83,,,,659.9,,,,,,,,,,,1595.9,,,,,,0.359,100.000,,,,,,2521.80,,2531.25,2684.61,,,220.99,93.75,,,,,,,,,,,,,0.359,0.000,64,2,2,,,,,,,,217,0,,,,,,,,,44.064,,219.48,219.30,,,,
440.397,,0,0,0,256,0,0,0,0,0,0,0,0,1,0,0,0,0,0,,,,,,,,,,,,,,,,,,,,,,7593.0,,,,,1746.7,,,,1.00144,1.00144,259.97,,,21.9800,,0.0,,0.3235,22.0000,14.3,14.3,14.3,12.8,12.8,12.8,,,,,,,,,,,,,3.909,0.300,3.890,2.918,3.918,,,,,,,,2.933,0.0,0.0,0.0,-1.5,0.0,18.953,16.078,,0.0,0.7827,39.680,33.305,33.305,39.680,4.385,0.000,,,,,0.94190,,64,,,,,,220.38,,,,,,,220.38,,,,659.7,,,,,,,,,,,1613.0,,,,,,0.359,100.000,,,,,,2521.17,,2527.03,2684.53,,,221.98,93.38,,,,,,,,,,,,,0.359,0.000,64,2,2,,,,,,,,217,0,,,,,,,,,44.109,,219.21,219.57,,,,
440.406,,0,0,0,256,0,0,0,0,0,0,0,0,1,0,0,0,0,0,,,,,,,,,,,,,,,,,,,,,,7593.0,,,,,1746.7,,,,1.00144,1.00144,260.11,,,22.0180,,0.0,,0.3185,22.0000,14.3,14.3,14.3,12.8,14.3,14.3,,,,,,,,,,,,,3.909,0.300,3.890,2.918,3.918,,,,,,,,2.935,0.0,0.0,0.0,-1.5,0.0,18.984,16.156,,0.0,0.7837,39.685,33.300,33.300,39.685,4.385,0.000,,,,,0.94224,,64,,,,,,220.43,,,,,,,220.43,,,,659.7,,,,,,,,,,,1609.3,,,,,,0.359,100.000,,,,,,2521.48,,2530.16,2684.38,,,221.98,93.42,,,,,,,,,,,,,0.359,0.000,64,2,2,,,,,,,,217,0,,,,,,,,,44.064,,219.21,219.57,,,,
440.420,,0,0,0,256,0,0,0,0,0,0,0,0,1,0,0,0,0,0,,,,,,,,,,,,,,,,,,,,,,7576.0,,,,,1746.6,,,,1.00144,1.00144,260.30,,,22.2920,,0.0,,0.2835,22.0000,14.3,14.3,14.3,12.8,14.3,14.3,,,,,,,,,,,,,3.938,0.300,3.890,2.918,3.917,,,,,,,,2.938,0.0,0.0,0.0,-1.5,0.0,18.906,16.359,,0.0,0.7788,39.680,33.295,33.295,39.680,4.385,0.000,,,,,0.94248,,64,,,,,,220.55,,,,,,,220.55,,,,659.5,,,,,,,,,,,1602.9,,,,,,0.359,100.000,,,,,,2521.48,,2531.25,2684.38,,,221.55,93.52,,,,,,,,,,,,,0.359,0.000,64,2,2,,,,,,,,217,0,,,,,,,,,44.069,,219.90,219.40,,,,
440.430,,0,0,0,256,0,0,0,0,0,0,0,0,1,0,0,0,0,0,,,,,,,,,,,,,,,,,,,,,,7605.0,,,,,1746.6,,,,1.00144,1.00144,260.25,,,22.3480,,0.0,,0.2760,22.0000,14.3,14.3,14.3,12.8,14.3,14.3,,,,,,,,,,,,,3.938,0.300,3.934,2.938,3.934,,,,,,,,2.938,0.0,0.0,0.0,-1.5,0.0,19.219,16.031,,0.0,0.7834,39.675,33.295,33.295,39.675,4.385,0.000,,,,,0.94190,,64,,,,,,220.64,,,,,,,220.64,,,,659.5,,,,,,,,,,,1612.3,,,,,,0.359,100.000,,,,,,2522.27,,2533.36,2684.30,,,221.55,93.52,,,,,,,,,,,,,0.359,0.000,64,2,2,,,,,,,,217,0,,,,,,,,,44.064,,219.90,219.40,,,,
440.442,,0,0,0,256,0,0,0,0,0,0,0,0,1,0,0,0,0,0,,,,,,,,,,,,,,,,,,,,,,7588.0,,,,,1738.2,,,,1.00144,1.00144,260.67,,,22.4720,,0.0,,0.2595,22.0000,14.3,14.3,14.3,12.8,14.3,14.3,,,,,,,,,,,,,3.929,0.300,3.934,2.938,3.934,,,,,,,,2.940,0.0,0.0,0.0,-0.8,0.0,19.234,16.094,,0.0,0.7803,39.675,33.290,33.290,39.675,3.735,0.000,,,,,0.94254,,64,,,,,,220.80,,,,,,,220.80,,,,658.8,,,,,,,,,,,1602.1,,,,,,0.359,100.000,,,,,,2522.34,,2534.38,2684.84,,,220.85,93.61,,,,,,,,,,,,,0.359,0.000,64,2,2,,,,,,,,217,0,,,,,,,,,44.060,,219.39,219.91,,,,
440.452,14.3,0,0,0,256,0,0,0,0,0,0,0,0,1,0,0,0,0,0,992.1,992.1,1000.0,10.0,0.0,0.0,0.06,1,0,0.996,0.996,0.0,0.0,2.062,0.01,1000.0,1000.0,1000.0,1044.9,1000.0,1014.95,7576.0,34.740,502.3,0.0,10.0,1738.2,0.03061,0.00,0.00,1.00144,1.00144,260.20,5,48.0,22.2260,0.0000,0.0,58.7,0.2895,22.0000,14.3,14.3,14.3,13.5,14.3,14.3,14.3,2.3,0.00,0.00009,0,0,0,1,98,98,98,98,3.909,0.300,3.934,2.938,3.912,992.1,1000.0,1000.0,992.1,1000.0,0.0,18.74,2.938,0.0,0.0,0.0,-0.8,0.0,19.359,15.922,0.0,0.0,0.7781,39.670,33.315,33.315,39.670,4.385,0.000,0.7813,0.7813,0.0000,1435.4,0.94218,0.101571,64,44.055,1044.9,0.0,1000.0,1000.0,220.48,237.33,583.7,0.99942,1535.98,400.01,0.99939,220.48,400.01,237.30,237.30,658.8,-200.0,89.9,85.49,85.498,2241.6,950.0,750.0,1179.4,345.63,0.0,1599.0,58.534,0.0,0,992.1,992.1,0.359,100.000,923.16,0,2.1722,0.930,1013.16,2520.00,90.00,2522.81,2685.39,2683.91,78.98,220.85,93.52,361.50,390.75,100.0,0,38.64,39.0,95.3,57.0,36,0,95.43,21.0,0.359,0.000,64,2,2,992.1,1044.9,992.1,992.1,1000.0,1044.9,583.8,217,0,58.376,58.522,1000.0,2000.0,61.469,99.107,100.000,58.319,43.410,12.6,219.39,219.91,218.76,218.60,0.0,1.00
440.457,,0,0,0,256,0,0,0,0,0,0,0,0,1,0,0,0,0,0,,,,,,,,,,,,,,,,,,,,,,7590.5,,,,,1738.6,,,,1.00144,1.00144,260.63,,,22.0940,,0.0,,0.3060,22.0000,14.3,14.3,14.3,13.5,14.3,14.3,,,,,,,,,,,,,3.909,0.300,3.934,2.938,3.918,,,,,,,,2.946,0.0,0.0,0.0,-0.8,0.0,19.609,15.578,,0.0,0.7776,39.695,33.345,33.345,39.695,4.385,0.000,,,,,0.94187,,64,,,,,,220.92,,,,,,,220.92,,,,658.7,,,,,,,,,,,1612.5,,,,,,0.359,100.000,,,,,,2522.19,,2529.14,2684.61,,,221.37,93.66,,,,,,,,,,,,,0.359,0.000,64,2,2,,,,,,,,217,0,,,,,,,,,44.054,,219.39,219.74,,,,
440.467,,0,0,0,256,0,0,0,0,0,0,0,0,1,0,0,0,0,0,,,,,,,,,,,,,,,,,,,,,,7569.0,,,,,1738.6,,,,1.00144,1.00144,260.48,,,22.2160,,0.0,,0.2905,22.0000,14.3,14.3,14.3,13.5,14.3,14.3,,,,,,,,,,,,,3.918,0.300,3.934,2.938,3.918,,,,,,,,2.944,0.0,0.0,0.0,-0.8,0.0,19.516,15.859,,0.0,0.7732,39.725,33.305,33.305,39.725,4.385,0.000,,,,,0.94166,,64,,,,,,220.83,,,,,,,220.83,,,,658.7,,,,,,,,,,,1605.9,,,,,,0.359,100.000,,,,,,2521.33,,2529.14,2684.14,,,221.37,93.61,,,,,,,,,,,,,0.359,0.000,64,2,2,,,,,,,,217,0,,,,,,,,,44.080,,219.39,219.74,,,,
440.477,,0,0,0,256,0,0,0,0,0,0,0,0,1,0,0,0,0,0,,,,,,,,,,,,,,,,,,,,,,7569.0,,,,,1748.8,,,,1.00144,1.00144,261.00,,,22.3200,,0.0,,0.2770,22.0000,14.3,14.3,14.3,13.5,13.5,13.5,,,,,,,,,,,,,3.931,0.300,3.934,2.938,3.931,,,,,,,,2.954,0.0,0.0,0.0,-0.8,0.0,19.609,15.766,,0.0,0.7754,39.685,33.280,33.280,39.685,4.385,0.000,,,,,0.94099,,64,,,,,,221.46,,,,,,,221.46,,,,658.1,,,,,,,,,,,1607.9,,,,,,0.359,100.000,,,,,,2521.64,,2529.14,2684.84,,,222.59,93.75,,,,,,,,,,,,,0.359,0.000,64,2,2,,,,,,,,217,0,,,,,,,,,44.109,,219.81,219.81,,,,
440.488,,0,0,0,256,0,0,0,0,0,0,0,0,1,0,0,0,0,0,,,,,,,,,,,,,,,,,,,,,,7578.5,,,,,1748.8,,,,1.00144,1.00144,260.95,,,22.3300,,0.0,,0.2750,22.0000,14.3,14.3,14.3,13.5,14.3,14.3,,,,,,,,,,,,,3.931,0.300,3.934,2.938,3.930,,,,,,,,2.954,0.0,0.0,0.0,-0.8,0.0,19.656,15.906,,0.0,0.7778,39.660,33.315,33.315,39.660,4.385,0.000,,,,,0.94099,,64,,,,,,221.39,,,,,,,221.39,,,,658.1,,,,,,,,,,,1615.2,,,,,,0.359,100.000,,,,,,2523.59,,2534.38,2684.84,,,222.59,93.75,,,,,,,,,,,,,0.359,0.000,64,2,2,,,,,,,,217,0,,,,,,,,,44.069,,219.81,219.81,,,,
440.497,,0,0,0,256,0,0,0,0,0,0,0,0,1,0,0,0,0,0,,,,,,,,,,,,,,,,,,,,,,7547.5,,,,,1741.2,,,,1.00144,1.00144,260.39,,,22.2540,,0.0,,0.2840,22.0000,14.3,14.3,14.3,13.5,14.3,14.3,,,,,,,,,,,,,3.928,0.300,3.934,2.938,3.930,,,,,,,,2.947,0.0,0.0,0.0,-0.8,0.0,19.484,16.125,,0.0,0.7749,39.695,33.315,33.315,39.695,4.385,0.000,,,,,0.94114,,64,,,,,,220.88,,,,,,,220.88,,,,657.2,,,,,,,,,,,1596.6,,,,,,0.359,100.000,,,,,,2521.48,,2533.36,2685.08,,,222.40,93.56,,,,,,,,,,,,,0.359,0.000,64,2,2,,,,,,,,217,0,,,,,,,,,44.045,,220.01,220.19,,,,
440.507,,0,0,0,256,0,0,0,0,0,0,0,0,1,0,0,0,0,0,,,,,,,,,,,,,,,,,,,,,,7535.5,,,,,1741.2,,,,1.00144,1.00144,259.73,,,22.1320,,0.0,,0.2990,22.0000,14.3,14.3,14.3,13.5,14.3,14.3,,,,,,,,,,,,,3.906,0.300,3.934,2.938,3.913,,,,,,,,2.940,0.0,0.0,0.0,-0.8,0.0,19.703,15.766,,0.0,0.7771,39.695,33.330,33.330,39.695,4.385,0.000,,,,,0.94065,,64,,,,,,220.50,,,,,,,220.50,,,,657.2,,,,,,,,,,,1600.3,,,,,,0.359,100.000,,,,,,2520.94,,2527.03,2684.61,,,222.40,93.33,,,,,,,,,,,,,0.359,0.000,64,2,2,,,,,,,,217,0,,,,,,,,,44.080,,220.01,220.19,,,,
440.523,,0,0,0,256,0,0,0,0,0,0,0,0,1,0,0,0,0,0,,,,,,,,,,,,,,,,,,,,,,7531.0,,,,,1728.2,,,,1.00144,1.00144,260.58,,,22.1040,,0.0,,0.3025,22.0000,14.3,14.3,14.3,13.5,14.3,14.3,,,,,,,,,,,,,3.906,0.300,3.934,2.938,3.913,,,,,,,,2.952,0.0,0.0,0.0,-0.8,0.0,19.703,15.906,,0.0,0.7766,39.710,33.305,33.305,39.710,4.385,0.000,,,,,0.94074,,64,,,,,,221.23,,,,,,,221.23,,,,656.9,,,,,,,,,,,1597.2,,,,,,0.359,100.000,,,,,,2523.05,,2533.36,2685.00,,,220.90,93.61,,,,,,,,,,,,,0.359,0.000,64,2,2,,,,,,,,217,0,,,,,,,,,44.080,,220.31,219.91,,,,
440.540,14.3,0,0,0,256,0,0,0,0,0,0,0,0,1,0,0,0,0,0,992.1,992.1,1000.0,10.0,0.0,0.0,0.03,1,0,0.996,0.996,0.0,0.0,2.062,0.00,1000.0,1000.0,1000.0,1044.9,1000.0,1013.55,7512.0,34.740,503.3,0.0,10.0,1727.9,0.03065,0.00,0.00,1.00144,1.00144,260.34,5,48.0,22.2440,-0.0940,0.0,58.6,0.2840,22.0000,14.3,14.3,14.3,13.5,14.3,14.3,14.3,2.3,0.00,0.01205,0,0,0,1,98,98,98,98,3.933,0.300,3.932,2.954,3.922,992.1,1000.0,1000.0,992.1,1000.0,0.0,18.74,2.949,0.0,0.0,0.0,-0.8,0.0,19.813,15.438,0.0,0.0,0.7761,39.705,33.325,33.325,39.705,3.735,0.000,0.7813,0.7813,0.0000,1445.5,0.93983,0.101557,64,44.055,1044.9,0.0,1000.0,1000.0,221.20,237.38,585.9,0.99942,1535.98,400.01,0.99939,221.20,400.01,237.35,237.35,657.1,-200.0,91.3,85.48,85.489,2248.3,950.0,750.0,1187.0,345.90,0.0,1599.8,58.659,0.0,0,992.1,992.1,0.359,100.000,923.20,0,2.1737,0.934,1013.20,2526.25,90.00,2539.69,2686.17,2684.61,79.36,222.49,93.52,361.50,390.75,100.0,0,38.76,39.0,95.3,57.0,36,0,95.43,21.0,0.359,0.000,64,2,2,992.1,1044.9,992.1,992.1,1000.0,1044.9,586.0,217,0,58.600,58.673,1000.0,2000.0,61.501,99.107,100.000,58.539,44.069,12.6,220.01,220.01,219.83,219.83,0.0,0.53
440.547,,0,0,0,4,0,0,1,0,0,0,0,0,0,0,0,0,0,0,,,,,,,,,,,,,,,,,,,,,,7451.5,,,,,1727.9,,,,1.00144,1.00144,260.72,,,22.1320,,0.0,,0.2975,22.0000,14.3,14.3,14.3,13.5,14.3,14.3,,,,,,,,,,,,,3.926,0.300,3.932,2.954,3.922,,,,,,,,2.955,0.0,0.0,0.0,-0.8,0.0,19.578,15.703,,0.0,0.7747,39.705,33.390,33.390,39.705,3.735,0.000,,,,,0.94004,,64,,,,,,221.46,,,,,,,221.46,,,,657.1,,,,,,,,,,,1588.8,,,,,,0.359,100.000,,,,,,2526.72,,2538.59,2686.25,,,222.49,93.66,,,,,,,,,,,,,0.359,0.000,64,2,2,,,,,,,,217,0,,,,,,,,,43.439,,220.01,220.01,,,,
440.557,,0,0,0,4,0,0,1,0,0,0,0,0,0,0,0,0,0,0,,,,,,,,,,,,,,,,,,,,,,7391.5,,,,,1720.9,,,,1.00144,1.00144,261.28,,,22.0940,,0.0,,0.3020,22.0000,14.3,9.0,9.0,9.0,9.0,9.0,,,,,,,,,,,,,3.942,0.300,3.932,2.954,3.945,,,,,,,,2.962,0.0,0.0,0.0,-0.8,0.0,19.547,15.594,,0.0,0.7776,39.770,33.390,33.390,39.770,4.385,0.000,,,,,0.93958,,64,,,,,,222.00,,,,,,,222.00,,,,657.4,,,,,,,,,,,1570.6,,,,,,0.359,100.000,,,,,,2526.41,,2532.27,2684.53,,,223.24,93.89,,,,,,,,,,,,,0.359,0.000,64,2,2,,,,,,,,217,0,,,,,,,,,43.439,,219.57,219.65,,,,
440.568,,0,0,0,4,0,0,1,0,0,0,0,0,0,0,0,0,0,0,,,,,,,,,,,,,,,,,,,,,,7214.0,,,,,1720.9,,,,1.00144,1.00144,216.05,,,21.8100,,0.0,,0.3380,22.0000,9.0,9.0,9.0,9.0,9.0,9.0,,,,,,,,,,,,,3.942,0.300,3.932,2.954,3.945,,,,,,,,2.448,0.0,0.0,0.0,-0.8,0.0,19.297,15.625,,0.0,0.7827,39.770,33.300,33.300,39.770,3.735,0.000,,,,,0.99942,,64,,,,,,221.93,,,,,,,221.93,,,,657.4,,,,,,,,,,,1555.5,,,,,,0.359,100.000,,,,,,2531.25,,2539.69,2684.69,,,223.24,77.63,,,,,,,,,,,,,0.359,0.000,64,2,2,,,,,,,,217,0,,,,,,,,,44.154,,219.57,219.65,,,,
440.577,,0,0,0,4,0,0,1,0,0,0,0,0,0,0,0,0,0,0,,,,,,,,,,,,,,,,,,,,,,6920.5,,,,,1626.7,,,,1.00144,1.00144,216.66,,,21.2240,,0.0,,0.4130,22.0000,9.0,9.0,9.0,9.0,9.0,9.0,,,,,,,,,,,,,3.302,0.300,3.932,2.954,3.279,,,,,,,,2.439,0.0,0.0,0.0,-0.8,0.0,18.813,15.734,,0.0,0.7815,39.680,33.310,25.810,39.680,3.735,0.000,,,,,0.99942,,64,,,,,,222.63,,,,,,,222.63,,,,671.9,,,,,,,,,,,1493.7,,,,,,0.359,100.000,,,,,,2539.53,,2543.91,2686.72,,,222.77,77.81,,,,,,,,,,,,,0.359,0.000,64,2,2,,,,,,,,217,0,,,,,,,,,43.504,,221.53,220.71,,,,
440.587,,0,0,0,4,0,0,1,0,0,0,0,0,0,0,0,0,0,0,,,,,,,,,,,,,,,,,,,,,,6621.0,,,,,1626.7,,,,1.00144,1.00144,216.19,,,21.2140,,0.0,,0.4155,22.0000,9.0,9.0,9.0,9.0,9.0,9.0,,,,,,,,,,,,,3.302,0.300,3.932,2.954,3.299,,,,,,,,2.435,0.0,0.0,0.0,-0.8,0.0,18.391,15.297,,0.0,0.7827,32.190,33.415,24.415,32.190,3.135,0.000,,,,,0.99942,,64,,,,,,222.14,,,,,,,222.14,,,,671.9,,,,,,,,,,,1461.1,,,,,,0.359,100.000,,,,,,2547.42,,2554.45,2691.33,,,222.77,77.67,,,,,,,,,,,,,0.359,0.000,64,2,2,,,,,,,,217,0,,,,,,,,,43.414,,221.53,220.71,,,,
440.598,,0,0,0,4,0,0,1,0,0,0,0,0,0,0,0,0,0,0,,,,,,,,,,,,,,,,,,,,,,6306.0,,,,,1492.0,,,,1.00144,1.00144,230.95,,,21.1580,,0.0,,0.4240,22.0000,9.0,9.0,9.0,9.0,9.0,9.0,,,,,,,,,,,,,3.298,0.300,3.932,2.954,3.299,,,,,,,,3.202,0.0,0.0,0.0,-0.8,0.0,17.734,15.406,,0.0,0.8142,30.795,33.665,24.665,30.795,3.735,0.000,,,,,0.99942,,64,,,,,,222.84,,,,,,,222.84,,,,694.6,,,,,,,,,,,1361.9,,,,,,0.410,100.000,,,,,,2556.80,,2555.47,2695.31,,,222.70,103.08,,,,,,,,,,,,,0.410,0.000,64,2,2,,,,,,,,217,0,,,,,,,,,35.324,,220.39,220.71,,,,
440.606,,0,0,0,4,0,0,1,0,0,0,0,0,0,0,0,0,0,0,,,,,,,,,,,,,,,,,,,,,,6116.5,,,,,1492.0,,,,1.00144,1.00144,231.00,,,21.3380,,0.0,,0.4030,22.0000,10.5,9.8,9.0,9.0,9.0,9.0,,,,,,,,,,,,,3.298,0.300,3.932,2.954,3.076,,,,,,,,3.219,0.0,0.0,0.0,-0.8,0.0,17.313,14.938,,0.0,0.8792,31.045,33.515,24.515,31.045,3.735,0.000,,,,,0.99942,,64,,,,,,221.95,,,,,,,221.95,,,,694.6,,,,,,,,,,,1285.5,,,,,,0.410,100.000,,,,,,2548.20,,2546.02,2684.53,,,222.70,103.64,,,,,,,,,,,,,0.410,0.000,64,2,2,,,,,,,,217,0,,,,,,,,,34.529,,220.39,220.71,,,,
440.620,,0,0,0,4,0,0,1,0,0,0,0,0,0,0,0,0,0,0,,,,,,,,,,,,,,,,,,,,,,5970.5,,,,,1433.9,,,,1.00144,1.00144,299.48,,,22.5480,,0.0,,0.2510,22.0000,9.0,9.8,9.0,8.3,9.0,9.0,,,,,,,,,,,,,4.021,0.300,3.932,2.954,3.076,,,,,,,,4.378,0.0,0.0,0.0,-0.8,0.0,16.781,15.063,,0.0,0.9900,30.895,33.055,24.055,30.895,4.385,0.000,,,,,0.99942,,64,,,,,,222.12,,,,,,,222.12,,,,697.2,,,,,,,,,,,1238.5,,,,,,0.457,100.000,,,,,,2519.92,,2520.70,2625.63,,,226.36,148.45,,,,,,,,,,,,,0.457,0.000,64,2,2,,,,,,,,217,0,,,,,,,,,34.779,,220.98,220.62,,,,
440.630,,0,0,0,256,0,0,0,0,0,0,0,0,1,0,0,0,0,0,,,,,,,,,,,,,,,,,,,,,,5894.0,,,,,1433.9,,,,1.00144,1.00144,297.89,,,22.8220,,0.0,,0.2145,22.0000,9.0,9.0,8.3,8.3,9.0,8.3,,,,,,,,,,,,,4.021,0.300,3.725,4.378,3.587,,,,,,,,4.370,0.0,0.0,0.0,-0.8,0.0,16.578,14.766,,0.0,1.3022,30.170,30.550,21.550,30.170,3.135,0.000,,,,,0.99942,,64,,,,,,220.22,,,,,,,220.22,,,,697.2,,,,,,,,,,,1189.5,,,,,,0.457,100.000,,,,,,2501.80,,2492.27,2648.44,,,226.36,148.17,,,,,,,,,,,,,0.457,0.000,64,2,2,,,,,,,,217,0,,,,,,,,,35.280,,220.98,220.62,,,,
440.641,,0,0,0,4096,0,0,0,0,0,0,0,0,0,0,0,0,1,0,,,,,,,,,,,,,,,,,,,,,,5848.0,,,,,1305.0,,,,1.00144,1.00144,202.13,,,22.6220,,0.0,,0.2385,22.0000,8.3,9.0,8.3,8.3,8.3,8.3,,,,,,,,,,,,,2.731,0.300,3.725,4.378,3.587,,,,,,,,2.789,0.0,0.0,0.0,-0.8,0.0,16.203,14.938,,0.0,1.9077,27.635,31.520,28.220,27.635,6.640,0.000,,,,,0.95578,,64,,,,,,210.21,,,,,,,210.21,,,,687.8,,,,,,,,,,,1171.9,,,,,,0.457,100.000,,,,,,2450.47,,2457.50,2687.42,,,212.18,96.33,,,,,,,,,,,,,0.457,0.000,64,2,2,,,,,,,,217,0,,,,,,,,,33.304,,220.81,221.05,,,,
440.651,14.3,0,0,0,4096,0,0,0,0,0,0,0,0,0,0,0,0,1,0,992.1,992.1,0.0,10.0,0.0,0.0,0.03,1,0,0.996,0.996,0.0,0.0,1.812,0.00,1000.0,1000.0,1000.0,1038.4,0.0,1014.74,5848.0,34.740,502.3,0.0,10.0,1305.0,0.03073,0.00,0.00,1.00144,1.00144,210.47,5,48.0,22.4060,-0.1320,0.0,25.7,0.2645,22.0000,9.0,9.8,9.8,9.0,8.3,9.8,14.3,9.0,0.00,0.00009,0,0,0,1,98,98,98,98,2.731,0.300,3.725,4.378,2.613,992.1,1000.0,0.0,992.1,1000.0,0.0,18.74,2.892,0.0,0.0,0.0,-0.8,0.0,16.047,14.500,0.0,0.0,3.2073,34.240,33.180,33.180,34.060,12.525,0.000,0.7813,0.7813,0.0000,0.0,1.00440,0.101516,64,43.440,1038.4,0.0,1000.0,1000.0,208.76,237.35,587.2,0.99942,1535.98,400.01,0.99939,208.76,400.01,237.33,237.33,687.8,-200.0,92.9,85.49,85.498,2231.3,950.0,750.0,1194.0,348.09,0.0,1121.7,58.887,0.0,0,992.1,992.1,0.457,100.000,923.20,5,2.1744,0.938,1013.20,2436.33,90.00,2438.52,2668.13,2686.25,79.55,212.18,99.89,361.50,390.75,100.0,0,38.94,39.0,95.3,57.0,36,0,95.43,21.0,0.457,0.000,64,2,2,992.1,0.0,992.1,992.1,1000.0,1044.9,586.9,217,0,58.720,58.794,1000.0,2000.0,61.513,99.107,100.000,58.629,34.274,12.6,220.81,221.05,219.57,219.91,0.0,0.54
440.657,,0,0,0,256,0,0,0,0,0,0,0,0,1,0,0,0,0,0,,,,,,,,,,,,,,,,,,,,,,5825.5,,,,,1271.0,,,,1.00144,1.00144,248.63,,,22.5760,,0.0,,0.2425,22.0000,9.8,9.8,9.8,9.0,9.8,9.8,,,,,,,,,,,,,3.005,0.300,3.725,4.378,2.613,,,,,,,,3.402,0.0,0.0,0.0,-0.8,0.0,15.734,14.578,,0.0,3.3684,39.190,31.125,31.125,39.190,11.415,0.000,,,,,1.17782,,64,,,,,,210.05,,,,,,,210.05,,,,691.8,,,,,,,,,,,1142.3,,,,,,0.457,95.094,,,,,,2425.63,,2433.28,2684.53,,,209.65,117.56,,,,,,,,,,,,,0.457,0.000,64,2,2,,,,,,,,217,0,,,,,,,,,46.584,,220.35,221.07,,,,
440.668,,0,0,0,256,0,0,0,0,0,0,0,0,1,0,0,0,0,0,,,,,,,,,,,,,,,,,,,,,,5856.5,,,,,1271.0,,,,1.00144,1.00144,256.36,,,22.5940,,0.0,,0.2390,22.0000,9.0,9.0,9.0,9.0,9.8,9.0,,,,,,,,,,,,,3.005,0.300,3.725,4.378,3.179,,,,,,,,3.507,0.0,0.0,0.0,-0.8,0.0,15.656,14.047,,0.0,1.8140,37.090,31.675,31.675,37.090,13.685,0.000,,,,,1.20301,,64,,,,,,211.92,,,,,,,211.92,,,,691.8,,,,,,,,,,,1174.3,,,,,,0.457,72.022,,,,,,2423.59,,2429.06,2685.94,,,209.65,121.17,,,,,,,,,,,,,0.457,0.000,64,2,2,,,,,,,,217,0,,,,,,,,,50.604,,220.35,221.07,,,,
440.677,,0,0,0,4096,0,0,0,0,0,0,0,0,0,0,0,0,1,0,,,,,,,,,,,,,,,,,,,,,,5872.5,,,,,1290.6,,,,1.00144,1.00144,249.47,,,22.4720,,0.0,,0.2535,22.0000,9.0,9.0,9.0,8.3,9.0,9.0,,,,,,,,,,,,,3.078,0.300,3.725,4.378,3.179,,,,,,,,3.399,0.0,0.0,0.0,-0.8,0.0,15.516,14.172,,0.0,1.1106,37.735,31.720,31.720,37.735,13.685,0.000,,,,,1.17584,,64,,,,,,211.24,,,,,,,211.24,,,,697.5,,,,,,,,,,,1174.6,,,,,,0.457,44.031,,,,,,2416.95,,2426.95,2662.89,,,212.13,117.89,,,,,,,,,,,,,0.457,0.000,64,2,2,,,,,,,,217,0,,,,,,,,,50.774,,220.81,220.71,,,,
440.687,,0,0,0,4096,0,0,0,0,0,0,0,0,0,0,0,0,1,0,,,,,,,,,,,,,,,,,,,,,,5907.0,,,,,1290.6,,,,1.00144,1.00144,230.48,,,22.2260,,0.0,,0.2835,22.0000,7.5,7.5,7.5,8.3,9.0,7.5,,,,,,,,,,,,,3.078,0.300,3.725,4.378,2.875,,,,,,,,3.124,0.0,0.0,0.0,-0.8,0.0,15.547,13.688,,0.0,0.9758,37.835,30.950,30.950,37.835,10.360,0.000,,,,,1.08357,,64,,,,,,213.23,,,,,,,213.23,,,,697.5,,,,,,,,,,,1213.6,,,,,,0.457,16.162,,,,,,2422.81,,2427.97,2663.05,,,212.13,108.33,,,,,,,,,,,,,0.457,0.000,64,2,2,,,,,,,,217,0,,,,,,,,,51.419,,220.81,220.71,,,,
440.697,,0,0,0,1024,0,0,0,0,0,0,0,0,0,0,1,0,0,0,,,,,,,,,,,,,,,,,,,,,,5914.5,,,,,1303.1,,,,1.00144,1.00144,225.38,,,22.1040,,0.0,,-0.6130,14.8165,6.0,7.5,6.0,6.0,6.0,6.0,,,,,,,,,,,,,2.822,0.300,3.725,4.378,2.875,,,,,,,,3.039,0.0,0.0,0.0,-0.8,0.0,15.484,13.766,,0.0,0.9424,37.115,30.955,30.955,37.115,11.415,0.000,,,,,1.06439,,64,,,,,,212.74,,,,,,,212.74,,,,692.6,,,,,,,,,,,1198.2,,,,,,0.457,0.293,,,,,,2417.97,,2426.95,962.50,,,213.84,105.80,,,,,,,,,,,,,0.457,0.000,64,2,2,,,,,,,,217,0,,,,,,,,,48.195,,220.19,220.63,,,,
440.706,,0,0,0,1024,0,0,0,0,0,0,0,0,0,0,1,0,0,0,,,,,,,,,,,,,,,,,,,,,,5895.5,,,,,1303.1,,,,1.00144,1.00144,222.52,,,22.1220,,0.0,,-1.1740,10.3490,3.8,3.8,3.8,6.0,6.0,3.8,,,,,,,,,,,,,2.822,0.300,3.725,4.378,2.831,,,,,,,,2.942,0.0,0.0,0.0,-0.8,0.0,15.656,13.063,,0.0,0.9253,37.085,-1.335,-1.335,0.000,0.000,0.000,,,,,1.06296,,64,,,,,,213.91,,,,,,,213.91,,,,692.6,,,,,,,,,,,1225.7,,,,,,0.457,0.012,,,,,,2424.22,,2427.97,962.50,,,213.84,102.42,,,,,,,,,,,,,0.457,0.000,64,2,2,,,,,,,,217,0,,,,,,,,,48.529,,220.19,220.63,,,,
440.720,,0,0,0,1024,0,0,0,0,0,0,0,0,0,0,1,0,0,0,,,,,,,,,,,,,,,,,,,,,,5864.0,,,,,1301.4,,,,1.00144,1.00144,222.98,,,22.1500,,0.0,,-1.5245,7.5705,2.3,3.8,2.3,2.3,2.3,2.3,,,,,,,,,,,,,2.829,0.300,3.725,4.378,2.831,,,,,,,,2.982,0.0,0.0,0.0,-0.8,0.0,15.688,12.641,,0.0,0.9014,6.040,-1.335,-1.335,0.000,0.000,0.000,,,,,1.06149,,64,,,,,,213.75,,,,,,,213.75,,,,694.5,,,,,,,,,,,1200.3,,,,,,0.457,0.000,,,,,,2422.58,,2431.17,987.34,,,214.31,103.36,,,,,,,,,,,,,0.457,0.000,64,2,2,,,,,,,,217,0,,,,,,,,,0.000,,220.98,220.62,,,,
440.731,,0,0,0,1024,0,0,0,0,0,0,0,0,0,0,1,0,0,0,,,,,,,,,,,,,,,,,,,,,,5825.5,,,,,1301.4,,,,1.00144,1.00144,218.81,,,20.7620,,0.0,,-1.5670,5.8425,2.3,2.3,2.3,2.3,2.3,2.3,,,,,,,,,,,,,2.829,0.300,2.829,2.891,2.779,,,,,,,,2.928,0.0,0.0,0.0,-0.8,0.0,15.922,10.969,,0.0,0.8877,5.970,-1.335,-1.335,0.000,0.000,0.000,,,,,1.05725,,64,,,,,,210.59,,,,,,,214.64,,,,694.5,,,,,,,,,,,1209.0,,,,,,0.457,0.000,,,,,,2426.25,,2438.52,1028.59,,,214.31,101.48,,,,,,,,,,,,,0.457,0.000,64,2,2,,,,,,,,217,0,,,,,,,,,0.000,,220.98,220.62,,,,
440.744,,0,0,0,1024,0,0,0,0,0,0,0,0,0,0,1,0,0,0,,,,,,,,,,,,,,,,,,,,,,5811.5,,,,,1288.7,,,,1.00144,1.00144,275.25,,,18.5200,,0.0,,-1.4210,4.7680,2.3,2.3,2.3,2.3,2.3,2.3,,,,,,,,,,,,,3.512,0.300,2.829,2.891,2.779,,,,,,,,3.621,0.0,0.0,0.0,-0.8,0.0,16.063,10.188,,0.0,0.8816,5.905,-1.335,-1.335,0.000,0.000,0.000,,,,,1.05228,,64,,,,,,210.77,,,,,,,214.83,,,,706.1,,,,,,,,,,,1206.9,,,,,,0.457,0.000,,,,,,2428.05,,2442.73,1055.78,,,216.02,126.23,,,,,,,,,,,,,0.457,0.000,64,2,2,,,,,,,,217,0,,,,,,,,,0.000,,221.13,220.71,,,,
440.757,9.8,0,0,0,1024,0,0,0,0,0,0,0,0,0,0,1,0,0,0,991.1,991.0,993.2,10.0,0.0,0.0,0.03,1,0,0.996,0.996,-0.1,-0.1,2.062,0.01,1000.0,1000.0,1000.0,1056.2,993.2,1010.15,5852.5,34.740,493.4,0.0,10.0,1310.7,0.02932,0.00,0.00,1.00144,1.00144,273.52,5,48.0,14.8160,-0.5760,0.0,52.0,-1.0935,3.6840,2.3,2.3,2.3,2.3,2.3,2.3,9.8,2.3,0.00,0.04987,0,0,0,1,98,98,98,98,4.059,0.300,2.829,2.891,3.615,991.0,1000.0,993.2,991.0,993.3,0.0,18.74,3.583,0.0,0.0,0.0,-0.8,0.0,16.484,7.781,0.0,0.0,0.8970,5.970,-1.335,-1.335,0.000,-107.200,0.000,0.7891,1.0000,0.0000,858.7,1.04472,0.104424,64,46.585,1056.2,0.0,1000.0,1000.0,209.93,240.63,548.3,0.99942,1535.98,400.01,0.99939,213.98,400.01,240.61,240.61,710.1,-200.0,58.2,73.81,73.816,1403.8,902.4,750.0,1102.4,380.63,0.0,1213.5,55.135,0.0,0,991.1,991.1,0.457,0.000,926.88,0,2.0221,0.938,1013.20,2434.22,86.33,2469.06,1068.67,2684.53,99.23,217.95,126.23,361.50,390.75,100.0,0,39.04,39.0,95.3,56.3,36,0,95.43,21.0,0.457,0.000,64,2,2,991.0,993.2,991.0,991.1,993.3,993.3,551.3,217,0,54.894,54.773,1000.0,2000.0,59.692,98.998,100.000,55.063,0.000,12.8,220.35,220.55,220.98,221.22,0.0,0.78
440.768,,0,0,0,1024,0,0,0,0,0,0,0,0,0,0,1,0,0,0,,,,,,,,,,,,,,,,,,,,,,5897.0,,,,,1310.7,,,,1.00144,1.00144,267.61,,,13.0000,,0.0,,-0.9180,3.4255,2.3,2.3,2.3,2.3,2.3,2.3,,,,,,,,,,,,,4.059,0.300,2.829,2.891,3.615,,,,,,,,3.481,0.0,0.0,0.0,-0.8,0.0,16.766,7.109,,0.0,0.9058,6.135,-1.335,-1.335,0.000,-107.200,0.000,,,,,1.04322,,64,,,,,,204.98,,,,,,,209.04,,,,710.1,,,,,,,,,,,1025.4,,,,,,0.457,0.000,,,,,,2386.17,,2491.17,1090.78,,,217.95,122.67,,,,,,,,,,,,,0.457,0.000,64,2,2,,,,,,,,217,0,,,,,,,,,0.000,,220.35,220.55,,,,
440.777,,0,0,0,1024,0,0,0,0,0,0,0,0,0,0,1,0,0,0,,,,,,,,,,,,,,,,,,,,,,5927.5,,,,,1257.7,,,,1.00144,1.00144,243.66,,,10.9120,,0.0,,-0.6920,3.2645,2.3,2.3,2.3,2.3,2.3,2.3,,,,,,,,,,,,,4.251,0.300,2.829,2.891,3.850,,,,,,,,3.168,0.0,0.0,0.0,-0.8,0.0,17.000,6.453,,0.0,0.9189,5.955,-1.335,-1.335,0.000,-107.200,0.000,,,,,1.04072,,64,,,,,,184.95,,,,,,,189.00,,,,709.9,,,,,,,,,,,775.5,,,,,,0.457,0.000,,,,,,2197.19,,2539.69,1113.28,,,219.21,112.64,,,,,,,,,,,,,0.457,0.000,64,2,2,,,,,,,,217,0,,,,,,,,,0.000,,220.62,220.62,,,,
440.787,,0,0,0,1024,0,0,0,0,0,0,0,0,0,0,1,0,0,0,,,,,,,,,,,,,,,,,,,,,,5920.5,,,,,1257.7,,,,1.00113,1.00113,226.13,,,9.2200,,0.0,,-0.5045,3.1645,2.3,4.5,4.5,2.3,2.3,4.5,,,,,,,,,,,,,4.251,0.300,2.829,2.891,3.850,,,,,,,,2.916,0.0,0.0,0.0,-0.8,0.0,17.281,5.906,,0.0,0.9233,5.815,-1.335,-1.335,0.000,-107.200,0.000,,,,,1.05072,,64,,,,,,171.49,,,,,,,175.55,,,,709.9,,,,,,,,,,,614.1,,,,,,0.457,0.000,,,,,,2065.00,,2578.67,1112.11,,,219.21,103.69,,,,,,,,,,,,,0.457,0.000,64,2,2,,,,,,,,69,0,,,,,,,,,0.000,,220.62,220.62,,,,
440.797,,0,0,0,1024,0,0,0,0,0,0,0,0,0,0,1,0,0,0,,,,,,,,,,,,,,,,,,,,,,5894.0,,,,,1057.5,,,,1.00113,1.00113,195.23,,,7.3960,,0.0,,-0.2930,3.1025,2.3,4.5,4.5,4.5,4.5,4.5,,,,,,,,,,,,,4.310,0.300,2.829,2.891,3.764,,,,,,,,1.723,0.0,0.0,0.0,-0.8,0.0,17.547,5.406,,0.0,0.9036,6.540,-1.335,-1.335,0.000,-107.200,0.000,,,,,1.06308,,64,,,,,,152.70,,,,,,,156.75,,,,717.3,,,,,,,,,,,504.6,,,,,,0.000,0.000,,,,,,1837.11,,2645.00,1082.03,,,230.37,63.33,,,,,,,,,,,,,0.355,0.000,64,2,2,,,,,,,,69,0,,,,,,,,,0.000,,220.01,220.62,,,,
440.807,,0,0,0,1024,0,0,0,0,0,0,0,0,0,0,1,0,0,0,,,,,,,,,,,,,,,,,,,,,,5868.0,,,,,1057.5,,,,1.00113,1.00113,165.42,,,6.3100,,0.0,,-0.1685,3.0635,7.5,9.8,9.8,4.5,7.5,9.8,,,,,,,,,,,,,4.310,0.300,2.829,2.891,3.764,,,,,,,,0.800,0.0,0.0,0.0,-0.8,0.0,17.797,4.953,,0.0,0.8823,6.285,-1.335,-1.335,0.000,-108.285,0.000,,,,,1.06131,,64,,,,,,142.15,,,,,,,146.20,,,,717.3,,,,,,,,,,,524.1,,,,,,0.000,0.000,,,,,,1733.28,,2679.77,1100.39,,,230.37,5.20,,,,,,,,,,,,,0.156,0.000,64,2,2,,,,,,,,69,0,,,,,,,,,0.000,,220.01,220.62,,,,
440.823,,0,0,0,1024,0,0,0,0,0,0,0,0,0,0,1,0,0,0,,,,,,,,,,,,,,,,,,,,,,5856.5,,,,,867.1,,,,1.00113,1.00113,144.23,,,5.4580,,0.0,,-0.0695,3.0395,7.5,9.8,9.8,9.8,9.8,9.8,,,,,,,,,,,,,7.305,0.300,2.829,2.891,5.955,,,,,,,,0.800,0.0,0.0,0.0,-0.8,0.0,18.016,4.547,,0.0,0.8479,7.205,-1.335,-1.335,0.000,-108.285,0.000,,,,,1.06622,,64,,,,,,128.51,,,,,,,132.56,,,,723.7,,,,,,,,,,,440.2,,,,,,0.000,0.000,,,,,,1552.11,,2721.95,1104.84,,,252.59,0.00,,,,,,,,,,,,,0.000,0.000,64,2,2,,,,,,,,69,0,,,,,,,,,0.000,,220.90,220.71,,,,
440.844,8.3,0,0,0,1024,0,0,0,0,0,0,0,0,0,0,1,0,0,0,0.0,122.6,421.6,10.0,0.0,0.0,0.03,1,0,0.996,0.996,0.0,0.0,1.281,0.01,1000.0,1000.0,1000.0,0.0,0.0,1040.94,5851.0,32.672,484.2,0.0,10.0,733.3,0.02877,0.00,0.00,1.00113,1.00113,116.02,5,48.0,4.6740,-11.1320,0.0,15.3,0.0190,3.0155,13.5,14.3,14.3,15.0,15.0,15.0,2.3,2.3,0.00,0.07802,0,0,0,1,98,98,98,98,6.480,0.300,5.955,0.000,5.891,122.6,0.0,0.0,0.0,0.0,0.0,18.74,0.800,0.0,0.0,0.0,-0.8,0.0,18.328,3.906,0.0,0.0,0.7998,13.085,-1.335,-1.335,0.000,-108.285,0.000,0.7813,0.7891,0.0000,983.0,1.06250,0.102812,64,0.000,0.0,0.0,1000.0,1000.0,102.54,239.86,572.4,0.99942,1535.98,400.01,0.99939,106.59,40.52,239.84,40.52,728.3,-200.0,39.9,78.98,78.987,1826.2,873.8,750.0,1073.8,355.12,0.0,288.2,56.546,0.0,0,0.0,0.0,0.000,0.000,923.20,0,2.0272,0.941,1013.20,1254.69,90.00,2750.39,1152.27,2684.53,95.91,266.41,0.00,361.50,390.75,52.9,0,39.15,39.0,95.3,56.3,36,0,95.43,21.0,0.000,0.000,64,2,2,0.0,0.0,0.0,0.0,0.0,0.0,560.5,69,0,57.248,52.866,1000.0,2000.0,60.535,12.247,0.024,53.354,0.000,12.6,220.98,221.07,220.90,221.26,0.0,1.26
440.857,,0,0,0,1024,0,0,0,0,0,0,0,0,0,0,1,0,0,0,,,,,,,,,,,,,,,,,,,,,,5852.5,,,,,552.7,,,,1.00113,1.00113,93.38,,,4.3900,,0.0,,0.0480,3.0060,15.0,15.0,15.0,23.3,23.3,23.3,,,,,,,,,,,,,4.897,0.300,5.955,0.000,5.138,,,,,,,,0.800,0.0,0.0,0.0,-0.8,0.0,18.500,3.563,,0.0,0.7874,31.000,-1.335,-1.335,0.000,-107.710,0.000,,,,,1.06250,,64,,,,,,81.68,,,,,,,85.73,,,,732.4,,,,,,,,,,,200.2,,,,,,0.000,0.000,,,,,,1040.70,,2752.50,1223.91,,,266.04,0.00,,,,,,,,,,,,,0.000,0.000,64,2,2,,,,,,,,69,0,,,,,,,,,0.000,,220.19,220.62,,,,
440.867,,0,0,0,1024,0,0,0,0,0,0,0,0,0,0,1,0,0,0,,,,,,,,,,,,,,,,,,,,,,5851.0,,,,,552.7,,,,1.00113,1.00113,71.81,,,4.0880,,0.0,,0.0825,3.0035,17.3,17.3,15.0,23.3,17.3,17.3,,,,,,,,,,,,,4.897,0.300,5.955,0.000,5.138,,,,,,,,0.800,0.0,0.0,0.0,-0.8,0.0,18.547,3.625,,0.0,0.7952,37.930,-1.335,-1.335,0.000,-107.710,0.000,,,,,1.06250,,64,,,,,,71.79,,,,,,,75.84,,,,732.4,,,,,,,,,,,200.8,,,,,,0.000,0.000,,,,,,904.45,,2695.55,1243.28,,,266.04,0.00,,,,,,,,,,,,,0.000,0.000,64,2,2,,,,,,,,69,0,,,,,,,,,0.000,,220.19,220.62,,,,
440.877,,0,0,0,1024,0,0,0,0,0,0,0,0,0,0,1,0,0,0,,,,,,,,,,,,,,,,,,,,,,5841.0,,,,,454.5,,,,1.00113,1.00113,64.50,,,3.8320,,0.0,,0.1130,3.0025,17.3,24.8,27.0,24.8,24.8,24.8,,,,,,,,,,,,,3.504,0.300,5.955,0.000,3.686,,,,,,,,0.800,0.0,0.0,0.0,-0.8,0.0,18.578,3.609,,0.0,0.7913,45.000,-1.335,-1.335,0.000,-107.710,0.000,,,,,1.06250,,64,,,,,,64.08,,,,,,,68.13,,,,739.8,,,,,,,,,,,187.6,,,,,,0.000,0.000,,,,,,830.86,,2601.80,1266.41,,,262.36,0.00,,,,,,,,,,,,,0.000,0.000,64,2,2,,,,,,,,69,0,,,,,,,,,0.000,,220.71,220.35,,,,
440.887,,0,0,0,1024,0,0,0,0,0,0,0,0,0,0,1,0,0,0,,,,,,,,,,,,,,,,,,,,,,5851.0,,,,,454.5,,,,1.00113,1.00113,56.63,,,3.6160,,0.0,,0.1390,3.0015,27.8,27.8,27.0,24.8,27.8,27.8,,,,,,,,,,,,,3.504,0.300,5.955,0.000,3.686,,,,,,,,0.800,0.0,0.0,0.0,-0.8,0.0,18.531,3.750,,0.0,0.7830,45.000,-1.335,-1.335,0.000,-100.980,0.000,,,,,1.06250,,64,,,,,,55.97,,,,,,,60.02,,,,739.8,,,,,,,,,,,173.6,,,,,,0.000,0.000,,,,,,737.81,,2400.63,1302.66,,,262.36,0.00,,,,,,,,,,,,,0.000,0.000,64,2,2,,,,,,,,69,0,,,,,,,,,0.000,,220.71,220.35,,,,
440.897,,0,0,0,1024,0,0,0,0,0,0,0,0,0,0,1,0,0,0,,,,,,,,,,,,,,,,,,,,,,5848.0,,,,,359.6,,,,1.00113,1.00113,50.48,,,3.3980,,0.0,,0.1650,3.0010,27.8,26.3,30.0,30.8,30.8,30.8,,,,,,,,,,,,,2.978,0.300,5.955,0.000,3.181,,,,,,,,0.800,0.0,0.0,0.0,-0.8,0.0,18.469,3.828,,0.0,0.7600,45.000,-1.335,-1.335,0.000,-82.465,0.000,,,,,1.06250,,64,,,,,,49.73,,,,,,,53.79,,,,747.6,,,,,,,,,,,135.8,,,,,,0.000,0.000,,,,,,678.05,,2290.00,1337.19,,,232.13,0.00,,,,,,,,,,,,,0.000,0.000,64,2,2,,,,,,,,69,0,,,,,,,,,0.000,,220.54,220.19,,,,
440.907,,0,0,0,1024,0,0,0,0,0,0,0,0,0,0,1,0,0,0,,,,,,,,,,,,,,,,,,,,,,5849.5,,,,,359.6,,,,1.00113,1.00113,44.91,,,3.2940,,0.0,,0.1775,3.0005,32.3,32.3,30.0,30.8,31.5,32.3,,,,,,,,,,,,,2.978,0.300,5.955,0.000,3.181,,,,,,,,0.800,0.0,0.0,0.0,-0.8,0.0,18.328,4.031,,0.0,0.7434,45.000,-1.335,-1.335,0.000,-72.365,0.000,,,,,1.06250,,64,,,,,,44.13,,,,,,,48.19,,,,747.6,,,,,,,,,,,155.3,,,,,,0.000,0.000,,,,,,606.64,,2161.48,1353.52,,,232.13,0.00,,,,,,,,,,,,,0.000,0.000,64,2,2,,,,,,,,69,0,,,,,,,,,0.000,,220.54,220.19,,,,
440.921,,0,0,0,1024,0,0,0,0,0,0,0,0,0,0,1,0,0,0,,,,,,,,,,,,,,,,,,,,,,5838.0,,,,,288.3,,,,1.00113,1.00113,39.33,,,3.1620,,0.0,,0.1935,3.0000,32.3,33.0,33.8,33.8,31.5,33.8,,,,,,,,,,,,,2.425,0.300,5.955,0.000,2.552,,,,,,,,0.800,0.0,0.0,0.0,-0.8,0.0,18.141,4.156,,0.0,0.7498,45.000,-1.335,-1.335,0.000,-63.110,0.000,,,,,1.06250,,64,,,,,,39.42,,,,,,,43.48,,,,753.5,,,,,,,,,,,123.7,,,,,,0.000,0.000,,,,,,561.48,,2105.63,1379.45,,,208.17,0.00,,,,,,,,,,,,,0.000,0.000,64,2,2,,,,,,,,69,0,,,,,,,,,0.000,,219.90,220.14,,,,
440.930,,0,0,0,1024,0,0,0,0,0,0,0,0,0,0,1,0,0,0,,,,,,,,,,,,,,,,,,,,,,5829.5,,,,,288.3,,,,1.00113,1.00113,36.47,,,3.0580,,0.0,,0.2065,3.0000,34.5,34.5,33.8,33.8,34.5,34.5,,,,,,,,,,,,,2.425,0.300,2.353,0.000,2.552,,,,,,,,0.800,0.0,0.0,0.0,-0.8,0.0,17.922,4.438,,0.0,0.7629,45.000,-1.335,-1.335,0.000,-57.220,0.000,,,,,1.06250,,64,,,,,,36.49,,,,,,,40.55,,,,753.5,,,,,,,,,,,130.2,,,,,,0.000,0.000,,,,,,523.67,,2068.75,1345.16,,,208.17,0.00,,,,,,,,,,,,,0.000,0.000,64,2,2,,,,,,,,69,0,,,,,,,,,0.000,,219.90,220.14,,,,
440.944,,0,0,0,1024,0,0,0,0,0,0,0,0,0,0,1,0,0,0,,,,,,,,,,,,,,,,,,,,,,5824.0,,,,,235.3,,,,1.00113,1.00113,33.98,,,3.0380,,0.0,,0.2090,3.0000,34.5,35.3,36.0,36.0,34.5,36.0,,,,,,,,,,,,,2.183,0.300,2.353,0.000,2.159,,,,,,,,0.800,0.0,0.0,0.0,-0.8,0.0,17.766,4.375,,0.0,0.7808,45.000,-1.335,-1.335,0.000,-58.905,0.000,,,,,1.06250,,64,,,,,,33.73,,,,,,,37.78,,,,759.5,,,,,,,,,,,112.9,,,,,,0.000,0.000,,,,,,475.39,,2053.98,1332.27,,,197.13,0.00,,,,,,,,,,,,,0.000,0.000,64,2,2,,,,,,,,69,0,,,,,,,,,0.000,,220.62,220.01,,,,
440.958,24.8,0,0,0,1024,0,0,0,0,0,0,0,0,0,0,1,0,0,0,0.0,110.5,283.9,10.0,0.0,0.0,0.03,1,0,0.996,0.996,0.0,0.0,0.625,0.00,1000.0,1000.0,1000.0,0.0,0.0,1046.94,5827.0,32.672,483.6,0.0,10.0,204.2,0.02556,0.00,0.00,1.00113,1.00113,30.05,5,48.0,3.0380,-1.5045,0.0,36.6,0.2090,3.0000,36.8,24.8,24.8,28.5,28.5,28.5,15.0,15.0,0.00,0.08580,0,0,0,1,98,98,98,98,1.959,0.300,2.353,0.000,2.032,110.5,0.0,0.0,0.0,0.0,0.0,18.74,0.800,0.0,0.0,0.0,-0.8,0.0,17.297,5.000,0.0,0.0,0.7837,45.000,-1.335,-1.335,0.000,-62.810,0.000,0.8594,0.8594,0.0000,695.8,1.06250,0.105276,64,0.000,0.0,0.0,1000.0,1000.0,29.58,243.19,330.2,0.99942,1535.98,400.01,0.99939,32.93,35.16,243.16,35.16,765.9,-200.0,21.7,63.18,63.184,876.7,870.7,750.0,1070.7,213.59,0.0,143.1,61.842,0.0,0,0.0,0.0,0.000,0.000,1010.63,0,1.9667,0.945,1013.20,420.63,2.58,2109.84,1374.22,2543.98,0.00,201.89,0.00,342.75,390.75,9.0,0,39.04,39.0,95.3,56.3,36,0,95.43,21.0,0.000,0.000,64,2,2,0.0,0.0,0.0,0.0,0.0,0.0,368.8,69,0,33.026,31.357,1000.0,2000.0,61.842,11.038,0.000,35.722,0.000,12.8,220.10,220.45,220.97,220.97,0.0,0.11
440.968,,0,0,0,1024,0,0,0,0,0,0,0,0,0,0,1,0,0,0,,,,,,,,,,,,,,,,,,,,,,5829.5,,,,,204.2,,,,1.00113,1.00113,29.67,,,3.0300,,0.0,,0.2100,3.0000,38.3,38.3,24.8,28.5,27.8,38.3,,,,,,,,,,,,,1.959,0.300,2.353,0.000,2.032,,,,,,,,0.800,0.0,0.0,0.0,-0.8,0.0,16.984,5.672,,0.0,0.7810,45.000,-1.335,-1.335,0.000,-63.650,0.000,,,,,1.06250,,64,,,,,,29.06,,,,,,,31.34,,,,765.9,,,,,,,,,,,141.2,,,,,,0.000,0.000,,,,,,405.31,,2137.27,1399.84,,,201.89,0.00,,,,,,,,,,,,,0.000,0.000,64,2,2,,,,,,,,69,0,,,,,,,,,0.000,,220.10,220.45,,,,
440.978,,0,0,0,1024,0,0,0,0,0,0,0,0,0,0,1,0,0,0,,,,,,,,,,,,,,,,,,,,,,5845.5,,,,,186.5,,,,1.00113,1.00113,29.48,,,2.9440,,0.0,,0.2210,3.0000,38.3,27.8,27.8,27.8,27.8,27.8,,,,,,,,,,,,,1.916,0.300,2.353,0.000,1.883,,,,,,,,0.800,0.0,0.0,0.0,-0.8,0.0,16.797,5.547,,0.0,0.7793,45.000,-1.335,-1.335,0.000,-62.810,0.000,,,,,1.06250,,64,,,,,,28.69,,,,,,,30.56,,,,771.1,,,,,,,,,,,137.6,,,,,,0.000,0.000,,,,,,388.05,,2157.27,1418.05,,,208.97,0.00,,,,,,,,,,,,,0.000,0.000,64,2,2,,,,,,,,69,0,,,,,,,,,0.000,,219.39,219.91,,,,
440.988,,0,0,0,1024,0,0,0,0,0,0,0,0,0,0,1,0,0,0,,,,,,,,,,,,,,,,,,,,,,5852.5,,,,,186.5,,,,0.99942,0.99942,28.83,,,3.0100,,0.0,,0.2125,3.0000,24.8,27.8,27.8,24.8,24.8,24.8,,,,,,,,,,,,,1.916,0.300,2.353,0.000,1.883,,,,,,,,0.800,0.0,0.0,0.0,-0.8,0.0,16.453,6.063,,0.0,0.7793,45.000,-1.335,-1.335,0.000,-60.300,0.000,,,,,1.06250,,64,,,,,,28.03,,,,,,,29.39,,,,771.1,,,,,,,,,,,142.5,,,,,,0.000,0.000,,,,,,376.95,,2145.70,1435.94,,,208.97,0.00,,,,,,,,,,,,,0.000,0.000,64,2,2,,,,,,,,39,0,,,,,,,,,0.000,,219.39,219.91,,,,
440.997,,0,0,0,1024,0,0,0,0,0,0,0,0,0,0,1,0,0,0,,,,,,,,,,,,,,,,,,,,,,5865.5,,,,,172.9,,,,0.99942,1.00266,27.47,,,3.0680,,0.0,,0.2055,3.0000,21.8,21.8,26.3,26.3,24.8,26.3,,,,,,,,,,,,,1.916,0.300,2.353,0.000,1.804,,,,,,,,0.800,0.0,0.0,0.0,-0.8,0.0,16.250,5.797,,0.0,0.7827,45.000,-1.335,-1.335,0.000,-56.110,0.000,,,,,1.06250,,64,,,,,,26.67,,,,,,,28.31,,,,775.3,,,,,,,,,,,131.0,,,,,,0.000,0.000,,,,,,365.00,,2108.83,1450.63,,,207.35,0.00,,,,,,,,,,,,,0.000,0.000,64,2,2,,,,,,,,39,0,,,,,,,,,0.000,,219.57,220.19,,,,
441.007,,0,0,0,1024,0,0,0,0,0,0,0,0,0,0,1,0,0,0,,,,,,,,,,,,,,,,,,,,,,5854.0,,,,,172.9,,,,0.99942,1.00266,25.50,,,3.0760,,0.0,,0.2040,3.0000,20.3,21.8,26.3,20.3,20.3,20.3,,,,,,,,,,,,,1.728,0.300,2.353,0.000,1.804,,,,,,,,0.800,0.0,0.0,0.0,-0.8,0.0,15.938,6.266,,0.0,0.7859,45.000,-1.335,-1.335,0.000,-47.965,0.000,,,,,1.06250,,64,,,,,,24.66,,,,,,,26.63,,,,775.3,,,,,,,,,,,112.1,,,,,,0.000,0.000,,,,,,343.52,,1975.00,1461.88,,,207.35,0.00,,,,,,,,,,,,,0.000,0.000,64,2,2,,,,,,,,39,0,,,,,,,,,0.000,,219.57,220.19,,,,
441.020,,0,0,0,1024,0,0,0,0,0,0,0,0,0,0,1,0,0,0,,,,,,,,,,,,,,,,,,,,,,5852.5,,,,,155.8,,,,0.99942,1.00266,23.58,,,3.1620,,0.0,,0.1930,3.0000,18.0,18.0,21.8,21.8,20.3,21.8,,,,,,,,,,,,,1.728,0.300,2.353,0.000,1.556,,,,,,,,0.800,0.0,0.0,0.0,-0.8,0.0,15.750,5.953,,0.0,0.7898,45.000,-1.335,-1.335,0.000,-35.340,0.000,,,,,1.06250,,64,,,,,,22.80,,,,,,,25.15,,,,779.3,,,,,,,,,,,101.3,,,,,,0.000,0.000,,,,,,329.30,,1890.70,1470.31,,,186.30,0.00,,,,,,,,,,,,,0.000,0.000,64,2,2,,,,,,,,39,0,,,,,,,,,0.000,,219.83,219.83,,,,
441.030,,0,0,0,1024,0,0,0,0,0,0,0,0,0,0,1,0,0,0,,,,,,,,,,,,,,,,,,,,,,5837.0,,,,,155.8,,,,0.99942,1.00266,22.27,,,3.2080,,0.0,,0.1870,3.0000,17.3,18.0,21.8,17.3,17.3,17.3,,,,,,,,,,,,,1.573,0.300,1.556,0.000,1.556,,,,,,,,0.800,0.0,0.0,0.0,-0.8,0.0,15.484,6.406,,0.0,0.7922,45.000,-1.335,-1.335,0.000,-28.610,0.000,,,,,1.06250,,64,,,,,,21.47,,,,,,,23.44,,,,779.3,,,,,,,,,,,88.4,,,,,,0.000,0.000,,,,,,308.75,,1784.30,1476.25,,,186.30,0.00,,,,,,,,,,,,,0.000,0.000,64,2,2,,,,,,,,39,0,,,,,,,,,0.000,,219.83,219.83,,,,
441.041,,0,0,0,1024,0,0,0,0,0,0,0,0,0,0,1,0,0,0,,,,,,,,,,,,,,,,,,,,,,5828.5,,,,,140.0,,,,0.99942,1.00266,21.56,,,3.2460,,0.0,,0.1815,3.0000,16.5,16.5,17.3,17.3,17.3,17.3,,,,,,,,,,,,,1.573,0.300,1.556,0.000,1.391,,,,,,,,0.800,0.0,0.0,0.0,-0.8,0.0,15.375,6.094,,0.0,0.7876,45.000,-1.335,-1.335,0.000,-21.035,0.000,,,,,1.06250,,64,,,,,,20.79,,,,,,,22.43,,,,783.4,,,,,,,,,,,96.9,,,,,,0.000,0.000,,,,,,298.83,,1734.84,1482.19,,,169.55,0.00,,,,,,,,,,,,,0.000,0.000,64,2,2,,,,,,,,39,0,,,,,,,,,0.000,,220.54,220.01,,,,
441.051,37.5,0,0,0,1024,0,0,0,0,0,0,0,0,0,0,1,0,0,0,0.0,46.7,102.8,10.0,0.0,0.0,0.03,1,0,0.996,0.996,0.0,0.0,0.000,0.00,1000.0,1000.0,1000.0,0.0,0.0,1021.05,5805.5,32.672,482.0,0.0,10.0,140.0,0.02310,0.00,0.00,0.99942,1.00266,20.95,5,49.0,3.1240,-0.0380,0.0,26.0,0.1965,3.0000,16.5,16.5,17.3,16.5,16.5,16.5,28.5,12.8,0.00,0.01144,0,0,0,1,98,98,98,98,1.350,0.300,1.556,0.000,1.391,46.7,0.0,0.0,0.0,0.0,0.0,18.74,0.800,0.0,0.0,0.0,-0.8,0.0,15.156,6.453,0.0,0.0,0.7798,45.000,-1.335,-1.335,0.000,-19.350,0.000,0.9998,0.9998,0.0000,207.4,1.06250,0.104135,64,0.000,0.0,0.0,1000.0,1000.0,20.09,268.50,106.3,0.99942,1535.98,400.01,0.99939,21.40,14.77,268.48,19.99,783.4,-200.0,-15.9,46.77,46.779,207.6,870.7,750.0,1070.7,104.26,0.0,93.0,55.849,0.0,0,0.0,0.0,0.000,0.000,1013.13,0,1.6079,0.945,1013.20,283.67,0.08,1712.73,1485.08,2684.69,0.00,169.55,0.00,342.75,375.00,7.5,0,39.46,39.0,95.3,56.3,36,0,95.43,21.0,0.000,0.000,64,2,2,0.0,0.0,0.0,0.0,0.0,0.0,110.3,39,0,10.637,9.999,1000.0,2000.0,67.125,4.665,0.000,10.269,0.000,12.8,220.54,220.01,220.19,220.27,0.0,0.27
441.058,,0,0,0,1024,0,0,0,0,0,0,0,0,0,0,1,0,0,0,,,,,,,,,,,,,,,,,,,,,,5804.5,,,,,127.3,,,,0.99942,1.00266,20.72,,,3.0860,,0.0,,0.2010,3.0000,17.3,17.3,17.3,17.3,16.5,17.3,,,,,,,,,,,,,1.350,0.300,1.556,0.000,1.350,,,,,,,,0.800,0.0,0.0,0.0,-0.8,0.0,15.094,6.078,,0.0,0.7617,45.000,-1.335,-1.335,0.000,-20.100,0.000,,,,,1.06250,,64,,,,,,19.85,,,,,,,20.81,,,,787.7,,,,,,,,,,,99.1,,,,,,0.000,0.000,,,,,,277.81,,1727.42,1487.58,,,163.34,0.00,,,,,,,,,,,,,0.000,0.000,64,2,2,,,,,,,,39,0,,,,,,,,,0.000,,219.74,219.65,,,,
441.067,,0,0,0,1024,0,0,0,0,0,0,0,0,0,0,1,0,0,0,,,,,,,,,,,,,,,,,,,,,,5796.0,,,,,127.3,,,,0.99942,1.00266,19.36,,,2.9820,,0.0,,0.2140,3.0000,17.3,17.3,17.3,17.3,17.3,17.3,,,,,,,,,,,,,1.383,0.300,1.556,0.000,1.350,,,,,,,,0.800,0.0,0.0,0.0,-0.8,0.0,14.875,6.375,,0.0,0.7456,45.000,-1.335,-1.335,0.000,-21.775,0.000,,,,,1.06250,,64,,,,,,18.59,,,,,,,20.16,,,,787.7,,,,,,,,,,,83.3,,,,,,0.000,0.000,,,,,,269.38,,1750.63,1491.80,,,163.34,0.00,,,,,,,,,,,,,0.000,0.000,64,2,2,,,,,,,,39,0,,,,,,,,,0.000,,219.74,219.65,,,,
441.077,,0,0,0,1024,0,0,0,0,0,0,0,0,0,0,1,0,0,0,,,,,,,,,,,,,,,,,,,,,,5787.5,,,,,116.8,,,,0.99942,1.00266,19.17,,,2.9540,,0.0,,0.2175,3.0000,19.5,19.5,19.5,17.3,17.3,19.5,,,,,,,,,,,,,1.383,0.300,1.556,0.000,1.274,,,,,,,,0.800,0.0,0.0,0.0,-0.8,0.0,14.828,5.984,,0.0,0.7292,45.000,-1.335,-1.335,0.000,-23.450,0.000,,,,,0.99942,,64,,,,,,20.39,,,,,,,20.06,,,,791.2,,,,,,,,,,,111.3,,,,,,0.000,0.000,,,,,,267.81,,1782.27,1494.14,,,168.80,0.00,,,,,,,,,,,,,0.000,0.000,64,2,2,,,,,,,,39,0,,,,,,,,,0.000,,219.74,219.48,,,,
441.087,,0,0,0,1024,0,0,0,0,0,0,0,0,0,0,1,0,0,0,,,,,,,,,,,,,,,,,,,,,,5775.0,,,,,116.8,,,,0.99942,1.00266,17.77,,,2.8960,,0.0,,0.2255,3.0000,21.8,19.5,21.0,21.0,21.8,21.8,,,,,,,,,,,,,1.277,0.300,1.556,0.000,1.274,,,,,,,,0.800,0.0,0.0,0.0,-0.8,0.0,14.703,6.266,,0.0,0.7188,45.000,-1.335,-1.335,0.000,-25.125,0.000,,,,,0.99942,,64,,,,,,18.87,,,,,,,19.57,,,,791.2,,,,,,,,,,,91.7,,,,,,0.000,0.000,,,,,,263.13,,1794.84,1497.58,,,168.80,0.00,,,,,,,,,,,,,0.000,0.000,64,2,2,,,,,,,,39,0,,,,,,,,,0.000,,219.74,219.48,,,,
441.098,,0,0,0,1024,0,0,0,0,0,0,0,0,0,0,1,0,0,0,,,,,,,,,,,,,,,,,,,,,,5772.0,,,,,114.5,,,,0.99942,1.00266,18.75,,,2.8600,,0.0,,0.2300,3.0000,20.3,20.3,20.3,21.0,21.8,20.3,,,,,,,,,,,,,1.277,0.300,1.556,0.000,1.265,,,,,,,,0.800,0.0,0.0,0.0,-0.8,0.0,14.703,5.906,,0.0,0.7070,45.000,-1.335,-1.335,0.000,-24.285,0.000,,,,,0.99942,,64,,,,,,19.92,,,,,,,19.59,,,,794.6,,,,,,,,,,,108.0,,,,,,0.000,0.000,,,,,,263.67,,1785.39,1499.69,,,172.52,0.00,,,,,,,,,,,,,0.000,0.000,64,2,2,,,,,,,,39,0,,,,,,,,,0.000,,219.48,219.48,,,,
441.107,,0,0,0,1024,0,0,0,0,0,0,0,0,0,0,1,0,0,0,,,,,,,,,,,,,,,,,,,,,,5758.5,,,,,114.5,,,,0.99942,1.00266,18.56,,,2.8120,,0.0,,0.2365,3.0000,18.8,20.3,18.8,18.8,18.8,18.8,,,,,,,,,,,,,1.262,0.300,1.556,0.000,1.265,,,,,,,,0.800,0.0,0.0,0.0,-0.8,0.0,14.609,6.203,,0.0,0.7046,45.000,-1.335,-1.335,0.000,-20.835,0.000,,,,,0.99942,,64,,,,,,19.66,,,,,,,19.50,,,,794.6,,,,,,,,,,,105.5,,,,,,0.000,0.000,,,,,,262.73,,1754.84,1502.73,,,172.52,0.00,,,,,,,,,,,,,0.000,0.000,64,2,2,,,,,,,,39,0,,,,,,,,,0.000,,219.48,219.48,,,,
441.119,,0,0,0,1024,0,0,0,0,0,0,0,0,0,0,1,0,0,0,,,,,,,,,,,,,,,,,,,,,,5755.5,,,,,113.3,,,,0.99942,1.00266,18.42,,,2.7180,,0.0,,0.2485,3.0000,18.0,18.0,18.0,18.8,18.8,18.0,,,,,,,,,,,,,1.262,0.300,1.556,0.000,1.265,,,,,,,,0.800,0.0,0.0,0.0,-0.8,0.0,14.578,5.844,,0.0,0.7029,45.000,-1.335,-1.335,0.000,-15.835,0.000,,,,,0.99942,,64,,,,,,19.50,,,,,,,19.27,,,,798.0,,,,,,,,,,,106.0,,,,,,0.000,0.000,,,,,,262.34,,1693.75,1504.61,,,165.84,0.00,,,,,,,,,,,,,0.000,0.000,64,2,2,,,,,,,,39,0,,,,,,,,,0.000,,218.69,219.21,,,,
441.130,,0,0,0,1024,0,0,0,0,0,0,0,0,0,0,1,0,0,0,,,,,,,,,,,,,,,,,,,,,,5736.5,,,,,113.3,,,,0.99942,1.00266,16.83,,,2.6600,,0.0,,0.2565,3.0000,18.0,18.0,18.0,18.0,18.0,18.0,,,,,,,,,,,,,1.243,0.300,1.556,0.000,1.251,,,,,,,,0.800,0.0,0.0,0.0,-0.8,0.0,14.578,5.719,,0.0,0.7068,45.000,-1.335,-1.335,0.000,-10.000,0.000,,,,,0.99942,,64,,,,,,17.84,,,,,,,18.47,,,,798.0,,,,,,,,,,,103.5,,,,,,0.000,0.000,,,,,,258.36,,1595.78,1506.48,,,165.84,0.00,,,,,,,,,,,,,0.000,0.000,64,2,2,,,,,,,,39,0,,,,,,,,,0.000,,218.69,219.21,,,,
441.144,,0,0,0,1024,0,0,0,0,0,0,0,0,0,0,1,0,0,0,,,,,,,,,,,,,,,,,,,,,,5751.5,,,,,107.2,,,,0.99942,1.00266,16.97,,,2.6520,,0.0,,0.2585,3.0000,17.3,18.0,18.0,18.0,17.3,18.0,,,,,,,,,,,,,1.243,0.300,1.556,0.000,1.251,,,,,,,,0.800,0.0,0.0,0.0,-0.8,0.0,14.531,5.688,,0.0,0.7239,45.000,-1.335,-1.335,0.000,-3.330,0.000,,,,,0.99942,,64,,,,,,17.95,,,,,,,18.26,,,,800.4,,,,,,,,,,,95.5,,,,,,0.000,0.000,,,,,,256.17,,1547.27,1509.92,,,150.54,0.00,,,,,,,,,,,,,0.000,0.000,64,2,2,,,,,,,,39,0,,,,,,,,,0.000,,219.12,218.95,,,,
441.158,42.0,0,0,0,1024,0,0,0,0,0,0,0,0,0,0,1,0,0,0,0.0,7.5,44.5,9.8,0.0,0.0,0.03,1,0,0.906,0.996,0.0,0.0,-0.688,0.00,1000.0,1000.0,1000.0,0.0,0.0,1005.74,5812.5,32.672,482.8,0.0,9.8,110.2,0.02256,0.00,0.00,0.99942,1.00266,17.16,5,49.0,2.6600,-0.0860,0.0,22.6,0.2590,3.0000,18.0,18.8,18.8,18.0,18.0,18.8,17.3,17.3,0.00,0.06454,0,0,0,1,98,98,98,98,1.219,0.300,1.556,0.000,1.210,7.5,0.0,0.0,0.0,0.0,0.0,18.74,0.800,0.0,0.0,0.0,-0.8,0.0,14.578,5.531,0.0,0.0,0.7690,45.000,-1.335,-1.335,0.000,-1.665,0.000,0.9998,0.9998,0.0000,109.4,0.99942,0.102935,64,0.000,0.0,0.0,1000.0,1000.0,18.09,267.75,67.1,0.99942,1535.98,400.01,0.99939,18.42,2.37,267.73,19.95,802.3,-200.0,-37.7,45.39,45.390,138.0,870.1,750.0,1070.1,79.49,0.0,97.8,48.988,0.0,0,0.0,0.0,0.000,0.000,1013.20,1,1.5400,0.945,1013.20,251.48,0.00,1534.69,1508.36,2684.61,0.00,143.74,0.00,290.25,375.00,6.3,0,38.94,37.5,95.3,56.3,36,0,95.43,21.0,0.000,0.000,64,2,2,0.0,0.0,0.0,0.0,0.0,0.0,68.8,39,0,6.712,5.423,1000.0,2000.0,68.494,0.749,0.000,5.453,0.000,12.8,218.69,218.60,219.65,219.57,0.0,0.17
441.168,,0,0,0,1024,0,0,0,0,0,0,0,0,0,0,1,0,0,0,,,,,,,,,,,,,,,,,,,,,,5829.5,,,,,110.2,,,,0.99942,1.00266,17.58,,,2.6420,,0.0,,0.2615,3.0000,18.0,18.8,18.8,18.8,18.8,18.8,,,,,,,,,,,,,1.258,0.300,1.556,0.000,1.248,,,,,,,,0.800,0.0,0.0,0.0,-0.8,0.0,14.609,5.406,,0.0,0.7864,45.000,-1.335,-1.335,0.000,-3.330,0.000,,,,,0.99942,,64,,,,,,18.52,,,,,,,18.75,,,,802.3,,,,,,,,,,,104.6,,,,,,0.000,0.000,,,,,,249.84,,1565.23,1508.59,,,143.74,0.00,,,,,,,,,,,,,0.000,0.000,64,2,2,,,,,,,,39,0,,,,,,,,,0.000,,218.69,218.60,,,,
441.177,,0,0,0,1024,0,0,0,0,0,0,0,0,0,0,1,0,0,0,,,,,,,,,,,,,,,,,,,,,,5851.0,,,,,111.8,,,,0.99942,1.00266,18.23,,,2.7640,,0.0,,0.2470,3.0000,18.8,18.8,18.8,18.8,18.8,18.8,,,,,,,,,,,,,1.258,0.300,1.556,0.000,1.248,,,,,,,,0.800,0.0,0.0,0.0,-0.8,0.0,14.609,5.375,,0.0,0.8069,45.000,-1.335,-1.335,0.000,-5.000,0.000,,,,,0.99942,,64,,,,,,19.24,,,,,,,18.98,,,,804.1,,,,,,,,,,,104.6,,,,,,0.000,0.000,,,,,,251.25,,1583.13,1509.92,,,147.09,0.00,,,,,,,,,,,,,0.000,0.000,64,2,2,,,,,,,,39,0,,,,,,,,,0.000,,217.63,218.16,,,,
441.187,,0,0,0,1024,0,0,0,0,0,0,0,0,0,0,1,0,0,0,,,,,,,,,,,,,,,,,,,,,,5848.0,,,,,111.8,,,,1.00266,1.00266,18.66,,,2.7460,,0.0,,0.2495,3.0000,18.8,18.8,18.8,18.8,18.8,18.8,,,,,,,,,,,,,1.306,0.300,1.556,0.000,1.303,,,,,,,,0.800,0.0,0.0,0.0,-0.8,0.0,14.688,5.250,,0.0,0.8169,45.000,-1.335,-1.335,0.000,-6.665,0.000,,,,,0.99942,,64,,,,,,19.62,,,,,,,19.24,,,,804.1,,,,,,,,,,,114.3,,,,,,0.000,0.000,,,,,,253.75,,1595.78,1510.86,,,147.09,0.00,,,,,,,,,,,,,0.000,0.000,64,2,2,,,,,,,,40,0,,,,,,,,,0.000,,217.63,218.16,,,,
441.198,,0,0,0,1024,0,0,0,0,0,0,0,0,0,0,1,0,0,0,,,,,,,,,,,,,,,,,,,,,,5859.5,,,,,115.4,,,,1.00266,1.00266,18.61,,,2.9060,,0.0,,0.2295,3.0000,18.8,18.8,18.8,18.8,18.8,18.8,,,,,,,,,,,,,1.306,0.300,1.556,0.000,1.303,,,,,,,,0.800,0.0,0.0,0.0,-0.8,0.0,14.750,5.266,,0.0,0.8330,45.000,-1.335,-1.335,0.000,-6.665,0.000,,,,,0.99942,,64,,,,,,19.55,,,,,,,19.27,,,,805.7,,,,,,,,,,,108.7,,,,,,0.000,0.000,,,,,,254.30,,1592.58,1512.42,,,150.00,0.00,,,,,,,,,,,,,0.000,0.000,64,2,2,,,,,,,,40,0,,,,,,,,,0.000,,219.04,218.95,,,,
441.207,,0,0,0,1024,0,0,0,0,0,0,0,0,0,0,1,0,0,0,,,,,,,,,,,,,,,,,,,,,,5831.0,,,,,115.4,,,,1.00266,1.00266,18.89,,,2.9060,,0.0,,0.2300,3.0000,18.8,18.8,18.8,18.8,18.8,18.8,,,,,,,,,,,,,1.301,0.300,1.556,0.000,1.298,,,,,,,,0.800,0.0,0.0,0.0,-0.8,0.0,14.875,5.172,,0.0,0.8552,45.000,-1.335,-1.335,0.000,-5.045,0.000,,,,,0.99942,,64,,,,,,19.83,,,,,,,19.48,,,,805.7,,,,,,,,,,,113.8,,,,,,0.000,0.000,,,,,,256.41,,1574.69,1512.89,,,150.00,0.00,,,,,,,,,,,,,0.000,0.000,64,2,2,,,,,,,,40,0,,,,,,,,,0.000,,219.04,218.95,,,,
441.220,,0,0,0,1024,0,0,0,0,0,0,0,0,0,0,1,0,0,0,,,,,,,,,,,,,,,,,,,,,,5824.0,,,,,115.6,,,,1.00266,1.00266,18.80,,,2.9820,,0.0,,0.2205,3.0000,18.8,18.8,18.8,18.8,18.8,18.8,,,,,,,,,,,,,1.301,0.300,1.556,0.000,1.298,,,,,,,,0.800,0.0,0.0,0.0,-0.8,0.0,14.938,5.188,,0.0,0.8774,45.000,-1.335,-1.335,0.000,-2.520,0.000,,,,,0.99942,,64,,,,,,19.73,,,,,,,19.34,,,,806.5,,,,,,,,,,,110.9,,,,,,0.000,0.000,,,,,,258.59,,1529.38,1513.05,,,146.65,0.00,,,,,,,,,,,,,0.000,0.000,64,2,2,,,,,,,,40,0,,,,,,,,,0.000,,219.04,219.06,,,,
441.230,,0,0,0,1024,0,0,0,0,0,0,0,0,0,0,1,0,0,0,,,,,,,,,,,,,,,,,,,,,,5793.0,,,,,115.6,,,,1.00266,1.00266,18.38,,,2.9060,,0.0,,0.2300,3.0000,18.8,18.8,18.8,18.8,18.8,18.8,,,,,,,,,,,,,1.239,0.300,1.556,0.000,1.254,,,,,,,,0.800,0.0,0.0,0.0,-0.8,0.0,15.047,5.063,,0.0,0.8848,45.000,-1.335,-1.335,0.000,1.680,0.000,,,,,0.99942,,64,,,,,,19.31,,,,,,,19.31,,,,806.5,,,,,,,,,,,106.9,,,,,,0.000,0.000,,,,,,258.44,,1492.50,1513.13,,,146.65,0.00,,,,,,,,,,,,,0.000,0.000,64,2,2,,,,,,,,40,0,,,,,,,,,0.000,,219.04,219.06,,,,
441.244,,0,0,0,1024,0,0,0,0,0,0,0,0,0,0,1,0,0,0,,,,,,,,,,,,,,,,,,,,,,5783.5,,,,,110.9,,,,1.00266,1.00266,18.19,,,2.8880,,0.0,,0.2330,3.0000,18.8,18.8,18.8,18.8,18.8,18.8,,,,,,,,,,,,,1.239,0.300,1.556,0.000,1.254,,,,,,,,0.800,0.0,0.0,0.0,-0.8,0.0,15.109,5.063,,0.0,0.8965,45.000,-1.335,-1.335,0.035,4.205,0.000,,,,,0.99942,,64,,,,,,19.15,,,,,,,18.96,,,,807.5,,,,,,,,,,,106.5,,,,,,0.000,0.000,,,,,,258.28,,1449.30,1516.56,,,136.71,0.00,,,,,,,,,,,,,0.000,0.000,64,2,2,,,,,,,,40,0,,,,,,,,,1.680,,218.25,218.16,,,,
441.257,42.8,0,0,0,1024,0,0,0,0,0,0,0,0,0,0,1,0,0,0,0.0,0.0,31.7,9.8,0.0,0.0,0.18,1,0,0.895,0.996,0.0,0.0,-1.094,0.02,1000.0,1000.0,1000.0,0.0,0.0,996.86,5772.0,32.672,481.5,0.0,9.8,112.4,0.02256,0.00,0.00,1.00266,1.00266,18.52,5,49.0,2.8020,0.3400,0.0,23.4,0.2440,3.0000,18.0,18.0,18.8,18.0,18.0,18.0,15.0,18.8,0.00,0.17672,0,0,0,1,98,98,98,98,1.262,0.300,1.556,0.000,1.233,0.0,0.2,0.0,0.0,0.0,0.0,18.74,0.800,0.0,0.0,0.0,-0.8,0.0,15.250,5.188,0.0,0.0,0.9070,45.000,-1.335,-1.335,0.255,5.830,0.000,0.9998,1.0469,0.0000,90.7,0.99942,0.101598,64,0.000,0.0,0.0,1000.0,1000.0,19.43,266.04,57.8,0.99942,1535.98,400.01,0.99939,19.22,0.00,266.02,19.80,808.0,-200.0,-52.3,44.40,44.408,91.2,869.0,750.0,1069.0,70.31,0.0,112.1,44.383,0.0,0,0.0,0.0,0.000,0.000,1013.20,1,1.4377,0.945,1013.20,261.33,0.00,1445.16,1514.84,2684.61,0.00,133.95,0.00,290.25,381.75,7.8,0,37.75,36.0,95.3,56.3,36,0,95.43,21.0,0.000,0.000,64,2,2,0.0,0.0,0.0,0.0,0.0,0.0,58.2,40,0,5.789,3.613,1000.0,2000.0,68.433,0.000,0.024,3.166,6.020,12.8,217.81,217.71,218.69,218.69,0.0,0.09
441.267,,0,0,0,1024,0,0,0,0,0,0,0,0,0,0,1,0,0,0,,,,,,,,,,,,,,,,,,,,,,5783.5,,,,,112.4,,,,1.00266,1.00266,18.80,,,2.7280,,0.0,,0.2540,3.0000,18.0,18.0,18.0,18.0,18.0,18.0,,,,,,,,,,,,,1.281,0.300,1.556,0.000,1.302,,,,,,,,0.800,0.0,0.0,0.0,-0.8,0.0,15.375,4.859,,0.0,0.9160,45.000,-1.335,-1.335,0.380,5.000,0.000,,,,,0.99942,,64,,,,,,19.71,,,,,,,19.55,,,,808.0,,,,,,,,,,,119.6,,,,,,0.000,0.000,,,,,,265.47,,1459.84,1515.00,,,133.95,0.00,,,,,,,,,,,,,0.000,0.000,64,2,2,,,,,,,,40,0,,,,,,,,,6.084,,217.81,217.71,,,,
441.277,,0,0,0,1024,0,0,0,0,0,0,0,0,0,0,1,0,0,0,,,,,,,,,,,,,,,,,,,,,,5797.5,,,,,115.8,,,,1.00266,1.00266,18.23,,,2.7360,,0.0,,0.2535,3.0000,18.0,18.0,18.0,18.0,18.0,18.0,,,,,,,,,,,,,1.281,0.300,1.556,0.000,1.302,,,,,,,,0.800,0.0,0.0,0.0,-0.8,0.0,15.438,5.125,,0.0,0.9312,45.000,-1.335,-1.335,0.490,3.330,0.000,,,,,0.99942,,64,,,,,,19.15,,,,,,,19.38,,,,808.0,,,,,,,,,,,106.0,,,,,,0.000,0.000,,,,,,263.75,,1466.17,1515.94,,,135.80,0.00,,,,,,,,,,,,,0.000,0.000,64,2,2,,,,,,,,40,0,,,,,,,,,5.379,,218.98,218.07,,,,
441.288,,0,0,0,1024,0,0,0,0,0,0,0,0,0,0,1,0,0,0,,,,,,,,,,,,,,,,,,,,,,5796.0,,,,,115.8,,,,1.00266,1.00266,19.50,,,2.6800,,0.0,,0.2610,3.0000,18.0,18.0,18.0,18.0,18.0,18.0,,,,,,,,,,,,,1.345,0.300,1.556,0.000,1.354,,,,,,,,0.800,0.0,0.0,0.0,-0.8,0.0,15.609,4.844,,0.0,0.9417,45.000,-1.335,-1.335,0.560,3.330,0.000,,,,,0.99942,,64,,,,,,20.44,,,,,,,20.02,,,,808.0,,,,,,,,,,,123.4,,,,,,0.000,0.000,,,,,,269.84,,1465.16,1515.47,,,135.80,0.00,,,,,,,,,,,,,0.000,0.000,64,2,2,,,,,,,,40,0,,,,,,,,,3.819,,218.98,218.07,,,,
441.298,,0,0,0,1024,0,0,0,0,0,0,0,0,0,0,1,0,0,0,,,,,,,,,,,,,,,,,,,,,,5797.5,,,,,118.8,,,,1.00266,1.00266,18.98,,,2.7640,,0.0,,0.2510,3.0000,18.0,18.0,18.0,18.0,18.0,18.0,,,,,,,,,,,,,1.345,0.300,1.556,0.000,1.354,,,,,,,,0.800,0.0,0.0,0.0,-0.8,0.0,15.672,5.109,,0.0,0.9602,45.000,-1.335,-1.335,0.630,4.165,0.000,,,,,0.99942,,64,,,,,,19.95,,,,,,,19.88,,,,807.2,,,,,,,,,,,110.9,,,,,,0.000,0.000,,,,,,269.45,,1456.72,1516.41,,,136.03,0.00,,,,,,,,,,,,,0.000,0.000,64,2,2,,,,,,,,40,0,,,,,,,,,3.889,,216.76,216.86,,,,
441.307,,0,0,0,1024,0,0,0,0,0,0,0,0,0,0,1,0,0,0,,,,,,,,,,,,,,,,,,,,,,5790.5,,,,,118.8,,,,1.00266,1.00266,19.45,,,2.7640,,0.0,,0.2515,3.0000,18.8,18.8,17.3,17.3,18.0,17.3,,,,,,,,,,,,,1.345,0.300,1.556,0.000,1.352,,,,,,,,0.800,0.0,0.0,0.0,-0.8,0.0,15.844,4.828,,0.0,0.9758,45.000,-1.335,-1.335,0.720,5.860,0.000,,,,,0.99942,,64,,,,,,20.39,,,,,,,20.09,,,,807.2,,,,,,,,,,,117.8,,,,,,0.000,0.000,,,,,,271.48,,1444.06,1515.94,,,136.03,0.00,,,,,,,,,,,,,0.000,0.000,64,2,2,,,,,,,,40,0,,,,,,,,,4.794,,216.76,216.86,,,,
441.320,,0,0,0,1024,0,0,0,0,0,0,0,0,0,0,1,0,0,0,,,,,,,,,,,,,,,,,,,,,,5775.0,,,,,118.3,,,,1.00266,1.00266,18.84,,,2.7840,,0.0,,0.2495,3.0000,17.3,18.8,17.3,17.3,17.3,17.3,,,,,,,,,,,,,1.326,0.300,1.556,0.000,1.352,,,,,,,,0.800,0.0,0.0,0.0,-0.8,0.0,15.859,5.078,,0.0,0.9917,45.000,-1.335,-1.335,0.845,7.535,0.000,,,,,0.99942,,64,,,,,,19.73,,,,,,,19.85,,,,807.5,,,,,,,,,,,108.4,,,,,,0.000,0.000,,,,,,270.39,,1417.73,1514.84,,,132.96,0.00,,,,,,,,,,,,,0.000,0.000,64,2,2,,,,,,,,40,0,,,,,,,,,6.580,,216.51,216.51,,,,
441.330,,0,0,0,1024,0,0,0,0,0,0,0,0,0,0,1,0,0,0,,,,,,,,,,,,,,,,,,,,,,5777.5,,,,,118.3,,,,1.00266,1.00266,18.94,,,2.8020,,0.0,,0.2475,3.0000,-10.5,-10.5,-10.5,-10.5,17.3,-10.5,,,,,,,,,,,,,1.326,0.300,1.556,0.000,1.301,,,,,,,,0.800,0.0,0.0,0.0,-0.8,0.0,15.984,4.781,,0.0,0.9995,45.000,-1.335,-1.335,3.995,2.095,0.000,,,,,0.99942,,64,,,,,,19.85,,,,,,,19.88,,,,807.5,,,,,,,,,,,110.4,,,,,,0.000,0.000,,,,,,270.70,,1404.06,1514.61,,,132.96,0.00,,,,,,,,,,,,,0.000,0.000,64,2,2,,,,,,,,40,0,,,,,,,,,8.379,,216.51,216.51,,,,
441.344,,0,0,0,1024,0,0,0,0,0,0,0,0,0,0,1,0,0,0,,,,,,,,,,,,,,,,,,,,,,5762.5,,,,,116.5,,,,1.00266,1.00266,18.89,,,2.7460,,0.0,,0.2550,3.0000,-10.5,-10.5,-10.5,-10.5,-10.5,-10.5,,,,,,,,,,,,,1.296,0.300,1.556,0.000,1.301,,,,,,,,0.800,0.0,0.0,0.0,-0.8,0.0,15.984,5.047,,0.0,1.0251,45.000,-1.335,-1.335,7.855,2.590,0.000,,,,,0.99942,,64,,,,,,19.73,,,,,,,19.76,,,,808.1,,,,,,,,,,,109.4,,,,,,0.000,0.000,,,,,,270.94,,1388.20,1516.48,,,128.32,0.00,,,,,,,,,,,,,0.000,0.000,64,2,2,,,,,,,,40,0,,,,,,,,,6.090,,217.98,217.12,,,,
441.357,42.8,0,0,0,1024,0,0,0,0,0,0,0,0,0,0,1,0,0,0,0.0,0.0,22.6,9.8,0.0,0.0,0.78,1,0,0.910,0.996,0.0,0.0,-1.688,-0.03,1000.0,1000.0,1000.0,0.0,0.0,985.26,5759.5,32.672,481.7,0.0,9.8,116.1,0.02256,0.00,0.00,1.00266,1.00266,18.66,5,49.0,2.8020,0.1980,0.0,22.5,0.2490,3.0000,-10.5,-10.5,-10.5,-10.5,-10.5,-10.5,12.8,18.0,0.00,0.20429,0,0,0,1,98,98,98,98,1.280,0.300,1.556,0.000,1.282,0.0,0.0,0.0,0.0,0.0,0.0,18.74,0.800,0.0,0.0,0.0,-0.8,0.0,16.172,5.125,0.0,0.0,1.0784,45.000,-1.335,-1.335,16.635,3.135,0.000,0.9998,1.0469,0.0000,73.0,0.99942,0.100687,64,6.020,0.0,0.0,1000.0,1000.0,19.50,262.78,60.1,0.99942,1535.98,400.01,0.99939,19.69,0.00,262.76,19.83,808.0,-200.0,-58.0,44.09,44.092,73.7,867.7,750.0,1067.7,73.01,0.0,106.6,41.957,0.0,0,0.0,0.0,0.000,0.000,1013.16,2,1.3612,0.945,1013.24,269.61,0.08,1380.86,1514.53,2684.69,0.00,127.45,0.00,287.25,381.75,8.6,0,36.74,36.0,95.3,56.3,36,0,95.43,21.0,0.000,0.000,64,2,2,0.0,0.0,0.0,0.0,0.0,0.0,59.6,40,0,6.013,2.814,1000.0,2000.0,67.697,0.000,0.000,2.257,15.204,12.8,216.93,217.38,218.33,218.33,0.0,1.14
441.368,,0,0,0,1024,0,0,0,0,0,0,0,0,0,0,1,0,0,0,,,,,,,,,,,,,,,,,,,,,,5759.5,,,,,116.1,,,,1.00266,1.00266,18.80,,,2.8120,,0.0,,0.2480,3.0000,-10.5,-10.5,-10.5,-10.5,-10.5,-10.5,,,,,,,,,,,,,1.280,0.300,1.556,0.000,1.293,,,,,,,,0.800,0.0,0.0,0.0,-0.8,0.0,16.281,4.906,,0.0,1.1079,45.000,-1.335,-1.335,21.200,3.135,0.000,,,,,0.99942,,64,,,,,,19.64,,,,,,,19.66,,,,808.0,,,,,,,,,,,108.2,,,,,,0.000,0.000,,,,,,269.53,,1386.09,1514.77,,,127.45,0.00,,,,,,,,,,,,,0.000,0.000,64,2,2,,,,,,,,40,0,,,,,,,,,19.769,,216.93,217.38,,,,
441.377,,0,0,0,1024,0,0,0,0,0,0,0,0,0,0,1,0,0,0,,,,,,,,,,,,,,,,,,,,,,5759.5,,,,,115.9,,,,1.00266,1.00266,18.66,,,2.8400,,0.0,,0.2450,3.0000,-10.5,-10.5,-10.5,-10.5,-10.5,-10.5,,,,,,,,,,,,,1.293,0.300,1.556,0.000,1.293,,,,,,,,0.800,0.0,0.0,0.0,-0.8,0.0,16.266,5.188,,0.0,1.1785,45.000,-1.335,-1.335,25.760,2.590,0.000,,,,,0.99942,,64,,,,,,19.50,,,,,,,19.62,,,,809.5,,,,,,,,,,,107.5,,,,,,0.000,0.000,,,,,,269.14,,1387.19,1513.83,,,127.99,0.00,,,,,,,,,,,,,0.000,0.000,64,2,2,,,,,,,,40,0,,,,,,,,,24.335,,216.60,216.08,,,,
441.387,,0,0,0,1024,0,0,0,0,0,0,0,0,0,0,1,0,0,0,,,,,,,,,,,,,,,,,,,,,,5766.5,,,,,115.9,,,,1.00266,1.00266,18.94,,,2.7460,,0.0,,0.2570,3.0000,-10.5,-10.5,-10.5,-10.5,-10.5,-10.5,,,,,,,,,,,,,1.293,0.300,1.556,0.000,1.293,,,,,,,,0.800,0.0,0.0,0.0,-0.8,0.0,16.313,4.969,,0.0,1.2380,45.000,-1.335,-1.335,29.970,2.590,0.000,,,,,0.99942,,64,,,,,,19.80,,,,,,,19.71,,,,809.5,,,,,,,,,,,108.1,,,,,,0.000,0.000,,,,,,269.53,,1388.20,1513.98,,,127.99,0.00,,,,,,,,,,,,,0.000,0.000,64,2,2,,,,,,,,42,0,,,,,,,,,28.349,,216.60,216.08,,,,
441.397,,0,0,0,1024,0,0,0,0,0,0,0,0,0,0,1,0,0,0,,,,,,,,,,,,,,,,,,,,,,5765.5,,,,,116.4,,,,1.00266,1.00266,18.70,,,2.7080,,0.0,,0.2625,3.0000,-10.5,-10.5,-10.5,-10.5,-10.5,-10.5,,,,,,,,,,,,,1.296,0.300,1.556,0.000,1.293,,,,,,,,0.800,0.0,0.0,0.0,-0.8,0.0,16.375,4.906,,0.0,1.3086,45.000,-1.335,-1.335,34.190,3.735,0.000,,,,,0.99942,,64,,,,,,19.57,,,,,,,19.64,,,,810.9,,,,,,,,,,,107.7,,,,,,0.000,0.000,,,,,,268.91,,1369.30,1514.06,,,128.06,0.00,,,,,,,,,,,,,0.000,0.000,64,2,2,,,,,,,,42,0,,,,,,,,,32.559,,216.51,216.00,,,,
441.407,,0,0,0,1024,0,0,0,0,0,0,0,0,0,0,1,0,0,0,,,,,,,,,,,,,,,,,,,,,,5771.0,,,,,116.4,,,,1.00266,1.00266,18.80,,,2.6320,,0.0,,0.2730,3.0000,-10.5,-10.5,-10.5,-10.5,-10.5,-10.5,,,,,,,,,,,,,1.296,0.300,1.556,0.000,1.293,,,,,,,,0.800,0.0,0.0,0.0,-0.8,0.0,16.406,4.922,,0.0,1.3328,45.000,-1.335,-1.335,39.130,5.085,0.000,,,,,0.99942,,64,,,,,,19.66,,,,,,,19.64,,,,810.9,,,,,,,,,,,109.0,,,,,,0.000,0.000,,,,,,268.91,,1346.09,1513.98,,,128.06,0.00,,,,,,,,,,,,,0.000,0.000,64,2,2,,,,,,,,42,0,,,,,,,,,37.924,,216.51,216.00,,,,
441.420,,0,0,0,1024,0,0,0,0,0,0,0,0,0,0,1,0,0,0,,,,,,,,,,,,,,,,,,,,,,5773.5,,,,,115.9,,,,1.00266,1.00266,18.28,,,2.6900,,0.0,,0.2660,3.0000,-10.5,-10.5,-10.5,-10.5,-10.5,-10.5,,,,,,,,,,,,,1.302,0.300,1.556,0.000,1.290,,,,,,,,0.800,0.0,0.0,0.0,-0.8,0.0,16.484,4.891,,0.0,1.3289,45.000,-1.335,-1.335,44.800,7.495,0.000,,,,,0.99942,,64,,,,,,19.13,,,,,,,19.43,,,,811.5,,,,,,,,,,,106.0,,,,,,0.000,0.000,,,,,,266.80,,1306.09,1513.44,,,122.23,0.00,,,,,,,,,,,,,0.000,0.000,64,2,2,,,,,,,,42,0,,,,,,,,,44.214,,216.26,216.69,,,,
441.430,,0,0,0,1024,0,0,0,0,0,0,0,0,0,0,1,0,0,0,,,,,,,,,,,,,,,,,,,,,,5775.0,,,,,115.9,,,,1.00266,1.00266,18.19,,,2.6420,,0.0,,0.2725,3.0000,-10.5,-10.5,-10.5,-10.5,-10.5,-10.5,,,,,,,,,,,,,1.302,0.300,1.556,0.000,1.290,,,,,,,,0.800,0.0,0.0,0.0,-0.8,0.0,16.500,4.938,,0.0,1.3147,45.000,-1.335,-1.335,45.000,10.360,0.000,,,,,0.99942,,64,,,,,,19.05,,,,,,,19.29,,,,811.5,,,,,,,,,,,103.7,,,,,,0.000,0.000,,,,,,265.31,,1287.11,1513.67,,,122.23,0.00,,,,,,,,,,,,,0.000,0.000,64,2,2,,,,,,,,42,0,,,,,,,,,52.295,,216.26,216.69,,,,
441.444,,0,0,0,1024,0,0,0,0,0,0,0,0,0,0,1,0,0,0,,,,,,,,,,,,,,,,,,,,,,5753.0,,,,,112.2,,,,1.00266,1.00266,17.58,,,2.7080,,0.0,,0.2650,3.0000,-10.5,-10.5,-10.5,-10.5,-10.5,-10.5,,,,,,,,,,,,,1.261,0.300,1.556,0.000,1.266,,,,,,,,0.800,0.0,0.0,0.0,-0.8,0.0,16.563,4.938,,0.0,1.3010,45.000,-1.335,-1.335,45.000,11.415,0.000,,,,,0.99942,,64,,,,,,18.38,,,,,,,18.96,,,,812.8,,,,,,,,,,,101.5,,,,,,0.000,0.000,,,,,,261.56,,1286.02,1515.23,,,115.55,0.00,,,,,,,,,,,,,0.000,0.000,64,2,2,,,,,,,,42,0,,,,,,,,,55.359,,216.76,216.26,,,,
441.457,43.5,0,0,0,1024,0,0,0,0,0,0,0,0,0,0,1,0,0,0,0.0,0.0,16.1,9.8,0.0,0.0,0.99,1,0,0.996,0.996,0.0,0.0,-2.375,-0.05,1000.0,1000.0,1000.0,0.0,0.0,972.86,5726.5,32.672,483.1,0.0,9.8,110.8,0.02256,0.00,0.00,1.00266,1.00266,18.23,5,49.0,2.8680,0.1980,0.0,22.7,0.2460,3.0000,-10.5,-10.5,-10.5,-10.5,-10.5,-10.5,5.3,-10.5,0.00,0.20517,0,0,0,1,98,98,98,98,1.259,0.300,1.556,0.000,1.264,0.0,0.0,0.0,0.0,0.0,0.0,18.74,0.800,0.0,0.0,0.0,-0.8,0.0,16.688,5.063,0.0,0.0,1.2727,45.000,-1.335,-1.335,45.000,7.495,0.000,0.9998,1.0469,0.0000,73.4,0.99942,0.099697,64,15.205,0.0,0.0,1000.0,1000.0,19.10,260.18,61.6,0.99942,1535.98,400.01,0.99939,18.94,0.00,260.16,19.78,813.8,-200.0,-58.0,44.03,44.035,73.7,866.3,750.0,1066.3,73.28,0.0,106.7,40.347,0.0,0,0.0,0.0,0.000,0.000,1013.16,2,1.2820,0.945,1013.24,261.02,0.08,1320.78,1511.88,2684.69,0.00,120.26,0.00,287.25,399.75,8.6,0,36.04,35.3,95.3,56.3,36,0,95.43,21.0,0.000,0.000,64,2,2,0.0,0.0,0.0,0.0,0.0,0.0,61.8,42,0,6.163,0.574,1000.0,2000.0,67.226,0.000,0.000,1.608,54.355,12.9,216.00,215.83,216.69,217.03,0.0,0.59
441.468,,0,0,0,1024,0,0,0,0,0,0,0,0,0,0,1,0,0,0,,,,,,,,,,,,,,,,,,,,,,5736.5,,,,,110.8,,,,1.00266,1.00266,18.05,,,2.9340,,0.0,,0.2375,3.0000,-10.5,-10.5,-10.5,-10.5,-10.5,-10.5,,,,,,,,,,,,,1.259,0.300,1.556,0.000,1.264,,,,,,,,0.800,0.0,0.0,0.0,-0.8,0.0,16.703,5.125,,0.0,1.2764,45.000,-1.335,-1.335,45.000,5.835,0.000,,,,,0.99942,,64,,,,,,18.89,,,,,,,18.77,,,,813.8,,,,,,,,,,,99.7,,,,,,0.000,0.000,,,,,,259.92,,1339.77,1511.80,,,120.26,0.00,,,,,,,,,,,,,0.000,0.000,64,2,2,,,,,,,,42,0,,,,,,,,,52.495,,216.00,215.83,,,,
441.478,,0,0,0,1024,0,0,0,0,0,0,0,0,0,0,1,0,0,0,,,,,,,,,,,,,,,,,,,,,,5737.5,,,,,110.2,,,,1.00266,1.00266,18.38,,,2.9060,,0.0,,0.2410,3.0000,-10.5,-10.5,-10.5,-10.5,-10.5,-10.5,,,,,,,,,,,,,1.233,0.300,1.556,0.000,1.225,,,,,,,,0.800,0.0,0.0,0.0,-0.8,0.0,16.781,5.125,,0.0,1.2778,45.000,-1.335,-1.335,45.000,5.835,0.000,,,,,0.99942,,64,,,,,,19.24,,,,,,,18.94,,,,815.0,,,,,,,,,,,108.7,,,,,,0.000,0.000,,,,,,261.56,,1337.66,1512.03,,,123.12,0.00,,,,,,,,,,,,,0.000,0.000,64,2,2,,,,,,,,42,0,,,,,,,,,50.835,,216.08,215.83,,,,
441.488,,0,0,0,1024,0,0,0,0,0,0,0,0,0,0,1,0,0,0,,,,,,,,,,,,,,,,,,,,,,5747.5,,,,,110.2,,,,1.00266,1.00266,18.19,,,2.8880,,0.0,,0.2440,3.0000,-10.5,-10.5,-10.5,-10.5,-10.5,-10.5,,,,,,,,,,,,,1.233,0.300,1.556,0.000,1.225,,,,,,,,0.800,0.0,0.0,0.0,-0.8,0.0,16.797,5.219,,0.0,1.2771,45.000,-1.335,-1.335,45.000,7.495,0.000,,,,,0.99942,,64,,,,,,19.05,,,,,,,18.98,,,,815.0,,,,,,,,,,,103.8,,,,,,0.000,0.000,,,,,,261.09,,1307.11,1512.58,,,123.12,0.00,,,,,,,,,,,,,0.000,0.000,64,2,2,,,,,,,,42,0,,,,,,,,,50.835,,216.08,215.83,,,,
441.498,,0,0,0,1024,0,0,0,0,0,0,0,0,0,0,1,0,0,0,,,,,,,,,,,,,,,,,,,,,,5729.5,,,,,111.7,,,,1.00266,1.00266,18.28,,,2.8120,,0.0,,0.2540,3.0000,-10.5,-10.5,-10.5,-10.5,-10.5,-10.5,,,,,,,,,,,,,1.237,0.300,1.556,0.000,1.237,,,,,,,,0.800,0.0,0.0,0.0,-0.8,0.0,16.891,5.172,,0.0,1.2676,45.000,-1.335,-1.335,45.000,9.355,0.000,,,,,0.99942,,64,,,,,,19.13,,,,,,,19.05,,,,815.5,,,,,,,,,,,106.7,,,,,,0.000,0.000,,,,,,261.72,,1281.80,1513.20,,,119.74,0.00,,,,,,,,,,,,,0.000,0.000,64,2,2,,,,,,,,42,0,,,,,,,,,52.495,,215.32,215.22,,,,
441.507,,0,0,0,1024,0,0,0,0,0,0,0,0,0,0,1,0,0,0,,,,,,,,,,,,,,,,,,,,,,5725.5,,,,,111.7,,,,1.00266,1.00266,18.14,,,2.7840,,0.0,,0.2575,3.0000,-10.5,-10.5,-10.5,-10.5,-10.5,-10.5,,,,,,,,,,,,,1.237,0.300,1.556,0.000,1.237,,,,,,,,0.800,0.0,0.0,0.0,-0.8,0.0,16.828,5.234,,0.0,1.2498,45.000,-1.335,-1.335,45.000,13.685,0.000,,,,,0.99942,,64,,,,,,19.01,,,,,,,19.01,,,,815.5,,,,,,,,,,,104.3,,,,,,0.000,0.000,,,,,,261.25,,1259.69,1514.69,,,119.74,0.00,,,,,,,,,,,,,0.000,0.000,64,2,2,,,,,,,,42,0,,,,,,,,,54.355,,215.32,215.22,,,,
441.519,,0,0,0,1024,0,0,0,0,0,0,0,0,0,0,1,0,0,0,,,,,,,,,,,,,,,,,,,,,,5710.5,,,,,111.0,,,,1.00266,1.00266,18.05,,,2.6800,,0.0,,0.2715,3.0000,-10.5,-10.5,-10.5,-10.5,-10.5,-10.5,,,,,,,,,,,,,1.242,0.300,1.556,0.000,1.245,,,,,,,,0.800,0.0,0.0,0.0,-0.8,0.0,16.891,5.047,,0.0,1.2339,45.000,-1.335,-1.335,45.000,14.895,0.000,,,,,0.99942,,64,,,,,,18.91,,,,,,,18.91,,,,816.5,,,,,,,,,,,104.5,,,,,,0.000,0.000,,,,,,261.41,,1251.25,1514.30,,,115.03,0.00,,,,,,,,,,,,,0.000,0.000,64,2,2,,,,,,,,42,0,,,,,,,,,58.684,,214.39,214.63,,,,
441.531,,0,0,0,1024,0,0,0,0,0,0,0,0,0,0,1,0,0,0,,,,,,,,,,,,,,,,,,,,,,5702.0,,,,,111.0,,,,1.00266,1.00266,17.95,,,2.6420,,0.0,,0.2765,3.0000,-10.5,-10.5,-10.5,-10.5,-10.5,-10.5,,,,,,,,,,,,,1.242,0.300,1.556,0.000,1.245,,,,,,,,0.800,0.0,0.0,0.0,-0.8,0.0,16.813,5.375,,0.0,1.2244,45.000,-1.335,-1.335,45.000,12.525,0.000,,,,,0.99942,,64,,,,,,18.77,,,,,,,18.87,,,,816.5,,,,,,,,,,,102.7,,,,,,0.000,0.000,,,,,,260.94,,1266.02,1513.67,,,115.03,0.00,,,,,,,,,,,,,0.000,0.000,64,2,2,,,,,,,,42,0,,,,,,,,,59.894,,214.39,214.63,,,,
441.543,,0,0,0,1024,0,0,0,0,0,0,0,0,0,0,1,0,0,0,,,,,,,,,,,,,,,,,,,,,,5705.0,,,,,109.2,,,,1.00266,1.00266,18.05,,,2.6900,,0.0,,0.2710,3.0000,-10.5,-10.5,-10.5,-10.5,-10.5,-10.5,,,,,,,,,,,,,1.242,0.300,1.556,0.000,1.264,,,,,,,,0.800,0.0,0.0,0.0,-0.8,0.0,16.875,5.234,,0.0,1.2083,45.000,-1.335,-1.335,45.000,10.360,0.000,,,,,0.99942,,64,,,,,,18.89,,,,,,,18.80,,,,817.1,,,,,,,,,,,106.1,,,,,,0.000,0.000,,,,,,261.88,,1283.91,1515.55,,,116.46,0.00,,,,,,,,,,,,,0.000,0.000,64,2,2,,,,,,,,42,0,,,,,,,,,57.524,,214.81,214.29,,,,
441.557,42.8,0,0,0,1024,0,0,0,0,0,0,0,0,0,0,1,0,0,0,0.0,0.0,11.4,9.8,0.0,0.0,1.08,1,0,0.996,0.996,0.0,0.0,-3.000,-0.05,1000.0,1000.0,1000.0,0.0,0.0,964.44,5722.5,32.672,481.2,0.0,9.8,112.6,0.02256,0.00,0.00,1.00266,1.00266,18.61,5,49.0,2.9340,0.1320,0.0,22.6,0.2410,3.0000,-10.5,-10.5,-10.5,-10.5,-10.5,-10.5,-0.8,-10.5,0.00,0.84323,0,0,0,1,98,98,98,98,1.306,0.300,1.556,0.000,1.257,0.0,0.0,0.0,0.0,0.0,0.0,18.74,0.800,0.0,0.0,0.0,-0.8,0.0,16.906,5.438,0.0,0.0,1.2273,45.000,-1.335,-1.335,45.000,8.400,0.000,0.9998,1.0469,0.0000,71.3,0.99942,0.098946,64,54.355,0.0,0.0,1000.0,1000.0,19.48,258.45,59.3,0.99942,1535.98,400.01,0.99939,19.36,0.00,258.42,19.73,816.3,-200.0,-63.8,43.91,43.919,69.6,864.9,750.0,1064.9,68.95,0.0,109.1,38.533,0.0,0,0.0,0.0,0.000,0.000,1013.16,2,1.1908,0.945,1013.24,266.25,0.08,1302.89,1513.20,2684.69,0.00,119.16,0.00,287.25,399.75,9.0,0,35.55,35.3,95.3,56.3,36,0,95.43,21.0,0.000,0.000,64,2,2,0.0,0.0,0.0,0.0,0.0,0.0,59.0,42,0,5.934,0.583,1000.0,2000.0,66.852,0.000,0.000,1.138,54.355,12.8,215.05,215.22,215.22,215.40,0.0,1.21
441.569,,0,0,0,1024,0,0,0,0,0,0,0,0,0,0,1,0,0,0,,,,,,,,,,,,,,,,,,,,,,5711.5,,,,,112.6,,,,1.00266,1.00266,18.42,,,2.9540,,0.0,,0.2385,3.0000,-10.5,-10.5,-10.5,-10.5,-10.5,-10.5,,,,,,,,,,,,,1.255,0.300,1.556,0.000,1.257,,,,,,,,0.800,0.0,0.0,0.0,-0.8,0.0,16.813,5.766,,0.0,1.2300,45.000,-1.335,-1.335,45.000,9.355,0.000,,,,,0.99942,,64,,,,,,19.29,,,,,,,19.38,,,,816.3,,,,,,,,,,,108.4,,,,,,0.000,0.000,,,,,,266.09,,1283.91,1513.91,,,119.16,0.00,,,,,,,,,,,,,0.000,0.000,64,2,2,,,,,,,,42,0,,,,,,,,,53.400,,215.05,215.22,,,,
441.577,,0,0,0,1024,0,0,0,0,0,0,0,0,0,0,1,0,0,0,,,,,,,,,,,,,,,,,,,,,,5707.5,,,,,113.2,,,,1.00266,1.00266,18.61,,,2.8600,,0.0,,0.2510,3.0000,-10.5,-10.5,-10.5,-10.5,-10.5,-10.5,,,,,,,,,,,,,1.255,0.300,1.556,0.000,1.246,,,,,,,,0.800,0.0,0.0,0.0,-0.8,0.0,16.859,5.594,,0.0,1.2212,45.000,-1.335,-1.335,45.000,13.685,0.000,,,,,0.99942,,64,,,,,,19.45,,,,,,,19.43,,,,816.3,,,,,,,,,,,107.9,,,,,,0.000,0.000,,,,,,266.72,,1259.69,1513.59,,,117.19,0.00,,,,,,,,,,,,,0.000,0.000,64,2,2,,,,,,,,42,0,,,,,,,,,54.355,,213.63,213.80,,,,
441.588,,0,0,0,1024,0,0,0,0,0,0,0,0,0,0,1,0,0,0,,,,,,,,,,,,,,,,,,,,,,5701.0,,,,,113.2,,,,1.00266,1.00266,18.52,,,2.8300,,0.0,,0.2545,3.0000,-10.5,-10.5,-10.5,-10.5,-10.5,-10.5,,,,,,,,,,,,,1.246,0.300,1.556,0.000,1.246,,,,,,,,0.800,0.0,0.0,0.0,-0.8,0.0,16.797,5.906,,0.0,1.2153,45.000,-1.335,-1.335,45.000,16.155,0.000,,,,,0.99942,,64,,,,,,19.36,,,,,,,19.43,,,,816.3,,,,,,,,,,,105.7,,,,,,0.000,0.000,,,,,,266.41,,1236.56,1513.52,,,117.19,0.00,,,,,,,,,,,,,0.000,0.000,64,2,2,,,,,,,,43,0,,,,,,,,,58.684,,213.63,213.80,,,,
441.597,,0,0,0,1024,0,0,0,0,0,0,0,0,0,0,1,0,0,0,,,,,,,,,,,,,,,,,,,,,,5693.0,,,,,112.4,,,,1.00266,1.00266,18.47,,,2.7460,,0.0,,0.2655,3.0000,-10.5,-10.5,-10.5,-10.5,-10.5,-10.5,,,,,,,,,,,,,1.246,0.300,1.556,0.000,1.260,,,,,,,,0.800,0.0,0.0,0.0,-0.8,0.0,16.813,5.688,,0.0,1.2219,45.000,-1.335,-1.335,45.000,18.835,0.000,,,,,0.99942,,64,,,,,,19.31,,,,,,,19.34,,,,814.2,,,,,,,,,,,105.5,,,,,,0.000,0.000,,,,,,265.94,,1223.91,1513.75,,,112.27,0.00,,,,,,,,,,,,,0.000,0.000,64,2,2,,,,,,,,43,0,,,,,,,,,61.154,,214.04,213.63,,,,
441.607,,0,0,0,1024,0,0,0,0,0,0,0,0,0,0,1,0,0,0,,,,,,,,,,,,,,,,,,,,,,5697.0,,,,,112.4,,,,1.00266,1.00266,18.05,,,2.7280,,0.0,,0.2685,3.0000,-10.5,-10.5,-10.5,-10.5,-10.5,-10.5,,,,,,,,,,,,,1.247,0.300,1.556,0.000,1.260,,,,,,,,0.800,0.0,0.0,0.0,-0.8,0.0,16.797,6.000,,0.0,1.2241,45.000,-1.335,-1.335,45.000,16.155,0.000,,,,,0.99942,,64,,,,,,18.87,,,,,,,19.17,,,,814.2,,,,,,,,,,,100.0,,,,,,0.000,0.000,,,,,,264.22,,1235.47,1513.44,,,112.27,0.00,,,,,,,,,,,,,0.000,0.000,64,2,2,,,,,,,,43,0,,,,,,,,,63.834,,214.04,213.63,,,,
441.620,,0,0,0,1024,0,0,0,0,0,0,0,0,0,0,1,0,0,0,,,,,,,,,,,,,,,,,,,,,,5707.5,,,,,111.6,,,,1.00266,1.00266,18.52,,,2.6980,,0.0,,0.2730,3.0000,-10.5,-10.5,-10.5,-10.5,-10.5,-10.5,,,,,,,,,,,,,1.247,0.300,1.556,0.000,1.260,,,,,,,,0.800,0.0,0.0,0.0,-0.8,0.0,16.781,6.047,,0.0,1.2161,45.000,-1.335,-1.335,45.000,14.895,0.000,,,,,0.99942,,64,,,,,,19.36,,,,,,,19.24,,,,807.1,,,,,,,,,,,108.0,,,,,,0.000,0.000,,,,,,265.00,,1253.36,1514.61,,,113.95,0.00,,,,,,,,,,,,,0.000,0.000,64,2,2,,,,,,,,43,0,,,,,,,,,61.154,,214.71,214.71,,,,
441.631,,0,0,0,1024,0,0,0,0,0,0,0,0,0,0,1,0,0,0,,,,,,,,,,,,,,,,,,,,,,5707.5,,,,,111.6,,,,1.00266,1.00266,18.33,,,2.7280,,0.0,,0.2700,3.0000,-10.5,-10.5,-10.5,-10.5,-10.5,-10.5,,,,,,,,,,,,,1.284,0.300,1.556,0.000,1.279,,,,,,,,0.800,0.0,0.0,0.0,-0.8,0.0,16.797,6.031,,0.0,1.2100,45.000,-1.335,-1.335,45.000,12.525,0.000,,,,,0.99942,,64,,,,,,19.17,,,,,,,19.17,,,,807.1,,,,,,,,,,,108.3,,,,,,0.000,0.000,,,,,,265.47,,1273.44,1513.67,,,113.95,0.00,,,,,,,,,,,,,0.000,0.000,64,2,2,,,,,,,,43,0,,,,,,,,,59.894,,214.71,214.71,,,,
441.641,,0,0,0,1024,0,0,0,0,0,0,0,0,0,0,1,0,0,0,,,,,,,,,,,,,,,,,,,,,,5706.5,,,,,112.0,,,,1.00266,1.00266,18.47,,,2.6700,,0.0,,0.2775,3.0000,-10.5,-10.5,-10.5,-10.5,-10.5,-10.5,,,,,,,,,,,,,1.284,0.300,1.556,0.000,1.279,,,,,,,,0.800,0.0,0.0,0.0,-0.8,0.0,16.766,6.063,,0.0,1.2075,45.000,-1.335,-1.335,45.000,11.415,0.000,,,,,0.99942,,64,,,,,,19.34,,,,,,,19.24,,,,796.9,,,,,,,,,,,107.6,,,,,,0.000,0.000,,,,,,266.09,,1277.58,1515.70,,,115.71,0.00,,,,,,,,,,,,,0.000,0.000,64,2,2,,,,,,,,43,0,,,,,,,,,57.524,,214.47,214.22,,,,
441.651,42.8,0,0,0,1024,0,0,0,0,0,0,0,0,0,0,1,0,0,0,0.0,0.0,8.1,9.8,0.0,0.0,1.08,1,0,0.996,0.996,0.0,0.0,-3.157,-0.05,1000.0,1000.0,1000.0,0.0,0.0,958.05,5694.0,32.672,482.8,0.0,9.8,112.0,0.02256,0.00,0.00,1.00266,1.00266,18.52,5,49.0,2.6600,0.0660,0.0,22.5,0.2795,3.0000,-10.5,-10.5,-10.5,-10.5,-10.5,-10.5,-6.0,-10.5,0.00,0.83445,0,0,0,1,98,98,98,98,1.287,0.300,1.556,0.000,1.297,0.0,0.0,0.0,0.0,0.0,0.0,18.74,0.800,0.0,0.0,0.0,-0.8,0.0,16.750,5.969,0.0,0.0,1.2014,45.000,-1.335,-1.335,45.000,12.525,0.000,0.9998,1.0469,0.0000,72.7,0.99942,0.098108,64,54.355,0.0,0.0,1000.0,1000.0,19.36,256.80,60.6,0.99942,1535.98,400.01,0.99939,19.31,0.00,256.78,19.62,796.9,-200.0,-66.3,43.90,43.903,72.5,863.4,750.0,1063.4,68.40,0.0,108.0,38.211,0.0,0,0.0,0.0,0.000,0.000,1013.16,2,1.1447,0.945,1013.24,267.34,0.08,1260.78,1515.94,2684.61,0.00,115.71,0.00,287.25,399.75,9.4,0,35.24,36.0,95.3,56.3,36,0,95.43,21.0,0.000,0.000,64,2,2,0.0,0.0,0.0,0.0,0.0,0.0,60.2,43,0,6.062,0.595,1000.0,2000.0,66.530,0.000,0.000,0.809,56.415,12.7,214.47,214.22,214.56,214.47,0.0,1.24
441.657,,0,0,0,1024,0,0,0,0,0,0,0,0,0,0,1,0,0,0,,,,,,,,,,,,,,,,,,,,,,5697.0,,,,,112.5,,,,1.00266,1.00266,18.38,,,2.6420,,0.0,,0.2825,3.0000,-10.5,-10.5,-10.5,-10.5,-10.5,-10.5,,,,,,,,,,,,,1.287,0.300,1.556,0.000,1.297,,,,,,,,0.800,0.0,0.0,0.0,-0.8,0.0,16.703,5.969,,0.0,1.2139,45.000,-1.335,-1.335,45.000,16.155,0.000,,,,,0.99942,,64,,,,,,19.24,,,,,,,19.24,,,,788.9,,,,,,,,,,,104.8,,,,,,0.000,0.000,,,,,,267.03,,1237.58,1515.78,,,114.28,0.00,,,,,,,,,,,,,0.000,0.000,64,2,2,,,,,,,,43,0,,,,,,,,,57.524,,214.04,213.96,,,,
441.667,,0,0,0,1024,0,0,0,0,0,0,0,0,0,0,1,0,0,0,,,,,,,,,,,,,,,,,,,,,,5683.5,,,,,112.5,,,,1.00266,1.00266,18.05,,,2.7280,,0.0,,0.2725,3.0000,-10.5,-10.5,-10.5,-10.5,-10.5,-10.5,,,,,,,,,,,,,1.264,0.300,1.556,0.000,1.270,,,,,,,,0.800,0.0,0.0,0.0,-0.8,0.0,16.688,5.875,,0.0,1.2307,45.000,-1.335,-1.335,45.000,20.250,0.000,,,,,0.99942,,64,,,,,,18.91,,,,,,,19.13,,,,788.9,,,,,,,,,,,101.2,,,,,,0.000,0.000,,,,,,265.63,,1215.47,1515.16,,,114.28,0.00,,,,,,,,,,,,,0.000,0.000,64,2,2,,,,,,,,43,0,,,,,,,,,61.154,,214.04,213.96,,,,
441.678,,0,0,0,1024,0,0,0,0,0,0,0,0,0,0,1,0,0,0,,,,,,,,,,,,,,,,,,,,,,5680.5,,,,,110.9,,,,1.00266,1.00266,18.05,,,2.6980,,0.0,,0.2765,3.0000,-10.5,-10.5,-10.5,-10.5,-10.5,-10.5,,,,,,,,,,,,,1.264,0.300,1.556,0.000,1.270,,,,,,,,0.800,0.0,0.0,0.0,-0.8,0.0,16.625,5.875,,0.0,1.2324,45.000,-1.335,-1.335,45.000,20.800,0.000,,,,,0.99942,,64,,,,,,18.89,,,,,,,19.01,,,,780.5,,,,,,,,,,,100.8,,,,,,0.000,0.000,,,,,,264.53,,1201.80,1514.69,,,109.36,0.00,,,,,,,,,,,,,0.000,0.000,64,2,2,,,,,,,,43,0,,,,,,,,,65.250,,214.22,213.54,,,,
441.687,,0,0,0,1024,0,0,0,0,0,0,0,0,0,0,1,0,0,0,,,,,,,,,,,,,,,,,,,,,,5652.5,,,,,110.9,,,,1.00266,1.00266,18.05,,,2.7280,,0.0,,0.2735,3.0000,-10.5,-10.5,-10.5,-10.5,-10.5,-10.5,,,,,,,,,,,,,1.252,0.300,1.556,0.000,1.258,,,,,,,,0.800,0.0,0.0,0.0,-0.8,0.0,16.641,5.828,,0.0,1.2285,45.000,-1.335,-1.335,45.000,20.250,0.000,,,,,0.99942,,64,,,,,,18.87,,,,,,,18.98,,,,780.5,,,,,,,,,,,102.0,,,,,,0.000,0.000,,,,,,264.30,,1211.25,1514.22,,,109.36,0.00,,,,,,,,,,,,,0.000,0.000,64,2,2,,,,,,,,43,0,,,,,,,,,65.799,,214.22,213.54,,,,
441.698,,0,0,0,1024,0,0,0,0,0,0,0,0,0,0,1,0,0,0,,,,,,,,,,,,,,,,,,,,,,5647.0,,,,,109.4,,,,1.00266,1.00266,18.05,,,2.7180,,0.0,,0.2750,3.0000,-10.5,-10.5,-10.5,-10.5,-10.5,-10.5,,,,,,,,,,,,,1.252,0.300,1.556,0.000,1.258,,,,,,,,0.800,0.0,0.0,0.0,-0.8,0.0,16.625,5.859,,0.0,1.2314,45.000,-1.335,-1.335,45.000,17.470,0.000,,,,,0.99942,,64,,,,,,18.87,,,,,,,18.91,,,,771.8,,,,,,,,,,,102.4,,,,,,0.000,0.000,,,,,,263.91,,1227.03,1515.16,,,110.34,0.00,,,,,,,,,,,,,0.000,0.000,64,2,2,,,,,,,,43,0,,,,,,,,,65.250,,211.97,212.38,,,,
441.706,,0,0,0,1024,0,0,0,0,0,0,0,0,0,0,1,0,0,0,,,,,,,,,,,,,,,,,,,,,,5640.5,,,,,109.4,,,,1.00266,1.00266,18.23,,,2.7080,,0.0,,0.2770,3.0000,-10.5,-10.5,-10.5,-10.5,-10.5,-10.5,,,,,,,,,,,,,1.264,0.300,1.556,0.000,1.261,,,,,,,,0.800,0.0,0.0,0.0,-0.8,0.0,16.688,5.688,,0.0,1.2366,45.000,-1.335,-1.335,45.000,16.155,0.000,,,,,0.99942,,64,,,,,,19.10,,,,,,,19.01,,,,771.8,,,,,,,,,,,105.1,,,,,,0.000,0.000,,,,,,265.16,,1248.13,1514.84,,,110.34,0.00,,,,,,,,,,,,,0.000,0.000,64,2,2,,,,,,,,43,0,,,,,,,,,62.470,,211.97,212.38,,,,
441.719,,0,0,0,1024,0,0,0,0,0,0,0,0,0,0,1,0,0,0,,,,,,,,,,,,,,,,,,,,,,5646.0,,,,,109.8,,,,1.00266,1.00266,18.28,,,2.7920,,0.0,,0.2670,3.0000,-10.5,-10.5,-10.5,-10.5,-10.5,-10.5,,,,,,,,,,,,,1.264,0.300,1.556,0.000,1.261,,,,,,,,0.800,0.0,0.0,0.0,-0.8,0.0,16.625,5.984,,0.0,1.2324,45.000,-1.335,-1.335,45.000,14.895,0.000,,,,,0.99942,,64,,,,,,19.15,,,,,,,19.08,,,,764.8,,,,,,,,,,,105.7,,,,,,0.000,0.000,,,,,,266.02,,1252.34,1514.06,,,112.66,0.00,,,,,,,,,,,,,0.000,0.000,64,2,2,,,,,,,,43,0,,,,,,,,,61.154,,212.13,212.46,,,,
441.730,,0,0,0,1024,0,0,0,0,0,0,0,0,0,0,1,0,0,0,,,,,,,,,,,,,,,,,,,,,,5660.5,,,,,109.8,,,,1.00266,1.00266,18.33,,,2.7920,,0.0,,0.2675,3.0000,-10.5,-10.5,-10.5,-10.5,-10.5,-10.5,,,,,,,,,,,,,1.264,0.300,1.556,0.000,1.273,,,,,,,,0.800,0.0,0.0,0.0,-0.8,0.0,16.688,5.813,,0.0,1.2234,45.000,-1.335,-1.335,45.000,14.895,0.000,,,,,0.99942,,64,,,,,,19.17,,,,,,,19.10,,,,764.8,,,,,,,,,,,105.6,,,,,,0.000,0.000,,,,,,266.88,,1247.03,1514.69,,,112.66,0.00,,,,,,,,,,,,,0.000,0.000,64,2,2,,,,,,,,43,0,,,,,,,,,59.894,,212.13,212.46,,,,
441.744,,0,0,0,1024,0,0,0,0,0,0,0,0,0,0,1,0,0,0,,,,,,,,,,,,,,,,,,,,,,5664.5,,,,,110.7,,,,1.00266,1.00266,18.38,,,2.8600,,0.0,,0.2590,3.0000,-10.5,-10.5,-10.5,-10.5,-10.5,-10.5,,,,,,,,,,,,,1.276,0.300,1.556,0.000,1.273,,,,,,,,0.800,0.0,0.0,0.0,-0.8,0.0,16.563,6.047,,0.0,1.2205,45.000,-1.335,-1.335,45.000,17.470,0.000,,,,,0.99942,,64,,,,,,19.24,,,,,,,19.17,,,,758.5,,,,,,,,,,,106.2,,,,,,0.000,0.000,,,,,,268.13,,1220.70,1515.08,,,111.19,0.00,,,,,,,,,,,,,0.000,0.000,64,2,2,,,,,,,,43,0,,,,,,,,,59.894,,213.70,212.79,,,,
441.757,42.8,0,0,0,1024,0,0,0,0,0,0,0,0,0,0,1,0,0,0,0.0,0.0,5.8,9.8,0.0,0.0,1.14,1,0,0.996,0.996,0.0,0.0,-3.094,-0.03,1000.0,1000.0,1000.0,0.0,0.0,951.46,5670.0,24.300,485.0,0.0,9.8,112.2,0.02256,0.00,0.00,1.00266,1.00266,18.09,5,49.0,2.8880,0.3580,0.0,23.5,0.2560,3.0000,-10.5,-10.5,-10.5,-10.5,-10.5,-10.5,-10.5,-10.5,0.00,0.83445,0,0,0,1,98,98,98,98,1.269,0.300,1.556,0.000,1.266,0.0,0.0,0.0,0.0,0.0,0.0,18.74,0.800,0.0,0.0,0.0,-0.8,0.0,16.531,6.078,0.0,0.0,1.2146,45.000,-1.335,-1.335,45.000,21.340,0.000,0.9998,1.0469,0.0000,71.5,0.99942,0.097444,64,57.525,0.0,0.0,1000.0,1000.0,18.96,254.72,60.5,0.99942,1535.98,400.01,0.99939,19.22,0.00,254.70,19.57,752.7,-200.0,-38.9,43.85,43.852,72.2,862.2,750.0,1062.2,69.41,0.0,101.1,36.679,0.0,0,0.0,0.0,0.000,0.000,1013.16,2,1.1534,0.945,1013.24,268.28,0.08,1185.94,1515.08,2684.77,0.00,107.09,0.00,287.25,399.75,9.4,0,34.96,36.0,95.3,56.3,36,0,95.43,21.0,0.000,0.000,64,2,2,0.0,0.0,0.0,0.0,0.0,0.0,60.7,43,0,6.050,0.595,1000.0,2000.0,66.240,0.000,0.000,0.578,65.799,12.7,212.22,212.96,213.04,213.04,0.0,1.92
441.769,,0,0,0,1024,0,0,0,0,0,0,0,0,0,0,1,0,0,0,,,,,,,,,,,,,,,,,,,,,,5655.0,,,,,112.2,,,,1.00266,1.00266,18.28,,,2.8600,,0.0,,0.2600,3.0000,-10.5,-10.5,-10.5,-10.5,-10.5,-10.5,,,,,,,,,,,,,1.269,0.300,1.556,0.000,1.246,,,,,,,,0.800,0.0,0.0,0.0,-0.8,0.0,16.578,5.875,,0.0,1.2227,45.000,-1.335,-1.335,45.000,21.340,0.000,,,,,0.99942,,64,,,,,,19.13,,,,,,,19.17,,,,752.7,,,,,,,,,,,102.4,,,,,,0.000,0.000,,,,,,267.66,,1195.47,1515.16,,,107.09,0.00,,,,,,,,,,,,,0.000,0.000,64,2,2,,,,,,,,43,0,,,,,,,,,66.339,,212.22,212.96,,,,
441.777,,0,0,0,1024,0,0,0,0,0,0,0,0,0,0,1,0,0,0,,,,,,,,,,,,,,,,,,,,,,5644.5,,,,,110.3,,,,1.00266,1.00266,18.05,,,2.8780,,0.0,,0.2575,3.0000,-10.5,-10.5,-10.5,-10.5,-10.5,-10.5,,,,,,,,,,,,,1.231,0.300,1.556,0.000,1.246,,,,,,,,0.800,0.0,0.0,0.0,-0.8,0.0,16.531,6.125,,0.0,1.2234,45.000,-1.335,-1.335,45.000,20.250,0.000,,,,,0.99942,,64,,,,,,18.87,,,,,,,19.05,,,,747.9,,,,,,,,,,,101.0,,,,,,0.000,0.000,,,,,,266.33,,1211.25,1514.92,,,108.14,0.00,,,,,,,,,,,,,0.000,0.000,64,2,2,,,,,,,,43,0,,,,,,,,,66.339,,212.38,212.04,,,,
441.788,,0,0,0,1024,0,0,0,0,0,0,0,0,0,0,1,0,0,0,,,,,,,,,,,,,,,,,,,,,,5630.0,,,,,110.3,,,,1.00266,1.00266,18.19,,,2.7920,,0.0,,0.2690,3.0000,-10.5,-10.5,-10.5,-10.5,-10.5,-10.5,,,,,,,,,,,,,1.231,0.300,1.556,0.000,1.237,,,,,,,,0.800,0.0,0.0,0.0,-0.8,0.0,16.594,5.938,,0.0,1.2258,45.000,-1.335,-1.335,45.000,17.470,0.000,,,,,0.99942,,64,,,,,,19.03,,,,,,,19.03,,,,747.9,,,,,,,,,,,102.6,,,,,,0.000,0.000,,,,,,266.25,,1231.25,1514.69,,,108.14,0.00,,,,,,,,,,,,,0.000,0.000,64,2,2,,,,,,,,44,0,,,,,,,,,65.250,,212.38,212.04,,,,
441.797,,0,0,0,1024,0,0,0,0,0,0,0,0,0,0,1,0,0,0,,,,,,,,,,,,,,,,,,,,,,5622.0,,,,,109.7,,,,1.00266,1.00266,18.23,,,2.8120,,0.0,,0.2670,3.0000,-10.5,-10.5,-10.5,-10.5,-10.5,-10.5,,,,,,,,,,,,,1.255,0.300,1.556,0.000,1.237,,,,,,,,0.800,0.0,0.0,0.0,-0.8,0.0,16.625,5.922,,0.0,1.2258,45.000,-1.335,-1.335,45.000,16.155,0.000,,,,,0.99942,,64,,,,,,19.10,,,,,,,19.03,,,,744.1,,,,,,,,,,,104.8,,,,,,0.000,0.000,,,,,,266.95,,1237.58,1514.14,,,110.44,0.00,,,,,,,,,,,,,0.000,0.000,64,2,2,,,,,,,,44,0,,,,,,,,,62.470,,211.97,211.63,,,,
441.806,,0,0,0,1024,0,0,0,0,0,0,0,0,0,0,1,0,0,0,,,,,,,,,,,,,,,,,,,,,,5623.5,,,,,109.7,,,,1.00266,1.00266,18.66,,,2.7740,,0.0,,0.2720,3.0000,15.8,15.8,15.8,-10.5,15.8,15.8,,,,,,,,,,,,,1.255,0.300,1.556,0.000,1.237,,,,,,,,0.800,0.0,0.0,0.0,-0.8,0.0,16.609,5.953,,0.0,1.2212,45.000,-1.335,-1.335,45.000,17.470,0.000,,,,,0.99942,,64,,,,,,19.50,,,,,,,19.17,,,,744.1,,,,,,,,,,,109.0,,,,,,0.000,0.000,,,,,,268.52,,1231.25,1514.14,,,110.44,0.00,,,,,,,,,,,,,0.000,0.000,64,2,2,,,,,,,,44,0,,,,,,,,,61.154,,211.97,211.63,,,,
441.823,,0,0,0,1024,0,0,0,0,0,0,0,0,0,0,1,0,0,0,,,,,,,,,,,,,,,,,,,,,,5636.5,,,,,111.4,,,,1.00266,1.00266,18.52,,,2.8020,,0.0,,0.2690,3.0000,15.8,15.8,15.8,15.8,15.8,15.8,,,,,,,,,,,,,1.279,0.300,1.556,0.000,1.293,,,,,,,,0.800,0.0,0.0,0.0,-0.8,0.0,16.641,5.938,,0.0,1.2266,45.000,-1.335,-1.335,45.000,18.835,0.000,,,,,0.99942,,64,,,,,,19.36,,,,,,,19.31,,,,739.6,,,,,,,,,,,106.6,,,,,,0.000,0.000,,,,,,269.77,,1207.03,1513.75,,,109.69,0.00,,,,,,,,,,,,,0.000,0.000,64,2,2,,,,,,,,44,0,,,,,,,,,62.470,,211.39,211.80,,,,
441.840,42.8,0,0,0,1024,0,0,0,0,0,0,0,0,0,0,1,0,0,0,0.0,0.0,4.1,9.8,0.0,0.0,1.23,1,0,0.996,0.996,0.0,0.0,-3.219,-0.02,1000.0,1000.0,1000.0,0.0,0.0,945.34,5647.0,24.300,484.7,0.0,9.8,104.3,0.02285,0.00,0.00,1.00266,1.00266,18.47,5,49.0,2.9160,0.1120,0.0,22.9,0.2445,2.9160,16.5,16.5,16.5,15.8,16.5,15.8,-14.3,-10.5,0.00,0.83445,0,0,0,1,98,98,98,98,1.258,0.300,1.556,0.000,1.261,0.0,0.1,0.0,0.0,0.0,0.0,18.74,0.800,0.0,0.0,0.0,-0.8,0.0,16.641,5.922,0.0,0.0,1.2449,45.000,-1.335,-1.335,45.000,21.875,0.000,0.9998,1.0469,0.0000,70.1,0.99942,0.096757,64,65.800,0.0,0.0,1000.0,1000.0,19.31,252.91,60.3,0.99942,1535.98,400.01,0.99939,19.22,0.00,252.89,19.50,736.6,-200.0,-2.7,43.82,43.825,71.5,861.8,750.0,1061.8,70.00,0.0,106.0,34.470,0.0,0,0.0,0.0,0.000,0.000,1013.16,2,1.1457,0.945,1013.24,270.23,0.08,1175.47,1530.08,2684.77,0.00,104.95,0.00,287.25,399.75,9.4,0,34.65,36.0,95.3,56.3,36,0,96.93,21.0,0.000,0.000,64,2,2,0.0,0.0,0.0,0.0,0.0,0.0,60.4,44,0,6.032,0.592,1000.0,2000.0,65.852,0.000,0.000,0.409,66.339,12.6,212.13,212.04,212.13,212.38,0.0,0.67
441.848,,0,0,0,1024,0,0,0,0,0,0,0,0,0,0,1,0,0,0,,,,,,,,,,,,,,,,,,,,,,5656.5,,,,,104.3,,,,1.00266,1.00266,18.28,,,2.9260,,0.0,,0.2445,2.9260,16.5,16.5,16.5,16.5,16.5,16.5,,,,,,,,,,,,,1.258,0.300,1.556,0.000,1.261,,,,,,,,0.800,0.0,0.0,0.0,-0.8,0.0,16.625,5.953,,0.0,1.2322,45.000,-1.335,-1.335,45.000,22.925,0.000,,,,,0.99942,,64,,,,,,19.15,,,,,,,19.22,,,,736.6,,,,,,,,,,,102.1,,,,,,0.000,0.000,,,,,,269.06,,1183.83,1525.55,,,104.95,0.00,,,,,,,,,,,,,0.000,0.000,64,2,2,,,,,,,,44,0,,,,,,,,,66.875,,212.13,212.04,,,,
441.857,,0,0,0,1024,0,0,0,0,0,0,0,0,0,0,1,0,0,0,,,,,,,,,,,,,,,,,,,,,,5640.5,,,,,104.5,,,,1.00266,1.00266,18.33,,,2.9340,,0.0,,0.2445,2.9340,16.5,16.5,16.5,16.5,16.5,16.5,,,,,,,,,,,,,1.233,0.300,1.556,0.000,1.231,,,,,,,,0.800,0.0,0.0,0.0,-0.8,0.0,16.672,5.953,,0.0,1.2322,45.000,-1.335,-1.335,45.000,21.340,0.000,,,,,0.99942,,64,,,,,,19.17,,,,,,,19.22,,,,734.0,,,,,,,,,,,104.2,,,,,,0.000,0.000,,,,,,269.06,,1198.59,1523.59,,,105.59,0.00,,,,,,,,,,,,,0.000,0.000,64,2,2,,,,,,,,44,0,,,,,,,,,67.925,,212.22,211.63,,,,
441.867,,0,0,0,1024,0,0,0,0,0,0,0,0,0,0,1,0,0,0,,,,,,,,,,,,,,,,,,,,,,5626.0,,,,,104.5,,,,1.00266,1.00266,18.23,,,2.9540,,0.0,,0.2445,2.9540,16.5,16.5,16.5,16.5,16.5,16.5,,,,,,,,,,,,,1.233,0.300,1.556,0.000,1.231,,,,,,,,0.800,0.0,0.0,0.0,-0.8,0.0,16.688,5.984,,0.0,1.2314,45.000,-1.335,-1.335,45.000,20.800,0.000,,,,,0.99942,,64,,,,,,19.08,,,,,,,19.20,,,,734.0,,,,,,,,,,,103.2,,,,,,0.000,0.000,,,,,,268.59,,1211.25,1521.72,,,105.59,0.00,,,,,,,,,,,,,0.000,0.000,64,2,2,,,,,,,,44,0,,,,,,,,,66.339,,212.22,211.63,,,,